url,status,detail,local_file,sha256
https://kraftboxpack.com/wp-content/uploads/2024/10/Black-Kraft-Boxes.jpg,downloaded,jpg 58KB,2024-10-black-kraft-boxes.jpg,db86a58cacf84c0afc688314d36f023435774a3735531a1528d09507979553d0
https://kraftboxpack.com/wp-content/uploads/2024/10/Black-Kraft-Packaging.jpg,downloaded,jpg 42KB,2024-10-black-kraft-packaging.jpg,2fdf2c0a3df7ef28bdaf83101f9307bd3453e9f42fedb40ecf4275e9a7d90ed7
https://kraftboxpack.com/wp-content/uploads/2024/10/Brown-Kraft-Boxes.jpg,downloaded,jpg 55KB,2024-10-brown-kraft-boxes.jpg,199ae68d6a51554ada13a7e5e36413dd9b47073346c22d18ea747e79c5bc5687
https://kraftboxpack.com/wp-content/uploads/2024/10/Brown-Kraft-Packaging.jpg,downloaded,jpg 39KB,2024-10-brown-kraft-packaging.jpg,989464183c3b3b2d966633b76137344b5cfbaa6a497cde13afb53a942ebf0dd0
https://kraftboxpack.com/wp-content/uploads/2024/10/Custom-Black-Kraft-Boxes.jpg,downloaded,jpg 41KB,2024-10-custom-black-kraft-boxes.jpg,eb33b9731c41bae7270e4e54c2a61c42caae47da70df4d4a196788fcdb2e9669
https://kraftboxpack.com/wp-content/uploads/2024/10/Custom-Black-Kraft-Packaging.jpg,downloaded,jpg 33KB,2024-10-custom-black-kraft-packaging.jpg,2a850374884d2efb9b1f7bd5c1a7a3b03f37cdc6cb62fd93e238917d087249d1
https://kraftboxpack.com/wp-content/uploads/2024/10/Custom-Brown-Kraft-Boxes.jpg,downloaded,jpg 27KB,2024-10-custom-brown-kraft-boxes.jpg,ecb49279a1324e5b27f88c0863039583d4050fb7579d950f2e1a28a092d6cacf
https://kraftboxpack.com/wp-content/uploads/2024/10/Custom-Brown-Kraft-Packaging.jpg,downloaded,jpg 30KB,2024-10-custom-brown-kraft-packaging.jpg,63596126e35f1bfa721c6983761b7fef643482c3ec87e692d3f8c1a857554ec6
https://kraftboxpack.com/wp-content/uploads/2024/10/Custom-Kraft-Bakery-Boxes.jpg,downloaded,jpg 32KB,2024-10-custom-kraft-bakery-boxes.jpg,9adf235adeb70afda58156ef675c09eac703df5b472f5d86426cd90ad0f12756
https://kraftboxpack.com/wp-content/uploads/2024/10/Custom-Kraft-Bakery-Packaging.jpg,downloaded,jpg 34KB,2024-10-custom-kraft-bakery-packaging.jpg,5e6917afcbb3962bdfaae1aabf2d28a810a06da2bc9d0d6861a25b88042bab53
https://kraftboxpack.com/wp-content/uploads/2024/10/Custom-Kraft-Box-with-Window-Packaging.jpg,downloaded,jpg 35KB,2024-10-custom-kraft-box-with-window-packaging.jpg,9b653f9f59c2cda36eb7d4d371278d1a22dad7bc73dc6839c5c43f848643e3cd
https://kraftboxpack.com/wp-content/uploads/2024/10/Custom-Kraft-Box-with-Window.jpg,downloaded,jpg 47KB,2024-10-custom-kraft-box-with-window.jpg,33e1b2bfd2e3c1a84c0a0876da06706517a2ea72c7c6baef8fdd5f350123da5b
https://kraftboxpack.com/wp-content/uploads/2024/10/Custom-Kraft-Boxes-With-Lid-Packaging.jpg,downloaded,jpg 27KB,2024-10-custom-kraft-boxes-with-lid-packaging.jpg,f119dec47deb2651241259d80b65333b6e490491913846c699b1eceabda5e76e
https://kraftboxpack.com/wp-content/uploads/2024/10/Custom-Kraft-Boxes-With-Lid.jpg,downloaded,jpg 30KB,2024-10-custom-kraft-boxes-with-lid.jpg,3d3e1c934d727466c214b451fb47a26181bb684c446429bb1762448bd69e59c6
https://kraftboxpack.com/wp-content/uploads/2024/10/Custom-Kraft-Cake-Boxes.jpg,downloaded,jpg 34KB,2024-10-custom-kraft-cake-boxes.jpg,076a660814e658aa40a4dc92dfe86651e46931c25e3d2adbe5a176b7b5a11f6c
https://kraftboxpack.com/wp-content/uploads/2024/10/Custom-Kraft-Cake-Packaging.jpg,downloaded,jpg 41KB,2024-10-custom-kraft-cake-packaging.jpg,5388fd8b7caacfd6a6521feb2c334bf62e67eca3468c0e56cf1aae8cd36cfbcf
https://kraftboxpack.com/wp-content/uploads/2024/10/Custom-Kraft-Candle-Boxes.jpg,downloaded,jpg 57KB,2024-10-custom-kraft-candle-boxes.jpg,0e70a123019b056c83f1653d799111cffc191d6a6ec2095d1c05b0781f782058
https://kraftboxpack.com/wp-content/uploads/2024/10/Custom-Kraft-Candle-Packaging.jpg,downloaded,jpg 40KB,2024-10-custom-kraft-candle-packaging.jpg,fc004e4674da0a0a47faf24649eea1d05c92d21b6526adba636740d61f8b9aa0
https://kraftboxpack.com/wp-content/uploads/2024/10/Custom-Kraft-Candy-Boxes.jpg,downloaded,jpg 48KB,2024-10-custom-kraft-candy-boxes.jpg,de875e018dad389c6f120835dc63dc747f330b9f0d973476e9b10c1daf35d61d
https://kraftboxpack.com/wp-content/uploads/2024/10/Custom-Kraft-Candy-Packaging.jpg,downloaded,jpg 48KB,2024-10-custom-kraft-candy-packaging.jpg,ce1c21fbeb89ab6ead5e0582ee93270069510f3e1f9eb01d5e07fb553001ce87
https://kraftboxpack.com/wp-content/uploads/2024/10/Custom-Kraft-Cardboard-Boxes.jpg,downloaded,jpg 27KB,2024-10-custom-kraft-cardboard-boxes.jpg,48e31990d73200d7f31c229cf6e31cfceae42eb119076669aa53538b01646a9d
https://kraftboxpack.com/wp-content/uploads/2024/10/Custom-Kraft-Cardboard-Packaging.jpg,downloaded,jpg 25KB,2024-10-custom-kraft-cardboard-packaging.jpg,5ae8e6ac06131372a72e23cccb1fd7ac1641be027409d0f4200dddabee430147
https://kraftboxpack.com/wp-content/uploads/2024/10/Custom-Kraft-Cookie-Boxes.jpg,downloaded,jpg 42KB,2024-10-custom-kraft-cookie-boxes.jpg,180c6edb3dcb0de0c2c5feb1e7a89632e9495270e17cf36c4ceea030875053c7
https://kraftboxpack.com/wp-content/uploads/2024/10/Custom-Kraft-Cookie-Packaging.jpg,downloaded,jpg 42KB,2024-10-custom-kraft-cookie-packaging.jpg,b2283f88f10929ccef8d758621ddad9ab6878ebced7c5e7f8bb1f771a7c6f713
https://kraftboxpack.com/wp-content/uploads/2024/10/Custom-Kraft-Corrugated-Boxes.jpg,downloaded,jpg 40KB,2024-10-custom-kraft-corrugated-boxes.jpg,02dec78aded5868ddd5d5da577dc574fa8bdc1dcec49dd36cb14e5fdba24d592
https://kraftboxpack.com/wp-content/uploads/2024/10/Custom-Kraft-Corrugated-Packaging.jpg,downloaded,jpg 50KB,2024-10-custom-kraft-corrugated-packaging.jpg,16487470b4d7415491bfb137ac1230d4c65e03f945adb6ad664d2ed891c3150e
https://kraftboxpack.com/wp-content/uploads/2024/10/Custom-Kraft-Cupcake-Boxes.jpg,downloaded,jpg 28KB,2024-10-custom-kraft-cupcake-boxes.jpg,f448257764e3c0ff71da4c10c31e764c03687cdc46f647f66adcddd4ee175f0a
https://kraftboxpack.com/wp-content/uploads/2024/10/Custom-Kraft-Cupcake-Packaging.jpg,downloaded,jpg 22KB,2024-10-custom-kraft-cupcake-packaging.jpg,68c8aa04135999198669ba8bcae441283df12a8b31975c900645f90a2d098698
https://kraftboxpack.com/wp-content/uploads/2024/10/Custom-Kraft-Dispenser-Boxes.jpg,downloaded,jpg 48KB,2024-10-custom-kraft-dispenser-boxes.jpg,8bae9d82c98616994cc6c3a933e2ef17ebe2ed224d19d71fbfe1cc30726805f0
https://kraftboxpack.com/wp-content/uploads/2024/10/Custom-Kraft-Dispenser-Packaging.jpg,downloaded,jpg 30KB,2024-10-custom-kraft-dispenser-packaging.jpg,59eeb233b31d394a4680ab11bf717bd57d6ecd43f9f00ce111565a58e26074cc
https://kraftboxpack.com/wp-content/uploads/2024/10/Custom-Kraft-Drawer-Boxes.jpg,downloaded,jpg 42KB,2024-10-custom-kraft-drawer-boxes.jpg,2ea5b9e37240fb6146ebb59328a098de0f41135ea65f1abce33ac09cc9c6b028
https://kraftboxpack.com/wp-content/uploads/2024/10/Custom-Kraft-Drawer-Packaging.jpg,downloaded,jpg 23KB,2024-10-custom-kraft-drawer-packaging.jpg,fb380759581e688ab416473c1dd12697dec039a2439e15c14b688cbfe95c9d92
https://kraftboxpack.com/wp-content/uploads/2024/10/Custom-Kraft-Favor-Boxes.jpg,downloaded,jpg 49KB,2024-10-custom-kraft-favor-boxes.jpg,0c4491cf2d599a52d113af1886d5164c66750f04e99156bb03f5458e5ef9394f
https://kraftboxpack.com/wp-content/uploads/2024/10/Custom-Kraft-Favor-Packaging.jpg,downloaded,jpg 42KB,2024-10-custom-kraft-favor-packaging.jpg,744bad6c118c5eb64160cec174a564f539476dcc6620a49744ed45d6e483803d
https://kraftboxpack.com/wp-content/uploads/2024/10/Custom-Kraft-Food-Boxes.jpg,downloaded,jpg 28KB,2024-10-custom-kraft-food-boxes.jpg,4113039a9e3f723e171cad9b7b64afef9669759d2507bff05ee448419acc4c44
https://kraftboxpack.com/wp-content/uploads/2024/10/Custom-Kraft-Food-Packaging.jpg,downloaded,jpg 27KB,2024-10-custom-kraft-food-packaging.jpg,c7f4a4c1accb01974d9ca7d4f354d05e3e819bf41106d3e3f9a8ee4f72ca882d
https://kraftboxpack.com/wp-content/uploads/2024/10/Custom-Kraft-Gable-Boxes.jpg,downloaded,jpg 54KB,2024-10-custom-kraft-gable-boxes.jpg,ceeef2f40de95c3a2c4393f1c150a960037bd4fabfe9e9d27ac6adcad30fbc26
https://kraftboxpack.com/wp-content/uploads/2024/10/Custom-Kraft-Gable-Packaging.jpg,downloaded,jpg 38KB,2024-10-custom-kraft-gable-packaging.jpg,2411513aa6317bda02d898fa4efbc83bc9a05b2111e0b466b03ade59e3f417ef
https://kraftboxpack.com/wp-content/uploads/2024/10/Custom-Kraft-Gift-Boxes-with-Lids.jpg,downloaded,jpg 42KB,2024-10-custom-kraft-gift-boxes-with-lids.jpg,bce9093561dfc504ec191c65953ef0428d282c55c90a308b394ad780925f9f45
https://kraftboxpack.com/wp-content/uploads/2024/10/Custom-Kraft-Gift-with-Lids-Packaging.jpg,downloaded,jpg 38KB,2024-10-custom-kraft-gift-with-lids-packaging.jpg,cdf31fba7af2c16cc068a5245ee397f5b7f011dae2b310ebdaa3d4f35ce3f7a0
https://kraftboxpack.com/wp-content/uploads/2024/10/Custom-Kraft-Jewelry-Boxes.jpg,downloaded,jpg 67KB,2024-10-custom-kraft-jewelry-boxes.jpg,38bdc96fcc5d1c4b6788d6044cee39009eb391c72a08a33b40b6b482a8f33043
https://kraftboxpack.com/wp-content/uploads/2024/10/Custom-Kraft-Jewelry-Packaging.jpg,downloaded,jpg 29KB,2024-10-custom-kraft-jewelry-packaging.jpg,1fe5e305f347aa15a13ec474f4249e2bf95c0b5c069cab44942fb7cf50068981
https://kraftboxpack.com/wp-content/uploads/2024/10/Custom-Kraft-Mailer-Boxes.jpg,downloaded,jpg 34KB,2024-10-custom-kraft-mailer-boxes.jpg,60914dfd4ea6c15650ef5da668b8c12d6b2b1330c23b6a5045abf191ca1d1b17
https://kraftboxpack.com/wp-content/uploads/2024/10/Custom-Kraft-Mailer-Packaging.jpg,downloaded,jpg 51KB,2024-10-custom-kraft-mailer-packaging.jpg,b94db5e02667fb295af0d242b1d3ca3a9843ab9cbea250994a40cf305fabaee0
https://kraftboxpack.com/wp-content/uploads/2024/10/Custom-Kraft-Paper-Boxes.jpg,downloaded,jpg 27KB,2024-10-custom-kraft-paper-boxes.jpg,1aa9eae70786148362b62ae0fb1f495d734b8565bad1b3f0778f782ee16a925e
https://kraftboxpack.com/wp-content/uploads/2024/10/Custom-Kraft-Paper-Dispenser-Boxes.jpg,downloaded,jpg 63KB,2024-10-custom-kraft-paper-dispenser-boxes.jpg,001e339b8aab866f8c336fe73d8c6f61fb3eb1166893a4be2162e91443095446
https://kraftboxpack.com/wp-content/uploads/2024/10/Custom-Kraft-Paper-Dispenser-Packaging.jpg,downloaded,jpg 29KB,2024-10-custom-kraft-paper-dispenser-packaging.jpg,914f2796016ae9d6d6e6704b0817f3c8ccc1aa2724857c2686feabbef9fb2194
https://kraftboxpack.com/wp-content/uploads/2024/10/Custom-Kraft-Paper-Gift-Boxes.jpg,downloaded,jpg 42KB,2024-10-custom-kraft-paper-gift-boxes.jpg,02c8a39972fd13ebb0368303cd22724802552f17312091f89cd9442ec603d2b7
https://kraftboxpack.com/wp-content/uploads/2024/10/Custom-Kraft-Paper-Gift-Packaging.jpg,downloaded,jpg 23KB,2024-10-custom-kraft-paper-gift-packaging.jpg,fb7c41b7dc9e2f7c915ca46210e8868f7fa384cef3883d2ba2a01b44b0de9030
https://kraftboxpack.com/wp-content/uploads/2024/10/Custom-Kraft-Paper-Gift-Wrapping.jpg,downloaded,jpg 52KB,2024-10-custom-kraft-paper-gift-wrapping.jpg,71b68cf431da56d51da5032e93fc82f988917107e21a2ca4003fd7afe0ffbc23
https://kraftboxpack.com/wp-content/uploads/2024/10/Custom-Kraft-Paper-Gift.jpg,downloaded,jpg 48KB,2024-10-custom-kraft-paper-gift.jpg,27354a7b33a15d9feed17fe091007b0d7015c40c10b250a090f7c1104ff6fad3
https://kraftboxpack.com/wp-content/uploads/2024/10/Custom-Kraft-Paper-Packaging.jpg,downloaded,jpg 36KB,2024-10-custom-kraft-paper-packaging.jpg,2b19405178dec7e04c2f0f89f74867d0a5b849c364871902c7b32c9f89e2e769
https://kraftboxpack.com/wp-content/uploads/2024/10/Custom-Kraft-Pizza-Boxes.jpg,downloaded,jpg 44KB,2024-10-custom-kraft-pizza-boxes.jpg,1a515b6c2fae61cbd3b58e4158d67ff0937d415b125a5851b51d524f37cc74ab
https://kraftboxpack.com/wp-content/uploads/2024/10/Custom-Kraft-Pizza-Packaging.jpg,downloaded,jpg 55KB,2024-10-custom-kraft-pizza-packaging.jpg,4f2c5423c60cef63a50998b3505d0a739c87b9ab98463dffe0fa44c8429c609b
https://kraftboxpack.com/wp-content/uploads/2024/10/Custom-Kraft-Round-Boxes.jpg,downloaded,jpg 50KB,2024-10-custom-kraft-round-boxes.jpg,3addf4a61c13bd10ffd149608f3d4cc5defc61c8d6dcbd7cd6bc21022527549a
https://kraftboxpack.com/wp-content/uploads/2024/10/Custom-Kraft-Round-Packaging.jpg,downloaded,jpg 37KB,2024-10-custom-kraft-round-packaging.jpg,3f777b42f796371767f0f03c5d69e2463e3e42e65045606b0f871927f0b2d846
https://kraftboxpack.com/wp-content/uploads/2024/10/Custom-Kraft-Shipping-Boxes.jpg,downloaded,jpg 33KB,2024-10-custom-kraft-shipping-boxes.jpg,fa74ac39855bf2678f042185e67079766e730f9d431e76fc492ed6f721f1da7d
https://kraftboxpack.com/wp-content/uploads/2024/10/Custom-Kraft-Shipping-Packaging.jpg,downloaded,jpg 97KB,2024-10-custom-kraft-shipping-packaging.jpg,ddc7fe26c037de909b20e2211e18ef5c8dd212879b146849ca8fdfc60e00404b
https://kraftboxpack.com/wp-content/uploads/2024/10/Custom-Kraft-Shoe-Boxes.jpg,downloaded,jpg 41KB,2024-10-custom-kraft-shoe-boxes.jpg,faac6cf882bbda30d668d23e6c247214d17a4d1d126607810e5544695f12167a
https://kraftboxpack.com/wp-content/uploads/2024/10/Custom-Kraft-Shoe-Packaging.jpg,downloaded,jpg 34KB,2024-10-custom-kraft-shoe-packaging.jpg,f61a9ae6fff9169a317bc86ae858d28d2cadda1798cb712e14845451ca418c78
https://kraftboxpack.com/wp-content/uploads/2024/10/Custom-Kraft-Storage-Boxes.jpg,downloaded,jpg 49KB,2024-10-custom-kraft-storage-boxes.jpg,317adbf79817acec4ed67999ae9b43f5b4dd2af75059a5ad65a21e27edcbd13f
https://kraftboxpack.com/wp-content/uploads/2024/10/Custom-Kraft-Storage-Packaging.jpg,downloaded,jpg 28KB,2024-10-custom-kraft-storage-packaging.jpg,1ff486571d1c37eac9b6c01509cef9b51e9e368b226e970d8c2be2a8ed031cda
https://kraftboxpack.com/wp-content/uploads/2024/10/Custom-Kraft-Take-Out-Boxes.jpg,downloaded,jpg 55KB,2024-10-custom-kraft-take-out-boxes.jpg,345fa6f1cb8746a38acb1cf063918d0b109af0bfe75d19a9052de022219c0e75
https://kraftboxpack.com/wp-content/uploads/2024/10/Custom-Kraft-Take-Out-Packaging.jpg,downloaded,jpg 30KB,2024-10-custom-kraft-take-out-packaging.jpg,88616ed479b9208efbaa009bed3681a09d9ff2e945bc53403983c700d4bf5870
https://kraftboxpack.com/wp-content/uploads/2024/10/Custom-Kraft-Treat-Boxes.jpg,downloaded,jpg 45KB,2024-10-custom-kraft-treat-boxes.jpg,9e95707128af8857f43bc2b73d392eef1ea36594d936b3501722609a1c11b10e
https://kraftboxpack.com/wp-content/uploads/2024/10/Custom-Kraft-Treat-Packaging.jpg,downloaded,jpg 29KB,2024-10-custom-kraft-treat-packaging.jpg,ec4c6bc6330d4cc1375a75143b9040599f579f854fe936161c13e65c4c82bb9e
https://kraftboxpack.com/wp-content/uploads/2024/10/Custom-Large-Kraft-Gift-Boxes.jpg,downloaded,jpg 39KB,2024-10-custom-large-kraft-gift-boxes.jpg,695f8af66743128e72bfeb26a3d2280c08ab1e1316892dae476b8c1ab11d26a2
https://kraftboxpack.com/wp-content/uploads/2024/10/Custom-Large-Kraft-Gift-Packaging.jpg,downloaded,jpg 24KB,2024-10-custom-large-kraft-gift-packaging.jpg,06061e249c10b06bb9f388aa6dd10cc5f5868770f2d117a6d3ddcd16f957faf8
https://kraftboxpack.com/wp-content/uploads/2024/10/Custom-Mini-Kraft-Boxes.jpg,downloaded,jpg 45KB,2024-10-custom-mini-kraft-boxes.jpg,3040b8c9678b7e70c3eb1385f8166a1fc76aa2cf9ff43553668ab7474e19c125
https://kraftboxpack.com/wp-content/uploads/2024/10/Custom-Mini-Kraft-Packaging.jpg,downloaded,jpg 36KB,2024-10-custom-mini-kraft-packaging.jpg,846228ed83032c12aea0b4f04c277d474bcb245dc44547250abb775e15b3f2de
https://kraftboxpack.com/wp-content/uploads/2024/10/Custom-Small-Kraft-Boxes.jpg,downloaded,jpg 44KB,2024-10-custom-small-kraft-boxes.jpg,832726efaf802a4ff4703d0ecc01d96d634b7985a68f02ac39ed3839a0022bcd
https://kraftboxpack.com/wp-content/uploads/2024/10/Custom-Small-Kraft-Packaging.jpg,downloaded,jpg 45KB,2024-10-custom-small-kraft-packaging.jpg,3040b8c9678b7e70c3eb1385f8166a1fc76aa2cf9ff43553668ab7474e19c125
https://kraftboxpack.com/wp-content/uploads/2024/10/Kraft-Bakery-Boxes.jpg,downloaded,jpg 53KB,2024-10-kraft-bakery-boxes.jpg,02b76cc40e8dfa392c145baa122bea69f25796c1195ea138b12fc1715da8af78
https://kraftboxpack.com/wp-content/uploads/2024/10/Kraft-Bakery-Packaging.jpg,downloaded,jpg 27KB,2024-10-kraft-bakery-packaging.jpg,6e2864a91f0bbade0a08181d0622b80b70822a662d89a955fe53f2812a5d5cf9
https://kraftboxpack.com/wp-content/uploads/2024/10/Kraft-Box-with-Window-Packaging.jpg,downloaded,jpg 32KB,2024-10-kraft-box-with-window-packaging.jpg,967963b0c0851dd1a29378a629b82c69c2603a491ade42f047022da6100ab792
https://kraftboxpack.com/wp-content/uploads/2024/10/Kraft-Box-with-Window.jpg,downloaded,jpg 43KB,2024-10-kraft-box-with-window.jpg,10b32d733498e9ce8a1ff8081c88694a027df7970acbed6c69dc2f4f19b5323e
https://kraftboxpack.com/wp-content/uploads/2024/10/Kraft-Boxes-With-Lid-Packaging.jpg,downloaded,jpg 23KB,2024-10-kraft-boxes-with-lid-packaging.jpg,933850036c50fcb7de86ca693436610099ff65b597af8b9195b4a9f3f1ad82a2
https://kraftboxpack.com/wp-content/uploads/2024/10/Kraft-Boxes-With-Lid.jpg,downloaded,jpg 27KB,2024-10-kraft-boxes-with-lid.jpg,8f518b9d03ab54de2dee37691697feae3ff1f5d7762b91c1a5ba3921e3a7c1e1
https://kraftboxpack.com/wp-content/uploads/2024/10/Kraft-Cake-Boxes.jpg,downloaded,jpg 50KB,2024-10-kraft-cake-boxes.jpg,e3b2a0be8727d08d5969c73ffb63ba5bca71266decb0b7b8eaff71d288dac007
https://kraftboxpack.com/wp-content/uploads/2024/10/Kraft-Cake-Packaging.jpg,downloaded,jpg 33KB,2024-10-kraft-cake-packaging.jpg,12df7b6c7e8d5d904bce2e231e6d16d0b494522d4a5c32a452f4dc532d82bebf
https://kraftboxpack.com/wp-content/uploads/2024/10/Kraft-Candle-Boxes.jpg,downloaded,jpg 39KB,2024-10-kraft-candle-boxes.jpg,d16c6f1cf9052f13092658a22feb88161f72dea98a1b78926e5626b9fa274a1f
https://kraftboxpack.com/wp-content/uploads/2024/10/Kraft-Candle-Packaging.jpg,downloaded,jpg 38KB,2024-10-kraft-candle-packaging.jpg,30b84fe911aaaa5d783dbe0c201817373a5de18e1f6093f50c658f06b5e0a32a
https://kraftboxpack.com/wp-content/uploads/2024/10/Kraft-Candy-Boxes.jpg,downloaded,jpg 33KB,2024-10-kraft-candy-boxes.jpg,7bfb0abc43fff2e62956d9d4f1378d1c7b8b5b029587f752ebee949b7f86ec20
https://kraftboxpack.com/wp-content/uploads/2024/10/Kraft-Candy-Packaging.jpg,downloaded,jpg 55KB,2024-10-kraft-candy-packaging.jpg,1a4e3c72a81f46788874a21e291dbd51211871355b39c17fa93144f180bf3359
https://kraftboxpack.com/wp-content/uploads/2024/10/Kraft-Cardboard-Boxes.jpg,downloaded,jpg 45KB,2024-10-kraft-cardboard-boxes.jpg,cd2683429f1431c11d76b362e27f09e2d06a2b8b2b4c5bca94d40af4ccbdc4c3
https://kraftboxpack.com/wp-content/uploads/2024/10/Kraft-Cardboard-Packaging.jpg,downloaded,jpg 21KB,2024-10-kraft-cardboard-packaging.jpg,1c71d947d3b067f372c383b4badba77851a94fc70bcdf34e7f37f3d36aeff2b1
https://kraftboxpack.com/wp-content/uploads/2024/10/Kraft-Cookie-Boxes.jpg,downloaded,jpg 45KB,2024-10-kraft-cookie-boxes.jpg,66ab27ba0184defda6de5b8468113ed821c25441b803f4c434a386f640fe4bb6
https://kraftboxpack.com/wp-content/uploads/2024/10/Kraft-Cookie-Packaging.jpg,downloaded,jpg 47KB,2024-10-kraft-cookie-packaging.jpg,992ae0822598c3b1f0c84601082565f22b0dc7970f22a838232aa22ee90f3ae4
https://kraftboxpack.com/wp-content/uploads/2024/10/Kraft-Corrugated-Boxes.jpg,downloaded,jpg 41KB,2024-10-kraft-corrugated-boxes.jpg,931d6a875acb7a63a62338eb53254a9d6b062bfc07baae97bb4ec8485ae3f877
https://kraftboxpack.com/wp-content/uploads/2024/10/Kraft-Corrugated-Packaging.jpg,downloaded,jpg 30KB,2024-10-kraft-corrugated-packaging.jpg,f04644c1dda41ba78b75b8aaf4038c68e9f26a5aaf6e591a45e9d07fd92e49f7
https://kraftboxpack.com/wp-content/uploads/2024/10/Kraft-Cupcake-Boxes.jpg,downloaded,jpg 54KB,2024-10-kraft-cupcake-boxes.jpg,ce987127f12776c62fe3558ec813ac9f56b475b8da05500672b273837c0df2a9
https://kraftboxpack.com/wp-content/uploads/2024/10/Kraft-Cupcake-Packaging.jpg,downloaded,jpg 36KB,2024-10-kraft-cupcake-packaging.jpg,50564ccbc3b2686273494f04a531adad8a3826525065606ab287fb9445f3fd83
https://kraftboxpack.com/wp-content/uploads/2024/10/Kraft-Dispenser-Boxes.jpg,downloaded,jpg 35KB,2024-10-kraft-dispenser-boxes.jpg,e96b2b85e9f2daf240ace870b1f604d759ab9d501f7257b238dffce06c1ba6af
https://kraftboxpack.com/wp-content/uploads/2024/10/Kraft-Dispenser-Packaging.jpg,downloaded,jpg 45KB,2024-10-kraft-dispenser-packaging.jpg,abdabafdd2d3fe86e4ade4cf3ef9514f2951dbfab589b6d83ec754e5b9dade40
https://kraftboxpack.com/wp-content/uploads/2024/10/Kraft-Drawer-Boxes.jpg,downloaded,jpg 56KB,2024-10-kraft-drawer-boxes.jpg,33b63f428951f59d00a05f465c869306afd57fb392762fda0f082f11e4ab4c87
https://kraftboxpack.com/wp-content/uploads/2024/10/Kraft-Drawer-Packaging.jpg,downloaded,jpg 36KB,2024-10-kraft-drawer-packaging.jpg,6c5353d63f53bf12e8b134f1de1cfe818bced255c5a0cd227281f96f593b1449
https://kraftboxpack.com/wp-content/uploads/2024/10/Kraft-Favor-Boxes.jpg,downloaded,jpg 64KB,2024-10-kraft-favor-boxes.jpg,1d6942f319904f1991d1c1a506428b27d0ad6d9d424a6abbdc5fb9a121ea4fcc
https://kraftboxpack.com/wp-content/uploads/2024/10/Kraft-Favor-Packaging.jpg,downloaded,jpg 41KB,2024-10-kraft-favor-packaging.jpg,85ea7bfbe6e74ed20bee3c8312f13cec4b4c30c9994a64c9ac5c18cbbec978f1
https://kraftboxpack.com/wp-content/uploads/2024/10/Kraft-Food-Boxes.jpg,downloaded,jpg 66KB,2024-10-kraft-food-boxes.jpg,1503ee51a533f21495ec909022cf9898fc4b9d1283ef94bb8e935567d188112a
https://kraftboxpack.com/wp-content/uploads/2024/10/Kraft-Food-Packaging.jpg,downloaded,jpg 42KB,2024-10-kraft-food-packaging.jpg,86843a2abb91c108a8519e5ad04bd8f6670cd8305decfb5a1ae8ba846515b6ff
https://kraftboxpack.com/wp-content/uploads/2024/10/Kraft-Gable-Boxes.jpg,downloaded,jpg 26KB,2024-10-kraft-gable-boxes.jpg,43b0fffa4dcadf34794719110f8cbd0d22d77105ef040daff535fda06ec102a0
https://kraftboxpack.com/wp-content/uploads/2024/10/Kraft-Gable-Packaging.jpg,downloaded,jpg 43KB,2024-10-kraft-gable-packaging.jpg,a0fe554913d17da233fd9be670d19a00d0446035a6524df07c86a1f23ad97b23
https://kraftboxpack.com/wp-content/uploads/2024/10/Kraft-Gift-Boxes-With-Lids.jpg,downloaded,jpg 45KB,2024-10-kraft-gift-boxes-with-lids.jpg,e1e4318137cba451899a4eb0288caba5aa3efe61e5321bb1f0fe0bad3b7f2718
https://kraftboxpack.com/wp-content/uploads/2024/10/Kraft-Gift-with-Lids-Packaging.jpg,downloaded,jpg 37KB,2024-10-kraft-gift-with-lids-packaging.jpg,1766d6b66cfe831e99ff81973270cc53ad9b767953e68b7889e0280eaca29bae
https://kraftboxpack.com/wp-content/uploads/2024/10/Kraft-Jewelry-Boxes.jpg,downloaded,jpg 56KB,2024-10-kraft-jewelry-boxes.jpg,a24095a700ae622f530191180d675eea195c6cf4d378afb806bc87d031a83f05
https://kraftboxpack.com/wp-content/uploads/2024/10/Kraft-Jewelry-Packaging.jpg,downloaded,jpg 32KB,2024-10-kraft-jewelry-packaging.jpg,2c1f1c42b0c1465e251979790786bd3ee7d3d8b23507520d7a4f67bdc3c4072a
https://kraftboxpack.com/wp-content/uploads/2024/10/Kraft-Mailer-Boxes.jpg,downloaded,jpg 38KB,2024-10-kraft-mailer-boxes.jpg,cd9860734b55f8835629ca64752e4e5645108c34e7dbf2bf21bc810822f0ee27
https://kraftboxpack.com/wp-content/uploads/2024/10/Kraft-Mailer-Packaging.jpg,downloaded,jpg 29KB,2024-10-kraft-mailer-packaging.jpg,14656d42de0074c40f1f36449fa4cd45f663f19b63334d4e99066d716815994a
https://kraftboxpack.com/wp-content/uploads/2024/10/Kraft-Paper-Boxes.jpg,downloaded,jpg 65KB,2024-10-kraft-paper-boxes.jpg,80394cefc9889e14a5a064855982e96fd88a60d8c65bb8754c6bc06ff07e3949
https://kraftboxpack.com/wp-content/uploads/2024/10/Kraft-Paper-Dispenser-Boxes.jpg,downloaded,jpg 57KB,2024-10-kraft-paper-dispenser-boxes.jpg,d37a212dbee9d0bb627dd22bf1cd58d6554f0e33e1fb06ab85783f845eff4c98
https://kraftboxpack.com/wp-content/uploads/2024/10/Kraft-Paper-Dispenser-Packaging.jpg,downloaded,jpg 41KB,2024-10-kraft-paper-dispenser-packaging.jpg,1a0239865b29687cdc5e56394ad598babcfc2114f23521b40930c81e92da53d2
https://kraftboxpack.com/wp-content/uploads/2024/10/Kraft-Paper-Gift-Boxes.jpg,downloaded,jpg 21KB,2024-10-kraft-paper-gift-boxes.jpg,ada5f95e44c15c9e17a66804a0fd7494cdf268810cc92b59dd846ff678d7ac41
https://kraftboxpack.com/wp-content/uploads/2024/10/Kraft-Paper-Gift-Packaging.jpg,downloaded,jpg 48KB,2024-10-kraft-paper-gift-packaging.jpg,0afa84230a86c0969eb31d86b3025d50df5488c52a64b2fb46fac3c2fd46d8f7
https://kraftboxpack.com/wp-content/uploads/2024/10/Kraft-Paper-Gift-Wrapping.jpg,downloaded,jpg 86KB,2024-10-kraft-paper-gift-wrapping.jpg,4875012c87a7876b28f3f33e87bfc0650ae8bfb9df1008f036adf13e3f47e13f
https://kraftboxpack.com/wp-content/uploads/2024/10/Kraft-Paper-Gift.jpg,downloaded,jpg 25KB,2024-10-kraft-paper-gift.jpg,12918a49d04b4b697339df39782149c3ac0134a16e461e5254c75e14489ce655
https://kraftboxpack.com/wp-content/uploads/2024/10/Kraft-Paper-Packaging.jpg,downloaded,jpg 37KB,2024-10-kraft-paper-packaging.jpg,e0b3813c17040bbd7e976e85fd8bd8be7bef35cadaed7a011cdb9ba103d4c944
https://kraftboxpack.com/wp-content/uploads/2024/10/Kraft-Pizza-Boxes.jpg,downloaded,jpg 70KB,2024-10-kraft-pizza-boxes.jpg,89687868b2ea742c8c5270391cd706e7abd290ba4ca2fa416a04b7d6b3ee1b4d
https://kraftboxpack.com/wp-content/uploads/2024/10/Kraft-Pizza-Packaging.jpg,downloaded,jpg 40KB,2024-10-kraft-pizza-packaging.jpg,4dae24db00a5862086e7eaea7f2b68b8ee1ef92ce89802210a58dca349399740
https://kraftboxpack.com/wp-content/uploads/2024/10/Kraft-Round-Boxes.jpg,downloaded,jpg 39KB,2024-10-kraft-round-boxes.jpg,d71a427e8a9fbcf266fcec3570624910bd8b0ee52f3ca5e375b0cc5a6603133d
https://kraftboxpack.com/wp-content/uploads/2024/10/Kraft-Round-Packaging.jpg,downloaded,jpg 30KB,2024-10-kraft-round-packaging.jpg,8318b3081c9c26015129ccd79b51b369c4541fe7aaed980e457a52040ca619c0
https://kraftboxpack.com/wp-content/uploads/2024/10/Kraft-Shipping-Boxes.jpg,downloaded,jpg 40KB,2024-10-kraft-shipping-boxes.jpg,ba3750569778eaf76879cc99815449ae52da913a79ff9a888bc55051238d80cb
https://kraftboxpack.com/wp-content/uploads/2024/10/Kraft-Shipping-Packaging.jpg,downloaded,jpg 23KB,2024-10-kraft-shipping-packaging.jpg,616f987b6e35f80921ee2824d386131a1dcf54de198b68258aa29af792433544
https://kraftboxpack.com/wp-content/uploads/2024/10/Kraft-Shoe-Boxes.jpg,downloaded,jpg 48KB,2024-10-kraft-shoe-boxes.jpg,73beaa307922f1b0313941f639a9a4d0dbe18638e224b9e42c1c41014741bade
https://kraftboxpack.com/wp-content/uploads/2024/10/Kraft-Shoe-Packaging.jpg,downloaded,jpg 40KB,2024-10-kraft-shoe-packaging.jpg,ad7c7c69083b7441fe8206647a7b357af77cf07286d686f596f3bae3e284944f
https://kraftboxpack.com/wp-content/uploads/2024/10/Kraft-Storage-Boxes-1.jpg,downloaded,jpg 47KB,2024-10-kraft-storage-boxes-1.jpg,c1e59f7e6b5bdebf0d6e033b9303acc0ccd9e97645200de94b15cfb572a735d6
https://kraftboxpack.com/wp-content/uploads/2024/10/Kraft-Storage-Packaging-1.jpg,downloaded,jpg 33KB,2024-10-kraft-storage-packaging-1.jpg,21dcfc56207c8f8f52116aee7ce46329c722ebae1958a89b545d519be7d445b7
https://kraftboxpack.com/wp-content/uploads/2024/10/Kraft-Take-Out-Boxes.jpg,downloaded,jpg 58KB,2024-10-kraft-take-out-boxes.jpg,327dada49e89701a46620080dfcd3a94c0e97020fb863c477cb7f0102c4d50dd
https://kraftboxpack.com/wp-content/uploads/2024/10/Kraft-Take-Out-Packaging.jpg,downloaded,jpg 37KB,2024-10-kraft-take-out-packaging.jpg,98bf9390350ece961b29c352654afcc1a0a2b131d7d393ee5ba065ae4336e619
https://kraftboxpack.com/wp-content/uploads/2024/10/Kraft-Treat-Boxes.jpg,downloaded,jpg 41KB,2024-10-kraft-treat-boxes.jpg,5d7b872c9a7553adb4e9fe07286cc89fc8b4f05b8c44e59ca87ad3355addf39d
https://kraftboxpack.com/wp-content/uploads/2024/10/Kraft-Treat-Packaging.jpg,downloaded,jpg 38KB,2024-10-kraft-treat-packaging.jpg,a2a93f5d5f29b1b4beb6c7c81f4cad44560f3ce8b3bd57488a59474736da64b6
https://kraftboxpack.com/wp-content/uploads/2024/10/Large-Kraft-Gift-Boxes.jpg,downloaded,jpg 46KB,2024-10-large-kraft-gift-boxes.jpg,2f24509c4a631627c4ebc8ae9a9a65049dddcf2cafbebcbf428187981ad961bf
https://kraftboxpack.com/wp-content/uploads/2024/10/Large-Kraft-Gift-Packaging.jpg,downloaded,jpg 44KB,2024-10-large-kraft-gift-packaging.jpg,2973a1a7e7e5dec8ee18008c918cff10ee212c26a78d38da1c0fb95ce72238b5
https://kraftboxpack.com/wp-content/uploads/2024/10/Mini-Kraft-Boxes.jpg,downloaded,jpg 44KB,2024-10-mini-kraft-boxes.jpg,832726efaf802a4ff4703d0ecc01d96d634b7985a68f02ac39ed3839a0022bcd
https://kraftboxpack.com/wp-content/uploads/2024/10/Mini-Kraft-Packaging.jpg,downloaded,jpg 20KB,2024-10-mini-kraft-packaging.jpg,b2630ca6fc0466fec51f5ec5a33d17105a7868f061cadd2b822dc61af7e2bbb1
https://kraftboxpack.com/wp-content/uploads/2024/10/Small-Kraft-Boxes.jpg,downloaded,jpg 36KB,2024-10-small-kraft-boxes.jpg,846228ed83032c12aea0b4f04c277d474bcb245dc44547250abb775e15b3f2de
https://kraftboxpack.com/wp-content/uploads/2024/10/Small-Kraft-Packaging.jpg,downloaded,jpg 20KB,2024-10-small-kraft-packaging.jpg,b2630ca6fc0466fec51f5ec5a33d17105a7868f061cadd2b822dc61af7e2bbb1
https://kraftboxpack.com/wp-content/uploads/2025/11/1-1.jpg,downloaded,jpg 245KB,2025-11-1-1.jpg,d5c09168478191712a5bf9db1592d55d1cf7acf352bedbdb2b5c1d2e9b4b21ec
https://kraftboxpack.com/wp-content/uploads/2025/11/1-2.jpg,downloaded,jpg 292KB,2025-11-1-2.jpg,8d2860edda9ce0ed5a724667e4b171dc1769ca813ba5a3e42375feed98a523c1
https://kraftboxpack.com/wp-content/uploads/2025/11/1-3.jpg,downloaded,jpg 522KB,2025-11-1-3.jpg,9e9dc649c1649996ea751ab76501996828e948ef71fd170fe763715059ee70ff
https://kraftboxpack.com/wp-content/uploads/2025/11/1-4.jpg,downloaded,jpg 354KB,2025-11-1-4.jpg,de71772fd8ff55e0b3796d7677cd0842ef46d9b5fcb3e72932d84be326b76051
https://kraftboxpack.com/wp-content/uploads/2025/11/1-5.jpg,downloaded,jpg 167KB,2025-11-1-5.jpg,87066981ecb52fd65847760fc2eef0f802423be4028af635bb1c6a84c5a83be8
https://kraftboxpack.com/wp-content/uploads/2025/11/1-6.jpg,downloaded,jpg 195KB,2025-11-1-6.jpg,9f9e70474c6b33c1f8c565856341ce41ed81c6f17e705c7a64548e940e39f04c
https://kraftboxpack.com/wp-content/uploads/2025/11/1-7.jpg,downloaded,jpg 311KB,2025-11-1-7.jpg,d8d9030ca4d84db8746b2797468e9d5d9c46504fce9c5656d926a798eb8edb32
https://kraftboxpack.com/wp-content/uploads/2025/11/1-8.jpg,downloaded,jpg 237KB,2025-11-1-8.jpg,055666fdbec75b14ba819c72849218ae2ed973b3f0a593e5dd64334e51f98d2c
https://kraftboxpack.com/wp-content/uploads/2025/11/1-9.jpg,downloaded,jpg 111KB,2025-11-1-9.jpg,339acdb56e90411fee4fd83e21352a09f4ff461b5cce328a7d33c689e3418a7e
https://kraftboxpack.com/wp-content/uploads/2025/11/1.jpg,downloaded,jpg 402KB,2025-11-1.jpg,2d044ffdc3434b8e8cd617a3b124c724b8b2d3e2270f29f5cad1fccaaf052396
https://kraftboxpack.com/wp-content/uploads/2025/11/2-1.jpg,downloaded,jpg 242KB,2025-11-2-1.jpg,9d7dc042d2e8cc0886d9aabb8169c897b43ad73216f382411379805e7ff9673d
https://kraftboxpack.com/wp-content/uploads/2025/11/2-2.jpg,downloaded,jpg 162KB,2025-11-2-2.jpg,9d0227b9c47e89ef90fd92d0353a09a4df2e07d0b81ecc663668fc9381f19d6e
https://kraftboxpack.com/wp-content/uploads/2025/11/2-3.jpg,downloaded,jpg 326KB,2025-11-2-3.jpg,09990c9574acc1995377cf0c9fa643626eaab097ceedcf3b4d30fbe4853c487a
https://kraftboxpack.com/wp-content/uploads/2025/11/2-4.jpg,downloaded,jpg 317KB,2025-11-2-4.jpg,e9ac60fe6dc25e03b154124cff0fdb9f898c208c7dc693f7257ddd93babbd8c6
https://kraftboxpack.com/wp-content/uploads/2025/11/2-5.jpg,downloaded,jpg 239KB,2025-11-2-5.jpg,e090b889037e3539109c86d807b8d38b3690d289edec271d36d792928737ee51
https://kraftboxpack.com/wp-content/uploads/2025/11/2-6.jpg,downloaded,jpg 311KB,2025-11-2-6.jpg,0545cefbd3ec1528980e35d33ebb611a1861d160e9cf4b45a3d2a45df6215a47
https://kraftboxpack.com/wp-content/uploads/2025/11/2-7.jpg,downloaded,jpg 347KB,2025-11-2-7.jpg,275b395008eae4d60d3cc4650b68a79582e8db6997506305e992596e36c519fe
https://kraftboxpack.com/wp-content/uploads/2025/11/2-8.jpg,downloaded,jpg 272KB,2025-11-2-8.jpg,7d64c258b12c10c903d1168dac45393e1e138954a61c7579b60f5c5cb0784187
https://kraftboxpack.com/wp-content/uploads/2025/11/2-9.jpg,downloaded,jpg 133KB,2025-11-2-9.jpg,fb91d781bce6b290d8f8eeb5daa5b9b2c3cde4969a08444c182f18821d7892e4
https://kraftboxpack.com/wp-content/uploads/2025/11/2.jpg,downloaded,jpg 256KB,2025-11-2.jpg,aefffc6c39bb118dbf174db5f55c555b597f4e1e44b268ae4e47fa0e93e1dc4b
https://kraftboxpack.com/wp-content/uploads/2025/11/3-1.jpg,downloaded,jpg 367KB,2025-11-3-1.jpg,0aff29300bceb94fc03973ffaa95a6d33300102b029c503e96cd0af95b3f8934
https://kraftboxpack.com/wp-content/uploads/2025/11/3-2.jpg,downloaded,jpg 105KB,2025-11-3-2.jpg,58b68a60b82ac2ef867b29ffd6d33a5cc864a3d38961902976bdfbda863d8062
https://kraftboxpack.com/wp-content/uploads/2025/11/3-3.jpg,downloaded,jpg 357KB,2025-11-3-3.jpg,167a507ceb7593d210d34bfe9820c0b8ea04a8445db1ca1d99b2c220e085a680
https://kraftboxpack.com/wp-content/uploads/2025/11/3-4.jpg,downloaded,jpg 338KB,2025-11-3-4.jpg,ba26c82d2c870d154aca4fdefdd48adc03708aae854ae69adf824ac0db085a50
https://kraftboxpack.com/wp-content/uploads/2025/11/3-5.jpg,downloaded,jpg 130KB,2025-11-3-5.jpg,cb666bd9453aeb0ea4065510975684495ba43cd7959e9e707d3da8705a784b5c
https://kraftboxpack.com/wp-content/uploads/2025/11/3-6.jpg,downloaded,jpg 223KB,2025-11-3-6.jpg,fa9d646de46a2465b66c47b7f8fd4a53b9850b069401ea29c969abe245a4f271
https://kraftboxpack.com/wp-content/uploads/2025/11/3-7.jpg,downloaded,jpg 352KB,2025-11-3-7.jpg,aa18bcc09493e22ac4a01555d455e59f811cac8e3168f0adbadf477e4ac0cc86
https://kraftboxpack.com/wp-content/uploads/2025/11/3-8.jpg,downloaded,jpg 325KB,2025-11-3-8.jpg,e75073ea0619e1f6133977e7f021b40d40a40c0cb2ae589afe54c9917436d96f
https://kraftboxpack.com/wp-content/uploads/2025/11/3-9.jpg,downloaded,jpg 145KB,2025-11-3-9.jpg,9b4c9fafe46dd8b10d57288b292ffead7ca8338b597463bd3b612f04afc6c6bb
https://kraftboxpack.com/wp-content/uploads/2025/11/3.jpg,downloaded,jpg 127KB,2025-11-3.jpg,0ccd480829fc5aa9bd5a3770da0d772018a90c80987885bec46102dc0ce7ee8c
https://kraftboxpack.com/wp-content/uploads/2025/11/4-1.jpg,downloaded,jpg 180KB,2025-11-4-1.jpg,30f5e2c00797cf114945030ba3a9b6f7a4d7a9cd47dcbddd15a1292ac7e3597f
https://kraftboxpack.com/wp-content/uploads/2025/11/4-2.jpg,downloaded,jpg 376KB,2025-11-4-2.jpg,9b38dbe4e93af71377d5e26366b7f60b2e799ee874dfaf279e63d30b4a2b9641
https://kraftboxpack.com/wp-content/uploads/2025/11/4-3.jpg,downloaded,jpg 399KB,2025-11-4-3.jpg,93e381e6522c8920858ef41892ceaffa2016b62677966cfb0a758b1c43d47649
https://kraftboxpack.com/wp-content/uploads/2025/11/4-4.jpg,downloaded,jpg 241KB,2025-11-4-4.jpg,367fe0e0a861e566140db5f9aa7dc0ee771b4aadd92a97fda8e03d84d6496c47
https://kraftboxpack.com/wp-content/uploads/2025/11/4-5.jpg,downloaded,jpg 294KB,2025-11-4-5.jpg,c757e7bbe059090576651cfda371da7db64ae63dac27dfae4cb8524cf97c5c5b
https://kraftboxpack.com/wp-content/uploads/2025/11/4-6.jpg,downloaded,jpg 329KB,2025-11-4-6.jpg,7c07301ccb03b3734d6a89ce4a1122129298ece84cf7cfc750816060b175770a
https://kraftboxpack.com/wp-content/uploads/2025/11/4-7.jpg,downloaded,jpg 351KB,2025-11-4-7.jpg,8d8d4a59464fd07b7424e861c2e814e4c77e99d52e411703b4448df47fd28af9
https://kraftboxpack.com/wp-content/uploads/2025/11/4-8.jpg,downloaded,jpg 366KB,2025-11-4-8.jpg,52daa4dd153d163f89dd78b7549cf011e4b5d2b04d49d80a8f24584ce5fc5684
https://kraftboxpack.com/wp-content/uploads/2025/11/4-9.jpg,downloaded,jpg 115KB,2025-11-4-9.jpg,42b70ea84800c7c0871f70b4566f14bd54068ef7e3f5d66968e9062cf6b93477
https://kraftboxpack.com/wp-content/uploads/2025/11/4.jpg,downloaded,jpg 155KB,2025-11-4.jpg,7bf899818aee24561ffe57087f5b9b05710b3c5590fe21d8e514064eb75d99d1
https://kraftboxpack.com/wp-content/uploads/2025/11/Custom-Kraft-Eco-Friendly-Compostable-Boxes.png,downloaded,png 289KB,2025-11-custom-kraft-eco-friendly-compostable-boxes.png,5a7d83693e6dd231ff76971982ebcc71872f0604372ace5697d10c853d9e0fb2
https://kraftboxpack.com/wp-content/uploads/2025/11/Kraft-Eco-Friendly-Compostable-Box.png,downloaded,png 684KB,2025-11-kraft-eco-friendly-compostable-box.png,72aa3ec70de68f7ed63c8d7d1ad40a5d14f038594d5d12c8a4a31a1b176ca4fc
https://kraftboxpack.com/wp-content/uploads/2025/11/Kraft-Eco-Friendly-Compostable-Boxes-Packaging.png,downloaded,png 337KB,2025-11-kraft-eco-friendly-compostable-boxes-packaging.png,a848e034fe16327485c610cb999f677f12f82265abb23d5e416a7b899bde62ce
https://kraftboxpack.com/wp-content/uploads/2025/11/Kraft-Eco-Friendly-Compostable-Boxes-Wholesale.png,downloaded,png 335KB,2025-11-kraft-eco-friendly-compostable-boxes-wholesale.png,d1f19622e1c838ea515625cf9fb53f69ff57ebe08887b47a00ab690e3e2f3c96
https://kraftboxpack.com/wp-content/uploads/2025/11/Kraft-Eco-Friendly-Compostable-Boxes.png,downloaded,png 768KB,2025-11-kraft-eco-friendly-compostable-boxes.png,025c0f5d549763d99ad180e90a22127ce3593c63c11d08c6bf5e1140d5c421d7
https://kraftboxpack.com/wp-content/uploads/2025/12/1-4.jpg,downloaded,jpg 219KB,2025-12-1-4.jpg,716ffb0856a289d266a279445cfbaba9873fc3eec5d656ee94b0445472311609
https://kraftboxpack.com/wp-content/uploads/2025/12/1-5.jpg,downloaded,jpg 536KB,2025-12-1-5.jpg,a908bccb8e51f74006ecf9a25af49cd734a44f9e4c02e4b3a8ea444626f5c488
https://kraftboxpack.com/wp-content/uploads/2025/12/1-6.jpg,downloaded,jpg 331KB,2025-12-1-6.jpg,615c05c21978c3a526b77def289f8087f252373fbe7444d95183be9367f0dbf7
https://kraftboxpack.com/wp-content/uploads/2025/12/1-7.jpg,downloaded,jpg 424KB,2025-12-1-7.jpg,cc71de694caddb2faa5e8140497363eaddf75703ef9e68d8b4796aa8be9420ba
https://kraftboxpack.com/wp-content/uploads/2025/12/1-8.jpg,downloaded,jpg 292KB,2025-12-1-8.jpg,f8bf1c55c0c702c03587f2d53c169b6f07a375bfe02d9f1bc63a02053388981f
https://kraftboxpack.com/wp-content/uploads/2025/12/1-9.jpg,downloaded,jpg 149KB,2025-12-1-9.jpg,2d9f891eed5ffdcc9577c6555fb3191a685ec5f404a17aa34e7c2c95afe42e6d
https://kraftboxpack.com/wp-content/uploads/2025/12/2-4.jpg,downloaded,jpg 370KB,2025-12-2-4.jpg,e07d4c365a71acceec242affe8bb7336b692982af58d38dfa56e8112f362e1de
https://kraftboxpack.com/wp-content/uploads/2025/12/2-5.jpg,downloaded,jpg 233KB,2025-12-2-5.jpg,ab57277b1dab01626adf0097a5f96a020a6e3c9c08583e76ed952738fb96b542
https://kraftboxpack.com/wp-content/uploads/2025/12/2-6.jpg,downloaded,jpg 206KB,2025-12-2-6.jpg,d9883c56198b04022327ef998754881ac22914ef233a1da799f42b08c3ad42ef
https://kraftboxpack.com/wp-content/uploads/2025/12/2-7.jpg,downloaded,jpg 431KB,2025-12-2-7.jpg,cde2f9b480166275723fe5317afe3f6600a20c957c5770655286cc8367aa38ca
https://kraftboxpack.com/wp-content/uploads/2025/12/2-8.jpg,downloaded,jpg 273KB,2025-12-2-8.jpg,99b1496e7df0de4aa83360f40b5ee223e2ea506c5700cb66c758462947fcfab9
https://kraftboxpack.com/wp-content/uploads/2025/12/2-9.jpg,downloaded,jpg 211KB,2025-12-2-9.jpg,9c73ac031246256f772f3d5403dac04ca45483129dfb90715599f25cd31cafb5
https://kraftboxpack.com/wp-content/uploads/2025/12/3-4.jpg,downloaded,jpg 890KB,2025-12-3-4.jpg,a913e6c7acc3de2ac4bf961d0eda4ea2e341bfeaf129ee6ff0a392b2e681147b
https://kraftboxpack.com/wp-content/uploads/2025/12/3-5.jpg,downloaded,jpg 334KB,2025-12-3-5.jpg,0eefeb80d347b5fd88f77ea1ee015636b143873d580d4581e25c874bfd4e7bd6
https://kraftboxpack.com/wp-content/uploads/2025/12/3-6.jpg,downloaded,jpg 110KB,2025-12-3-6.jpg,246d915742f975cfdd36a5e3c0c620a74e033d9e7ddc2b522a2a327dcaa8bfb9
https://kraftboxpack.com/wp-content/uploads/2025/12/3-7.jpg,downloaded,jpg 529KB,2025-12-3-7.jpg,fdb075a05a9361f4f3a54237d58a570852404cbf74e93f3283c3288a4654e6e1
https://kraftboxpack.com/wp-content/uploads/2025/12/3-8.jpg,downloaded,jpg 302KB,2025-12-3-8.jpg,958185612649fbda0ae96b5205d27663368bffe41d33bd4e0b2c25f3a60c1e79
https://kraftboxpack.com/wp-content/uploads/2025/12/3-9.jpg,downloaded,jpg 469KB,2025-12-3-9.jpg,15d70726b1473f1bce29c2b34b4ffda3b5d12bc53aa973f19b3e83a19bec0f6d
https://kraftboxpack.com/wp-content/uploads/2025/12/4-4.jpg,downloaded,jpg 371KB,2025-12-4-4.jpg,5345b2b7ff5c50a3d754fd09126062653193b21cb4f303e6df7e28b620c786f7
https://kraftboxpack.com/wp-content/uploads/2025/12/4-5.jpg,downloaded,jpg 464KB,2025-12-4-5.jpg,e397b5980becfa80a31c0b4be792ad6db8b70a0850ba5ca04f9ca7aa057af5c4
https://kraftboxpack.com/wp-content/uploads/2025/12/4-6.jpg,downloaded,jpg 506KB,2025-12-4-6.jpg,2839385d59378e3d41925586ce1c680b62a0984c4336e9f87b257a2c9bcee058
https://kraftboxpack.com/wp-content/uploads/2025/12/4-7.jpg,downloaded,jpg 349KB,2025-12-4-7.jpg,f7b2ae4628c70de6e9940660fef54512640ee117d98b6ce0f10a48a1507a8320
https://kraftboxpack.com/wp-content/uploads/2025/12/4-8.jpg,downloaded,jpg 280KB,2025-12-4-8.jpg,b8cbd1e1453cdd516496f8b89c7867724a5d5c7156bd4d01aaf2209dec30e50f
https://kraftboxpack.com/wp-content/uploads/2025/12/4-9.jpg,downloaded,jpg 188KB,2025-12-4-9.jpg,a45e582dff2c6c770a8e23f9940d7c2bf752b8373706be5e7030db9b94d9c568
https://kraftboxpack.com/wp-content/uploads/2025/12/5-4.jpg,downloaded,jpg 286KB,2025-12-5-4.jpg,ee67ab46e619d8b63625f4319870904006a9d19eb5d5d9f2be5282d17d3c0318
https://kraftboxpack.com/wp-content/uploads/2025/12/5-5.jpg,downloaded,jpg 315KB,2025-12-5-5.jpg,c0507cf571e4391de0752471271c5270b6407f7e51263d4b7cdd4334bfbd1f34
https://kraftboxpack.com/wp-content/uploads/2025/12/5-6.jpg,downloaded,jpg 202KB,2025-12-5-6.jpg,f57df6fd0d52723b3fe918f4d8d0536f96f74b294801144b6de67d0ac8616c61
https://kraftboxpack.com/wp-content/uploads/2025/12/5-7.jpg,downloaded,jpg 287KB,2025-12-5-7.jpg,41e55c7e03269494b63eb058808968b41a61e7b7d49e4d1b9078b18cb9c84450
https://kraftboxpack.com/wp-content/uploads/2025/12/5-8.jpg,downloaded,jpg 217KB,2025-12-5-8.jpg,2f4d2f86461eb201c772f5bb79e35eaee62e01327445fb1dcce10c9067ae9876
https://kraftboxpack.com/wp-content/uploads/2025/12/5-9.jpg,downloaded,jpg 344KB,2025-12-5-9.jpg,6e2eced1874e4ccc2160c58b615eba6b28c9f19c6514ac1f8e0588b4839a984e
https://kraftboxpack.com/wp-content/uploads/2025/12/6-Pack-Bottle-Carrier-Plastic.jpg,downloaded,jpg 244KB,2025-12-6-pack-bottle-carrier-plastic.jpg,c5f9ecaa34db110e6c844efdfe01df3298b25c19f4abd54e2c43e35965b91f95
https://kraftboxpack.com/wp-content/uploads/2025/12/6-Pack-Bottle-Carrier-wholesale.jpg,downloaded,jpg 370KB,2025-12-6-pack-bottle-carrier-wholesale.jpg,0797ef1d9ea5c1ef91961209ecee4369d955b8467135e494aae920777092699a
https://kraftboxpack.com/wp-content/uploads/2025/12/6-pieces-Brownie-Box.jpg,downloaded,jpg 187KB,2025-12-6-pieces-brownie-box.jpg,50ef613902519c1c6a00214199216d7d18d848ce8c9886b622ab6fdd39bcca2e
https://kraftboxpack.com/wp-content/uploads/2025/12/Adults-and-Crafts-subscription-box-reviews.jpg,downloaded,jpg 370KB,2025-12-adults-and-crafts-subscription-box-reviews.jpg,cd402b61d79145358fb885dc8faac3ac85d6bd6198017424cf851648eefd346c
https://kraftboxpack.com/wp-content/uploads/2025/12/Best-craft-subscription-boxes-for-adults.jpg,downloaded,jpg 409KB,2025-12-best-craft-subscription-boxes-for-adults.jpg,1cf2dbc6ed805d20ea469459b4f822f2d4a4ef702260bce270485ecc40f5704b
https://kraftboxpack.com/wp-content/uploads/2025/12/Candle-boxes-packaging.jpg,downloaded,jpg 234KB,2025-12-candle-boxes-packaging.jpg,64adf9c6d3c934ac5b260b89821d0d738ee0e512fcf8e9083353945fc3946431
https://kraftboxpack.com/wp-content/uploads/2025/12/Candle-packaging-boxes-wholesale.jpg,downloaded,jpg 209KB,2025-12-candle-packaging-boxes-wholesale.jpg,8ee1c53b0e8e0f1f285993de7d5f9204c14e153265a66ddda5261037240fd649
https://kraftboxpack.com/wp-content/uploads/2025/12/Cardboard-produce-boxes-wholesale.jpg,downloaded,jpg 240KB,2025-12-cardboard-produce-boxes-wholesale.jpg,ee81b9fca4dabccecd1f107bff18403b2906f39b00a41660d235b5464ee62d32
https://kraftboxpack.com/wp-content/uploads/2025/12/Craft-subscription-box-for-adults.jpg,downloaded,jpg 243KB,2025-12-craft-subscription-box-for-adults.jpg,49ebbf7ee48427bd91575a6d5987c518bd36dae5b9f1d051078facbba37d8a61
https://kraftboxpack.com/wp-content/uploads/2025/12/Custom-Kraft-Beauty-Kit-Boxes.jpg,downloaded,jpg 367KB,2025-12-custom-kraft-beauty-kit-boxes.jpg,e93b600d6a51355f39581de22d84b32ff3b2fca70610dcb825aaffac192a2a51
https://kraftboxpack.com/wp-content/uploads/2025/12/Custom-Kraft-Brochure-Packaging-Boxes.jpg,downloaded,jpg 173KB,2025-12-custom-kraft-brochure-packaging-boxes.jpg,b16fda0bab7f28833db0820765dd8fa31a6aa5ed5af4f92c5d6dfe92b6d9a541
https://kraftboxpack.com/wp-content/uploads/2025/12/Custom-Kraft-Bulk-Shipping-Crates.jpg,downloaded,jpg 301KB,2025-12-custom-kraft-bulk-shipping-crates.jpg,d265c5f88ad1e4969c47e1bc2feef69c31cb16d20c47329a718c214a74261755
https://kraftboxpack.com/wp-content/uploads/2025/12/Custom-Kraft-CD-DVD-Packaging.jpg,downloaded,jpg 463KB,2025-12-custom-kraft-cd-dvd-packaging.jpg,d4131c73929f12c443d4c49b6ae74208a8f42477bd717513f300b62a5ed0c20c
https://kraftboxpack.com/wp-content/uploads/2025/12/Custom-Kraft-Calendar-Boxes.jpg,downloaded,jpg 448KB,2025-12-custom-kraft-calendar-boxes.jpg,d59ad9e906b67e2452116b82a3d156947bc875b0017ce4bac8a4a053373b26bf
https://kraftboxpack.com/wp-content/uploads/2025/12/Custom-Kraft-Document-Mailers.jpg,downloaded,jpg 213KB,2025-12-custom-kraft-document-mailers.jpg,f3c1012bb3dec0267f19a13272e60981d6becadb8d97900b5cad156d522dd804
https://kraftboxpack.com/wp-content/uploads/2025/12/Custom-Kraft-Drawer-Gift-Boxes.jpg,downloaded,jpg 903KB,2025-12-custom-kraft-drawer-gift-boxes.jpg,ef58da0ffb605bb8321e42c8fdf96a43e82555662e96c559f7e6a78de63b8056
https://kraftboxpack.com/wp-content/uploads/2025/12/Custom-Kraft-Egg-Cartons.jpg,downloaded,jpg 170KB,2025-12-custom-kraft-egg-cartons.jpg,f89f78cfa953c36e18ca13846ee705c37fc0dd8a49ce9316b10da50a8eaf71ce
https://kraftboxpack.com/wp-content/uploads/2025/12/Custom-Kraft-First-Aid-Kit-Boxes.png,downloaded,png 671KB,2025-12-custom-kraft-first-aid-kit-boxes.png,b44423bdd78489f64a00a4d2a783a0d5a82b533c4557f2a30a09239f6666d6cb
https://kraftboxpack.com/wp-content/uploads/2025/12/Custom-Kraft-Gift-Card-Boxes.jpg,downloaded,jpg 276KB,2025-12-custom-kraft-gift-card-boxes.jpg,0d3d1ecc64a93fb4a7facb4d142521c849637a22f20876a0165b1902cc3dd523
https://kraftboxpack.com/wp-content/uploads/2025/12/Custom-Kraft-Granola-Bar-Boxes.jpg,downloaded,jpg 252KB,2025-12-custom-kraft-granola-bar-boxes.jpg,26bf36cfa6b5bcb440757b48e3656b70a04a5d24fac669ccb8b3fde307fb81c0
https://kraftboxpack.com/wp-content/uploads/2025/12/Custom-Kraft-Invitation-Boxes.jpg,downloaded,jpg 461KB,2025-12-custom-kraft-invitation-boxes.jpg,c1462ef664b4811e74323779c5775093a196e3233d6208eedcd58bf3f5029034
https://kraftboxpack.com/wp-content/uploads/2025/12/Custom-Kraft-Keychain-Boxes.jpg,downloaded,jpg 335KB,2025-12-custom-kraft-keychain-boxes.jpg,258d9ae4e8f5cf87b46789b6e02e22350f6bb648595610c2ee2d33e415bb0682
https://kraftboxpack.com/wp-content/uploads/2025/12/Custom-Kraft-Liquor-Gift-Boxes.jpg,downloaded,jpg 389KB,2025-12-custom-kraft-liquor-gift-boxes.jpg,10500ed3d73857557ecfcef80586b127c0a3452fe4bf125954c12c49c35863be
https://kraftboxpack.com/wp-content/uploads/2025/12/Custom-Kraft-Macaron-Packaging-Box.jpg,downloaded,jpg 544KB,2025-12-custom-kraft-macaron-packaging-box.jpg,cdba64a587ef086bca79980ce78d672aa0383131ccc802e457cfbd29c3d1d678
https://kraftboxpack.com/wp-content/uploads/2025/12/Custom-Kraft-Milk-Bottle-Carriers.jpg,downloaded,jpg 412KB,2025-12-custom-kraft-milk-bottle-carriers.jpg,765967369a6a84e8d9261e690aa1d597f0850973458f9661378f7ad7768e5bfc
https://kraftboxpack.com/wp-content/uploads/2025/12/Custom-Kraft-Salad-Boxes.jpg,downloaded,jpg 227KB,2025-12-custom-kraft-salad-boxes.jpg,aa665c83bcb13fe9de9512ade30df8eabc70eb721c8e919ed396432d38a0459d
https://kraftboxpack.com/wp-content/uploads/2025/12/Custom-Kraft-Sock-Packaging-Boxes.jpg,downloaded,jpg 408KB,2025-12-custom-kraft-sock-packaging-boxes.jpg,f8751de80fe310d7c69fee1d0c4f4624362929ac41095923ce94900c51c65f56
https://kraftboxpack.com/wp-content/uploads/2025/12/Custom-Kraft-boxes.jpg,downloaded,jpg 356KB,2025-12-custom-kraft-boxes.jpg,bc825777e545515d034184f203a041af06bad9dbac44c39d3a97de900d93564d
https://kraftboxpack.com/wp-content/uploads/2025/12/Custom-Kraft-notebook-packaging.jpg,downloaded,jpg 466KB,2025-12-custom-kraft-notebook-packaging.jpg,3da61372066e06c7150c9959a59260ecf79f60dd0d147a699a191836ae7b1480
https://kraftboxpack.com/wp-content/uploads/2025/12/Custom-Kraft-pencil-packaging-boxes.jpg,downloaded,jpg 294KB,2025-12-custom-kraft-pencil-packaging-boxes.jpg,e56ca1448dfbc30d5fb487b886e404798b218b6384244d3cf63d26d68aabc767
https://kraftboxpack.com/wp-content/uploads/2025/12/Custom-Kraft-pencil-packaging.jpg,downloaded,jpg 368KB,2025-12-custom-kraft-pencil-packaging.jpg,02f1651b13ccc06edc18c1fea2f291ed5019b9fd98c31585d0bac105f88906ae
https://kraftboxpack.com/wp-content/uploads/2025/12/Custom-jewelry-boxes.jpg,downloaded,jpg 435KB,2025-12-custom-jewelry-boxes.jpg,4a9c5423ba376e39a85d2dbb0ac867927f65cc83ecb5889d844ac37d4b2cdbc0
https://kraftboxpack.com/wp-content/uploads/2025/12/Custom-lip-balm-boxes.jpg,downloaded,jpg 158KB,2025-12-custom-lip-balm-boxes.jpg,f91c4d59d9b49fbbac6b2ff486a0de3c382150f0b23d6cd616f7140f14850cb3
https://kraftboxpack.com/wp-content/uploads/2025/12/Custom-premium-boxes.jpg,downloaded,jpg 238KB,2025-12-custom-premium-boxes.jpg,27bb4df4031d23fa68f0d754961ec10b95c393d6715fed76eb3ef6a3497b1435
https://kraftboxpack.com/wp-content/uploads/2025/12/Custom-size-shipping-boxes-no-minimum.jpg,downloaded,jpg 227KB,2025-12-custom-size-shipping-boxes-no-minimum.jpg,46e3ab023ef4bf3fdbfcc9c43bd8c5e996ec3fa73b63778479f9f30344355fa2
https://kraftboxpack.com/wp-content/uploads/2025/12/Custom-soap-boxes-wholesale.jpg,downloaded,jpg 194KB,2025-12-custom-soap-boxes-wholesale.jpg,62661096f7802854dd9be4b42db693b756fd095dabce9b6c6bc05a11f472013c
https://kraftboxpack.com/wp-content/uploads/2025/12/Disposable-Kraft-Salad-Boxes.jpg,downloaded,jpg 589KB,2025-12-disposable-kraft-salad-boxes.jpg,bb61d9fe6603a0765641b86b1267804133d037ca728e3279f47ab4f0d4026a7a
https://kraftboxpack.com/wp-content/uploads/2025/12/Dream-Custom-Boxes.jpg,downloaded,jpg 343KB,2025-12-dream-custom-boxes.jpg,aeb1b81942d8e6a5f7602101da95e6d4927a0e3216eee51eb985da38fa5a5691
https://kraftboxpack.com/wp-content/uploads/2025/12/Gift-Box-market-discount-code.jpg,downloaded,jpg 451KB,2025-12-gift-box-market-discount-code.jpg,5a235a34db34ccba191f2c0a4ce8ad1d850be0309e58af2526b460daf88a78df
https://kraftboxpack.com/wp-content/uploads/2025/12/Gift-box-market.jpg,downloaded,jpg 229KB,2025-12-gift-box-market.jpg,b65ef10b74dc967830f55c52b784c9e63fb96f557c3ff608607a076958ddb507
https://kraftboxpack.com/wp-content/uploads/2025/12/Kraft-Apparel-Packaging-Boxes.jpg,downloaded,jpg 180KB,2025-12-kraft-apparel-packaging-boxes.jpg,1355233a185e96f69447fd8bdb2eeb376e0fdf739e8eae15b2381a40c124ec52
https://kraftboxpack.com/wp-content/uploads/2025/12/Kraft-Bakery-Boxes-with-Window.jpg,downloaded,jpg 497KB,2025-12-kraft-bakery-boxes-with-window.jpg,f61f8737bf3baa380132e2fb92b5cbf42ead6ffce9a67521a9edb6fef71430e0
https://kraftboxpack.com/wp-content/uploads/2025/12/Kraft-Beard-Oil-Boxes.jpg,downloaded,jpg 444KB,2025-12-kraft-beard-oil-boxes.jpg,ab20df4ca60ce4ad8fd085ebc754fc186e813cabf9825677e9a5a805e1e5f6c8
https://kraftboxpack.com/wp-content/uploads/2025/12/Kraft-Beauty-Kit-Boxes.jpg,downloaded,jpg 384KB,2025-12-kraft-beauty-kit-boxes.jpg,4e7cf7f57b9717b781c2743a98d2c8d6b2c78cb39f5ca6e9e791f8465daa56a8
https://kraftboxpack.com/wp-content/uploads/2025/12/Kraft-Boxes-with-Window.jpg,downloaded,jpg 307KB,2025-12-kraft-boxes-with-window.jpg,ed6761927e4471a6ef3ff5a09c1fdcbf9504a6229b9a3326c6ab2e435b8851a3
https://kraftboxpack.com/wp-content/uploads/2025/12/Kraft-Bracelet-Packaging-Boxes.jpg,downloaded,jpg 375KB,2025-12-kraft-bracelet-packaging-boxes.jpg,b6b014271b6e0517f9d7c0f14afb44e1fcc2c34f98788eb41d9ac30fde2271fb
https://kraftboxpack.com/wp-content/uploads/2025/12/Kraft-Brochure-Packaging-Box.jpg,downloaded,jpg 343KB,2025-12-kraft-brochure-packaging-box.jpg,fd9ff8ff29c65ec80dffa0631d8a72bb05dea9ff51c919fc95df7a5e43a45309
https://kraftboxpack.com/wp-content/uploads/2025/12/Kraft-Brochure-Packaging-Boxes-Wholesale.jpg,downloaded,jpg 173KB,2025-12-kraft-brochure-packaging-boxes-wholesale.jpg,79883fc2c7e9b186bf6e758894800a366b47a5ce86994491cc85f15a036660ab
https://kraftboxpack.com/wp-content/uploads/2025/12/Kraft-Brochure-Packaging-Boxes-in-Bulk.jpg,downloaded,jpg 132KB,2025-12-kraft-brochure-packaging-boxes-in-bulk.jpg,e3b0b4d4024e35f1a27d6833219a7fce49904824de929c9c618a32f20eacab02
https://kraftboxpack.com/wp-content/uploads/2025/12/Kraft-Brochure-Packaging-Boxes.jpg,downloaded,jpg 213KB,2025-12-kraft-brochure-packaging-boxes.jpg,c27bcb8c52225df6467e40e7090d15d7600681656534a262c022fb3d5a209e25
https://kraftboxpack.com/wp-content/uploads/2025/12/Kraft-Brownie-Packaging-Boxes.jpg,downloaded,jpg 281KB,2025-12-kraft-brownie-packaging-boxes.jpg,7be56bf2b346c10febaed86958bac4f98d1b17127082712db5342491ff2fc5f4
https://kraftboxpack.com/wp-content/uploads/2025/12/Kraft-Bulk-Shipping-Crates-Packaging.jpg,downloaded,jpg 264KB,2025-12-kraft-bulk-shipping-crates-packaging.jpg,a0d66df981d970bf1390c21d5f3433757f2f70a49410784a55a10637bfe8e71d
https://kraftboxpack.com/wp-content/uploads/2025/12/Kraft-Bulk-Shipping-Crates-Wholesale.jpg,downloaded,jpg 507KB,2025-12-kraft-bulk-shipping-crates-wholesale.jpg,d8fda5329fae794478de928b4967dc34dec530c9a6e9be0a5f548f3cb3cc0c03
https://kraftboxpack.com/wp-content/uploads/2025/12/Kraft-Bulk-Shipping-Crates-in-Bulk.jpg,downloaded,jpg 303KB,2025-12-kraft-bulk-shipping-crates-in-bulk.jpg,767bf1b14d332f92e9483c8775680d2c0ab89396c3f2458a77e98e35ceacafc0
https://kraftboxpack.com/wp-content/uploads/2025/12/Kraft-Bulk-Shipping-Crates.jpg,downloaded,jpg 307KB,2025-12-kraft-bulk-shipping-crates.jpg,025f780d237a6e3e9c9675cb3d662de5f8e95f9f56b0f118b5e878faa820146a
https://kraftboxpack.com/wp-content/uploads/2025/12/Kraft-CD-DVD-Box-Pack.jpg,downloaded,jpg 277KB,2025-12-kraft-cd-dvd-box-pack.jpg,869477c213e350f8abee06c007e23b2e5a15bb7428d46d81a7bbf4e4a4e25a1b
https://kraftboxpack.com/wp-content/uploads/2025/12/Kraft-CD-DVD-Packaging-Wholesale.jpg,downloaded,jpg 291KB,2025-12-kraft-cd-dvd-packaging-wholesale.jpg,0da74a8945509b2cb1a41d4fa052f6c9915e68d63fb45d534656d56ab8b3cdc4
https://kraftboxpack.com/wp-content/uploads/2025/12/Kraft-CD-DVD-Packaging-in-Bulk.jpg,downloaded,jpg 111KB,2025-12-kraft-cd-dvd-packaging-in-bulk.jpg,59f13cbbe3d11088d64c6f7322ec5fb4d4d622a815a4c1cf3225adcffd1a22d5
https://kraftboxpack.com/wp-content/uploads/2025/12/Kraft-CD-DVD-Packaging.jpg,downloaded,jpg 511KB,2025-12-kraft-cd-dvd-packaging.jpg,ba67d37073ea9aed6dc743158e9a0b422d62da5b83715beefb819ae86e284374
https://kraftboxpack.com/wp-content/uploads/2025/12/Kraft-Calendar-Box-Packaging.jpg,downloaded,jpg 305KB,2025-12-kraft-calendar-box-packaging.jpg,d840cc1c07005e7131ef0f89047f722a9a03bcb952e5d9bcf3fb77226fdf9269
https://kraftboxpack.com/wp-content/uploads/2025/12/Kraft-Calendar-Boxes-Wholesale.jpg,downloaded,jpg 237KB,2025-12-kraft-calendar-boxes-wholesale.jpg,57d6daa2ac978eb43c81436da32cb11be16b6223ad04cd9859f3b8cafdb8335f
https://kraftboxpack.com/wp-content/uploads/2025/12/Kraft-Calendar-Boxes-in-Bulk.jpg,downloaded,jpg 193KB,2025-12-kraft-calendar-boxes-in-bulk.jpg,a9cb1da851c13e0af395903d9300691823ed5b4f898ba09a5f7625192fa4c229
https://kraftboxpack.com/wp-content/uploads/2025/12/Kraft-Calendar-Boxes.jpg,downloaded,jpg 323KB,2025-12-kraft-calendar-boxes.jpg,3e73ebedbcb3629dcfec1a98ce43fc96ad0dab7d1c0511357b3023635393c39c
https://kraftboxpack.com/wp-content/uploads/2025/12/Kraft-Candle-Sleeve-Boxes.jpg,downloaded,jpg 171KB,2025-12-kraft-candle-sleeve-boxes.jpg,340d24d177106801de05ec916295c0eb91fc4b940a77594c1b6382b17c0d02de
https://kraftboxpack.com/wp-content/uploads/2025/12/Kraft-Chocolate-Packaging-Boxes.jpg,downloaded,jpg 470KB,2025-12-kraft-chocolate-packaging-boxes.jpg,c3f7402a862bb3725e1cb86f68a4f5356e29dbbb63c317da84013fe1f58d5571
https://kraftboxpack.com/wp-content/uploads/2025/12/Kraft-Document-Mailer.jpg,downloaded,jpg 399KB,2025-12-kraft-document-mailer.jpg,0419d031d9c4535c94bef7dd51ed507c2a05ea63730f485f0013e68466ffb65a
https://kraftboxpack.com/wp-content/uploads/2025/12/Kraft-Document-Mailers-at-wholesale.jpg,downloaded,jpg 430KB,2025-12-kraft-document-mailers-at-wholesale.jpg,ac182aedb755c245ba9e065042dd153dc15ab7d37d55cfd99556badcc2284073
https://kraftboxpack.com/wp-content/uploads/2025/12/Kraft-Document-Mailers-wholesale.jpg,downloaded,jpg 215KB,2025-12-kraft-document-mailers-wholesale.jpg,4df785f9202a683d818cbc7631ebbc49e83dc233b2633ef25ef56f3390344350
https://kraftboxpack.com/wp-content/uploads/2025/12/Kraft-Document-Mailers.jpg,downloaded,jpg 247KB,2025-12-kraft-document-mailers.jpg,ebb55ed49fee860a00f994a81397e1d5b76ba12d429d4c8b129e26c700b74727
https://kraftboxpack.com/wp-content/uploads/2025/12/Kraft-Donut-Packaging-Boxes.jpg,downloaded,jpg 414KB,2025-12-kraft-donut-packaging-boxes.jpg,b5c979dee3701bcf73b2f48fa40b4354ef56e23bca1015504f1dfc61482b8d8c
https://kraftboxpack.com/wp-content/uploads/2025/12/Kraft-Drawer-Gift-Box.jpg,downloaded,jpg 372KB,2025-12-kraft-drawer-gift-box.jpg,2ca242ec07345b083cae8550261a00c78217e9f5ccf23629e92a2e4952b7121b
https://kraftboxpack.com/wp-content/uploads/2025/12/Kraft-Drawer-Gift-Boxes-Wholesale.jpg,downloaded,jpg 349KB,2025-12-kraft-drawer-gift-boxes-wholesale.jpg,5a0533221942464826058c8240077edeca0273787f52b32385d9812a10ea7edb
https://kraftboxpack.com/wp-content/uploads/2025/12/Kraft-Drawer-Gift-Boxes.jpg,downloaded,jpg 557KB,2025-12-kraft-drawer-gift-boxes.jpg,60a960b4f122abfb9d9baa947e77124afbbf6fddccfef204d7f91223d5657ffb
https://kraftboxpack.com/wp-content/uploads/2025/12/Kraft-Drawer-Gift-Packaging.jpg,downloaded,jpg 514KB,2025-12-kraft-drawer-gift-packaging.jpg,1f150f0f39fc4dc05a490debad8c83db6a38156c4b454bd946b0f5e39c677e46
https://kraftboxpack.com/wp-content/uploads/2025/12/Kraft-Egg-Carton.jpg,downloaded,jpg 193KB,2025-12-kraft-egg-carton.jpg,cb28a54963afbf29a3f33f311abda7ab9aeaaf1c1b691d64921ff87b3d0b41d4
https://kraftboxpack.com/wp-content/uploads/2025/12/Kraft-Egg-Cartons-Packaging.jpg,downloaded,jpg 257KB,2025-12-kraft-egg-cartons-packaging.jpg,18fff1bd246df59e37cecee3047783ada923d3f67c3dcf7952332d12fb034620
https://kraftboxpack.com/wp-content/uploads/2025/12/Kraft-Egg-Cartons-Wholesale.jpg,downloaded,jpg 687KB,2025-12-kraft-egg-cartons-wholesale.jpg,60e72afdea109ced0374022086db09b774211f5baa16cd7b39851f03303d19a6
https://kraftboxpack.com/wp-content/uploads/2025/12/Kraft-Egg-Cartons.jpg,downloaded,jpg 333KB,2025-12-kraft-egg-cartons.jpg,ae24b283ac1c0f98dda08a22925b9f413d25f08362330a95d4a82431f43a5a19
https://kraftboxpack.com/wp-content/uploads/2025/12/Kraft-First-Aid-Kit-Box.png,downloaded,png 901KB,2025-12-kraft-first-aid-kit-box.png,3c5d0eed691104d2e9994658f30227cb4ac3777ea76b71bb8623628327e77437
https://kraftboxpack.com/wp-content/uploads/2025/12/Kraft-First-Aid-Kit-Boxes-Packaging.png,downloaded,png 1330KB,2025-12-kraft-first-aid-kit-boxes-packaging.png,98bf14deb3b3638bfa21354e9507f865273d00f06bc80738a1ba419a71ffa91d
https://kraftboxpack.com/wp-content/uploads/2025/12/Kraft-First-Aid-Kit-Boxes-Wholesale.png,downloaded,png 1046KB,2025-12-kraft-first-aid-kit-boxes-wholesale.png,e6213934128180177f62851d040978ca7b7a362974e0c7a7519b3b1e626b5951
https://kraftboxpack.com/wp-content/uploads/2025/12/Kraft-First-Aid-Kit-Boxes.png,downloaded,png 611KB,2025-12-kraft-first-aid-kit-boxes.png,394d7569983eccd457aec76deabd83f65f84e9436e3630546616c5e76977abbf
https://kraftboxpack.com/wp-content/uploads/2025/12/Kraft-Gift-Boxes-wholesale.jpg,downloaded,jpg 242KB,2025-12-kraft-gift-boxes-wholesale.jpg,5fe70c2562473cfc5d12f4b83443d1da0d5ce805560cd3906c15aaca6462eb3a
https://kraftboxpack.com/wp-content/uploads/2025/12/Kraft-Gift-Card-Box.jpg,downloaded,jpg 603KB,2025-12-kraft-gift-card-box.jpg,d1164c5854a039d0c8973f155684d719fa531cc94d320e9c4601707261877c3a
https://kraftboxpack.com/wp-content/uploads/2025/12/Kraft-Gift-Card-Boxes-Packaging.jpg,downloaded,jpg 188KB,2025-12-kraft-gift-card-boxes-packaging.jpg,d945c1f1525b752c07ab06361e3ee76e9ba95e51265a0428fe5fb7e36aba09d1
https://kraftboxpack.com/wp-content/uploads/2025/12/Kraft-Gift-Card-Boxes-Wholesale.jpg,downloaded,jpg 212KB,2025-12-kraft-gift-card-boxes-wholesale.jpg,9f5b6f6efd39ba9d834f99f569abfe3cd0deb5f3030a9965f643beeae44e5421
https://kraftboxpack.com/wp-content/uploads/2025/12/Kraft-Gift-Card-Boxes.jpg,downloaded,jpg 308KB,2025-12-kraft-gift-card-boxes.jpg,0202d6e01c70927e60e438f925558864acc3fccf39a0bf85eaec2f6c57e2750d
https://kraftboxpack.com/wp-content/uploads/2025/12/Kraft-Gift-Hamper-Boxes.jpg,downloaded,jpg 531KB,2025-12-kraft-gift-hamper-boxes.jpg,d05ac48443c0840f9b8df94b391cc0e80b760a4c34b7a2584015e7311de36e0c
https://kraftboxpack.com/wp-content/uploads/2025/12/Kraft-Gift-boxes-with-lids.jpg,downloaded,jpg 315KB,2025-12-kraft-gift-boxes-with-lids.jpg,6b6f5e9281386f920338d2af973d6f15be3bc7add8f0695bd619d3a4f8679e3d
https://kraftboxpack.com/wp-content/uploads/2025/12/Kraft-Granola-Bar-Box.jpg,downloaded,jpg 713KB,2025-12-kraft-granola-bar-box.jpg,db72658e2477d649012e7ba1d0eb3f9f6231e4a7415542c69b7e16255b6fecb3
https://kraftboxpack.com/wp-content/uploads/2025/12/Kraft-Granola-Bar-Boxes-Bulk.jpg,downloaded,jpg 496KB,2025-12-kraft-granola-bar-boxes-bulk.jpg,20ac5b7c7a949ff45ed318d7b2e3c24fb3d3b31797b2879c5aa7d75a8d46b70f
https://kraftboxpack.com/wp-content/uploads/2025/12/Kraft-Granola-Bar-Boxes-Wholesale.jpg,downloaded,jpg 462KB,2025-12-kraft-granola-bar-boxes-wholesale.jpg,f7662d2bd95a977770b8aecd751e6b831e0a43d46cf0fbc4d4d734d56b1369d1
https://kraftboxpack.com/wp-content/uploads/2025/12/Kraft-Granola-Bar-Boxes.jpg,downloaded,jpg 223KB,2025-12-kraft-granola-bar-boxes.jpg,d4c7ee797fae3490644fe20b67fd2b25b3cbd70ad3260524657d03be76f000bb
https://kraftboxpack.com/wp-content/uploads/2025/12/Kraft-Invitation-Box.jpg,downloaded,jpg 562KB,2025-12-kraft-invitation-box.jpg,df2c844f8da3b963728adb888f6befe69f16dd7fdee292e7c13ad722e6ae1e42
https://kraftboxpack.com/wp-content/uploads/2025/12/Kraft-Invitation-Boxes-Packaging.jpg,downloaded,jpg 261KB,2025-12-kraft-invitation-boxes-packaging.jpg,9a6ae83d2afad9fe0119939bbc74347f2b1ef4b9ace48814e079179aaaacaf47
https://kraftboxpack.com/wp-content/uploads/2025/12/Kraft-Invitation-Boxes.jpg,downloaded,jpg 407KB,2025-12-kraft-invitation-boxes.jpg,dc9b3b64e125527ad0ac39664fc77329071914081287a37f4926cc1ad649f6bf
https://kraftboxpack.com/wp-content/uploads/2025/12/Kraft-Juice-Bottle-Carriers.jpg,downloaded,jpg 328KB,2025-12-kraft-juice-bottle-carriers.jpg,fab04f93fc76b8fafd82bf773ba5445b67136d9f7d27eceb1317370971f19cae
https://kraftboxpack.com/wp-content/uploads/2025/12/Kraft-Keychain-Display-Boxes.jpg,downloaded,jpg 576KB,2025-12-kraft-keychain-display-boxes.jpg,9ce735620e28370ad07ec81939d29694afaec4e656fc9aca6a4c096307899902
https://kraftboxpack.com/wp-content/uploads/2025/12/Kraft-Keychain-Packaging-Boxes.jpg,downloaded,jpg 300KB,2025-12-kraft-keychain-packaging-boxes.jpg,396f418472ba1e8db8753ca93051030003883c90090def1463add53faa4076eb
https://kraftboxpack.com/wp-content/uploads/2025/12/Kraft-Lip-Balm-Packaging-Boxes.jpg,downloaded,jpg 246KB,2025-12-kraft-lip-balm-packaging-boxes.jpg,d2a2487621b5bbd1a4485b91d26608a52f1fb82de11c677d03da7ede38e439b6
https://kraftboxpack.com/wp-content/uploads/2025/12/Kraft-Liquor-Gift-Boxes-Wholesale.jpg,downloaded,jpg 314KB,2025-12-kraft-liquor-gift-boxes-wholesale.jpg,9d6612ff22a3a25f5e58c9cf8b9c44b3169dae82f1a30e255df0395718169b2c
https://kraftboxpack.com/wp-content/uploads/2025/12/Kraft-Liquor-Gift-Boxes.jpg,downloaded,jpg 284KB,2025-12-kraft-liquor-gift-boxes.jpg,03f1218f552d648115c7ae59fe5cd0d2f0088bbda4c13216f4c6782403a1b285
https://kraftboxpack.com/wp-content/uploads/2025/12/Kraft-Luxury-Magnet-Boxes.jpg,downloaded,jpg 367KB,2025-12-kraft-luxury-magnet-boxes.jpg,bab51e4ab4642e3d84566a93c5d4d2327009e8779fca7611106fe2ff2172e384
https://kraftboxpack.com/wp-content/uploads/2025/12/Kraft-Macaron-Packaging-Boxes.jpg,downloaded,jpg 469KB,2025-12-kraft-macaron-packaging-boxes.jpg,1c13c5598248400dc74909358a774a6c3c8a59ff1b8dd6e0b899c833d736b162
https://kraftboxpack.com/wp-content/uploads/2025/12/Kraft-Magnetic-Closure-Boxes.jpg,downloaded,jpg 308KB,2025-12-kraft-magnetic-closure-boxes.jpg,0202d6e01c70927e60e438f925558864acc3fccf39a0bf85eaec2f6c57e2750d
https://kraftboxpack.com/wp-content/uploads/2025/12/Kraft-Mailer-Boxes-wholesale.jpg,downloaded,jpg 315KB,2025-12-kraft-mailer-boxes-wholesale.jpg,0fa1b22c539df63847a4b6c46d666a11d4bad95766925a16756aa67e5721ac3e
https://kraftboxpack.com/wp-content/uploads/2025/12/Kraft-Makeup-Palette-Boxes.jpg,downloaded,jpg 193KB,2025-12-kraft-makeup-palette-boxes.jpg,66ed6351adcb08b11516666b592ab6aba48a9e8bb63bdaf31bd051d9b4c8f9d9
https://kraftboxpack.com/wp-content/uploads/2025/12/Kraft-Marketing-Kit-Boxes.jpg,downloaded,jpg 928KB,2025-12-kraft-marketing-kit-boxes.jpg,4f09c6d3205e074b9be2d42ce2118c4c5eecd4078686d94576efb60013fe0e06
https://kraftboxpack.com/wp-content/uploads/2025/12/Kraft-Medicine-Packaging-Boxes.jpg,downloaded,jpg 150KB,2025-12-kraft-medicine-packaging-boxes.jpg,6fd00a68c63786b7d66309ec0575a7d7425ecf613a060f36fa46966dacd575a8
https://kraftboxpack.com/wp-content/uploads/2025/12/Kraft-Milk-Bottle-Carriers.jpg,downloaded,jpg 469KB,2025-12-kraft-milk-bottle-carriers.jpg,080ba0cc77bae0a4ceeeeaa83a1f5d183210a81d7935c3e2b948523b8f9b0850
https://kraftboxpack.com/wp-content/uploads/2025/12/Kraft-Noodle-Boxes-With-Lids.jpg,downloaded,jpg 287KB,2025-12-kraft-noodle-boxes-with-lids.jpg,2be223dec6455b85e5469ce32fe8fd22e4ed9671f2e33991991a6353c68cd56d
https://kraftboxpack.com/wp-content/uploads/2025/12/Kraft-Noodle-Boxes.jpg,downloaded,jpg 308KB,2025-12-kraft-noodle-boxes.jpg,cd71478507222413236611b4880dd95aa858dd037d63f56e51cfdcc566509882
https://kraftboxpack.com/wp-content/uploads/2025/12/Kraft-Noodle-Food-Boxes.jpg,downloaded,jpg 301KB,2025-12-kraft-noodle-food-boxes.jpg,0f717d9cffe8e20430596eef6bcfa3007a0594c715823bc58b98a3a797916d24
https://kraftboxpack.com/wp-content/uploads/2025/12/Kraft-Noodle-Packaging-Boxes.jpg,downloaded,jpg 428KB,2025-12-kraft-noodle-packaging-boxes.jpg,7d50874378ba6ce4848e71d673d0a656bc69ff176173d5df0b29593d1710d95a
https://kraftboxpack.com/wp-content/uploads/2025/12/Kraft-Noodle-Takeaway-Boxes.jpg,downloaded,jpg 402KB,2025-12-kraft-noodle-takeaway-boxes.jpg,83d8860be4c04106e2024a469bc1c34d1bf19c58bd6ec5a76818fc0e3b2b7e13
https://kraftboxpack.com/wp-content/uploads/2025/12/Kraft-Notebook-Packaging.jpg,downloaded,jpg 469KB,2025-12-kraft-notebook-packaging.jpg,41a84610711b99e05635b202cbd6f6a9c5e1f948314ed0336285e0a2d87f0a81
https://kraftboxpack.com/wp-content/uploads/2025/12/Kraft-PR-Packaging-Boxes.jpg,downloaded,jpg 381KB,2025-12-kraft-pr-packaging-boxes.jpg,df7b81b653df6efbbbd6eb745395a065d7d4ae29fb2a2d94b0eb0c27bac5506e
https://kraftboxpack.com/wp-content/uploads/2025/12/Kraft-Paper.jpg,downloaded,jpg 183KB,2025-12-kraft-paper.jpg,4e6aac263e610ff51890541925a3cea823ec49884f2fc9d1be0b1368a32addac
https://kraftboxpack.com/wp-content/uploads/2025/12/Kraft-Pastry-Boxes.jpg,downloaded,jpg 235KB,2025-12-kraft-pastry-boxes.jpg,ba7d9c46f9ffb8e30d2eb0f894205c3f97c48012443257c589e7356db164db7a
https://kraftboxpack.com/wp-content/uploads/2025/12/Kraft-Pen-Packaging-Boxes.jpg,downloaded,jpg 253KB,2025-12-kraft-pen-packaging-boxes.jpg,5a8e3accd06f6b532db81bd6ff13f6d5396b579b78e46f1c4a8ca613e9f5233b
https://kraftboxpack.com/wp-content/uploads/2025/12/Kraft-Pencil-Packaging-Boxes.jpg,downloaded,jpg 317KB,2025-12-kraft-pencil-packaging-boxes.jpg,545452ba5de401b64f300c3d775d173e9263526c78c8eaffce265e94953f6574
https://kraftboxpack.com/wp-content/uploads/2025/12/Kraft-Popcorn-Packaging-Boxes.jpg,downloaded,jpg 528KB,2025-12-kraft-popcorn-packaging-boxes.jpg,97d8190d94110095b61fe41d44d931c795dabb936a11a6ccc99763d134e32adc
https://kraftboxpack.com/wp-content/uploads/2025/12/Kraft-Promotional-Boxes.jpg,downloaded,jpg 214KB,2025-12-kraft-promotional-boxes.jpg,e463351cfabac1ecaa9cc6fe44d679126473e9bf0acc9075eccfe2308be32b2f
https://kraftboxpack.com/wp-content/uploads/2025/12/Kraft-Puzzle-Packaging-Boxes.jpg,downloaded,jpg 509KB,2025-12-kraft-puzzle-packaging-boxes.jpg,b5a85f7228276270f8587ec575a22f98e55f92d2c04a45ed2f6de874132d409e
https://kraftboxpack.com/wp-content/uploads/2025/12/Kraft-Rectangular-Gift-Boxes.jpg,downloaded,jpg 361KB,2025-12-kraft-rectangular-gift-boxes.jpg,390784519c4102b6f47d841673a839af1d98293d5983b7d7bcd3964696479996
https://kraftboxpack.com/wp-content/uploads/2025/12/Kraft-Round-Gift-Containers.jpg,downloaded,jpg 607KB,2025-12-kraft-round-gift-containers.jpg,e877c58a76150f308c5a66af46aa6e9fcdaf420dd6e131eac76515fd1d206d74
https://kraftboxpack.com/wp-content/uploads/2025/12/Kraft-Salad-Boxes-With-Lids.jpg,downloaded,jpg 377KB,2025-12-kraft-salad-boxes-with-lids.jpg,2dfb09db6c500209b14be6a0e896976829fcb69dc464ad875f61e29c0daabda4
https://kraftboxpack.com/wp-content/uploads/2025/12/Kraft-Salad-Boxes.jpg,downloaded,jpg 135KB,2025-12-kraft-salad-boxes.jpg,49df731c398842bf6846ef24b6eda24c536c2e3f0b33098247950eb4aa969198
https://kraftboxpack.com/wp-content/uploads/2025/12/Kraft-Scarf-Boxes.jpg,downloaded,jpg 186KB,2025-12-kraft-scarf-boxes.jpg,4fc080999694899d3ae7414157d6f8a536adf34b43513fecec4054cf21a152ab
https://kraftboxpack.com/wp-content/uploads/2025/12/Kraft-Snack-Packaging-Boxes.jpg,downloaded,jpg 415KB,2025-12-kraft-snack-packaging-boxes.jpg,af46713a57508de2cbece0d4dc1719c88e05c6c6f65270bdb3f62075b272170f
https://kraftboxpack.com/wp-content/uploads/2025/12/Kraft-Soap-Sleeve-Boxes.jpg,downloaded,jpg 204KB,2025-12-kraft-soap-sleeve-boxes.jpg,30bc9bb62f89a8b9f9e18071c7c64b78a4dbc8201f07e0ece326a3ec512dccfe
https://kraftboxpack.com/wp-content/uploads/2025/12/Kraft-Sock-Packaging-Boxes.jpg,downloaded,jpg 180KB,2025-12-kraft-sock-packaging-boxes.jpg,abafe7f085cb97eb64244a3b6ef956ea34a04039af2b522f45db6ef864131271
https://kraftboxpack.com/wp-content/uploads/2025/12/Kraft-Stationery-Boxes.jpg,downloaded,jpg 474KB,2025-12-kraft-stationery-boxes.jpg,92359047b8c8e0855a05af4f5716980fabcdbc76c51c35ff64012a04e811a915
https://kraftboxpack.com/wp-content/uploads/2025/12/Kraft-Subscription-Boxes.jpg,downloaded,jpg 344KB,2025-12-kraft-subscription-boxes.jpg,b3fbfc01bc55e2aebe903a22416c252d9c624e03f7f8fc6f6d4d3bab4eae26b3
https://kraftboxpack.com/wp-content/uploads/2025/12/Kraft-T-Shirt-Boxes.jpg,downloaded,jpg 374KB,2025-12-kraft-t-shirt-boxes.jpg,6b9dcfc4d01a7f1c78e803c48419c2fd00cd3a3596cde8ac7057a1c7d23a78ab
https://kraftboxpack.com/wp-content/uploads/2025/12/Kraft-Tea-Packaging-Box.jpg,downloaded,jpg 607KB,2025-12-kraft-tea-packaging-box.jpg,78ab5762942da1080a4c7d66259a71feba4aae53dbf84404c7c6d0f7a84ce4e6
https://kraftboxpack.com/wp-content/uploads/2025/12/Kraft-Tea-Packaging-Boxes.jpg,downloaded,jpg 420KB,2025-12-kraft-tea-packaging-boxes.jpg,f92d68cdb5ee737b762cf7319d0454597b7189f51a6ee175b4960e74e8ebdc3c
https://kraftboxpack.com/wp-content/uploads/2025/12/Kraft-Triangle-Boxes.jpg,downloaded,jpg 378KB,2025-12-kraft-triangle-boxes.jpg,01e110060f014a6159ec1e7f14460f0ae8ed1409571d6cca435e1a98d2333a5c
https://kraftboxpack.com/wp-content/uploads/2025/12/Kraft-Vegetable-Packaging-Boxes.jpg,downloaded,jpg 386KB,2025-12-kraft-vegetable-packaging-boxes.jpg,59b34fd3da117ff2469e83705e1127b6dd513085636fc7e878da86055aba4ee1
https://kraftboxpack.com/wp-content/uploads/2025/12/Kraft-Wax-Melt-Boxes.jpg,downloaded,jpg 393KB,2025-12-kraft-wax-melt-boxes.jpg,c45b372a7b905c7beab1e443e959a30ea7abfed4d01d3d148e593ec7d6732a4d
https://kraftboxpack.com/wp-content/uploads/2025/12/Kraft-apparel-packaging-boxes-for-sale.jpg,downloaded,jpg 311KB,2025-12-kraft-apparel-packaging-boxes-for-sale.jpg,b12b44c4211930a593b8048794a54e68f0b506b484a5170f71c4f38dc889d5c6
https://kraftboxpack.com/wp-content/uploads/2025/12/Kraft-apparel-packaging-boxes-review.jpg,downloaded,jpg 440KB,2025-12-kraft-apparel-packaging-boxes-review.jpg,08cdd4677bf084f9f8f0111651f874ddada3956f22e8f56a0acba2ca53756c66
https://kraftboxpack.com/wp-content/uploads/2025/12/Kraft-apparel-packaging-boxes-wholesale.jpg,downloaded,jpg 373KB,2025-12-kraft-apparel-packaging-boxes-wholesale.jpg,a68327e472c0cce2d7602c27ed3b23688dba52f6613f064a279d8e8cc89b131f
https://kraftboxpack.com/wp-content/uploads/2025/12/Kraft-beauty-kit-boxes-for-sale.jpg,downloaded,jpg 258KB,2025-12-kraft-beauty-kit-boxes-for-sale.jpg,e811c3de01ca8c0dcb716cf853e9ac52a7d68d04f1f695d27315ee6ecb491a16
https://kraftboxpack.com/wp-content/uploads/2025/12/Kraft-beauty-kit-boxes-review.jpg,downloaded,jpg 186KB,2025-12-kraft-beauty-kit-boxes-review.jpg,780fbb3f61b9b3c958bb09862a43f1514c12ab868d04f1d193325a414a1d181b
https://kraftboxpack.com/wp-content/uploads/2025/12/Kraft-beauty-kit-boxes-wholesale.jpg,downloaded,jpg 174KB,2025-12-kraft-beauty-kit-boxes-wholesale.jpg,281bcfbc4d70385a202e6fb0d9bc10707327a1d318beecdf53f20ea7f6751af3
https://kraftboxpack.com/wp-content/uploads/2025/12/Kraft-boxes-wholesale.jpg,downloaded,jpg 184KB,2025-12-kraft-boxes-wholesale.jpg,c2dfd7cd7719a9df86eb6decf9f03ad3eb40e4f3b65c8288b3f1bb7a7b77bcf7
https://kraftboxpack.com/wp-content/uploads/2025/12/Kraft-bracelet-packaging-boxes-for-sale.jpg,downloaded,jpg 297KB,2025-12-kraft-bracelet-packaging-boxes-for-sale.jpg,d3fd4a099570e82392e440348b56a6de62ff7a352e018e72178ac6c804d56863
https://kraftboxpack.com/wp-content/uploads/2025/12/Kraft-bracelet-packaging-boxes-review.jpg,downloaded,jpg 317KB,2025-12-kraft-bracelet-packaging-boxes-review.jpg,ed37356060c2fa56e9cae8576e90830fedb538874d723ec2e82680479e07fcf6
https://kraftboxpack.com/wp-content/uploads/2025/12/Kraft-bracelet-packaging-boxes-wholesale.jpg,downloaded,jpg 631KB,2025-12-kraft-bracelet-packaging-boxes-wholesale.jpg,df36e3ba205eab743d382467d49628fe20774e6a09ef630ac1cf7c83c6d752b0
https://kraftboxpack.com/wp-content/uploads/2025/12/Kraft-brownie-packaging-boxes-bulk.jpg,downloaded,jpg 679KB,2025-12-kraft-brownie-packaging-boxes-bulk.jpg,3b8a8483c95579bd5dbe530e7c58749aaaa382ff1b057af84efd028450958fd0
https://kraftboxpack.com/wp-content/uploads/2025/12/Kraft-brownie-packaging-boxes-wholesale.jpg,downloaded,jpg 587KB,2025-12-kraft-brownie-packaging-boxes-wholesale.jpg,30246528afcbd609599a179bf2ff616c7b3dd6258aa9d01bad34c59101001d5d
https://kraftboxpack.com/wp-content/uploads/2025/12/Kraft-candle-sleeve-boxes-bulk.jpg,downloaded,jpg 450KB,2025-12-kraft-candle-sleeve-boxes-bulk.jpg,2c7a584e67e4168741f71b6482bab3ed30bc77458ab82a83ab9f288b9a6d7fb9
https://kraftboxpack.com/wp-content/uploads/2025/12/Kraft-candle-sleeve-boxes-wholesale.jpg,downloaded,jpg 332KB,2025-12-kraft-candle-sleeve-boxes-wholesale.jpg,96b7197a7858d59e0084afa198a5f192797b93f4a07ba2057f6e4c4d626873a9
https://kraftboxpack.com/wp-content/uploads/2025/12/Kraft-donut-packaging-box.jpg,downloaded,jpg 341KB,2025-12-kraft-donut-packaging-box.jpg,e7c7264bc1a94f3ddc5bfc8fb0418d82c1b93031ba1d4013ed78e5238e4aad28
https://kraftboxpack.com/wp-content/uploads/2025/12/Kraft-donut-packaging-boxes-Wholesale.jpg,downloaded,jpg 355KB,2025-12-kraft-donut-packaging-boxes-wholesale.jpg,cddb0c4931cb439f0f7ea16871b2366db30e6215a020dc05b307fd0a907da185
https://kraftboxpack.com/wp-content/uploads/2025/12/Kraft-donut-packaging-boxes-empty.jpg,downloaded,jpg 423KB,2025-12-kraft-donut-packaging-boxes-empty.jpg,c6db0de54a5063a035d7d282e9063a762cf93ff8c91fc3a8f9fae1dca7980051
https://kraftboxpack.com/wp-content/uploads/2025/12/Kraft-donut-packaging-boxes-for-sale.jpg,downloaded,jpg 272KB,2025-12-kraft-donut-packaging-boxes-for-sale.jpg,0162a3f47d95ed2d23f3fdc56f282c4cd10d4af8d93a208ddb2d06f4d2b75b41
https://kraftboxpack.com/wp-content/uploads/2025/12/Kraft-gift-hamper-boxes-bulk.jpg,downloaded,jpg 210KB,2025-12-kraft-gift-hamper-boxes-bulk.jpg,abd69f76184810e950702325ef81cb1fb59072f29da23fb744e7192ce467110a
https://kraftboxpack.com/wp-content/uploads/2025/12/Kraft-gift-hamper-boxes-empty.png,downloaded,png 383KB,2025-12-kraft-gift-hamper-boxes-empty.png,744e471095c31359c0314fd2d3066cbc22cb5729b9ba3b64a89e86e76da4ea1f
https://kraftboxpack.com/wp-content/uploads/2025/12/Kraft-gift-hamper-boxes-with-glasses.jpg,downloaded,jpg 861KB,2025-12-kraft-gift-hamper-boxes-with-glasses.jpg,f32ddf3f4f8757845f2f7c62c3b3333418441cb1779657c39f7a1748c83c83f9
https://kraftboxpack.com/wp-content/uploads/2025/12/Kraft-invitation-boxes-wholesale.jpg,downloaded,jpg 204KB,2025-12-kraft-invitation-boxes-wholesale.jpg,097f774a41314223ef095714aecb8deebb49d11c2702b6da45b47d8b8b94efeb
https://kraftboxpack.com/wp-content/uploads/2025/12/Kraft-jewelry-Boxes-wholesale-1.jpg,downloaded,jpg 196KB,2025-12-kraft-jewelry-boxes-wholesale-1.jpg,6620b1f6295e04246b1f24a6508c73c19ba4089152e7ebf471c326892d2d1e2a
https://kraftboxpack.com/wp-content/uploads/2025/12/Kraft-jewelry-Boxes-wholesale.jpg,downloaded,jpg 209KB,2025-12-kraft-jewelry-boxes-wholesale.jpg,8b48350157b6a5a3f3ec9338d210493fa00f40c4743ae64309b4edca2dd7167a
https://kraftboxpack.com/wp-content/uploads/2025/12/Kraft-jewelry-insert-boxes-sale.jpg,downloaded,jpg 315KB,2025-12-kraft-jewelry-insert-boxes-sale.jpg,0476e92deb74d4e018814bb7d82d4570e95c7efc4eb5662590be2b373f886dee
https://kraftboxpack.com/wp-content/uploads/2025/12/Kraft-juice-bottle-carriers-for-sale.jpg,downloaded,jpg 493KB,2025-12-kraft-juice-bottle-carriers-for-sale.jpg,53b8bca5c41aadaa062519379cebdb0e509bdd64948923cc52ce289e31eefc8f
https://kraftboxpack.com/wp-content/uploads/2025/12/Kraft-juice-bottle-carriers-wholesale.jpg,downloaded,jpg 397KB,2025-12-kraft-juice-bottle-carriers-wholesale.jpg,a30d0790771d23dccc038d9ea133a05d7c1a1058f05ec2536d32081d7cfcd1cb
https://kraftboxpack.com/wp-content/uploads/2025/12/Kraft-keychain-packaging-boxes-price.jpg,downloaded,jpg 352KB,2025-12-kraft-keychain-packaging-boxes-price.jpg,b3bdc83ae7f48e4a23591568d514e42a711fe86ce94649de045c6e4c19ea725a
https://kraftboxpack.com/wp-content/uploads/2025/12/Kraft-keychain-packaging-boxes-wholesale.jpg,downloaded,jpg 281KB,2025-12-kraft-keychain-packaging-boxes-wholesale.jpg,09102316b17641353ac3a65bb67ebb76cd90094f13c653d225120f2d24b93bdd
https://kraftboxpack.com/wp-content/uploads/2025/12/Kraft-lip-balm-packaging-boxes-empty.jpg,downloaded,jpg 311KB,2025-12-kraft-lip-balm-packaging-boxes-empty.jpg,546f4939db02a7051baebb232f856859dd743c2e0ff489b8c4f1f3e1ba870c3e
https://kraftboxpack.com/wp-content/uploads/2025/12/Kraft-lip-balm-packaging-boxes-wholesale.jpg,downloaded,jpg 184KB,2025-12-kraft-lip-balm-packaging-boxes-wholesale.jpg,9a8e6ca1bb928d43057d3124b44a391cdcddb10af4de644a107cd0239b52b5d0
https://kraftboxpack.com/wp-content/uploads/2025/12/Kraft-liquor-gift-boxes-empty.jpg,downloaded,jpg 307KB,2025-12-kraft-liquor-gift-boxes-empty.jpg,2e5fa6678837bea6289a9984b59a2843cc344af08b3f4a142621eca0a824df95
https://kraftboxpack.com/wp-content/uploads/2025/12/Kraft-macaron-packaging-boxes-bulk.jpg,downloaded,jpg 301KB,2025-12-kraft-macaron-packaging-boxes-bulk.jpg,6d50adb83fe1b7b9ac2ccf001880e4492c67b7875655089a1b76b33d810e8d69
https://kraftboxpack.com/wp-content/uploads/2025/12/Kraft-macaron-packaging-boxes-for-sale.jpg,downloaded,jpg 266KB,2025-12-kraft-macaron-packaging-boxes-for-sale.jpg,c5c7c1d39d186a44177d912b095d69ccd6dbeb6dc51485628d0fab4101535025
https://kraftboxpack.com/wp-content/uploads/2025/12/Kraft-macaron-packaging-boxes-wholesale.jpg,downloaded,jpg 355KB,2025-12-kraft-macaron-packaging-boxes-wholesale.jpg,bcdbd18992767b9d4909924d51f71a6b42a6a30895ff47cdfc35e6f09e4b767e
https://kraftboxpack.com/wp-content/uploads/2025/12/Kraft-magnetic-closure-boxes-bulk.jpg,downloaded,jpg 90KB,2025-12-kraft-magnetic-closure-boxes-bulk.jpg,62497e204bb6b99eca9430d4acea83bfa5c7bc9b6c965d540d73749dd340a408
https://kraftboxpack.com/wp-content/uploads/2025/12/Kraft-magnetic-closure-boxes-for-sale.jpg,downloaded,jpg 111KB,2025-12-kraft-magnetic-closure-boxes-for-sale.jpg,a283eef5f152242d79256dc17077c3bde183b264c3f8d277fc995a196adabfa8
https://kraftboxpack.com/wp-content/uploads/2025/12/Kraft-magnetic-closure-boxes-wholesale.jpg,downloaded,jpg 349KB,2025-12-kraft-magnetic-closure-boxes-wholesale.jpg,4a4e3f3c9af5842776d866b603fca4b9aa637697ffec0d15a128e686970c6db5
https://kraftboxpack.com/wp-content/uploads/2025/12/Kraft-medicine-packaging-boxes-sizes.jpg,downloaded,jpg 248KB,2025-12-kraft-medicine-packaging-boxes-sizes.jpg,f9d12d3c226c274500e93016c75aaa1e5e7c5f5feab98733301489f9ea992d93
https://kraftboxpack.com/wp-content/uploads/2025/12/Kraft-medicine-packaging-boxes-wholesale.jpg,downloaded,jpg 176KB,2025-12-kraft-medicine-packaging-boxes-wholesale.jpg,40489aebce14e3d30a634e9d0c68db275967adaa58ed7d078ba133718cc26e9c
https://kraftboxpack.com/wp-content/uploads/2025/12/Kraft-minimalist-boxes-price.jpg,downloaded,jpg 187KB,2025-12-kraft-minimalist-boxes-price.jpg,8d6d7da5bb52393e00c45c725bfd0122cdf113d410d62c710fd9392318cf4d94
https://kraftboxpack.com/wp-content/uploads/2025/12/Kraft-notebook-packaging-price.jpg,downloaded,jpg 269KB,2025-12-kraft-notebook-packaging-price.jpg,3193120756ffb83e0f1523de2d17e12a73d3dc3e6f5f4b07ac9c39ad077330b3
https://kraftboxpack.com/wp-content/uploads/2025/12/Kraft-notebook-packaging-wholesale.jpg,downloaded,jpg 350KB,2025-12-kraft-notebook-packaging-wholesale.jpg,e3fcaa0d4227d9117bf7d273998848027310b0cf7d6b6aa7e232d7b4d7ffa654
https://kraftboxpack.com/wp-content/uploads/2025/12/Kraft-pastry-boxes-for-sale.jpg,downloaded,jpg 341KB,2025-12-kraft-pastry-boxes-for-sale.jpg,cd28171ed3fb901205b7dc9652b8b995cd59c341ac397b9d8256c339d25220cd
https://kraftboxpack.com/wp-content/uploads/2025/12/Kraft-pastry-boxes-sizes.jpg,downloaded,jpg 366KB,2025-12-kraft-pastry-boxes-sizes.jpg,84d244de6c7e2004dd371c9a7bf9d7658d4037e20a26db365aa3adfb1d273f25
https://kraftboxpack.com/wp-content/uploads/2025/12/Kraft-pastry-boxes-wholesale.jpg,downloaded,jpg 351KB,2025-12-kraft-pastry-boxes-wholesale.jpg,dc38416307bb4015d455617f8993b412b1f2b6d24423205f4c53b92b9e9f8013
https://kraftboxpack.com/wp-content/uploads/2025/12/Kraft-pen-packaging-boxes-empty.jpg,downloaded,jpg 201KB,2025-12-kraft-pen-packaging-boxes-empty.jpg,f4efba5e91ec9dcdeb9e5215023e11c7e0df4e24c76138733d9ed15db932b758
https://kraftboxpack.com/wp-content/uploads/2025/12/Kraft-pen-packaging-boxes-price.jpg,downloaded,jpg 97KB,2025-12-kraft-pen-packaging-boxes-price.jpg,dce95d01b369b3265cb5be70169adcc12010e01ace3e97cf6193230646e96606
https://kraftboxpack.com/wp-content/uploads/2025/12/Kraft-pencil-packaging-boxes-wholesale.jpg,downloaded,jpg 208KB,2025-12-kraft-pencil-packaging-boxes-wholesale.jpg,abda060c84018fd3af5bd3643e674e1fcefd0bf27c4e4e99ff71859bd0403566
https://kraftboxpack.com/wp-content/uploads/2025/12/Kraft-pencil-packaging.jpg,downloaded,jpg 321KB,2025-12-kraft-pencil-packaging.jpg,5c3918f20092ec5a1e4caae7e52f192b18d63926834467c313197feb83e87be8
https://kraftboxpack.com/wp-content/uploads/2025/12/Kraft-popcorn-packaging-boxes-wholesale.jpg,downloaded,jpg 311KB,2025-12-kraft-popcorn-packaging-boxes-wholesale.jpg,3f59afb1912b451252d654b3c39b5affdd544c08bfd38463a6c7c94c32a92b8c
https://kraftboxpack.com/wp-content/uploads/2025/12/Kraft-pr-packaging-boxes-for-influencers.jpg,downloaded,jpg 268KB,2025-12-kraft-pr-packaging-boxes-for-influencers.jpg,5cab47440057ab2fe10444fa7a1a3b76b407926ab4f7c60f2f3a1a231d731808
https://kraftboxpack.com/wp-content/uploads/2025/12/Kraft-pr-packaging-boxes-wholesale.jpg,downloaded,jpg 332KB,2025-12-kraft-pr-packaging-boxes-wholesale.jpg,243d7e572be79925a4e89fc9e51b5e3309b5b9f6724e98b6e27e9a6065b87f4e
https://kraftboxpack.com/wp-content/uploads/2025/12/Kraft-presentation-boxes.jpg,downloaded,jpg 378KB,2025-12-kraft-presentation-boxes.jpg,a6632dcd3d87ea968f637528aafc8e4ea8ef122900d02c308111b8119655b8c3
https://kraftboxpack.com/wp-content/uploads/2025/12/Kraft-promotional-boxes-wholesale.jpg,downloaded,jpg 275KB,2025-12-kraft-promotional-boxes-wholesale.jpg,7cd41dc2366a9666b7dc43ed07012aecd2bc5245d8923a17dbfa7e6d185df2b5
https://kraftboxpack.com/wp-content/uploads/2025/12/Kraft-rectangular-gift-boxes-bulk.jpg,downloaded,jpg 183KB,2025-12-kraft-rectangular-gift-boxes-bulk.jpg,f518320b2407233fdc1498d20feb6a7f00187f08a5ead69b6d63790681fe082c
https://kraftboxpack.com/wp-content/uploads/2025/12/Kraft-ribbon-closure-boxes-bulk.jpg,downloaded,jpg 243KB,2025-12-kraft-ribbon-closure-boxes-bulk.jpg,8139b3183552b7f3de7e1c6c6f6af9d8c25bf8e104a7595e91a8c45eb761f97a
https://kraftboxpack.com/wp-content/uploads/2025/12/Kraft-ribbon-closure-boxes-instructions.jpg,downloaded,jpg 148KB,2025-12-kraft-ribbon-closure-boxes-instructions.jpg,ec96db4db8d4b7d764817d030e1d6cdd3decb8b34200bdc163a5de6e27db52b5
https://kraftboxpack.com/wp-content/uploads/2025/12/Kraft-round-gift-containers-empty.jpg,downloaded,jpg 324KB,2025-12-kraft-round-gift-containers-empty.jpg,6aef3e0792a5a311f346e12bd5850b7d30d7c2366c8e9e57a63fbdbf3c52a8d4
https://kraftboxpack.com/wp-content/uploads/2025/12/Kraft-round-gift-containers-wholesale.jpg,downloaded,jpg 396KB,2025-12-kraft-round-gift-containers-wholesale.jpg,38e2de4583d49f37c10972ef0fb7a827e87a8fbb7617d85d33656b74ffe34944
https://kraftboxpack.com/wp-content/uploads/2025/12/Kraft-round-gift-containers-with-lids.jpg,downloaded,jpg 358KB,2025-12-kraft-round-gift-containers-with-lids.jpg,82a98d18332dacbd367862664f6c2bea26274bfaafd09f0abff5110f3a3e6df9
https://kraftboxpack.com/wp-content/uploads/2025/12/Kraft-salad-boxes-wholesale.jpg,downloaded,jpg 209KB,2025-12-kraft-salad-boxes-wholesale.jpg,566b70473b69f969e7b1f3a060141b2de4345772599e5d334d666714f8a85b29
https://kraftboxpack.com/wp-content/uploads/2025/12/Kraft-scarf-boxes-bulk.jpg,downloaded,jpg 286KB,2025-12-kraft-scarf-boxes-bulk.jpg,7d4e44b49ef274e5e016a296541dc2e682f84dee81f7b6828ec860faaf540853
https://kraftboxpack.com/wp-content/uploads/2025/12/Kraft-scarf-boxes-for-sale.jpg,downloaded,jpg 205KB,2025-12-kraft-scarf-boxes-for-sale.jpg,1aaf50853161cc046bc5d5ec963904005625a379fc74e4a0506dde4d25c4d063
https://kraftboxpack.com/wp-content/uploads/2025/12/Kraft-scarf-boxes-wholesale.jpg,downloaded,jpg 195KB,2025-12-kraft-scarf-boxes-wholesale.jpg,4c7daf79026a23bea8c2a859da8491c32856adec3d5c834e7ced1eca03924a53
https://kraftboxpack.com/wp-content/uploads/2025/12/Kraft-snack-packaging-boxes-wholesale.jpg,downloaded,jpg 516KB,2025-12-kraft-snack-packaging-boxes-wholesale.jpg,9bd214ada8fa2a4cc0631c4643482db28fbe0465e9bbd5fd3c1fab00bed30b46
https://kraftboxpack.com/wp-content/uploads/2025/12/Kraft-soap-sleeve-boxes-for-sale.jpg,downloaded,jpg 228KB,2025-12-kraft-soap-sleeve-boxes-for-sale.jpg,9c0e768ccf4f663864396607c0558d24cce91470823f50088f78b59b23c324c4
https://kraftboxpack.com/wp-content/uploads/2025/12/Kraft-soap-sleeve-boxes-review.jpg,downloaded,jpg 288KB,2025-12-kraft-soap-sleeve-boxes-review.jpg,70fa04d83cd15b600b7107e6a9451f93aedbb1d0050eeecfb709ed7aa08edb38
https://kraftboxpack.com/wp-content/uploads/2025/12/Kraft-soap-sleeve-boxes-wholesale.jpg,downloaded,jpg 283KB,2025-12-kraft-soap-sleeve-boxes-wholesale.jpg,e99a62e94c9fdc04d05f759c4c065882d904a187d1a992bc6e9070d6d469c2ee
https://kraftboxpack.com/wp-content/uploads/2025/12/Kraft-sock-packaging-boxes-for-sale.jpg,downloaded,jpg 453KB,2025-12-kraft-sock-packaging-boxes-for-sale.jpg,ab50649d2ad3a869866dc4e2be422b3c848842815dcd04015b7cbfba910c80e6
https://kraftboxpack.com/wp-content/uploads/2025/12/Kraft-sock-packaging-boxes-wholesale.jpg,downloaded,jpg 287KB,2025-12-kraft-sock-packaging-boxes-wholesale.jpg,01539ea7365388bde4a4b4069bb02780a5d989319a193a47a1e9f289a5a9a093
https://kraftboxpack.com/wp-content/uploads/2025/12/Kraft-square-gift-boxes-bulk.jpg,downloaded,jpg 247KB,2025-12-kraft-square-gift-boxes-bulk.jpg,68a484d16fe4cfbea52727a00d3b790059414e0f5f98e27c1083a93b75cac972
https://kraftboxpack.com/wp-content/uploads/2025/12/Kraft-square-gift-boxes-wholesale.jpg,downloaded,jpg 274KB,2025-12-kraft-square-gift-boxes-wholesale.jpg,bcc00b168c4e5c610666df688e9c87e60da9b6e73016ede064713cd1280b5d1f
https://kraftboxpack.com/wp-content/uploads/2025/12/Kraft-square-gift-boxes-with-lids.jpg,downloaded,jpg 525KB,2025-12-kraft-square-gift-boxes-with-lids.jpg,0235c708b863648d3b0ecf8200cf74a74dedf43105d6a58faa337f92fb2e54b4
https://kraftboxpack.com/wp-content/uploads/2025/12/Kraft-stationery-boxes-price.jpg,downloaded,jpg 264KB,2025-12-kraft-stationery-boxes-price.jpg,fe2e8e55f9eea3d2e29d6a9107954edef6bc999409f6ec4eaa41b28a81c3e74f
https://kraftboxpack.com/wp-content/uploads/2025/12/Kraft-t-shirt-boxes-bulk.jpg,downloaded,jpg 250KB,2025-12-kraft-t-shirt-boxes-bulk.jpg,ef90bcfcfd042e55a4ca07eb59b712bc626f4d3a4459ceece51896d21fd514e8
https://kraftboxpack.com/wp-content/uploads/2025/12/Kraft-t-shirt-boxes-for-sale.jpg,downloaded,jpg 174KB,2025-12-kraft-t-shirt-boxes-for-sale.jpg,75795d2fe7923d44424ba2fa739f314d891becd1d7abb628e317ef4ef7bd1bf4
https://kraftboxpack.com/wp-content/uploads/2025/12/Kraft-t-shirt-boxes-wholesale.jpg,downloaded,jpg 294KB,2025-12-kraft-t-shirt-boxes-wholesale.jpg,e6583104610b2944e00f6484fb83962036c40103de8fbd37777143e170cf4bb2
https://kraftboxpack.com/wp-content/uploads/2025/12/Kraft-tea-packaging-boxes-bulk.jpg,downloaded,jpg 418KB,2025-12-kraft-tea-packaging-boxes-bulk.jpg,33f9b3b558813e9c79370b8f5cfda4685204603e3851bac825842168d57df14a
https://kraftboxpack.com/wp-content/uploads/2025/12/Kraft-tea-packaging-boxes-empty.jpg,downloaded,jpg 768KB,2025-12-kraft-tea-packaging-boxes-empty.jpg,e2b195f9a31bc7a4213cbb47bb8068d2ab2feb1d00d72bccc589099e34dd897e
https://kraftboxpack.com/wp-content/uploads/2025/12/Kraft-tea-packaging-boxes-wholesale.jpg,downloaded,jpg 403KB,2025-12-kraft-tea-packaging-boxes-wholesale.jpg,d8e98a77ab68dde33a3a4c673941f6942552f96a653a541dc02b1c8fc35afa7c
https://kraftboxpack.com/wp-content/uploads/2025/12/Kraft-vegetable-packaging-boxes-for-sale.jpg,downloaded,jpg 397KB,2025-12-kraft-vegetable-packaging-boxes-for-sale.jpg,c32e4de81f71e6670a338cc8f873ee22f75e21f0b3ae0bc941a7312b53f95739
https://kraftboxpack.com/wp-content/uploads/2025/12/Kraft-vegetable-packaging-boxes-wholesale.jpg,downloaded,jpg 229KB,2025-12-kraft-vegetable-packaging-boxes-wholesale.jpg,f091eccc83007f72975ec0eace893bf20b96b20bb0a03971a9d86afc668ff207
https://kraftboxpack.com/wp-content/uploads/2025/12/Kraft-wax-melt-boxes-bulk.jpg,downloaded,jpg 246KB,2025-12-kraft-wax-melt-boxes-bulk.jpg,7aa6042d0ad42bdc3df94a7e103c4ff27a7e9db70186f0b84ed898bc3b2676de
https://kraftboxpack.com/wp-content/uploads/2025/12/Kraft-wax-melt-boxes-for-sale.jpg,downloaded,jpg 392KB,2025-12-kraft-wax-melt-boxes-for-sale.jpg,f8d83854b7414bae7415625fec1ec1bf0f4b01a5348521971eed9396655cc41d
https://kraftboxpack.com/wp-content/uploads/2025/12/Kraft-wax-melt-boxes-wholesale.jpg,downloaded,jpg 237KB,2025-12-kraft-wax-melt-boxes-wholesale.jpg,f4bcabb04c9facad579932cef6c9e9394b0b72d79689bb4ae16d756a2fbd3496
https://kraftboxpack.com/wp-content/uploads/2025/12/Large-Pillow-Boxes.jpg,downloaded,jpg 363KB,2025-12-large-pillow-boxes.jpg,4d51901c7ec243fdfbd157cfd4ea72d85d6d283837d1ccc23e36d5291ef8efff
https://kraftboxpack.com/wp-content/uploads/2025/12/Lip-Balm-packaging-Ideas.jpg,downloaded,jpg 352KB,2025-12-lip-balm-packaging-ideas.jpg,6604d72abcef25d1ff28d6c7642b0524b31fcb71924d6ac5bb0e11f5636bd0ee
https://kraftboxpack.com/wp-content/uploads/2025/12/Luxury-Magnetic-Gift-Box.jpg,downloaded,jpg 222KB,2025-12-luxury-magnetic-gift-box.jpg,762074bb1c8f2212bcf31e660dd4516078ce55e758966f471c5e4a3e920d4379
https://kraftboxpack.com/wp-content/uploads/2025/12/Marketing-collateral-boxes.jpg,downloaded,jpg 458KB,2025-12-marketing-collateral-boxes.jpg,4ad9dd5fcab300bc1ec2f4baec6bf7381d48b996b351584486279e7e7695c524
https://kraftboxpack.com/wp-content/uploads/2025/12/Marketing-kit-packaging.jpg,downloaded,jpg 201KB,2025-12-marketing-kit-packaging.jpg,02baff0d7d635d72e868ccdd330a82885808644a2c248a82241edb0b0168d009
https://kraftboxpack.com/wp-content/uploads/2025/12/Marketing-materials-packaging.jpg,downloaded,jpg 274KB,2025-12-marketing-materials-packaging.jpg,5c6a563ee00f5da1de1cc0381d5518fdfe704e4f73c675e07968f39ef1934701
https://kraftboxpack.com/wp-content/uploads/2025/12/Nested-Boxes-with-Lids.jpg,downloaded,jpg 284KB,2025-12-nested-boxes-with-lids.jpg,af216e5c1f3afd595c031bc8b558af0d1575c7cb2790ec6ab9c715eb31e491cb
https://kraftboxpack.com/wp-content/uploads/2025/12/Notebook-packaging-ideas.jpg,downloaded,jpg 544KB,2025-12-notebook-packaging-ideas.jpg,2225bb840127e5f22e567ea572c01341d8729f7cc7ad63d5b26f6de304514456
https://kraftboxpack.com/wp-content/uploads/2025/12/Paper-Gift-Boxes.jpg,downloaded,jpg 308KB,2025-12-paper-gift-boxes.jpg,3a138175c5c3146db8f7880dc2f4d1a7057675ccd2eab2aeaa390ccdb8158ca9
https://kraftboxpack.com/wp-content/uploads/2025/12/Paper-craft-subscription-box.jpg,downloaded,jpg 355KB,2025-12-paper-craft-subscription-box.jpg,004ac0adf4d10c19fccec3aa64b9594211fbc81975273433ff38e5769051206a
https://kraftboxpack.com/wp-content/uploads/2025/12/Pen-Box-for-Gift.jpg,downloaded,jpg 400KB,2025-12-pen-box-for-gift.jpg,89ee617668469225e362ab64e8a7eff37120a10b7932eb53b76f40a57c206696
https://kraftboxpack.com/wp-content/uploads/2025/12/Pen-with-Box.jpg,downloaded,jpg 164KB,2025-12-pen-with-box.jpg,3c66bb3842ff6b1c8d0cbda7bd62c98062ae4c692efcbf630facdbcad1d1b7f6
https://kraftboxpack.com/wp-content/uploads/2025/12/Rectangle-Gift-Boxes.jpg,downloaded,jpg 260KB,2025-12-rectangle-gift-boxes.jpg,5e410473523f532eb3afb0e32c03fc07b81a0f2b2fbd796726371b834e2f675f
https://kraftboxpack.com/wp-content/uploads/2025/12/Round-cardboard-Boxes-with-lids.jpg,downloaded,jpg 549KB,2025-12-round-cardboard-boxes-with-lids.jpg,f7dd1f250a4b8f76ccb6319338143a95f2704bc595aa7fe9d85c3cc1a03e976c
https://kraftboxpack.com/wp-content/uploads/2025/12/Sock-Box-packaging.jpg,downloaded,jpg 247KB,2025-12-sock-box-packaging.jpg,6b82642161759374937f3b3d1389919393320424aa640954049d6afd52104802
https://kraftboxpack.com/wp-content/uploads/2025/12/Square-Gift-Box-with-Lid.jpg,downloaded,jpg 404KB,2025-12-square-gift-box-with-lid.jpg,6b966036a4cf3296dd5259f92c3754dc8c7d48fccd12a889ceae62198de44c56
https://kraftboxpack.com/wp-content/uploads/2025/12/Transparent-Gift-Boxes-wholesale.jpg,downloaded,jpg 540KB,2025-12-transparent-gift-boxes-wholesale.jpg,b2dd37d978203165dc728509a30efaaa817eca58ed6605ff3e0fead336821058
https://kraftboxpack.com/wp-content/uploads/2025/12/Uline-Pillow-Boxes.jpg,downloaded,jpg 178KB,2025-12-uline-pillow-boxes.jpg,dbb8c2828ed945ff03db19778ed1b3d85c48ffcf33de044bf692dfbad5cb476f
https://kraftboxpack.com/wp-content/uploads/2025/12/Wax-melt-cellophane-bags.jpg,downloaded,jpg 388KB,2025-12-wax-melt-cellophane-bags.jpg,65e4f3aa18e4c14dcc9d751c2c34392e5e11af8e887b17e2297ef1881c41720f
https://kraftboxpack.com/wp-content/uploads/2025/12/White-Kraft-Boxes.jpg,downloaded,jpg 209KB,2025-12-white-kraft-boxes.jpg,13e292d24296ee82574431c21180e893d5d91d1437141a5d2f602e1e334953e6
https://kraftboxpack.com/wp-content/uploads/2025/12/White-brownie-boxes.jpg,downloaded,jpg 475KB,2025-12-white-brownie-boxes.jpg,7ba66bfcd2dff6d1cea8a22b8557979148fdd5952d15331b3f6bc517892b64da
https://kraftboxpack.com/wp-content/uploads/2025/12/Wholesale-produce-packaging-supplies.jpg,downloaded,jpg 334KB,2025-12-wholesale-produce-packaging-supplies.jpg,933d40bebde44e1207e4da012b0e1c491633f049114d34820a9257901d75409b
https://kraftboxpack.com/wp-content/uploads/2025/12/custom-kraft-beard-oil-boxes.jpg,downloaded,jpg 380KB,2025-12-custom-kraft-beard-oil-boxes.jpg,10a3ddc64783bac7a2875463b4681b512f3054f0f88c2e6e3b240f128099f931
https://kraftboxpack.com/wp-content/uploads/2025/12/custom-kraft-puzzle-boxes.jpg,downloaded,jpg 202KB,2025-12-custom-kraft-puzzle-boxes.jpg,46298b4a7afb29014ccb62e163afa30436277968b76ff54498d17d8d99b902aa
https://kraftboxpack.com/wp-content/uploads/2025/12/custom-kraft-syrup-packaging-boxes.jpg,downloaded,jpg 626KB,2025-12-custom-kraft-syrup-packaging-boxes.jpg,55ac952361377bf1ff9b81558777d577db2192c642fda91141b971ece348e86f
https://kraftboxpack.com/wp-content/uploads/2025/12/custom-kraft-triangle-boxes.jpg,downloaded,jpg 342KB,2025-12-custom-kraft-triangle-boxes.jpg,b37abf80f3cbc13fd778030aea693d7939baaf3365b40a12cd70de906c0ae415
https://kraftboxpack.com/wp-content/uploads/2025/12/kraft-beard-oil-carton-boxes.jpg,downloaded,jpg 321KB,2025-12-kraft-beard-oil-carton-boxes.jpg,04341dda488cc913db090ea780d46b6a416250387744e0a78d746c3ec32c2e1f
https://kraftboxpack.com/wp-content/uploads/2025/12/kraft-beard-oil-packaging-boxes.jpg,downloaded,jpg 219KB,2025-12-kraft-beard-oil-packaging-boxes.jpg,7ec3fd575b89dacb59d792800449a3f7e9d1be5e4e21be71d3717f44dd638636
https://kraftboxpack.com/wp-content/uploads/2025/12/kraft-beard-product-boxes.jpg,downloaded,jpg 253KB,2025-12-kraft-beard-product-boxes.jpg,20caa2b1cca7fea976e6ca129ceab3009a5e8171c9d1476c2e4918739cfee16a
https://kraftboxpack.com/wp-content/uploads/2025/12/kraft-blush-palette-packaging.jpg,downloaded,jpg 258KB,2025-12-kraft-blush-palette-packaging.jpg,64e28e119fef53a885955875c0b01aae0bb664c642218ec026b6b5a32cb190a4
https://kraftboxpack.com/wp-content/uploads/2025/12/kraft-chocolate-bar-packaging-boxes.jpg,downloaded,jpg 278KB,2025-12-kraft-chocolate-bar-packaging-boxes.jpg,c1a555591853c2feb212e24880c4467a7554979b5c53ff2bd929f700270c108f
https://kraftboxpack.com/wp-content/uploads/2025/12/kraft-chocolate-boxes.jpg,downloaded,jpg 185KB,2025-12-kraft-chocolate-boxes.jpg,7b86f99a5ab9b3f5084ed67ade04899a21a3bcae8d6056db96b2330055634aad
https://kraftboxpack.com/wp-content/uploads/2025/12/kraft-chocolate-gift-boxes.jpg,downloaded,jpg 346KB,2025-12-kraft-chocolate-gift-boxes.jpg,0572e29a0a43513bb3eef2d86d50145a9fc4db19d8853b6470a04109c589b89c
https://kraftboxpack.com/wp-content/uploads/2025/12/kraft-chocolate-truffle-boxes.jpg,downloaded,jpg 164KB,2025-12-kraft-chocolate-truffle-boxes.jpg,2aa2d3b551c8b5bd3e3f30847b062d526b5a93cd158fa46757be6b68df8c4d81
https://kraftboxpack.com/wp-content/uploads/2025/12/kraft-contour-palette-boxes.jpg,downloaded,jpg 239KB,2025-12-kraft-contour-palette-boxes.jpg,ebf193359969abcf37eae29695ead5adf30713c53f49721a19a7ae89226e1801
https://kraftboxpack.com/wp-content/uploads/2025/12/kraft-cosmetic-palette-packaging.jpg,downloaded,jpg 615KB,2025-12-kraft-cosmetic-palette-packaging.jpg,83e14313ad05d315d4c9c5fc41765e457e0f318f7e9e22b9ab2dfce53e852ec3
https://kraftboxpack.com/wp-content/uploads/2025/12/kraft-eyeshadow-palette-boxes.jpg,downloaded,jpg 203KB,2025-12-kraft-eyeshadow-palette-boxes.jpg,ada5a4b2b06148bcd5aa97ce8645c6bca5c291c24d4fed22d883ae5de45a0d81
https://kraftboxpack.com/wp-content/uploads/2025/12/kraft-game-puzzle-boxes.jpg,downloaded,jpg 280KB,2025-12-kraft-game-puzzle-boxes.jpg,84fa3fe03e85ec55f0987816b6e3373853599e8f1a88def13204c161d3a14922
https://kraftboxpack.com/wp-content/uploads/2025/12/kraft-medical-product-boxes.jpg,downloaded,jpg 186KB,2025-12-kraft-medical-product-boxes.jpg,da9074d147a5e87717ffeda7edd43b096ed44e26c82c8f086059e6c340448bfc
https://kraftboxpack.com/wp-content/uploads/2025/12/kraft-paper-popcorn-boxes.jpg,downloaded,jpg 272KB,2025-12-kraft-paper-popcorn-boxes.jpg,3d950d821de84c5ecf98c0dcd408cd4a4d6cd17f716734b927c56e6d6dd61fa7
https://kraftboxpack.com/wp-content/uploads/2025/12/kraft-pharmaceutical-packaging-boxes.jpg,downloaded,jpg 265KB,2025-12-kraft-pharmaceutical-packaging-boxes.jpg,051ceede6e468cf8afef7e650de169ee031017d45bedd830f4c57332b2c26e12
https://kraftboxpack.com/wp-content/uploads/2025/12/kraft-popcorn-boxes.jpg,downloaded,jpg 316KB,2025-12-kraft-popcorn-boxes.jpg,593ba861a904951174ba140d694a97f3be0220a1f2033cd77afb3d82cc9c3009
https://kraftboxpack.com/wp-content/uploads/2025/12/kraft-popcorn-containers.jpg,downloaded,jpg 804KB,2025-12-kraft-popcorn-containers.jpg,057d8bce6a99e205d2a157948633d111e53cf1d3ef0da677f53d0120c97e2d98
https://kraftboxpack.com/wp-content/uploads/2025/12/kraft-syrup-bottle-packaging.jpg,downloaded,jpg 144KB,2025-12-kraft-syrup-bottle-packaging.jpg,5e5f4a955896cedb8a93122297abb7cb502fb666048dc11c933f3b4d723a68f7
https://kraftboxpack.com/wp-content/uploads/2025/12/kraft-syrup-carton-packaging.jpg,downloaded,jpg 700KB,2025-12-kraft-syrup-carton-packaging.jpg,5a601610d27b5ea0681b0bce44d0199cfedfcd3eac38b6a340dd552014a2dfc1
https://kraftboxpack.com/wp-content/uploads/2025/12/kraft-syrup-packaging-boxes.jpg,downloaded,jpg 118KB,2025-12-kraft-syrup-packaging-boxes.jpg,0e32cd452f5fbd36dbc46c3d7928dfb5ebca21ec95a4667882de90389f587e03
https://kraftboxpack.com/wp-content/uploads/2025/12/kraft-syrup-shipping-boxes.jpg,downloaded,jpg 214KB,2025-12-kraft-syrup-shipping-boxes.jpg,3f958b58c143e3b54df48cb63dcd77d3211d3056bbf30978477a6e166974e8c8
https://kraftboxpack.com/wp-content/uploads/2025/12/kraft-triangle-carton-boxes.jpg,downloaded,jpg 311KB,2025-12-kraft-triangle-carton-boxes.jpg,d2b1f5e8fbf40300db5d71358d8c86a9f30dc5a995c435a3c1d01c8b2bd78c8d
https://kraftboxpack.com/wp-content/uploads/2025/12/kraft-triangle-gift-boxes.jpg,downloaded,jpg 357KB,2025-12-kraft-triangle-gift-boxes.jpg,47e9c5ab306cf2fbe76fb44a4178cbc9b65e30657c1df2331c5ec3619617d288
https://kraftboxpack.com/wp-content/uploads/2025/12/kraft-triangular-packaging-boxes.jpg,downloaded,jpg 305KB,2025-12-kraft-triangular-packaging-boxes.jpg,1fe2bfedf51964930a65eb23e995ddcd06a6e07f408db20852e22b9f6b3856ab
https://kraftboxpack.com/wp-content/uploads/2025/12/printed-kraft-puzzle-boxes.jpg,downloaded,jpg 552KB,2025-12-printed-kraft-puzzle-boxes.jpg,c5421f5744c4105970e2a50b322347f4a300787929bf4966ce6e8402dc03ea3e
https://kraftboxpack.com/wp-content/uploads/2025/12/recyclable-kraft-puzzle-boxes.jpg,downloaded,jpg 230KB,2025-12-recyclable-kraft-puzzle-boxes.jpg,57ce9a3a9cc1963290c35c6ce8d0d6faf5c2bff4f53a5287c334564e0347d94c
https://kraftboxpack.com/wp-content/uploads/2026/01/Bakery-packaging-wholesale.jpg,downloaded,jpg 453KB,2026-01-bakery-packaging-wholesale.jpg,5e5917d30abd79aed50b3df31b56090d4df13096c92772a267e5e6c417235d61
https://kraftboxpack.com/wp-content/uploads/2026/01/Bankers-Box-Heavy-Duty-Storage-Boxes-10x12x15-10-Pack.jpg,downloaded,jpg 295KB,2026-01-bankers-box-heavy-duty-storage-boxes-10x12x15-10-pack.jpg,b91e37aa7d30c8114f2eb4b9d78d6da108a09f9f27e56cdc85b78cc4fc8e0825
https://kraftboxpack.com/wp-content/uploads/2026/01/Bankers-Boxes-10-Pack.jpg,downloaded,jpg 422KB,2026-01-bankers-boxes-10-pack.jpg,57abceecde7a5147d43b45e7594fb8a17b0f65d86ae6753d05ace37f1d72b266
https://kraftboxpack.com/wp-content/uploads/2026/01/Bouquet-boxes-for-flowers.jpg,downloaded,jpg 307KB,2026-01-bouquet-boxes-for-flowers.jpg,4e83aba8cd56f0c82fd0ed1e6554757405639b6086406f43a6e14fe253bd24c4
https://kraftboxpack.com/wp-content/uploads/2026/01/Cardboard-flower-boxes-wholesale.jpg,downloaded,jpg 519KB,2026-01-cardboard-flower-boxes-wholesale.jpg,010dc42f08f357b0476f0b853ef5806caa2922b0f1c9fbf3261a18f201c4949c
https://kraftboxpack.com/wp-content/uploads/2026/01/Cosmetic-boxes-packaging.jpg,downloaded,jpg 403KB,2026-01-cosmetic-boxes-packaging.jpg,97d42c5838cda4a5ed40d86c07be28c16a0425652779da89cc989c45ea07652b
https://kraftboxpack.com/wp-content/uploads/2026/01/Cosmetic-boxes.jpg,downloaded,jpg 196KB,2026-01-cosmetic-boxes.jpg,a3f6dec7d0f6619b6761e47cc8f8bab475e95bedf85b3d64d50619f287899af3
https://kraftboxpack.com/wp-content/uploads/2026/01/Cosmetic-packaging-Boxes-wholesale.jpg,downloaded,jpg 293KB,2026-01-cosmetic-packaging-boxes-wholesale.jpg,a7cf66616ed6c69df2ca71053357643ff5f61017f752762cfda7a882efe7c64a
https://kraftboxpack.com/wp-content/uploads/2026/01/Cosmetic-packaging-Boxes.jpg,downloaded,jpg 326KB,2026-01-cosmetic-packaging-boxes.jpg,303f0374a382e49e23e04dccf9ef0470547dc8d825edf8dd34fe6dc1c5033c2a
https://kraftboxpack.com/wp-content/uploads/2026/01/Cosmetic-packaging-for-small-business.jpg,downloaded,jpg 354KB,2026-01-cosmetic-packaging-for-small-business.jpg,0961547612fe183d0a72976866e158b26334822be8a7cee7b1c6192bb35656cf
https://kraftboxpack.com/wp-content/uploads/2026/01/Counter-display-boxes-Cardboard.jpg,downloaded,jpg 161KB,2026-01-counter-display-boxes-cardboard.jpg,57b1b72484c9014a85f77bd2bd612b45a503bf2759e6c2dba66718a239e398da
https://kraftboxpack.com/wp-content/uploads/2026/01/Craft-packaging-supplies.jpg,downloaded,jpg 402KB,2026-01-craft-packaging-supplies.jpg,39aef1d21e5515d92b313318cb360dedc72c2f3200a5ed94ac533f6cde0b6737
https://kraftboxpack.com/wp-content/uploads/2026/01/Custom-Kraft-Event-Favor-Boxes.jpg,downloaded,jpg 564KB,2026-01-custom-kraft-event-favor-boxes.jpg,e04bd02cb1f3082cae8eb0471a166928b3b986932f6207695867cf8ef2f86f0a
https://kraftboxpack.com/wp-content/uploads/2026/01/Custom-Kraft-Eyelash-Packaging-Boxes.jpg,downloaded,jpg 232KB,2026-01-custom-kraft-eyelash-packaging-boxes.jpg,c326530016c4e62f4a5d35138347f556b3cc0447f67fb1b625dc7c18450de030
https://kraftboxpack.com/wp-content/uploads/2026/01/Custom-Kraft-Flip-Top-Rigid-Boxes.jpg,downloaded,jpg 182KB,2026-01-custom-kraft-flip-top-rigid-boxes.jpg,18205037cc2b3023ceb944aca5a3e613dc3ac054ffbd40361a680ddff9bce17b
https://kraftboxpack.com/wp-content/uploads/2026/01/Custom-Kraft-Flower-Boxes.jpg,downloaded,jpg 579KB,2026-01-custom-kraft-flower-boxes.jpg,f2d5bfd439ab933714390580a5442f2e9f6bf039c28fbd34d4da3a32ab4bb67e
https://kraftboxpack.com/wp-content/uploads/2026/01/Custom-Kraft-Frozen-Food-Boxes.jpg,downloaded,jpg 259KB,2026-01-custom-kraft-frozen-food-boxes.jpg,b58ab5429e09ef4bad662df30103ca73e1f6616110baecc5473cb6d191013e33
https://kraftboxpack.com/wp-content/uploads/2026/01/Custom-Kraft-Fruit-Packaging-Boxes.jpg,downloaded,jpg 451KB,2026-01-custom-kraft-fruit-packaging-boxes.jpg,c6d5b22339f050df390c1ae5d2afc91ea538e7b62e49d0190ef047f90775e76d
https://kraftboxpack.com/wp-content/uploads/2026/01/Custom-Kraft-Giveaway-Packaging-Boxes.jpg,downloaded,jpg 537KB,2026-01-custom-kraft-giveaway-packaging-boxes.jpg,e5605e9b0c86e0867e79fb39abd31768de681ed0a823bd00d871b5c3b072e17c
https://kraftboxpack.com/wp-content/uploads/2026/01/Custom-Kraft-Insulated-Cold-Boxes.jpg,downloaded,jpg 526KB,2026-01-custom-kraft-insulated-cold-boxes.jpg,e729bbe30220d7a65ea03481985a93ac0b5fcf2b38f29ed83247e0d2fa0c71e2
https://kraftboxpack.com/wp-content/uploads/2026/01/Custom-Kraft-Perfume-Box.jpg,downloaded,jpg 246KB,2026-01-custom-kraft-perfume-box.jpg,1cbe3ab3249b0f317270f9d3eef8e727b956263621447e1fb4d6161a0d592a26
https://kraftboxpack.com/wp-content/uploads/2026/01/Custom-Kraft-Promotional-Boxes.jpg,downloaded,jpg 366KB,2026-01-custom-kraft-promotional-boxes.jpg,d0f44a12804d9c7511cf4396c74f622a89b0b317dbcd11edd322484a26f76d1f
https://kraftboxpack.com/wp-content/uploads/2026/01/Custom-Kraft-Ribbon-Closure-Boxes.jpg,downloaded,jpg 308KB,2026-01-custom-kraft-ribbon-closure-boxes.jpg,0202d6e01c70927e60e438f925558864acc3fccf39a0bf85eaec2f6c57e2750d
https://kraftboxpack.com/wp-content/uploads/2026/01/Custom-Kraft-Seafood-Boxes.jpg,downloaded,jpg 496KB,2026-01-custom-kraft-seafood-boxes.jpg,ee80c9f135d25df223ea9d7ef08066310e6bbe32c7d125eee27f2dafd27875cd
https://kraftboxpack.com/wp-content/uploads/2026/01/Custom-Kraft-Snack-Packaging-Boxes.jpg,downloaded,jpg 219KB,2026-01-custom-kraft-snack-packaging-boxes.jpg,df79decf872e0d270225efbc38ea14ad17ee0307d067a671767cf5481116d5b4
https://kraftboxpack.com/wp-content/uploads/2026/01/Custom-Kraft-Stationery-Boxes.jpg,downloaded,jpg 366KB,2026-01-custom-kraft-stationery-boxes.jpg,ff59bffedb1374fc69182d396cb514d208577b6364e3aa472b88b412e965623e
https://kraftboxpack.com/wp-content/uploads/2026/01/Custom-Kraft-Underwear-Packaging-Boxes.jpg,downloaded,jpg 158KB,2026-01-custom-kraft-underwear-packaging-boxes.jpg,2f6eb972c36ae28f39b248e7d131e5d48a61583a007d56104ec3defa9dd9bc30
https://kraftboxpack.com/wp-content/uploads/2026/01/Custom-Kraft-meat-packaging-boxes-sizes.jpg,downloaded,jpg 163KB,2026-01-custom-kraft-meat-packaging-boxes-sizes.jpg,53a9282b8f52f8f49bb2c06e3583e3279edae2063d9e1d38f74d590412dba853
https://kraftboxpack.com/wp-content/uploads/2026/01/Custom-Kraft-thermal-kraft-boxes.jpg,downloaded,jpg 538KB,2026-01-custom-kraft-thermal-kraft-boxes.jpg,14fbc7fb7dc5de42c1dd8d93e9d4e4681b64c9308a31cb7dd57a11ac436926eb
https://kraftboxpack.com/wp-content/uploads/2026/01/Custom-Luxury-Magnetic-Gift-Box.jpg,downloaded,jpg 183KB,2026-01-custom-luxury-magnetic-gift-box.jpg,0c1d1e86fca300094bc10cb017ddb03c025f0d315e58fe96a903477c8952716e
https://kraftboxpack.com/wp-content/uploads/2026/01/Custom-collapsible-rigid-boxes.jpg,downloaded,jpg 302KB,2026-01-custom-collapsible-rigid-boxes.jpg,219b7824055706147272c66fbf55fb909ebd22fd9d1b8df88bcbe822c2cd6bb1
https://kraftboxpack.com/wp-content/uploads/2026/01/Custom-kraft-ppe-packaging-boxes.jpg,downloaded,jpg 208KB,2026-01-custom-kraft-ppe-packaging-boxes.jpg,e385cc05ff6871d28b26285a258f467a9f76c2d26cbe16a4ea257c9b6521a698
https://kraftboxpack.com/wp-content/uploads/2026/01/Custom-makeup-boxes.jpg,downloaded,jpg 60KB,2026-01-custom-makeup-boxes.jpg,723da79ed11ae38d8bc24e9f989e3a5474ddbee93e9a997aff7791142b890709
https://kraftboxpack.com/wp-content/uploads/2026/01/Eco-friendly-toy-packaging-for-toys.jpg,downloaded,jpg 277KB,2026-01-eco-friendly-toy-packaging-for-toys.jpg,dc36e4b84ff3f7b536b66d4fa4db174072158b271830528876e4e9c834595636
https://kraftboxpack.com/wp-content/uploads/2026/01/Flap-Box-Packaging.jpg,downloaded,jpg 192KB,2026-01-flap-box-packaging.jpg,fd655420e35fa4bc57fbb71a91c0c93c39e58e0ae4490d57164bc978dc80856b
https://kraftboxpack.com/wp-content/uploads/2026/01/Flower-Gift-Box-Empty.jpg,downloaded,jpg 431KB,2026-01-flower-gift-box-empty.jpg,5c85a70c720dd372ae03b33dce6956b7af80df5e6bb48f2ff95a826f72c18eb7
https://kraftboxpack.com/wp-content/uploads/2026/01/Gift-Boxes-with-dividers.jpg,downloaded,jpg 469KB,2026-01-gift-boxes-with-dividers.jpg,2174cb24af0cc2808cfb08ff39147ad86510f310f12e1a489acb76557f551fca
https://kraftboxpack.com/wp-content/uploads/2026/01/Heart-shaped-cardboard-Box.jpg,downloaded,jpg 219KB,2026-01-heart-shaped-cardboard-box.jpg,dd2ef6e796acff3d3148264ca1f872b42843a681e695e8c4bd241a14dfc91f4d
https://kraftboxpack.com/wp-content/uploads/2026/01/Heavy-Duty-Bankers-Boxes-with-Lids.jpg,downloaded,jpg 227KB,2026-01-heavy-duty-bankers-boxes-with-lids.jpg,398077d694c651745d44672d1186eea8cb18552d8ea3b03ac15002e080e2d146
https://kraftboxpack.com/wp-content/uploads/2026/01/Heavy-Duty-File-Boxes.jpg,downloaded,jpg 339KB,2026-01-heavy-duty-file-boxes.jpg,0a6b0324a6abecd82a032431da451238a849e247b930945147fa0d8ba8a62ed7
https://kraftboxpack.com/wp-content/uploads/2026/01/Hexagon-box-template.jpg,downloaded,jpg 230KB,2026-01-hexagon-box-template.jpg,61570e84cb8fc57da423bbcb8b782f3f43f87188f917ed61a6319117a6faabc4
https://kraftboxpack.com/wp-content/uploads/2026/01/Hexagonal-box-electrical.jpg,downloaded,jpg 410KB,2026-01-hexagonal-box-electrical.jpg,978db665dd29a4899d8374b5a1375ced3a960ac7db8007edd5495e0564e0c2d6
https://kraftboxpack.com/wp-content/uploads/2026/01/Kraft-Box-packaging.jpg,downloaded,jpg 348KB,2026-01-kraft-box-packaging.jpg,093a2f680b52f52ff1cee975ed7ab6c8b988efacd6789938f62ef73a6183f0c2
https://kraftboxpack.com/wp-content/uploads/2026/01/Kraft-Box-with-Window-wholesale.jpg,downloaded,jpg 308KB,2026-01-kraft-box-with-window-wholesale.jpg,303cb5d4137e2ec530b8b23bb07ac5e6012f1062fb93fb7279f731a52b343a92
https://kraftboxpack.com/wp-content/uploads/2026/01/Kraft-Candy-Favor-Boxes.jpg,downloaded,jpg 308KB,2026-01-kraft-candy-favor-boxes.jpg,3a138175c5c3146db8f7880dc2f4d1a7057675ccd2eab2aeaa390ccdb8158ca9
https://kraftboxpack.com/wp-content/uploads/2026/01/Kraft-Corrugated-Shelf-Ready-Packaging.jpg,downloaded,jpg 206KB,2026-01-kraft-corrugated-shelf-ready-packaging.jpg,e0f19aafcaea5c60a271fae65c963ec59c5b3710342d12157d76a2d406d9d9b1
https://kraftboxpack.com/wp-content/uploads/2026/01/Kraft-Earring-Packaging-Boxes.jpg,downloaded,jpg 329KB,2026-01-kraft-earring-packaging-boxes.jpg,7c07301ccb03b3734d6a89ce4a1122129298ece84cf7cfc750816060b175770a
https://kraftboxpack.com/wp-content/uploads/2026/01/Kraft-Event-Favor-Box.jpg,downloaded,jpg 291KB,2026-01-kraft-event-favor-box.jpg,f76f83927c6efb2217dcfe5ab35d5b15dcfb5f1ba5c202b98cd7e34f05ed8c21
https://kraftboxpack.com/wp-content/uploads/2026/01/Kraft-Event-Favor-Boxe-Wholesale.jpg,downloaded,jpg 308KB,2026-01-kraft-event-favor-boxe-wholesale.jpg,3a138175c5c3146db8f7880dc2f4d1a7057675ccd2eab2aeaa390ccdb8158ca9
https://kraftboxpack.com/wp-content/uploads/2026/01/Kraft-Event-Favor-Boxes-Packaging.jpg,downloaded,jpg 393KB,2026-01-kraft-event-favor-boxes-packaging.jpg,e45811cbff26f0788a92548310a54b463158689a6aba02ddde63b653ea5632fe
https://kraftboxpack.com/wp-content/uploads/2026/01/Kraft-Event-Favor-Boxes.jpg,downloaded,jpg 427KB,2026-01-kraft-event-favor-boxes.jpg,81625aabe16dbffd5da17f1b8bf2d7ab933fde39d332e3c6d70a8ed4e5d09586
https://kraftboxpack.com/wp-content/uploads/2026/01/Kraft-Eyelash-Packaging-Box.jpg,downloaded,jpg 470KB,2026-01-kraft-eyelash-packaging-box.jpg,4f51e443ddf806e01e0ede169ff8a9c8d4629446e286310d15ca55d2a63afc4c
https://kraftboxpack.com/wp-content/uploads/2026/01/Kraft-Eyelash-Packaging-Boxes-Packaging.jpg,downloaded,jpg 288KB,2026-01-kraft-eyelash-packaging-boxes-packaging.jpg,0c7a6a3072c1d8a1d8963104a8e73629f8377c4ae8c82d7b4f403e9ad444fcba
https://kraftboxpack.com/wp-content/uploads/2026/01/Kraft-Eyelash-Packaging-Boxes-Wholesale.jpg,downloaded,jpg 298KB,2026-01-kraft-eyelash-packaging-boxes-wholesale.jpg,c0481e44cf2279eaeb8bb58af3be3a7348cee2c7833b95cf4df8ee6d2a2e825b
https://kraftboxpack.com/wp-content/uploads/2026/01/Kraft-Eyelash-Packaging-Boxes.jpg,downloaded,jpg 400KB,2026-01-kraft-eyelash-packaging-boxes.jpg,79d66d0a66443041e2e5a21ca44ec28908c7ee3a7613456bca1bf446695fc9eb
https://kraftboxpack.com/wp-content/uploads/2026/01/Kraft-Flip-Top-Rigid-Box.jpg,downloaded,jpg 233KB,2026-01-kraft-flip-top-rigid-box.jpg,ec70dbad0e3b04f173e376fc77a1bbeaee48c73cbccc0cf22d648797a95209a0
https://kraftboxpack.com/wp-content/uploads/2026/01/Kraft-Flip-Top-Rigid-Boxes-Packaging.jpg,downloaded,jpg 301KB,2026-01-kraft-flip-top-rigid-boxes-packaging.jpg,209dbcc9e5fe9f6a42c2e3f8e449c8182b2b79b15d4f0beb6ac62bfe0d5d82d9
https://kraftboxpack.com/wp-content/uploads/2026/01/Kraft-Flip-Top-Rigid-Boxes-Wholesale.jpg,downloaded,jpg 145KB,2026-01-kraft-flip-top-rigid-boxes-wholesale.jpg,e20b3896547639b3c347a40c1898ca7041850f3086748eb908b6e49257b59736
https://kraftboxpack.com/wp-content/uploads/2026/01/Kraft-Flip-Top-Rigid-Boxes.jpg,downloaded,jpg 250KB,2026-01-kraft-flip-top-rigid-boxes.jpg,572082dba8c7631e58b61b90b0bbe38caee72689deaf103797bdfb811574a17d
https://kraftboxpack.com/wp-content/uploads/2026/01/Kraft-Flower-Box.jpg,downloaded,jpg 506KB,2026-01-kraft-flower-box.jpg,964ff1d032302944927f61b7ddc4b7a6d6f5a5d292b973a3ce21fd90519cebfe
https://kraftboxpack.com/wp-content/uploads/2026/01/Kraft-Flower-Boxes-Packaging.jpg,downloaded,jpg 294KB,2026-01-kraft-flower-boxes-packaging.jpg,90451519fd1bf47fea403395c42b2f4b28227d2bc5ffa3ab3f9d8eb119990a4b
https://kraftboxpack.com/wp-content/uploads/2026/01/Kraft-Flower-Boxes-Wholesale.jpg,downloaded,jpg 377KB,2026-01-kraft-flower-boxes-wholesale.jpg,f3fc8e3e5c0247461360ff82a3c20b53c4e9d1e5597e1f1798acd43aeb2c8f21
https://kraftboxpack.com/wp-content/uploads/2026/01/Kraft-Flower-Boxes.jpg,downloaded,jpg 579KB,2026-01-kraft-flower-boxes.jpg,91013c097dabe2c09ed274cbe4a9b498a82e41f3b77179725277753053d9e7a0
https://kraftboxpack.com/wp-content/uploads/2026/01/Kraft-Frozen-Food-Box.jpg,downloaded,jpg 320KB,2026-01-kraft-frozen-food-box.jpg,629c32e882b3dd64e895a50b00f4195a7e26ab35f4e9d3ab957fdc7092b9bf5c
https://kraftboxpack.com/wp-content/uploads/2026/01/Kraft-Frozen-Food-Boxes-Packaging.jpg,downloaded,jpg 373KB,2026-01-kraft-frozen-food-boxes-packaging.jpg,d9046a81c75582dc244abb55a2bd5fee678d533058c788095ff4172745ef402b
https://kraftboxpack.com/wp-content/uploads/2026/01/Kraft-Frozen-Food-Boxes-Wholesale.jpg,downloaded,jpg 502KB,2026-01-kraft-frozen-food-boxes-wholesale.jpg,796b47316a285201aaf35a823e14823e310970ea0a711206705f083c608c264f
https://kraftboxpack.com/wp-content/uploads/2026/01/Kraft-Frozen-Food-Boxes.jpg,downloaded,jpg 321KB,2026-01-kraft-frozen-food-boxes.jpg,e2d180e17ba7adba642d24984add40aa2a80c87563d6cdf7cc4f0b337c908c69
https://kraftboxpack.com/wp-content/uploads/2026/01/Kraft-Fruit-Packaging-Box.jpg,downloaded,jpg 385KB,2026-01-kraft-fruit-packaging-box.jpg,eefee3f3116d0b15b933a37aa842eaa17ead4fb4f91008a22be3452836777253
https://kraftboxpack.com/wp-content/uploads/2026/01/Kraft-Fruit-Packaging-Boxes-Packaging.jpg,downloaded,jpg 318KB,2026-01-kraft-fruit-packaging-boxes-packaging.jpg,2958da7ca9a4791ea906fc7e3de4c6e029126fedcb265da92e1811f42be17d0c
https://kraftboxpack.com/wp-content/uploads/2026/01/Kraft-Fruit-Packaging-Boxes-Wholesale.jpg,downloaded,jpg 308KB,2026-01-kraft-fruit-packaging-boxes-wholesale.jpg,861b115934eefa1b174fd288549e7e50a01b9d5698c04e758e4fc95367609963
https://kraftboxpack.com/wp-content/uploads/2026/01/Kraft-Fruit-Packaging-Boxes.jpg,downloaded,jpg 287KB,2026-01-kraft-fruit-packaging-boxes.jpg,279dd66442345f47e716616635494520a023c0ac1bb8ba9bbab6581563182ad2
https://kraftboxpack.com/wp-content/uploads/2026/01/Kraft-Giveaway-Packaging-Box.jpg,downloaded,jpg 520KB,2026-01-kraft-giveaway-packaging-box.jpg,0b0abc0efdb43f449455bccbc75b1478f2fa9e9f4ceda0b9b6007f91e82caa88
https://kraftboxpack.com/wp-content/uploads/2026/01/Kraft-Giveaway-Packaging-Boxes-Packaging.jpg,downloaded,jpg 793KB,2026-01-kraft-giveaway-packaging-boxes-packaging.jpg,21bd448662bfe78eff01afb1473d3f5471397f632fda9c4901e529679f806739
https://kraftboxpack.com/wp-content/uploads/2026/01/Kraft-Giveaway-Packaging-Boxes-Wholesale.jpg,downloaded,jpg 234KB,2026-01-kraft-giveaway-packaging-boxes-wholesale.jpg,5af20803d7ff8d72ced5126b80c867d7245c18559d68acf29c1941b62b8e70fc
https://kraftboxpack.com/wp-content/uploads/2026/01/Kraft-Giveaway-Packaging-Boxes.jpg,downloaded,jpg 619KB,2026-01-kraft-giveaway-packaging-boxes.jpg,f3ee40ff6acb778d00fd1bfa698b7b4351d3afee44f6b3451ff2837779d08b6b
https://kraftboxpack.com/wp-content/uploads/2026/01/Kraft-Insulated-Cold-Boxes-Pacaging.jpg,downloaded,jpg 230KB,2026-01-kraft-insulated-cold-boxes-pacaging.jpg,6470189510250017b5d81ed57176af41ae5fe68cf759122781f711e350939099
https://kraftboxpack.com/wp-content/uploads/2026/01/Kraft-Insulated-Cold-Boxes.jpg,downloaded,jpg 329KB,2026-01-kraft-insulated-cold-boxes.jpg,107b618a3a26344b4da6395b98b186960d9f8c816c7b786762bb858a652a2a1c
https://kraftboxpack.com/wp-content/uploads/2026/01/Kraft-Lid-Base-Rigid-Boxes.jpg,downloaded,jpg 193KB,2026-01-kraft-lid-base-rigid-boxes.jpg,aea2d52bd7aa9755552c13dfddfc187116b011ca03e6218bf40050331f2905d4
https://kraftboxpack.com/wp-content/uploads/2026/01/Kraft-Luxury-Magnet-Boxes-Wholesale.jpg,downloaded,jpg 249KB,2026-01-kraft-luxury-magnet-boxes-wholesale.jpg,705d2ee90a63cd56277e3bc4486718c6032f81b30fb8ddc97d795b51d8362d6f
https://kraftboxpack.com/wp-content/uploads/2026/01/Kraft-Mascara-Boxes.jpg,downloaded,jpg 423KB,2026-01-kraft-mascara-boxes.jpg,65c771f02fa4792553da565d63ee78fa05850945f470a841d3d52d0e81ba63ad
https://kraftboxpack.com/wp-content/uploads/2026/01/Kraft-Meat-Packaging-Boxes.jpg,downloaded,jpg 359KB,2026-01-kraft-meat-packaging-boxes.jpg,0018fbe1d7363ca17f7d26030c7c242389f98657b17b692aa16329b3b8ddc5ae
https://kraftboxpack.com/wp-content/uploads/2026/01/Kraft-Milk-Bottle-Carriers-In-Bulk.jpg,downloaded,jpg 632KB,2026-01-kraft-milk-bottle-carriers-in-bulk.jpg,18d76541cb04b4ced4d2d834b5313c559e402b80e116b63153f1ca8cfbce395a
https://kraftboxpack.com/wp-content/uploads/2026/01/Kraft-Milk-Bottle-Carriers-Packaging.jpg,downloaded,jpg 147KB,2026-01-kraft-milk-bottle-carriers-packaging.jpg,09dd70201fd97a22d311e349cdceb11dc7cfe8e44d314fba2e1b4397125ac2d2
https://kraftboxpack.com/wp-content/uploads/2026/01/Kraft-Milk-Bottle-Carriers-Wholesale.jpg,downloaded,jpg 243KB,2026-01-kraft-milk-bottle-carriers-wholesale.jpg,cfeba5990da1c1766197af9f5bd71dcc347b80b7d958344057462d148d54cf90
https://kraftboxpack.com/wp-content/uploads/2026/01/Kraft-Muffin-Packaging-Boxes.jpg,downloaded,jpg 282KB,2026-01-kraft-muffin-packaging-boxes.jpg,c2c73177ff77100386754635de377517eda126515d8cf467626ed45a34e14dc8
https://kraftboxpack.com/wp-content/uploads/2026/01/Kraft-Octagon-Boxes.jpg,downloaded,jpg 123KB,2026-01-kraft-octagon-boxes.jpg,cd2ef13d939710978f27589527dc8c7efac2f7fe1c662a831dfd59c988c629af
https://kraftboxpack.com/wp-content/uploads/2026/01/Kraft-POP-Display-Boxes.jpg,downloaded,jpg 157KB,2026-01-kraft-pop-display-boxes.jpg,ead1914f9292782f1211f2c02113b42ca82b3d2156612be90c0371fffb8e92bc
https://kraftboxpack.com/wp-content/uploads/2026/01/Kraft-PPE-Packaging-Boxes.jpg,downloaded,jpg 206KB,2026-01-kraft-ppe-packaging-boxes.jpg,3c072a8b6853d12ff8e9a2da1e084028945f1b5e430df6e2e54b13e99af3294b
https://kraftboxpack.com/wp-content/uploads/2026/01/Kraft-Paper-Sandwich-Wedge-Boxes.jpg,downloaded,jpg 440KB,2026-01-kraft-paper-sandwich-wedge-boxes.jpg,b1b40d2804b36ad11b139453190b649dc3fbab3a5c111b0e0ae4a14031f4bd77
https://kraftboxpack.com/wp-content/uploads/2026/01/Kraft-Paper-Tube-manufacturer.jpg,downloaded,jpg 361KB,2026-01-kraft-paper-tube-manufacturer.jpg,25c662ae1d9ff2cc5b1562e779b8977bd4f7471ea4d7402005c7f8586c6c8882
https://kraftboxpack.com/wp-content/uploads/2026/01/Kraft-Paper-boxes-wholesale.jpg,downloaded,jpg 184KB,2026-01-kraft-paper-boxes-wholesale.jpg,6968790730df643703c0275437277b28c5f790bf1ce1c4234a9641cdfc99b07e
https://kraftboxpack.com/wp-content/uploads/2026/01/Kraft-Perfume-Boxes.jpg,downloaded,jpg 289KB,2026-01-kraft-perfume-boxes.jpg,fd0d3e031db0e211045804031f84b6bec1ecd3cba80cf2c7ea2a8ec355745494
https://kraftboxpack.com/wp-content/uploads/2026/01/Kraft-Photo-Frame-Boxes.jpg,downloaded,jpg 284KB,2026-01-kraft-photo-frame-boxes.jpg,7c5288adb988812cbe2c38561a908523aa48d43c61fb38bb9db7c7aa7171c5ad
https://kraftboxpack.com/wp-content/uploads/2026/01/Kraft-Prawn-Packaging-Boxes.jpg,downloaded,jpg 240KB,2026-01-kraft-prawn-packaging-boxes.jpg,b129508e92e335958481e547a9e34ad881976ecb2597895f77749bab0aaaf579
https://kraftboxpack.com/wp-content/uploads/2026/01/Kraft-Promotional-Box.jpg,downloaded,jpg 236KB,2026-01-kraft-promotional-box.jpg,16259e6796f5ba325ab0f5d02d25a914f6eb332611796f2062ee10bbd777ae0b
https://kraftboxpack.com/wp-content/uploads/2026/01/Kraft-Pyramid-Boxes.jpg,downloaded,jpg 210KB,2026-01-kraft-pyramid-boxes.jpg,13982cebbe5c80962f36fa97d593f2b34203fc1909a41b757e8f2453672044d1
https://kraftboxpack.com/wp-content/uploads/2026/01/Kraft-Recycled-Kraft-Boxes.jpg,downloaded,jpg 266KB,2026-01-kraft-recycled-kraft-boxes.jpg,cdae6b2bedbc726e8f037c4416cce04be8823e16e0968cd2d44ff9e7fa687910
https://kraftboxpack.com/wp-content/uploads/2026/01/Kraft-Retail-Display-Trays.jpg,downloaded,jpg 152KB,2026-01-kraft-retail-display-trays.jpg,99ce5bc0c9753c05a249a5d0d7cd67e915c36afe5154aa0511c26e9580f3251a
https://kraftboxpack.com/wp-content/uploads/2026/01/Kraft-Rigid-Boxes.jpg,downloaded,jpg 261KB,2026-01-kraft-rigid-boxes.jpg,8a85ec299bdb963e9bc98ab1ab4457b3ede82edd0db1c9bce17459493737a96d
https://kraftboxpack.com/wp-content/uploads/2026/01/Kraft-Ring-Packaging-Boxes.webp,downloaded,webp 33KB,2026-01-kraft-ring-packaging-boxes.webp,6315cdc0a8b8dd174b13d8145a871f592a71674f815ca2a14d376cd3df7ca1f9
https://kraftboxpack.com/wp-content/uploads/2026/01/Kraft-Sandwich-Wedge-Boxes.jpg,downloaded,jpg 121KB,2026-01-kraft-sandwich-wedge-boxes.jpg,f9c59bf2147315111da05d9f73ff6e7a711b935b799c59d5043b45e7a68eef2a
https://kraftboxpack.com/wp-content/uploads/2026/01/Kraft-Sandwich-Wedge-Packaging.jpg,downloaded,jpg 267KB,2026-01-kraft-sandwich-wedge-packaging.jpg,d4132d304244a066765feaa0538bf312f03ab4477608002f432aadd92bbb6c53
https://kraftboxpack.com/wp-content/uploads/2026/01/Kraft-Seafood-Boxes.jpg,downloaded,jpg 604KB,2026-01-kraft-seafood-boxes.jpg,a790f2c1829e824d2e8a208e794920111d8c88a63c1bb9dbd9fabe105bba038c
https://kraftboxpack.com/wp-content/uploads/2026/01/Kraft-Seafood-Packaging-Boxes.jpg,downloaded,jpg 217KB,2026-01-kraft-seafood-packaging-boxes.jpg,a9e122a7d9faa20ba55763d6e44fa64bf9b42b51c5eadcbbde423f27921eb081
https://kraftboxpack.com/wp-content/uploads/2026/01/Kraft-Shelf-Display-Packaging-1.jpg,downloaded,jpg 324KB,2026-01-kraft-shelf-display-packaging-1.jpg,750fa25dc57c9382252f7074376107ce6fc08eb5a154b23715102a8e1159876b
https://kraftboxpack.com/wp-content/uploads/2026/01/Kraft-Shelf-Ready-Packaging-1.jpg,downloaded,jpg 206KB,2026-01-kraft-shelf-ready-packaging-1.jpg,2f849ac859a1666723937a631a80af525216010f488bf21256c6ff7edbf34a14
https://kraftboxpack.com/wp-content/uploads/2026/01/Kraft-Shelf-Ready-Retail-Boxes-1.jpg,downloaded,jpg 473KB,2026-01-kraft-shelf-ready-retail-boxes-1.jpg,3c88e6a3ae7057e5f515ed47ee96dde97c7768f676a902d529d3668c38285db5
https://kraftboxpack.com/wp-content/uploads/2026/01/Kraft-Shelf-Ready-Trays-1.jpg,downloaded,jpg 227KB,2026-01-kraft-shelf-ready-trays-1.jpg,46e3ab023ef4bf3fdbfcc9c43bd8c5e996ec3fa73b63778479f9f30344355fa2
https://kraftboxpack.com/wp-content/uploads/2026/01/Kraft-Skincare-Boxes.jpg,downloaded,jpg 117KB,2026-01-kraft-skincare-boxes.jpg,b4787b01b08b9aa51d4a8278d7c10fb878f6f133aa235a8a6c087863707fc113
https://kraftboxpack.com/wp-content/uploads/2026/01/Kraft-Snack-Packaging-Box.jpg,downloaded,jpg 340KB,2026-01-kraft-snack-packaging-box.jpg,e6e0599e0c8818c4c0c4d5fb393a058a8ec37c75dbb407e130f8379ddc2ae41d
https://kraftboxpack.com/wp-content/uploads/2026/01/Kraft-Snack-Packaging-Boxes-In-Bulk.jpg,downloaded,jpg 309KB,2026-01-kraft-snack-packaging-boxes-in-bulk.jpg,cfffd1cf9c9510185236af48f359634b782e3f0675ab522aafa6cc47da9e5d17
https://kraftboxpack.com/wp-content/uploads/2026/01/Kraft-Stationery-Box-Packaging.jpg,downloaded,jpg 289KB,2026-01-kraft-stationery-box-packaging.jpg,1a557819ac8391be0ab5381d2749cd0b1cd211d851bd1ab1d214d89d670dda0f
https://kraftboxpack.com/wp-content/uploads/2026/01/Kraft-Stationery-Boxes-Wholesale.jpg,downloaded,jpg 266KB,2026-01-kraft-stationery-boxes-wholesale.jpg,d54d3bb673397e1ade2e0f4c9a2513d192de263f28e3f959ea369a343840ac3e
https://kraftboxpack.com/wp-content/uploads/2026/01/Kraft-Storage-Box.jpg,downloaded,jpg 932KB,2026-01-kraft-storage-box.jpg,98657a6a5b2ab8abba8583026e0315c5679eac9c5e161d21a39ef7963037cd2a
https://kraftboxpack.com/wp-content/uploads/2026/01/Kraft-Supplement-Boxes.jpg,downloaded,jpg 382KB,2026-01-kraft-supplement-boxes.jpg,1083aa73d0d168ee0a122689bfc46ca0468a0151a0e1695c767e51008e6e5536
https://kraftboxpack.com/wp-content/uploads/2026/01/Kraft-Sushi-Packaging-Boxes.jpg,downloaded,jpg 1051KB,2026-01-kraft-sushi-packaging-boxes.jpg,945ae9abd76d57e811d1555ec40d87aabf3c95d5b4f57a149c616a48b93685c7
https://kraftboxpack.com/wp-content/uploads/2026/01/Kraft-Toy-Packaging-Boxes.jpg,downloaded,jpg 258KB,2026-01-kraft-toy-packaging-boxes.jpg,10618d17b462f4a025477e49dc45adeb78dbaabf02a9df7d3c3e37b8bdbe9f5e
https://kraftboxpack.com/wp-content/uploads/2026/01/Kraft-Triangle-Sandwich-Boxes.jpg,downloaded,jpg 327KB,2026-01-kraft-triangle-sandwich-boxes.jpg,bd75473d7c9487c338c8ec43d89ccb2325bfca0a26cf970d038aab62a96fc728
https://kraftboxpack.com/wp-content/uploads/2026/01/Kraft-Tube-Packaging.jpg,downloaded,jpg 221KB,2026-01-kraft-tube-packaging.jpg,d1e050afaf09f55014e72e706f3c5a5d49b36ed82a67a3787c5bf19af6441f0f
https://kraftboxpack.com/wp-content/uploads/2026/01/Kraft-Underwear-Packaging-Boxes.jpg,downloaded,jpg 489KB,2026-01-kraft-underwear-packaging-boxes.jpg,9f44ad0cbb19a2a127128f2dbe9756dd7a9303e7a5c8f917231ae53187491497
https://kraftboxpack.com/wp-content/uploads/2026/01/Kraft-Vitamin-Packaging-Boxes.jpg,downloaded,jpg 307KB,2026-01-kraft-vitamin-packaging-boxes.jpg,cdd46fd83bdcc39b7663a7f34dba19dbbc48511af37890e1a93143bbd7f36d14
https://kraftboxpack.com/wp-content/uploads/2026/01/Kraft-Watch-Packaging-Boxes.jpg,downloaded,jpg 85KB,2026-01-kraft-watch-packaging-boxes.jpg,a1b24b73cf73cbcc80cf283aadeaf80d1addc70c3f5364c6998787c46b04d09b
https://kraftboxpack.com/wp-content/uploads/2026/01/Kraft-board-toy-packaging.jpg,downloaded,jpg 237KB,2026-01-kraft-board-toy-packaging.jpg,27f3ac78ab92eb35a9a3c36d6bdc7b77f1a8595f78d485155e52fce585a90af8
https://kraftboxpack.com/wp-content/uploads/2026/01/Kraft-bouquet-boxes-bulk.jpg,downloaded,jpg 267KB,2026-01-kraft-bouquet-boxes-bulk.jpg,7c513147f983d4f675a9b815386d7512a794e5b14f88a776415ed9c2953bcc21
https://kraftboxpack.com/wp-content/uploads/2026/01/Kraft-bouquet-boxes-wholesale.jpg,downloaded,jpg 315KB,2026-01-kraft-bouquet-boxes-wholesale.jpg,90f04f91913d2aaec59d90fed416722736a9af6a548e1d1b9bb450e87551578b
https://kraftboxpack.com/wp-content/uploads/2026/01/Kraft-earring-packaging-boxes-for-sale.jpg,downloaded,jpg 291KB,2026-01-kraft-earring-packaging-boxes-for-sale.jpg,285e0a14f5ca6eaa7fbdbca08b2a9b4a937c099489fe9c98cde211ccccb7a128
https://kraftboxpack.com/wp-content/uploads/2026/01/Kraft-earring-packaging-boxes-wholesale.jpg,downloaded,jpg 320KB,2026-01-kraft-earring-packaging-boxes-wholesale.jpg,69d9a383556c6eee6b15ac4d18c8a82b0e05546e13118496ebdd92296af228af
https://kraftboxpack.com/wp-content/uploads/2026/01/Kraft-food-packaging.jpg,downloaded,jpg 391KB,2026-01-kraft-food-packaging.jpg,07250765993f527655403a6952f22b8321d603be462f1b797ce826663fab8b16
https://kraftboxpack.com/wp-content/uploads/2026/01/Kraft-heart-shaped-boxes-bulk.jpg,downloaded,jpg 141KB,2026-01-kraft-heart-shaped-boxes-bulk.jpg,7099bcf527d8745a48fc7cde0a152e65e79d6c51e5660a0a4a955dc4c1457fdf
https://kraftboxpack.com/wp-content/uploads/2026/01/Kraft-heart-shaped-boxes-empty.jpg,downloaded,jpg 481KB,2026-01-kraft-heart-shaped-boxes-empty.jpg,b111d65a07553aa25827a3bb38211440a3a6fa680a7e6d5cbdbd723ab133c14e
https://kraftboxpack.com/wp-content/uploads/2026/01/Kraft-heart-shaped-boxes-for-sale.jpg,downloaded,jpg 469KB,2026-01-kraft-heart-shaped-boxes-for-sale.jpg,72cde0a185464ce04c07cd35b4039795fb824b12727257d6d1296bc87e9f2465
https://kraftboxpack.com/wp-content/uploads/2026/01/Kraft-heart-shaped-boxes-wholesale.jpg,downloaded,jpg 269KB,2026-01-kraft-heart-shaped-boxes-wholesale.jpg,453fa162e72335771f041e6836aa92c2108f3a80e60273a4f7ed4ad7ce42f041
https://kraftboxpack.com/wp-content/uploads/2026/01/Kraft-heavy-duty-storage-boxes-with-lids.jpg,downloaded,jpg 481KB,2026-01-kraft-heavy-duty-storage-boxes-with-lids.jpg,97d0fcb080e76811ff0ef60ac818ad8c79ab2c4e8c66808d30825ab9fdc52836
https://kraftboxpack.com/wp-content/uploads/2026/01/Kraft-hexagon-boxes-bulk.jpg,downloaded,jpg 195KB,2026-01-kraft-hexagon-boxes-bulk.jpg,336aeb7e6eaaff9003ea73aa2ee626754e6558f74e6c343dc920c2fd00bd79b7
https://kraftboxpack.com/wp-content/uploads/2026/01/Kraft-hexagon-boxes-for-sale.jpg,downloaded,jpg 366KB,2026-01-kraft-hexagon-boxes-for-sale.jpg,ba5128f8df5e5a8c25c9e438f9ae72db5fd730f36ebdd75fb758bc726d0a7a5b
https://kraftboxpack.com/wp-content/uploads/2026/01/Kraft-hexagon-boxes-with-lids.jpg,downloaded,jpg 284KB,2026-01-kraft-hexagon-boxes-with-lids.jpg,799f4ab59d2c82c89fb0e59c14c524fb2c5fe7268724ad2144efaf452589aecc
https://kraftboxpack.com/wp-content/uploads/2026/01/Kraft-insulated-cold-boxes-for-sale.jpg,downloaded,jpg 128KB,2026-01-kraft-insulated-cold-boxes-for-sale.jpg,5e3b486863c79e8396a31097158559c3e52ae1968046f52f55c6ed7ecc262976
https://kraftboxpack.com/wp-content/uploads/2026/01/Kraft-insulated-cold-boxes-wholesale.jpg,downloaded,jpg 422KB,2026-01-kraft-insulated-cold-boxes-wholesale.jpg,da058eec5b982a87f8dea3727f50324d70a2745824f715ceb57d23268072dae6
https://kraftboxpack.com/wp-content/uploads/2026/01/Kraft-jewelry-Box.jpg,downloaded,jpg 517KB,2026-01-kraft-jewelry-box.jpg,adc9d4b68665057c2060b73a86679e675d47b57f63eae76c7790e0ac4681f4f9
https://kraftboxpack.com/wp-content/uploads/2026/01/Kraft-jewelry-Boxes-wholesale-1.jpg,downloaded,jpg 213KB,2026-01-kraft-jewelry-boxes-wholesale-1.jpg,78caeb434adb3a4cf7128f9a184d67d62209f4a95fd6647db833b4c2202e4cbe
https://kraftboxpack.com/wp-content/uploads/2026/01/Kraft-jewelry-Boxes-wholesale.jpg,downloaded,jpg 416KB,2026-01-kraft-jewelry-boxes-wholesale.jpg,4962acef0c8e3936ff5bc10a029d227c94e8375d2a15307ba0c0da91b4926e98
https://kraftboxpack.com/wp-content/uploads/2026/01/Kraft-jewelry-insert-boxes-wholesale.png,downloaded,png 773KB,2026-01-kraft-jewelry-insert-boxes-wholesale.png,ca816df2da011ba03e7fa14f8ef741fdf8968784a71b4477da314de49d6c47ed
https://kraftboxpack.com/wp-content/uploads/2026/01/Kraft-lid-base-rigid-boxes-bulk.jpg,downloaded,jpg 343KB,2026-01-kraft-lid-base-rigid-boxes-bulk.jpg,0d544f00f07ab342e83acad5d36c076250b9d20229fc480af82eba4d78195103
https://kraftboxpack.com/wp-content/uploads/2026/01/Kraft-lid-base-rigid-boxes-wholesale.jpg,downloaded,jpg 330KB,2026-01-kraft-lid-base-rigid-boxes-wholesale.jpg,43866304c5089e58a1f005a02e943084d63a2f202ddd7d415a7e6eb778b9db45
https://kraftboxpack.com/wp-content/uploads/2026/01/Kraft-mascara-boxes-wholesale.jpg,downloaded,jpg 53KB,2026-01-kraft-mascara-boxes-wholesale.jpg,48f5f500de8a9ebbeb4e6d4948752b14a5eb23753b6fff9d6651bbc59cb48775
https://kraftboxpack.com/wp-content/uploads/2026/01/Kraft-meat-packaging-boxes-for-sale.jpg,downloaded,jpg 254KB,2026-01-kraft-meat-packaging-boxes-for-sale.jpg,60b126e7d863db77eaa209580edf97bbdd58607d0e798d200b1953492ac197fd
https://kraftboxpack.com/wp-content/uploads/2026/01/Kraft-meat-packaging-boxes-sizes.jpg,downloaded,jpg 301KB,2026-01-kraft-meat-packaging-boxes-sizes.jpg,eb2c8381e04376c73186064d5e5eaba0ae3de9eeb17363c26e4fc4162263b356
https://kraftboxpack.com/wp-content/uploads/2026/01/Kraft-meat-packaging-boxes-wholesale.jpg,downloaded,jpg 261KB,2026-01-kraft-meat-packaging-boxes-wholesale.jpg,619aee23e43517d878572e45604203d99256fc34ae2762699c1c46f8c827cab4
https://kraftboxpack.com/wp-content/uploads/2026/01/Kraft-muffin-packaging-boxes-bulk.jpg,downloaded,jpg 386KB,2026-01-kraft-muffin-packaging-boxes-bulk.jpg,c62a86a3e2576a5afb96cde94447ff0641afca00f1777b7854fc5ef116b5506b
https://kraftboxpack.com/wp-content/uploads/2026/01/Kraft-muffin-packaging-boxes-empty.jpg,downloaded,jpg 207KB,2026-01-kraft-muffin-packaging-boxes-empty.jpg,ee4b8e348d64984954dfb79824ba6af8a1f211ea8094b3957daa10641925bcbf
https://kraftboxpack.com/wp-content/uploads/2026/01/Kraft-muffin-packaging-boxes-wholesale.jpg,downloaded,jpg 510KB,2026-01-kraft-muffin-packaging-boxes-wholesale.jpg,d339d6672023ed18e53f1886f4b0dff1d0a93a0fb9938dd5d82289c243b221fc
https://kraftboxpack.com/wp-content/uploads/2026/01/Kraft-octagon-box.jpg,downloaded,jpg 557KB,2026-01-kraft-octagon-box.jpg,64c4271a0bddbb60e89f01e098b3e8363b4c6d5a5e45d48d6a1f092e3ccec373
https://kraftboxpack.com/wp-content/uploads/2026/01/Kraft-octagon-boxes-parts.jpg,downloaded,jpg 194KB,2026-01-kraft-octagon-boxes-parts.jpg,2ca2d3d633987c011fc90ad81a772529551c68d4510abefe628f0c862a8dcc8f
https://kraftboxpack.com/wp-content/uploads/2026/01/Kraft-octagon-boxes-replacement-parts.jpg,downloaded,jpg 180KB,2026-01-kraft-octagon-boxes-replacement-parts.jpg,fcdcc376232c9cd1ae193b275db612a3525b2074b728a7a21c42289a8805f45a
https://kraftboxpack.com/wp-content/uploads/2026/01/Kraft-octagon-boxes-sizes.jpg,downloaded,jpg 98KB,2026-01-kraft-octagon-boxes-sizes.jpg,78cd07a36f652b74d494541d2c15c6330daab4db99f0d56ea025cb2de5a53f0a
https://kraftboxpack.com/wp-content/uploads/2026/01/Kraft-paper-tubes.jpg,downloaded,jpg 341KB,2026-01-kraft-paper-tubes.jpg,3670116228e60092c443c87f4d90acfa98e1fe49014fa643e72c996aeeebcd20
https://kraftboxpack.com/wp-content/uploads/2026/01/Kraft-perfume-boxes-empty.jpg,downloaded,jpg 356KB,2026-01-kraft-perfume-boxes-empty.jpg,a79157fcd7474ddc31b8610e8b11cd6a66b6c1b463e7b11a2fc4d69918161438
https://kraftboxpack.com/wp-content/uploads/2026/01/Kraft-perfume-boxes-for-sale.jpg,downloaded,jpg 342KB,2026-01-kraft-perfume-boxes-for-sale.jpg,0be8deb81152bd584eb60296c421f46989d69dc970086c69cf7c3e13eafae0e1
https://kraftboxpack.com/wp-content/uploads/2026/01/Kraft-perfume-boxes-wholesale.jpg,downloaded,jpg 126KB,2026-01-kraft-perfume-boxes-wholesale.jpg,5cc436a588ef10e97be63482d408115180bfe3d6671b3054bad8595157add297
https://kraftboxpack.com/wp-content/uploads/2026/01/Kraft-photo-frame-boxes-price.jpg,downloaded,jpg 358KB,2026-01-kraft-photo-frame-boxes-price.jpg,08fcf3136aefca194cd40adaea54b8b0f12c41e1c228432b9f7841e4eb4f4a45
https://kraftboxpack.com/wp-content/uploads/2026/01/Kraft-photo-frame-boxes-sale.jpg,downloaded,jpg 463KB,2026-01-kraft-photo-frame-boxes-sale.jpg,6994151ca0a1f9d586723761aec29ba6ffd14d59b897c1c5fc8b0a99293c9925
https://kraftboxpack.com/wp-content/uploads/2026/01/Kraft-photo-frame-boxes-wholesale.jpg,downloaded,jpg 178KB,2026-01-kraft-photo-frame-boxes-wholesale.jpg,888511d8300fc6f1be38eb1bbc3c74b4d05c2129aa694c21c4bcf5a10e933a7c
https://kraftboxpack.com/wp-content/uploads/2026/01/Kraft-photo-frame-boxes-with-lids.jpg,downloaded,jpg 314KB,2026-01-kraft-photo-frame-boxes-with-lids.jpg,3fe553d7eb07265b859aa8c12b26804682a7bba01ec9bfa78f1a595b0b03db43
https://kraftboxpack.com/wp-content/uploads/2026/01/Kraft-pop-display-boxes-wholesale.jpg,downloaded,jpg 226KB,2026-01-kraft-pop-display-boxes-wholesale.jpg,21c379afc83a1d254863dc9985614e1f7b81ca7811840d895e91b41ea479ec81
https://kraftboxpack.com/wp-content/uploads/2026/01/Kraft-pyramid-boxes-for-sale.jpg,downloaded,jpg 352KB,2026-01-kraft-pyramid-boxes-for-sale.jpg,d11a354412d43cfb134f92766e9f224a96ffcc926b3fdd2cab870b90ff04005f
https://kraftboxpack.com/wp-content/uploads/2026/01/Kraft-pyramid-boxes-wholesale.jpg,downloaded,jpg 275KB,2026-01-kraft-pyramid-boxes-wholesale.jpg,93f2fbd8b7bf9207baba721f20e76f57b6dea089fbc0d43869416d893e6ada84
https://kraftboxpack.com/wp-content/uploads/2026/01/Kraft-recycled-kraft-boxes-wholesale.jpg,downloaded,jpg 270KB,2026-01-kraft-recycled-kraft-boxes-wholesale.jpg,74f919bf89b6831a42211ff55978c73ffc463ece971a881484942f71ca2ce202
https://kraftboxpack.com/wp-content/uploads/2026/01/Kraft-recycled-kraft-boxes-with-lids.jpg,downloaded,jpg 288KB,2026-01-kraft-recycled-kraft-boxes-with-lids.jpg,44a10522e56cf69d7e891c384a63e0c9a7e1a429dc9f2092a9435557a1031e71
https://kraftboxpack.com/wp-content/uploads/2026/01/Kraft-retail-display-trays-Wholesale.jpg,downloaded,jpg 246KB,2026-01-kraft-retail-display-trays-wholesale.jpg,ae8a06e1c2b92cb07182f98aac1c3afb6bc19526c3e69c3665909ff36aa78804
https://kraftboxpack.com/wp-content/uploads/2026/01/Kraft-retail-display-trays-in-bulk.jpg,downloaded,jpg 288KB,2026-01-kraft-retail-display-trays-in-bulk.jpg,7eb8db8973ae3e38676c14f5192bcfb88da8620d76201bdec7d384e59f167eee
https://kraftboxpack.com/wp-content/uploads/2026/01/Kraft-retail-display-trays-packaging.jpg,downloaded,jpg 574KB,2026-01-kraft-retail-display-trays-packaging.jpg,92f97b85fb4db7d6f085bf437311d0070b044f04ebec4094eb9d856f223b3ee8
https://kraftboxpack.com/wp-content/uploads/2026/01/Kraft-retail-display-trays-price.jpg,downloaded,jpg 343KB,2026-01-kraft-retail-display-trays-price.jpg,cb55d1d679f07401cd3f12c4e4b0f16af158d19de340494edb43a9478c34cefc
https://kraftboxpack.com/wp-content/uploads/2026/01/Kraft-ribbon-closure-boxes-wholesale.jpg,downloaded,jpg 263KB,2026-01-kraft-ribbon-closure-boxes-wholesale.jpg,e60d77a6652306b797d201ec0aceb6fb2d3ae50b6841d37996d84c7c0c8204aa
https://kraftboxpack.com/wp-content/uploads/2026/01/Kraft-rigid-boxes-review.jpg,downloaded,jpg 343KB,2026-01-kraft-rigid-boxes-review.jpg,98659a0cc6056d843fc7a3bcb91d30fc35e8696dc80d0897bb83d0b3e250d56c
https://kraftboxpack.com/wp-content/uploads/2026/01/Kraft-rigid-boxes-sizes.jpg,downloaded,jpg 301KB,2026-01-kraft-rigid-boxes-sizes.jpg,209dbcc9e5fe9f6a42c2e3f8e449c8182b2b79b15d4f0beb6ac62bfe0d5d82d9
https://kraftboxpack.com/wp-content/uploads/2026/01/Kraft-rigid-boxes-wholesale.jpg,downloaded,jpg 250KB,2026-01-kraft-rigid-boxes-wholesale.jpg,522456ded1f13a145ec8b343d5c77fbb728def4015c941f5f35376ef09df9cf4
https://kraftboxpack.com/wp-content/uploads/2026/01/Kraft-ring-packaging-boxes-bulk.jpg,downloaded,jpg 355KB,2026-01-kraft-ring-packaging-boxes-bulk.jpg,c6f8d697520f2213d664e6812c49d2873e2658b84828769bf25e4fef92b70618
https://kraftboxpack.com/wp-content/uploads/2026/01/Kraft-ring-packaging-boxes-for-sale.jpg,downloaded,jpg 872KB,2026-01-kraft-ring-packaging-boxes-for-sale.jpg,2531aeee9982021a536c218d0df074c0ae7a4ba617cadc29993e36e06ddd9f29
https://kraftboxpack.com/wp-content/uploads/2026/01/Kraft-ring-packaging-boxes-wholesale.jpg,downloaded,jpg 388KB,2026-01-kraft-ring-packaging-boxes-wholesale.jpg,19b22b3c49eeb0d149605e7d1712a965d7fd3f935f3ceb7931f6897de0efa118
https://kraftboxpack.com/wp-content/uploads/2026/01/Kraft-seafood-boxes-for-sale.jpg,downloaded,jpg 375KB,2026-01-kraft-seafood-boxes-for-sale.jpg,0533ac637efb65b213aaa1cd7a1efb7d8b7b0cbd0e9f3180af83693b931459d3
https://kraftboxpack.com/wp-content/uploads/2026/01/Kraft-supplement-boxes-wholesale.jpg,downloaded,jpg 145KB,2026-01-kraft-supplement-boxes-wholesale.jpg,5a46a7e4540a02ad2327430bc50a7c175d89c8b57193a8ad98009cca9fa8e89c
https://kraftboxpack.com/wp-content/uploads/2026/01/Kraft-thermal-kraft-box.jpg,downloaded,jpg 194KB,2026-01-kraft-thermal-kraft-box.jpg,dbe6adc80fec0ac86d3d438350d31507b3d860915a35a127bfcc56f103aebb64
https://kraftboxpack.com/wp-content/uploads/2026/01/Kraft-thermal-kraft-boxes-in-bulk.jpg,downloaded,jpg 209KB,2026-01-kraft-thermal-kraft-boxes-in-bulk.jpg,96cd1e16f8889c107436742c93498d0643135ca0000495022e5e1a8750cfe1fd
https://kraftboxpack.com/wp-content/uploads/2026/01/Kraft-thermal-kraft-boxes-packaging.jpg,downloaded,jpg 182KB,2026-01-kraft-thermal-kraft-boxes-packaging.jpg,f476cd8b0f15974d364e14ea059d2b47cbec3741545204cb0cb9a14b096cd7d4
https://kraftboxpack.com/wp-content/uploads/2026/01/Kraft-thermal-kraft-boxes-wholesale.jpg,downloaded,jpg 229KB,2026-01-kraft-thermal-kraft-boxes-wholesale.jpg,01bc51460d2582af2a200d8c2f8a632be21337aca71ecdc286d8bae1c8cd6f71
https://kraftboxpack.com/wp-content/uploads/2026/01/Kraft-toy-packaging.jpg,downloaded,jpg 285KB,2026-01-kraft-toy-packaging.jpg,83b3d6b77feaf0e08a8b0e0d86fd0f8421bb63cb62e5e0f380988f3619de0e49
https://kraftboxpack.com/wp-content/uploads/2026/01/Kraft-tube-packaging-wholesale.jpg,downloaded,jpg 275KB,2026-01-kraft-tube-packaging-wholesale.jpg,be1221bf7153c2ba66825b8127a15d033f7a05f2f9832b52b478ded87b434981
https://kraftboxpack.com/wp-content/uploads/2026/01/Kraft-underwear-packaging-boxes-wholesale.jpg,downloaded,jpg 262KB,2026-01-kraft-underwear-packaging-boxes-wholesale.jpg,c31be6bc25966efc7ccab794edbe183b77ddcee1b525b7322e24e06862db45a7
https://kraftboxpack.com/wp-content/uploads/2026/01/Kraft-vitamin-packaging-boxes-for-sale.jpg,downloaded,jpg 340KB,2026-01-kraft-vitamin-packaging-boxes-for-sale.jpg,abeb64e59bf01f7831648f55d8c1bcb5168c93d411947f8d95f0cb4d7b4085da
https://kraftboxpack.com/wp-content/uploads/2026/01/Kraft-vitamin-packaging-boxes-wholesale.jpg,downloaded,jpg 333KB,2026-01-kraft-vitamin-packaging-boxes-wholesale.jpg,6cccf6c1785a21e36b736663597f5cd21271bac206d5db62c8ed83515ce0878b
https://kraftboxpack.com/wp-content/uploads/2026/01/Kraft-watch-packaging-boxes-for-sale.jpg,downloaded,jpg 140KB,2026-01-kraft-watch-packaging-boxes-for-sale.jpg,b9e6baab3ee88dc2a28af9da24ecf28ff3b65cecdb3dd95d4bc6cf0893c8d2fc
https://kraftboxpack.com/wp-content/uploads/2026/01/Lift-off-lid-rigid-box.jpg,downloaded,jpg 358KB,2026-01-lift-off-lid-rigid-box.jpg,6ba982581a018cefe96d1f78efe2f4861b360a82ebef535dac30c05517a982fd
https://kraftboxpack.com/wp-content/uploads/2026/01/Luxury-Magnetic-Gift-Box.jpg,downloaded,jpg 166KB,2026-01-luxury-magnetic-gift-box.jpg,c40451362767f82c779818bd08c9a2cea8f3f3010f4826d1b187af6b3dab3c22
https://kraftboxpack.com/wp-content/uploads/2026/01/Luxury-cosmetic-packaging-boxes.jpg,downloaded,jpg 549KB,2026-01-luxury-cosmetic-packaging-boxes.jpg,37bdd2247409878002288821cfa8ae22e6490e5f5fc840b1ad5658cf726526cc
https://kraftboxpack.com/wp-content/uploads/2026/01/Luxury-product-boxes.jpg,downloaded,jpg 283KB,2026-01-luxury-product-boxes.jpg,c0d21f2f096297da8f81a8a7bd2691597bac10fa9eaf64342974b685ff2fd892
https://kraftboxpack.com/wp-content/uploads/2026/01/Men-kraft-underwear-packaging-boxes.jpg,downloaded,jpg 389KB,2026-01-men-kraft-underwear-packaging-boxes.jpg,cb1e5095ea533d1eca5d053914157887362030eeeb140877713c3af02763f46c
https://kraftboxpack.com/wp-content/uploads/2026/01/Paper-Jewelry-Box.jpg,downloaded,jpg 497KB,2026-01-paper-jewelry-box.jpg,de42907a875025ce2a7afd9f8a198ad83f1ac3a8c9b2e8fecbecf97dd94c5d43
https://kraftboxpack.com/wp-content/uploads/2026/01/Paper-boxes-with-lids.jpg,downloaded,jpg 381KB,2026-01-paper-boxes-with-lids.jpg,df7b81b653df6efbbbd6eb745395a065d7d4ae29fb2a2d94b0eb0c27bac5506e
https://kraftboxpack.com/wp-content/uploads/2026/01/Paper-tube-packaging-for-food.jpg,downloaded,jpg 346KB,2026-01-paper-tube-packaging-for-food.jpg,a34af4ae08b2579cb2666ac042f1f2669baf14c0643514ae76fe708ba9aa8afa
https://kraftboxpack.com/wp-content/uploads/2026/01/Point-of-sale-display-boxes.jpg,downloaded,jpg 238KB,2026-01-point-of-sale-display-boxes.jpg,be7ea015cc843a0a40fbc4c3d958332637d3712c753765382ce2fdb192a22a80
https://kraftboxpack.com/wp-content/uploads/2026/01/Printed-display-boxes.jpg,downloaded,jpg 169KB,2026-01-printed-display-boxes.jpg,236757f719b223427b2671ccdf0bb8914a8a8dabc6e2963ece41fc5cc9f74909
https://kraftboxpack.com/wp-content/uploads/2026/01/Pyramid-bento-box-disposable.jpg,downloaded,jpg 343KB,2026-01-pyramid-bento-box-disposable.jpg,961728ad57fd319962b58af4a649d7c82e3cd4721736e91b47a5d1551b8536b0
https://kraftboxpack.com/wp-content/uploads/2026/01/Pyramid-box-packaging.jpg,downloaded,jpg 186KB,2026-01-pyramid-box-packaging.jpg,8cf8981574e8d9192d8639e1b93cc6a4de06f209edce5f1aaf9b21d2153c57b6
https://kraftboxpack.com/wp-content/uploads/2026/01/Ractangle-Gift-Boxes-with-lids-Wholesale.jpg,downloaded,jpg 637KB,2026-01-ractangle-gift-boxes-with-lids-wholesale.jpg,93fe20ba3f133d936bb63ef844de4da1742a1e7112071dac1b7cf231ccd0edaa
https://kraftboxpack.com/wp-content/uploads/2026/01/Recycled-Kraft-Sandwich-Wedge-Boxes.jpg,downloaded,jpg 444KB,2026-01-recycled-kraft-sandwich-wedge-boxes.jpg,4b19306fb9d3a766875e799124132967c63f1f2eb64245d5c8dc49ed1dce39d8
https://kraftboxpack.com/wp-content/uploads/2026/01/Rigid-Gift-Box.jpg,downloaded,jpg 517KB,2026-01-rigid-gift-box.jpg,c220ed99bdc08eef51db032f09ae6b3ee08a3a8eef95d767f37c5acd2cfed55f
https://kraftboxpack.com/wp-content/uploads/2026/01/Rigid-Gift-Boxes-with-lids.jpg,downloaded,jpg 305KB,2026-01-rigid-gift-boxes-with-lids.jpg,d96b36d8f098b4632b58291e8d89e06f82e2e7ecea120143ea74e4db94bd256c
https://kraftboxpack.com/wp-content/uploads/2026/01/Rigid-box-packaging.jpg,downloaded,jpg 432KB,2026-01-rigid-box-packaging.jpg,c0cd733fad26cbb6241cac037e652d49049eaeb5466f31fa3718bd54fcb6a447
https://kraftboxpack.com/wp-content/uploads/2026/01/Sliding-Packaging-Box.jpg,downloaded,jpg 398KB,2026-01-sliding-packaging-box.jpg,137ccfcfb5160522767045b1ac72526616bbfa67039329df16019b0b9045fdb9
https://kraftboxpack.com/wp-content/uploads/2026/01/Sustainable-Kraft-toy-boxes.jpg,downloaded,jpg 280KB,2026-01-sustainable-kraft-toy-boxes.jpg,20a6116fb9f5693d25f464db8ba24fada1dfdb7ed7fd2f19b5b7a64699ed14d7
https://kraftboxpack.com/wp-content/uploads/2026/01/Womens-kraft-underwear-packaging-boxes.jpg,downloaded,jpg 252KB,2026-01-womens-kraft-underwear-packaging-boxes.jpg,6edac101850ed620c34f27b5a309bc11ca907d7ca27c8437f9b3834d0b2bc646
https://kraftboxpack.com/wp-content/uploads/2026/01/brown-kraft-candy-favor-boxes.jpg,downloaded,jpg 450KB,2026-01-brown-kraft-candy-favor-boxes.jpg,b7edd3b136726fa2f6a1644c9cf3db7a2c610d8c7a838307eca00614e06a45b0
https://kraftboxpack.com/wp-content/uploads/2026/01/custom-kraft-influencer-boxes.jpg,downloaded,jpg 421KB,2026-01-custom-kraft-influencer-boxes.jpg,40ca6323413c6e135d3a28395564684c6bdb3a63fdbda865ccc1b687be48efb4
https://kraftboxpack.com/wp-content/uploads/2026/01/custom-kraft-supplement-boxes.jpg,downloaded,jpg 232KB,2026-01-custom-kraft-supplement-boxes.jpg,2fcdde3ed8b3176d6362da83951c83a1723972bf4a2ebfeb19344859c8cf27b1
https://kraftboxpack.com/wp-content/uploads/2026/01/custom-kraft-sushi-boxes.jpg,downloaded,jpg 251KB,2026-01-custom-kraft-sushi-boxes.jpg,569be985b70ec4a3c63f0303b79908db671fadf1141ac2dc319ea91002c4fb97
https://kraftboxpack.com/wp-content/uploads/2026/01/custom-kraft-vitamin-packaging-boxes.jpg,downloaded,jpg 297KB,2026-01-custom-kraft-vitamin-packaging-boxes.jpg,154740333e58b0d5e3382eb1c791c29af4236ade363ec9d424c8c42be95828c7
https://kraftboxpack.com/wp-content/uploads/2026/01/euro-slot-hanging-boxes.jpg,failed,HTTP Error 410: Gone,,
https://kraftboxpack.com/wp-content/uploads/2026/01/hanging-blister-style-boxes.jpg,downloaded,jpg 282KB,2026-01-hanging-blister-style-boxes.jpg,d487e2e99ca7bb38d1bedecc82d18f61c5a02954b3635a5afa7e3d0eefa3eca7
https://kraftboxpack.com/wp-content/uploads/2026/01/hanging-tab-packaging-boxes.jpg,downloaded,jpg 356KB,2026-01-hanging-tab-packaging-boxes.jpg,c75da9ea3e2a528337046a50586ed62b93dffa417b0d86f3bf92f2d384208562
https://kraftboxpack.com/wp-content/uploads/2026/01/kraft-PR-boxes-for-influencers.jpg,downloaded,jpg 281KB,2026-01-kraft-pr-boxes-for-influencers.jpg,9e5b7d77c75268162015d5d32d956a83ea242249cb8cec505bbad05a1b205b56
https://kraftboxpack.com/wp-content/uploads/2026/01/kraft-candy-favor-packaging.jpg,downloaded,jpg 841KB,2026-01-kraft-candy-favor-packaging.jpg,97ea552a989c96c9687fec8dba38fce0e72ae7e12b4353ce9c8513095ae61b4a
https://kraftboxpack.com/wp-content/uploads/2026/01/kraft-candy-party-favor-boxes.jpg,downloaded,jpg 466KB,2026-01-kraft-candy-party-favor-boxes.jpg,adbecbc8010360254e70a6979bb0df0e04100e83ae99c8229d45dcebe7780063
https://kraftboxpack.com/wp-content/uploads/2026/01/kraft-euro-hook-boxes.jpg,downloaded,jpg 283KB,2026-01-kraft-euro-hook-boxes.jpg,e81f974260dc230617f5af245d792e934e0c17b6c47a1bfd315c648a9552f69f
https://kraftboxpack.com/wp-content/uploads/2026/01/kraft-influencer-boxes.jpg,downloaded,jpg 225KB,2026-01-kraft-influencer-boxes.jpg,79f8f419d6576cfd154a4d0fd9867adecfca317262d687141d489390ecbd1621
https://kraftboxpack.com/wp-content/uploads/2026/01/kraft-influencer-mailer-boxes.jpg,downloaded,jpg 484KB,2026-01-kraft-influencer-mailer-boxes.jpg,6e022c2f93f382a5e44cfd5a7b1d873028aeb2994e3661850fc7407299ecf27c
https://kraftboxpack.com/wp-content/uploads/2026/01/kraft-influencer-packaging-boxes.jpg,downloaded,jpg 219KB,2026-01-kraft-influencer-packaging-boxes.jpg,23849606b38c336fde3be4166ac35c5320544f824fb47c2bb4d1950ac730f460
https://kraftboxpack.com/wp-content/uploads/2026/01/kraft-packaging-for-supplements.jpg,downloaded,jpg 126KB,2026-01-kraft-packaging-for-supplements.jpg,345d8d403bc1c7cfb4b44f1efd02caa1eaffc11737b2776e48ffe98d8d2fd6fc
https://kraftboxpack.com/wp-content/uploads/2026/01/kraft-packaging-for-vitamins.jpg,downloaded,jpg 501KB,2026-01-kraft-packaging-for-vitamins.jpg,369e11b947c6d26252bf80f3796b335c3bd99fb086365b3bc579ebb18ffddeed
https://kraftboxpack.com/wp-content/uploads/2026/01/kraft-paper-candy-favor-boxes.jpg,downloaded,jpg 504KB,2026-01-kraft-paper-candy-favor-boxes.jpg,9f34b5d8db0a61e62317e8ed16ab3a9d2cd5279daa38b0b21174366468bd6c4c
https://kraftboxpack.com/wp-content/uploads/2026/01/kraft-ppe-packaging.jpg,downloaded,jpg 218KB,2026-01-kraft-ppe-packaging.jpg,1e80bd661c20c7dfefe631fde14c1dd35ede2e522575d9ed8f62837e9306e80c
https://kraftboxpack.com/wp-content/uploads/2026/01/kraft-ppe-shipping-boxes.jpg,downloaded,jpg 233KB,2026-01-kraft-ppe-shipping-boxes.jpg,f9f6ab7e41a38df407dcda40cb2a57b81c03d92206f92276728de1dd66653dd4
https://kraftboxpack.com/wp-content/uploads/2026/01/kraft-ppe-storage-boxes.jpg,downloaded,jpg 234KB,2026-01-kraft-ppe-storage-boxes.jpg,7ab5b4dbe643c9be57192fb6dfbae28df18ff121282fd396ad954955ad5f0bf5
https://kraftboxpack.com/wp-content/uploads/2026/01/kraft-promotional-boxes-in-bulk.jpg,downloaded,jpg 255KB,2026-01-kraft-promotional-boxes-in-bulk.jpg,f3f15c19775d25d436a791d480be157ee657be8cb79c7b08422680912c3acd68
https://kraftboxpack.com/wp-content/uploads/2026/01/kraft-supplement-packaging-boxes.jpg,downloaded,jpg 190KB,2026-01-kraft-supplement-packaging-boxes.jpg,b1c182cef08b4268d7fcb86af55fd2bce908fd27110c1fa591c937ef0dcdb735
https://kraftboxpack.com/wp-content/uploads/2026/01/kraft-sushi-food-boxes.jpg,downloaded,jpg 368KB,2026-01-kraft-sushi-food-boxes.jpg,31905fffe68ceb5fd72384cf4805981118de4ab16f81381dc287b71bf5fb6220
https://kraftboxpack.com/wp-content/uploads/2026/01/kraft-sushi-packaging-sleeves.jpg,downloaded,jpg 1214KB,2026-01-kraft-sushi-packaging-sleeves.jpg,700c72afbae30e985f22b71dbb16ada3919b3810cd55ebdb785f1af47d0b6cfc
https://kraftboxpack.com/wp-content/uploads/2026/01/kraft-sushi-takeaway-boxes.jpg,downloaded,jpg 234KB,2026-01-kraft-sushi-takeaway-boxes.jpg,d065ef486fb56fb70dbbef258a986c8c7034dba72220835e6a178ae7a7bb5c7a
https://kraftboxpack.com/wp-content/uploads/2026/01/kraft-watch-case-boxes.jpg,downloaded,jpg 536KB,2026-01-kraft-watch-case-boxes.jpg,10fc0b52fdf056e4e622d3e17a1b0c14a5db7e93d0851b1769539b5e20602036
https://kraftboxpack.com/wp-content/uploads/2026/01/kraft-watch-presentation-boxes.jpg,downloaded,jpg 273KB,2026-01-kraft-watch-presentation-boxes.jpg,60da469644d3190900b7e7d6b8c7e6606bc93fdb64b666bf9197e5b9b6471219
https://kraftboxpack.com/wp-content/uploads/2026/01/kraft-watch-storage-boxes.jpg,downloaded,jpg 220KB,2026-01-kraft-watch-storage-boxes.jpg,2b019d8ed4e909ca9f628d40492098a585e10f7b564c2210fd0af5139bb2a27e
https://kraftboxpack.com/wp-content/uploads/2026/01/peg-hook-display-boxes.jpg,downloaded,jpg 163KB,2026-01-peg-hook-display-boxes.jpg,a57dbe18843095e8f3545fc1c9d4d4e54493d6f211071562b8e386df894a89d7
