old_url,local_file,alt_text,used_by,role
https://kraftboxpack.com/wp-content/uploads/2024/10/Black-Kraft-Boxes.jpg,2024/10/Black-Kraft-Boxes.jpg,,/product/black-kraft-boxes/,primary
https://kraftboxpack.com/wp-content/uploads/2024/10/Black-Kraft-Packaging.jpg,2024/10/Black-Kraft-Packaging.jpg,,/product/black-kraft-boxes/,gallery
https://kraftboxpack.com/wp-content/uploads/2024/10/Brown-Kraft-Boxes.jpg,2024/10/Brown-Kraft-Boxes.jpg,,/product/brown-kraft-boxes/,primary
https://kraftboxpack.com/wp-content/uploads/2024/10/Brown-Kraft-Packaging.jpg,2024/10/Brown-Kraft-Packaging.jpg,,/product/brown-kraft-boxes/,gallery
https://kraftboxpack.com/wp-content/uploads/2024/10/Custom-Black-Kraft-Boxes.jpg,2024/10/Custom-Black-Kraft-Boxes.jpg,,/product/black-kraft-boxes/,gallery
https://kraftboxpack.com/wp-content/uploads/2024/10/Custom-Black-Kraft-Packaging.jpg,2024/10/Custom-Black-Kraft-Packaging.jpg,,/product/black-kraft-boxes/,gallery
https://kraftboxpack.com/wp-content/uploads/2024/10/Custom-Brown-Kraft-Boxes.jpg,2024/10/Custom-Brown-Kraft-Boxes.jpg,,/product/brown-kraft-boxes/,gallery
https://kraftboxpack.com/wp-content/uploads/2024/10/Custom-Brown-Kraft-Packaging.jpg,2024/10/Custom-Brown-Kraft-Packaging.jpg,,/product/brown-kraft-boxes/,gallery
https://kraftboxpack.com/wp-content/uploads/2024/10/Custom-Kraft-Bakery-Boxes.jpg,2024/10/Custom-Kraft-Bakery-Boxes.jpg,,/product/kraft-bakery-boxes/,gallery
https://kraftboxpack.com/wp-content/uploads/2024/10/Custom-Kraft-Bakery-Packaging.jpg,2024/10/Custom-Kraft-Bakery-Packaging.jpg,,/product/kraft-bakery-boxes/,gallery
https://kraftboxpack.com/wp-content/uploads/2024/10/Custom-Kraft-Box-with-Window-Packaging.jpg,2024/10/Custom-Kraft-Box-with-Window-Packaging.jpg,,/product/kraft-box-with-window/,gallery
https://kraftboxpack.com/wp-content/uploads/2024/10/Custom-Kraft-Box-with-Window.jpg,2024/10/Custom-Kraft-Box-with-Window.jpg,,/product/kraft-box-with-window/,gallery
https://kraftboxpack.com/wp-content/uploads/2024/10/Custom-Kraft-Boxes-With-Lid-Packaging.jpg,2024/10/Custom-Kraft-Boxes-With-Lid-Packaging.jpg,,/product/kraft-boxes-with-lid/,gallery
https://kraftboxpack.com/wp-content/uploads/2024/10/Custom-Kraft-Boxes-With-Lid.jpg,2024/10/Custom-Kraft-Boxes-With-Lid.jpg,,/product/kraft-boxes-with-lid/,gallery
https://kraftboxpack.com/wp-content/uploads/2024/10/Custom-Kraft-Cake-Boxes.jpg,2024/10/Custom-Kraft-Cake-Boxes.jpg,,/product/kraft-cake-boxes/,gallery
https://kraftboxpack.com/wp-content/uploads/2024/10/Custom-Kraft-Cake-Packaging.jpg,2024/10/Custom-Kraft-Cake-Packaging.jpg,,/product/kraft-cake-boxes/,gallery
https://kraftboxpack.com/wp-content/uploads/2024/10/Custom-Kraft-Candle-Boxes.jpg,2024/10/Custom-Kraft-Candle-Boxes.jpg,,/product/kraft-candle-boxes/,gallery
https://kraftboxpack.com/wp-content/uploads/2024/10/Custom-Kraft-Candle-Packaging.jpg,2024/10/Custom-Kraft-Candle-Packaging.jpg,,/product/kraft-candle-boxes/,gallery
https://kraftboxpack.com/wp-content/uploads/2024/10/Custom-Kraft-Candy-Boxes.jpg,2024/10/Custom-Kraft-Candy-Boxes.jpg,,/product/kraft-candy-boxes/,gallery
https://kraftboxpack.com/wp-content/uploads/2024/10/Custom-Kraft-Candy-Packaging.jpg,2024/10/Custom-Kraft-Candy-Packaging.jpg,,/product/kraft-candy-boxes/,gallery
https://kraftboxpack.com/wp-content/uploads/2024/10/Custom-Kraft-Cardboard-Boxes.jpg,2024/10/Custom-Kraft-Cardboard-Boxes.jpg,,/product/kraft-cardboard-boxes/,gallery
https://kraftboxpack.com/wp-content/uploads/2024/10/Custom-Kraft-Cardboard-Packaging.jpg,2024/10/Custom-Kraft-Cardboard-Packaging.jpg,,/product/kraft-cardboard-boxes/,gallery
https://kraftboxpack.com/wp-content/uploads/2024/10/Custom-Kraft-Cookie-Boxes.jpg,2024/10/Custom-Kraft-Cookie-Boxes.jpg,,/product/kraft-cookie-boxes/,gallery
https://kraftboxpack.com/wp-content/uploads/2024/10/Custom-Kraft-Cookie-Packaging.jpg,2024/10/Custom-Kraft-Cookie-Packaging.jpg,,/product/kraft-cookie-boxes/,gallery
https://kraftboxpack.com/wp-content/uploads/2024/10/Custom-Kraft-Corrugated-Boxes.jpg,2024/10/Custom-Kraft-Corrugated-Boxes.jpg,,/product/kraft-corrugated-boxes/,gallery
https://kraftboxpack.com/wp-content/uploads/2024/10/Custom-Kraft-Corrugated-Packaging.jpg,2024/10/Custom-Kraft-Corrugated-Packaging.jpg,,/product/kraft-corrugated-boxes/,gallery
https://kraftboxpack.com/wp-content/uploads/2024/10/Custom-Kraft-Cupcake-Boxes.jpg,2024/10/Custom-Kraft-Cupcake-Boxes.jpg,,/product/kraft-cupcake-boxes/,gallery
https://kraftboxpack.com/wp-content/uploads/2024/10/Custom-Kraft-Cupcake-Packaging.jpg,2024/10/Custom-Kraft-Cupcake-Packaging.jpg,,/product/kraft-cupcake-boxes/,gallery
https://kraftboxpack.com/wp-content/uploads/2024/10/Custom-Kraft-Dispenser-Boxes.jpg,2024/10/Custom-Kraft-Dispenser-Boxes.jpg,,/product/kraft-dispenser-boxes/,gallery
https://kraftboxpack.com/wp-content/uploads/2024/10/Custom-Kraft-Dispenser-Packaging.jpg,2024/10/Custom-Kraft-Dispenser-Packaging.jpg,,/product/kraft-dispenser-boxes/,gallery
https://kraftboxpack.com/wp-content/uploads/2024/10/Custom-Kraft-Drawer-Boxes.jpg,2024/10/Custom-Kraft-Drawer-Boxes.jpg,,/product/kraft-drawer-boxes/,gallery
https://kraftboxpack.com/wp-content/uploads/2024/10/Custom-Kraft-Drawer-Packaging.jpg,2024/10/Custom-Kraft-Drawer-Packaging.jpg,,/product/kraft-drawer-boxes/,gallery
https://kraftboxpack.com/wp-content/uploads/2024/10/Custom-Kraft-Favor-Boxes.jpg,2024/10/Custom-Kraft-Favor-Boxes.jpg,,/product/kraft-favor-boxes/,gallery
https://kraftboxpack.com/wp-content/uploads/2024/10/Custom-Kraft-Favor-Packaging.jpg,2024/10/Custom-Kraft-Favor-Packaging.jpg,,/product/kraft-favor-boxes/,gallery
https://kraftboxpack.com/wp-content/uploads/2024/10/Custom-Kraft-Food-Boxes.jpg,2024/10/Custom-Kraft-Food-Boxes.jpg,,/product/kraft-food-boxes/,gallery
https://kraftboxpack.com/wp-content/uploads/2024/10/Custom-Kraft-Food-Packaging.jpg,2024/10/Custom-Kraft-Food-Packaging.jpg,,/product/kraft-food-boxes/,gallery
https://kraftboxpack.com/wp-content/uploads/2024/10/Custom-Kraft-Gable-Boxes.jpg,2024/10/Custom-Kraft-Gable-Boxes.jpg,,/product/kraft-gable-boxes/,gallery
https://kraftboxpack.com/wp-content/uploads/2024/10/Custom-Kraft-Gable-Packaging.jpg,2024/10/Custom-Kraft-Gable-Packaging.jpg,,/product/kraft-gable-boxes/,gallery
https://kraftboxpack.com/wp-content/uploads/2024/10/Custom-Kraft-Gift-Boxes-with-Lids.jpg,2024/10/Custom-Kraft-Gift-Boxes-with-Lids.jpg,,/product/kraft-gift-boxes-with-lids/,gallery
https://kraftboxpack.com/wp-content/uploads/2024/10/Custom-Kraft-Gift-with-Lids-Packaging.jpg,2024/10/Custom-Kraft-Gift-with-Lids-Packaging.jpg,,/product/kraft-gift-boxes-with-lids/,gallery
https://kraftboxpack.com/wp-content/uploads/2024/10/Custom-Kraft-Jewelry-Boxes.jpg,2024/10/Custom-Kraft-Jewelry-Boxes.jpg,,/product/kraft-jewelry-boxes/,gallery
https://kraftboxpack.com/wp-content/uploads/2024/10/Custom-Kraft-Jewelry-Packaging.jpg,2024/10/Custom-Kraft-Jewelry-Packaging.jpg,,/product/kraft-jewelry-boxes/,gallery
https://kraftboxpack.com/wp-content/uploads/2024/10/Custom-Kraft-Mailer-Boxes.jpg,2024/10/Custom-Kraft-Mailer-Boxes.jpg,,/product/kraft-mailer-boxes/,gallery
https://kraftboxpack.com/wp-content/uploads/2024/10/Custom-Kraft-Mailer-Packaging.jpg,2024/10/Custom-Kraft-Mailer-Packaging.jpg,,/product/kraft-mailer-boxes/,gallery
https://kraftboxpack.com/wp-content/uploads/2024/10/Custom-Kraft-Paper-Boxes.jpg,2024/10/Custom-Kraft-Paper-Boxes.jpg,,/product/kraft-paper-packaging/,gallery
https://kraftboxpack.com/wp-content/uploads/2024/10/Custom-Kraft-Paper-Dispenser-Boxes.jpg,2024/10/Custom-Kraft-Paper-Dispenser-Boxes.jpg,,/product/kraft-paper-dispenser-boxes/,gallery
https://kraftboxpack.com/wp-content/uploads/2024/10/Custom-Kraft-Paper-Dispenser-Packaging.jpg,2024/10/Custom-Kraft-Paper-Dispenser-Packaging.jpg,,/product/kraft-paper-dispenser-boxes/,gallery
https://kraftboxpack.com/wp-content/uploads/2024/10/Custom-Kraft-Paper-Gift-Boxes.jpg,2024/10/Custom-Kraft-Paper-Gift-Boxes.jpg,,/product/kraft-paper-gift-boxes/,gallery
https://kraftboxpack.com/wp-content/uploads/2024/10/Custom-Kraft-Paper-Gift-Packaging.jpg,2024/10/Custom-Kraft-Paper-Gift-Packaging.jpg,,/product/kraft-paper-gift-boxes/,gallery
https://kraftboxpack.com/wp-content/uploads/2024/10/Custom-Kraft-Paper-Gift-Wrapping.jpg,2024/10/Custom-Kraft-Paper-Gift-Wrapping.jpg,,/product/kraft-paper-gift-wrapping/,gallery
https://kraftboxpack.com/wp-content/uploads/2024/10/Custom-Kraft-Paper-Gift.jpg,2024/10/Custom-Kraft-Paper-Gift.jpg,,/product/kraft-paper-gift-wrapping/,gallery
https://kraftboxpack.com/wp-content/uploads/2024/10/Custom-Kraft-Paper-Packaging.jpg,2024/10/Custom-Kraft-Paper-Packaging.jpg,,/product/kraft-paper-packaging/,gallery
https://kraftboxpack.com/wp-content/uploads/2024/10/Custom-Kraft-Pizza-Boxes.jpg,2024/10/Custom-Kraft-Pizza-Boxes.jpg,,/product/kraft-pizza-boxes/,gallery
https://kraftboxpack.com/wp-content/uploads/2024/10/Custom-Kraft-Pizza-Packaging.jpg,2024/10/Custom-Kraft-Pizza-Packaging.jpg,,/product/kraft-pizza-boxes/,gallery
https://kraftboxpack.com/wp-content/uploads/2024/10/Custom-Kraft-Round-Boxes.jpg,2024/10/Custom-Kraft-Round-Boxes.jpg,,/product/kraft-round-boxes/,gallery
https://kraftboxpack.com/wp-content/uploads/2024/10/Custom-Kraft-Round-Packaging.jpg,2024/10/Custom-Kraft-Round-Packaging.jpg,,/product/kraft-round-boxes/,gallery
https://kraftboxpack.com/wp-content/uploads/2024/10/Custom-Kraft-Shipping-Boxes.jpg,2024/10/Custom-Kraft-Shipping-Boxes.jpg,,/product/kraft-shipping-boxes/,gallery
https://kraftboxpack.com/wp-content/uploads/2024/10/Custom-Kraft-Shipping-Packaging.jpg,2024/10/Custom-Kraft-Shipping-Packaging.jpg,,/product/kraft-shipping-boxes/,gallery
https://kraftboxpack.com/wp-content/uploads/2024/10/Custom-Kraft-Shoe-Boxes.jpg,2024/10/Custom-Kraft-Shoe-Boxes.jpg,,/product/kraft-shoe-boxes/,gallery
https://kraftboxpack.com/wp-content/uploads/2024/10/Custom-Kraft-Shoe-Packaging.jpg,2024/10/Custom-Kraft-Shoe-Packaging.jpg,,/product/kraft-shoe-boxes/,gallery
https://kraftboxpack.com/wp-content/uploads/2024/10/Custom-Kraft-Storage-Boxes.jpg,2024/10/Custom-Kraft-Storage-Boxes.jpg,,/product/kraft-storage-boxes/,gallery
https://kraftboxpack.com/wp-content/uploads/2024/10/Custom-Kraft-Storage-Packaging.jpg,2024/10/Custom-Kraft-Storage-Packaging.jpg,,/product/kraft-storage-boxes/,gallery
https://kraftboxpack.com/wp-content/uploads/2024/10/Custom-Kraft-Take-Out-Boxes.jpg,2024/10/Custom-Kraft-Take-Out-Boxes.jpg,,/product/kraft-take-out-boxes/,gallery
https://kraftboxpack.com/wp-content/uploads/2024/10/Custom-Kraft-Take-Out-Packaging.jpg,2024/10/Custom-Kraft-Take-Out-Packaging.jpg,,/product/kraft-take-out-boxes/,gallery
https://kraftboxpack.com/wp-content/uploads/2024/10/Custom-Kraft-Treat-Boxes.jpg,2024/10/Custom-Kraft-Treat-Boxes.jpg,,/product/kraft-treat-boxes/,gallery
https://kraftboxpack.com/wp-content/uploads/2024/10/Custom-Kraft-Treat-Packaging.jpg,2024/10/Custom-Kraft-Treat-Packaging.jpg,,/product/kraft-treat-boxes/,gallery
https://kraftboxpack.com/wp-content/uploads/2024/10/Custom-Large-Kraft-Gift-Boxes.jpg,2024/10/Custom-Large-Kraft-Gift-Boxes.jpg,,/product/large-kraft-gift-boxes/,gallery
https://kraftboxpack.com/wp-content/uploads/2024/10/Custom-Large-Kraft-Gift-Packaging.jpg,2024/10/Custom-Large-Kraft-Gift-Packaging.jpg,,/product/large-kraft-gift-boxes/,gallery
https://kraftboxpack.com/wp-content/uploads/2024/10/Custom-Mini-Kraft-Boxes.jpg,2024/10/Custom-Mini-Kraft-Boxes.jpg,,/product/mini-kraft-boxes/,gallery
https://kraftboxpack.com/wp-content/uploads/2024/10/Custom-Mini-Kraft-Packaging.jpg,2024/10/Custom-Mini-Kraft-Packaging.jpg,,/product/mini-kraft-boxes/,gallery
https://kraftboxpack.com/wp-content/uploads/2024/10/Custom-Small-Kraft-Boxes.jpg,2024/10/Custom-Small-Kraft-Boxes.jpg,,/product/small-kraft-boxes/,gallery
https://kraftboxpack.com/wp-content/uploads/2024/10/Custom-Small-Kraft-Packaging.jpg,2024/10/Custom-Small-Kraft-Packaging.jpg,,/product/small-kraft-boxes/,gallery
https://kraftboxpack.com/wp-content/uploads/2024/10/Kraft-Bakery-Boxes.jpg,2024/10/Kraft-Bakery-Boxes.jpg,,/product/kraft-bakery-boxes/,primary
https://kraftboxpack.com/wp-content/uploads/2024/10/Kraft-Bakery-Packaging.jpg,2024/10/Kraft-Bakery-Packaging.jpg,,/product/kraft-bakery-boxes/,gallery
https://kraftboxpack.com/wp-content/uploads/2024/10/Kraft-Box-with-Window-Packaging.jpg,2024/10/Kraft-Box-with-Window-Packaging.jpg,Kraft Box with Window Packaging,/product/kraft-box-with-window/,gallery
https://kraftboxpack.com/wp-content/uploads/2024/10/Kraft-Box-with-Window.jpg,2024/10/Kraft-Box-with-Window.jpg,,/product/kraft-box-with-window/,primary
https://kraftboxpack.com/wp-content/uploads/2024/10/Kraft-Boxes-With-Lid-Packaging.jpg,2024/10/Kraft-Boxes-With-Lid-Packaging.jpg,,/product/kraft-boxes-with-lid/,gallery
https://kraftboxpack.com/wp-content/uploads/2024/10/Kraft-Boxes-With-Lid.jpg,2024/10/Kraft-Boxes-With-Lid.jpg,,/product/kraft-boxes-with-lid/,primary
https://kraftboxpack.com/wp-content/uploads/2024/10/Kraft-Cake-Boxes.jpg,2024/10/Kraft-Cake-Boxes.jpg,,/product/kraft-cake-boxes/,primary
https://kraftboxpack.com/wp-content/uploads/2024/10/Kraft-Cake-Packaging.jpg,2024/10/Kraft-Cake-Packaging.jpg,,/product/kraft-cake-boxes/,gallery
https://kraftboxpack.com/wp-content/uploads/2024/10/Kraft-Candle-Boxes.jpg,2024/10/Kraft-Candle-Boxes.jpg,,/product/kraft-candle-boxes/,primary
https://kraftboxpack.com/wp-content/uploads/2024/10/Kraft-Candle-Packaging.jpg,2024/10/Kraft-Candle-Packaging.jpg,,/product/kraft-candle-boxes/,gallery
https://kraftboxpack.com/wp-content/uploads/2024/10/Kraft-Candy-Boxes.jpg,2024/10/Kraft-Candy-Boxes.jpg,,/product/kraft-candy-boxes/,primary
https://kraftboxpack.com/wp-content/uploads/2024/10/Kraft-Candy-Packaging.jpg,2024/10/Kraft-Candy-Packaging.jpg,,/product/kraft-candy-boxes/,gallery
https://kraftboxpack.com/wp-content/uploads/2024/10/Kraft-Cardboard-Boxes.jpg,2024/10/Kraft-Cardboard-Boxes.jpg,,/product/kraft-cardboard-boxes/,primary
https://kraftboxpack.com/wp-content/uploads/2024/10/Kraft-Cardboard-Packaging.jpg,2024/10/Kraft-Cardboard-Packaging.jpg,,/product/kraft-cardboard-boxes/,gallery
https://kraftboxpack.com/wp-content/uploads/2024/10/Kraft-Cookie-Boxes.jpg,2024/10/Kraft-Cookie-Boxes.jpg,,/product/kraft-cookie-boxes/,primary
https://kraftboxpack.com/wp-content/uploads/2024/10/Kraft-Cookie-Packaging.jpg,2024/10/Kraft-Cookie-Packaging.jpg,,/product/kraft-cookie-boxes/,gallery
https://kraftboxpack.com/wp-content/uploads/2024/10/Kraft-Corrugated-Boxes.jpg,2024/10/Kraft-Corrugated-Boxes.jpg,,/product/kraft-corrugated-boxes/,primary
https://kraftboxpack.com/wp-content/uploads/2024/10/Kraft-Corrugated-Packaging.jpg,2024/10/Kraft-Corrugated-Packaging.jpg,,/product/kraft-corrugated-boxes/,gallery
https://kraftboxpack.com/wp-content/uploads/2024/10/Kraft-Cupcake-Boxes.jpg,2024/10/Kraft-Cupcake-Boxes.jpg,,/product/kraft-cupcake-boxes/,primary
https://kraftboxpack.com/wp-content/uploads/2024/10/Kraft-Cupcake-Packaging.jpg,2024/10/Kraft-Cupcake-Packaging.jpg,,/product/kraft-cupcake-boxes/,gallery
https://kraftboxpack.com/wp-content/uploads/2024/10/Kraft-Dispenser-Boxes.jpg,2024/10/Kraft-Dispenser-Boxes.jpg,,/product/kraft-dispenser-boxes/,primary
https://kraftboxpack.com/wp-content/uploads/2024/10/Kraft-Dispenser-Packaging.jpg,2024/10/Kraft-Dispenser-Packaging.jpg,,/product/kraft-dispenser-boxes/,gallery
https://kraftboxpack.com/wp-content/uploads/2024/10/Kraft-Drawer-Boxes.jpg,2024/10/Kraft-Drawer-Boxes.jpg,,/product/kraft-drawer-boxes/,primary
https://kraftboxpack.com/wp-content/uploads/2024/10/Kraft-Drawer-Packaging.jpg,2024/10/Kraft-Drawer-Packaging.jpg,,/product/kraft-drawer-boxes/,gallery
https://kraftboxpack.com/wp-content/uploads/2024/10/Kraft-Favor-Boxes.jpg,2024/10/Kraft-Favor-Boxes.jpg,,/product/kraft-favor-boxes/,primary
https://kraftboxpack.com/wp-content/uploads/2024/10/Kraft-Favor-Packaging.jpg,2024/10/Kraft-Favor-Packaging.jpg,,/product/kraft-favor-boxes/,gallery
https://kraftboxpack.com/wp-content/uploads/2024/10/Kraft-Food-Boxes.jpg,2024/10/Kraft-Food-Boxes.jpg,,/product/kraft-food-boxes/,primary
https://kraftboxpack.com/wp-content/uploads/2024/10/Kraft-Food-Packaging.jpg,2024/10/Kraft-Food-Packaging.jpg,,/product/kraft-food-boxes/,gallery
https://kraftboxpack.com/wp-content/uploads/2024/10/Kraft-Gable-Boxes.jpg,2024/10/Kraft-Gable-Boxes.jpg,,/product/kraft-gable-boxes/,primary
https://kraftboxpack.com/wp-content/uploads/2024/10/Kraft-Gable-Packaging.jpg,2024/10/Kraft-Gable-Packaging.jpg,,/product/kraft-gable-boxes/,gallery
https://kraftboxpack.com/wp-content/uploads/2024/10/Kraft-Gift-Boxes-With-Lids.jpg,2024/10/Kraft-Gift-Boxes-With-Lids.jpg,,/product/kraft-gift-boxes-with-lids/,primary
https://kraftboxpack.com/wp-content/uploads/2024/10/Kraft-Gift-with-Lids-Packaging.jpg,2024/10/Kraft-Gift-with-Lids-Packaging.jpg,,/product/kraft-gift-boxes-with-lids/,gallery
https://kraftboxpack.com/wp-content/uploads/2024/10/Kraft-Jewelry-Boxes.jpg,2024/10/Kraft-Jewelry-Boxes.jpg,,/product/kraft-jewelry-boxes/,primary
https://kraftboxpack.com/wp-content/uploads/2024/10/Kraft-Jewelry-Packaging.jpg,2024/10/Kraft-Jewelry-Packaging.jpg,,/product/kraft-jewelry-boxes/,gallery
https://kraftboxpack.com/wp-content/uploads/2024/10/Kraft-Mailer-Boxes.jpg,2024/10/Kraft-Mailer-Boxes.jpg,,/product/kraft-mailer-boxes/,primary
https://kraftboxpack.com/wp-content/uploads/2024/10/Kraft-Mailer-Packaging.jpg,2024/10/Kraft-Mailer-Packaging.jpg,,/product/kraft-mailer-boxes/,gallery
https://kraftboxpack.com/wp-content/uploads/2024/10/Kraft-Paper-Boxes.jpg,2024/10/Kraft-Paper-Boxes.jpg,,/product/kraft-paper-packaging/,gallery
https://kraftboxpack.com/wp-content/uploads/2024/10/Kraft-Paper-Dispenser-Boxes.jpg,2024/10/Kraft-Paper-Dispenser-Boxes.jpg,,/product/kraft-paper-dispenser-boxes/,primary
https://kraftboxpack.com/wp-content/uploads/2024/10/Kraft-Paper-Dispenser-Packaging.jpg,2024/10/Kraft-Paper-Dispenser-Packaging.jpg,,/product/kraft-paper-dispenser-boxes/,gallery
https://kraftboxpack.com/wp-content/uploads/2024/10/Kraft-Paper-Gift-Boxes.jpg,2024/10/Kraft-Paper-Gift-Boxes.jpg,,/product/kraft-paper-gift-boxes/,primary
https://kraftboxpack.com/wp-content/uploads/2024/10/Kraft-Paper-Gift-Packaging.jpg,2024/10/Kraft-Paper-Gift-Packaging.jpg,,/product/kraft-paper-gift-boxes/,gallery
https://kraftboxpack.com/wp-content/uploads/2024/10/Kraft-Paper-Gift-Wrapping.jpg,2024/10/Kraft-Paper-Gift-Wrapping.jpg,,/product/kraft-paper-gift-wrapping/,primary
https://kraftboxpack.com/wp-content/uploads/2024/10/Kraft-Paper-Gift.jpg,2024/10/Kraft-Paper-Gift.jpg,,/product/kraft-paper-gift-wrapping/,gallery
https://kraftboxpack.com/wp-content/uploads/2024/10/Kraft-Paper-Packaging.jpg,2024/10/Kraft-Paper-Packaging.jpg,,/product/kraft-paper-packaging/,primary
https://kraftboxpack.com/wp-content/uploads/2024/10/Kraft-Pizza-Boxes.jpg,2024/10/Kraft-Pizza-Boxes.jpg,,/product/kraft-pizza-boxes/,primary
https://kraftboxpack.com/wp-content/uploads/2024/10/Kraft-Pizza-Packaging.jpg,2024/10/Kraft-Pizza-Packaging.jpg,,/product/kraft-pizza-boxes/,gallery
https://kraftboxpack.com/wp-content/uploads/2024/10/Kraft-Round-Boxes.jpg,2024/10/Kraft-Round-Boxes.jpg,,/product/kraft-round-boxes/,primary
https://kraftboxpack.com/wp-content/uploads/2024/10/Kraft-Round-Packaging.jpg,2024/10/Kraft-Round-Packaging.jpg,,/product/kraft-round-boxes/,gallery
https://kraftboxpack.com/wp-content/uploads/2024/10/Kraft-Shipping-Boxes.jpg,2024/10/Kraft-Shipping-Boxes.jpg,,/product/kraft-shipping-boxes/,primary
https://kraftboxpack.com/wp-content/uploads/2024/10/Kraft-Shipping-Packaging.jpg,2024/10/Kraft-Shipping-Packaging.jpg,,/product/kraft-shipping-boxes/,gallery
https://kraftboxpack.com/wp-content/uploads/2024/10/Kraft-Shoe-Boxes.jpg,2024/10/Kraft-Shoe-Boxes.jpg,,/product/kraft-shoe-boxes/,primary
https://kraftboxpack.com/wp-content/uploads/2024/10/Kraft-Shoe-Packaging.jpg,2024/10/Kraft-Shoe-Packaging.jpg,,/product/kraft-shoe-boxes/,gallery
https://kraftboxpack.com/wp-content/uploads/2024/10/Kraft-Storage-Boxes-1.jpg,2024/10/Kraft-Storage-Boxes-1.jpg,,/product/kraft-storage-boxes/,primary
https://kraftboxpack.com/wp-content/uploads/2024/10/Kraft-Storage-Packaging-1.jpg,2024/10/Kraft-Storage-Packaging-1.jpg,,/product/kraft-storage-boxes/,gallery
https://kraftboxpack.com/wp-content/uploads/2024/10/Kraft-Take-Out-Boxes.jpg,2024/10/Kraft-Take-Out-Boxes.jpg,,/product/kraft-take-out-boxes/,primary
https://kraftboxpack.com/wp-content/uploads/2024/10/Kraft-Take-Out-Packaging.jpg,2024/10/Kraft-Take-Out-Packaging.jpg,,/product/kraft-take-out-boxes/,gallery
https://kraftboxpack.com/wp-content/uploads/2024/10/Kraft-Treat-Boxes.jpg,2024/10/Kraft-Treat-Boxes.jpg,,/product/kraft-treat-boxes/,primary
https://kraftboxpack.com/wp-content/uploads/2024/10/Kraft-Treat-Packaging.jpg,2024/10/Kraft-Treat-Packaging.jpg,,/product/kraft-treat-boxes/,gallery
https://kraftboxpack.com/wp-content/uploads/2024/10/Large-Kraft-Gift-Boxes.jpg,2024/10/Large-Kraft-Gift-Boxes.jpg,,/product/large-kraft-gift-boxes/,primary
https://kraftboxpack.com/wp-content/uploads/2024/10/Large-Kraft-Gift-Packaging.jpg,2024/10/Large-Kraft-Gift-Packaging.jpg,,/product/large-kraft-gift-boxes/,gallery
https://kraftboxpack.com/wp-content/uploads/2024/10/Mini-Kraft-Boxes.jpg,2024/10/Mini-Kraft-Boxes.jpg,,/product/mini-kraft-boxes/,primary
https://kraftboxpack.com/wp-content/uploads/2024/10/Mini-Kraft-Packaging.jpg,2024/10/Mini-Kraft-Packaging.jpg,,/product/mini-kraft-boxes/,gallery
https://kraftboxpack.com/wp-content/uploads/2024/10/Small-Kraft-Boxes.jpg,2024/10/Small-Kraft-Boxes.jpg,,/product/small-kraft-boxes/,primary
https://kraftboxpack.com/wp-content/uploads/2024/10/Small-Kraft-Packaging.jpg,2024/10/Small-Kraft-Packaging.jpg,,/product/small-kraft-boxes/,gallery
https://kraftboxpack.com/wp-content/uploads/2025/11/1-1.jpg,2025/11/1-1.jpg,,/product/kraft-boxes-for-gifts/,gallery
https://kraftboxpack.com/wp-content/uploads/2025/11/1-2.jpg,2025/11/1-2.jpg,,/product/kraft-paper-boxes/,gallery
https://kraftboxpack.com/wp-content/uploads/2025/11/1-3.jpg,2025/11/1-3.jpg,,/product/custom-kraft-bags/,gallery
https://kraftboxpack.com/wp-content/uploads/2025/11/1-4.jpg,2025/11/1-4.jpg,,/product/kraft-pillow-boxes/,primary
https://kraftboxpack.com/wp-content/uploads/2025/11/1-5.jpg,2025/11/1-5.jpg,,/product/colored-kraft-paper/,gallery
https://kraftboxpack.com/wp-content/uploads/2025/11/1-6.jpg,2025/11/1-6.jpg,,/product/kraft-necklace-box/,gallery
https://kraftboxpack.com/wp-content/uploads/2025/11/1-7.jpg,2025/11/1-7.jpg,,/product/kraft-paper-treat-bags/,gallery
https://kraftboxpack.com/wp-content/uploads/2025/11/1-8.jpg,2025/11/1-8.jpg,,/product/kraft-bakery-bags/,gallery
https://kraftboxpack.com/wp-content/uploads/2025/11/1-9.jpg,2025/11/1-9.jpg,,/product/kraft-display-boxes/,gallery
https://kraftboxpack.com/wp-content/uploads/2025/11/1.jpg,2025/11/1.jpg,Kraft Paperboard Boxes,/product/kraft-paperboard-boxes/,primary
https://kraftboxpack.com/wp-content/uploads/2025/11/2-1.jpg,2025/11/2-1.jpg,,/product/kraft-boxes-for-gifts/,gallery
https://kraftboxpack.com/wp-content/uploads/2025/11/2-2.jpg,2025/11/2-2.jpg,,/product/kraft-paper-boxes/,gallery
https://kraftboxpack.com/wp-content/uploads/2025/11/2-3.jpg,2025/11/2-3.jpg,,/product/custom-kraft-bags/,primary
https://kraftboxpack.com/wp-content/uploads/2025/11/2-4.jpg,2025/11/2-4.jpg,,/product/kraft-pillow-boxes/,gallery
https://kraftboxpack.com/wp-content/uploads/2025/11/2-5.jpg,2025/11/2-5.jpg,,/product/colored-kraft-paper/,primary
https://kraftboxpack.com/wp-content/uploads/2025/11/2-6.jpg,2025/11/2-6.jpg,,/product/kraft-necklace-box/,gallery
https://kraftboxpack.com/wp-content/uploads/2025/11/2-7.jpg,2025/11/2-7.jpg,,/product/kraft-paper-treat-bags/,gallery
https://kraftboxpack.com/wp-content/uploads/2025/11/2-8.jpg,2025/11/2-8.jpg,,/product/kraft-bakery-bags/,primary
https://kraftboxpack.com/wp-content/uploads/2025/11/2-9.jpg,2025/11/2-9.jpg,,/product/kraft-display-boxes/,gallery
https://kraftboxpack.com/wp-content/uploads/2025/11/2.jpg,2025/11/2.jpg,,/product/kraft-paperboard-boxes/,gallery
https://kraftboxpack.com/wp-content/uploads/2025/11/3-1.jpg,2025/11/3-1.jpg,,/product/kraft-boxes-for-gifts/,gallery
https://kraftboxpack.com/wp-content/uploads/2025/11/3-2.jpg,2025/11/3-2.jpg,,/product/kraft-paper-boxes/,gallery
https://kraftboxpack.com/wp-content/uploads/2025/11/3-3.jpg,2025/11/3-3.jpg,,/product/custom-kraft-bags/,gallery
https://kraftboxpack.com/wp-content/uploads/2025/11/3-4.jpg,2025/11/3-4.jpg,,/product/kraft-pillow-boxes/,gallery
https://kraftboxpack.com/wp-content/uploads/2025/11/3-5.jpg,2025/11/3-5.jpg,,/product/colored-kraft-paper/,gallery
https://kraftboxpack.com/wp-content/uploads/2025/11/3-6.jpg,2025/11/3-6.jpg,,/product/kraft-necklace-box/,gallery
https://kraftboxpack.com/wp-content/uploads/2025/11/3-7.jpg,2025/11/3-7.jpg,,/product/kraft-paper-treat-bags/,gallery
https://kraftboxpack.com/wp-content/uploads/2025/11/3-8.jpg,2025/11/3-8.jpg,,/product/kraft-bakery-bags/,gallery
https://kraftboxpack.com/wp-content/uploads/2025/11/3-9.jpg,2025/11/3-9.jpg,,/product/kraft-display-boxes/,primary
https://kraftboxpack.com/wp-content/uploads/2025/11/3.jpg,2025/11/3.jpg,,/product/kraft-paperboard-boxes/,gallery
https://kraftboxpack.com/wp-content/uploads/2025/11/4-1.jpg,2025/11/4-1.jpg,,/product/kraft-boxes-for-gifts/,primary
https://kraftboxpack.com/wp-content/uploads/2025/11/4-2.jpg,2025/11/4-2.jpg,,/product/kraft-paper-boxes/,primary
https://kraftboxpack.com/wp-content/uploads/2025/11/4-3.jpg,2025/11/4-3.jpg,,/product/custom-kraft-bags/,gallery
https://kraftboxpack.com/wp-content/uploads/2025/11/4-4.jpg,2025/11/4-4.jpg,,/product/kraft-pillow-boxes/,gallery
https://kraftboxpack.com/wp-content/uploads/2025/11/4-5.jpg,2025/11/4-5.jpg,,/product/colored-kraft-paper/,gallery
https://kraftboxpack.com/wp-content/uploads/2025/11/4-6.jpg,2025/11/4-6.jpg,,/product/kraft-necklace-box/,primary
https://kraftboxpack.com/wp-content/uploads/2025/11/4-7.jpg,2025/11/4-7.jpg,,/product/kraft-paper-treat-bags/,primary
https://kraftboxpack.com/wp-content/uploads/2025/11/4-8.jpg,2025/11/4-8.jpg,,/product/kraft-bakery-bags/,gallery
https://kraftboxpack.com/wp-content/uploads/2025/11/4-9.jpg,2025/11/4-9.jpg,,/product/kraft-display-boxes/,gallery
https://kraftboxpack.com/wp-content/uploads/2025/11/4.jpg,2025/11/4.jpg,,/product/kraft-paperboard-boxes/,gallery
https://kraftboxpack.com/wp-content/uploads/2025/11/Custom-Kraft-Eco-Friendly-Compostable-Boxes.png,2025/11/Custom-Kraft-Eco-Friendly-Compostable-Boxes.png,,/product/kraft-eco-friendly-compostable-boxes/,primary
https://kraftboxpack.com/wp-content/uploads/2025/11/Kraft-Eco-Friendly-Compostable-Box.png,2025/11/Kraft-Eco-Friendly-Compostable-Box.png,,/product/kraft-eco-friendly-compostable-boxes/,gallery
https://kraftboxpack.com/wp-content/uploads/2025/11/Kraft-Eco-Friendly-Compostable-Boxes-Packaging.png,2025/11/Kraft-Eco-Friendly-Compostable-Boxes-Packaging.png,,/product/kraft-eco-friendly-compostable-boxes/,gallery
https://kraftboxpack.com/wp-content/uploads/2025/11/Kraft-Eco-Friendly-Compostable-Boxes-Wholesale.png,2025/11/Kraft-Eco-Friendly-Compostable-Boxes-Wholesale.png,,/product/kraft-eco-friendly-compostable-boxes/,gallery
https://kraftboxpack.com/wp-content/uploads/2025/11/Kraft-Eco-Friendly-Compostable-Boxes.png,2025/11/Kraft-Eco-Friendly-Compostable-Boxes.png,,/product/kraft-eco-friendly-compostable-boxes/,gallery
https://kraftboxpack.com/wp-content/uploads/2025/12/1-4.jpg,2025/12/1-4.jpg,Kraft Certificate Boxes,/product/kraft-certificate-boxes/,gallery
https://kraftboxpack.com/wp-content/uploads/2025/12/1-5.jpg,2025/12/1-5.jpg,Kraft Badge Packaging Boxes,/product/kraft-badge-packaging-boxes/,primary
https://kraftboxpack.com/wp-content/uploads/2025/12/1-6.jpg,2025/12/1-6.jpg,Kraft Art Supply Packaging,/product/kraft-art-supply-packaging/,primary
https://kraftboxpack.com/wp-content/uploads/2025/12/1-7.jpg,2025/12/1-7.jpg,Kraft Board Game Packaging Boxes,/product/kraft-board-game-packaging-boxes/,gallery
https://kraftboxpack.com/wp-content/uploads/2025/12/1-8.jpg,2025/12/1-8.jpg,Kraft Baby Product Boxes,/product/kraft-baby-product-boxes/,primary
https://kraftboxpack.com/wp-content/uploads/2025/12/1-9.jpg,2025/12/1-9.jpg,Kraft Belt Packaging Boxes,/product/kraft-belt-packaging-boxes/,primary
https://kraftboxpack.com/wp-content/uploads/2025/12/2-4.jpg,2025/12/2-4.jpg,Kraft Certificate Boxes,/product/kraft-certificate-boxes/,gallery
https://kraftboxpack.com/wp-content/uploads/2025/12/2-5.jpg,2025/12/2-5.jpg,Kraft Badge Packaging Boxes,/product/kraft-badge-packaging-boxes/,gallery
https://kraftboxpack.com/wp-content/uploads/2025/12/2-6.jpg,2025/12/2-6.jpg,Kraft Art Supply Packaging,/product/kraft-art-supply-packaging/,gallery
https://kraftboxpack.com/wp-content/uploads/2025/12/2-7.jpg,2025/12/2-7.jpg,Kraft Board Game Packaging Boxes,/product/kraft-board-game-packaging-boxes/,gallery
https://kraftboxpack.com/wp-content/uploads/2025/12/2-8.jpg,2025/12/2-8.jpg,Kraft Baby Product Boxes,/product/kraft-baby-product-boxes/,gallery
https://kraftboxpack.com/wp-content/uploads/2025/12/2-9.jpg,2025/12/2-9.jpg,Kraft Belt Packaging Boxes,/product/kraft-belt-packaging-boxes/,gallery
https://kraftboxpack.com/wp-content/uploads/2025/12/3-4.jpg,2025/12/3-4.jpg,Kraft Certificate Boxes,/product/kraft-certificate-boxes/,primary
https://kraftboxpack.com/wp-content/uploads/2025/12/3-5.jpg,2025/12/3-5.jpg,Kraft Badge Packaging Boxes,/product/kraft-badge-packaging-boxes/,gallery
https://kraftboxpack.com/wp-content/uploads/2025/12/3-6.jpg,2025/12/3-6.jpg,Kraft Art Supply Packaging,/product/kraft-art-supply-packaging/,gallery
https://kraftboxpack.com/wp-content/uploads/2025/12/3-7.jpg,2025/12/3-7.jpg,Kraft Board Game Packaging Boxes,/product/kraft-board-game-packaging-boxes/,gallery
https://kraftboxpack.com/wp-content/uploads/2025/12/3-8.jpg,2025/12/3-8.jpg,Kraft Baby Product Boxes,/product/kraft-baby-product-boxes/,gallery
https://kraftboxpack.com/wp-content/uploads/2025/12/3-9.jpg,2025/12/3-9.jpg,Kraft Belt Packaging Boxes,/product/kraft-belt-packaging-boxes/,gallery
https://kraftboxpack.com/wp-content/uploads/2025/12/4-4.jpg,2025/12/4-4.jpg,Kraft Certificate Boxes,/product/kraft-certificate-boxes/,gallery
https://kraftboxpack.com/wp-content/uploads/2025/12/4-5.jpg,2025/12/4-5.jpg,Kraft Badge Packaging Boxes,/product/kraft-badge-packaging-boxes/,gallery
https://kraftboxpack.com/wp-content/uploads/2025/12/4-6.jpg,2025/12/4-6.jpg,Kraft Art Supply Packaging,/product/kraft-art-supply-packaging/,gallery
https://kraftboxpack.com/wp-content/uploads/2025/12/4-7.jpg,2025/12/4-7.jpg,Kraft Board Game Packaging Boxes,/product/kraft-board-game-packaging-boxes/,gallery
https://kraftboxpack.com/wp-content/uploads/2025/12/4-8.jpg,2025/12/4-8.jpg,Kraft Baby Product Boxes,/product/kraft-baby-product-boxes/,gallery
https://kraftboxpack.com/wp-content/uploads/2025/12/4-9.jpg,2025/12/4-9.jpg,Kraft Belt Packaging Boxes,/product/kraft-belt-packaging-boxes/,gallery
https://kraftboxpack.com/wp-content/uploads/2025/12/5-4.jpg,2025/12/5-4.jpg,Kraft Certificate Boxes,/product/kraft-certificate-boxes/,gallery
https://kraftboxpack.com/wp-content/uploads/2025/12/5-5.jpg,2025/12/5-5.jpg,Kraft Badge Packaging Boxes,/product/kraft-badge-packaging-boxes/,gallery
https://kraftboxpack.com/wp-content/uploads/2025/12/5-6.jpg,2025/12/5-6.jpg,Kraft Art Supply Packaging,/product/kraft-art-supply-packaging/,gallery
https://kraftboxpack.com/wp-content/uploads/2025/12/5-7.jpg,2025/12/5-7.jpg,Kraft Board Game Packaging Boxes,/product/kraft-board-game-packaging-boxes/,primary
https://kraftboxpack.com/wp-content/uploads/2025/12/5-8.jpg,2025/12/5-8.jpg,Kraft Baby Product Boxes,/product/kraft-baby-product-boxes/,gallery
https://kraftboxpack.com/wp-content/uploads/2025/12/5-9.jpg,2025/12/5-9.jpg,Kraft Belt Packaging Boxes,/product/kraft-belt-packaging-boxes/,gallery
https://kraftboxpack.com/wp-content/uploads/2025/12/6-Pack-Bottle-Carrier-Plastic.jpg,2025/12/6-Pack-Bottle-Carrier-Plastic.jpg,6 Pack Bottle Carrier Plastic,/product/kraft-juice-bottle-carriers/,primary
https://kraftboxpack.com/wp-content/uploads/2025/12/6-Pack-Bottle-Carrier-wholesale.jpg,2025/12/6-Pack-Bottle-Carrier-wholesale.jpg,6 Pack Bottle Carrier wholesale,/product/kraft-juice-bottle-carriers/,gallery
https://kraftboxpack.com/wp-content/uploads/2025/12/6-pieces-Brownie-Box.jpg,2025/12/6-pieces-Brownie-Box.jpg,6 pieces Brownie Box,/product/kraft-brownie-packaging-boxes/,primary
https://kraftboxpack.com/wp-content/uploads/2025/12/Adults-and-Crafts-subscription-box-reviews.jpg,2025/12/Adults-and-Crafts-subscription-box-reviews.jpg,Adults and Crafts subscription box reviews,/product/kraft-subscription-boxes/,primary
https://kraftboxpack.com/wp-content/uploads/2025/12/Best-craft-subscription-boxes-for-adults.jpg,2025/12/Best-craft-subscription-boxes-for-adults.jpg,Best craft subscription boxes for adults,/product/kraft-subscription-boxes/,gallery
https://kraftboxpack.com/wp-content/uploads/2025/12/Candle-boxes-packaging.jpg,2025/12/Candle-boxes-packaging.jpg,Candle boxes packaging,/product/kraft-candle-sleeve-boxes/,primary
https://kraftboxpack.com/wp-content/uploads/2025/12/Candle-packaging-boxes-wholesale.jpg,2025/12/Candle-packaging-boxes-wholesale.jpg,Candle packaging boxes wholesale,/product/kraft-candle-sleeve-boxes/,gallery
https://kraftboxpack.com/wp-content/uploads/2025/12/Cardboard-produce-boxes-wholesale.jpg,2025/12/Cardboard-produce-boxes-wholesale.jpg,Cardboard produce boxes wholesale,/product/kraft-vegetable-packaging-boxes/,primary
https://kraftboxpack.com/wp-content/uploads/2025/12/Craft-subscription-box-for-adults.jpg,2025/12/Craft-subscription-box-for-adults.jpg,Craft subscription box for adults,/product/kraft-subscription-boxes/,gallery
https://kraftboxpack.com/wp-content/uploads/2025/12/Custom-Kraft-Beauty-Kit-Boxes.jpg,2025/12/Custom-Kraft-Beauty-Kit-Boxes.jpg,Custom Kraft Beauty Kit Boxes,/product/kraft-beauty-kit-boxes/,primary
https://kraftboxpack.com/wp-content/uploads/2025/12/Custom-Kraft-Brochure-Packaging-Boxes.jpg,2025/12/Custom-Kraft-Brochure-Packaging-Boxes.jpg,Custom Kraft Brochure Packaging Boxes,/product/kraft-brochure-packaging-boxes/,primary
https://kraftboxpack.com/wp-content/uploads/2025/12/Custom-Kraft-Bulk-Shipping-Crates.jpg,2025/12/Custom-Kraft-Bulk-Shipping-Crates.jpg,Custom Kraft Bulk Shipping Crates,/product/kraft-bulk-shipping-crates/,gallery
https://kraftboxpack.com/wp-content/uploads/2025/12/Custom-Kraft-CD-DVD-Packaging.jpg,2025/12/Custom-Kraft-CD-DVD-Packaging.jpg,Custom Kraft CD DVD Packaging,/product/kraft-cd-dvd-packaging/,gallery
https://kraftboxpack.com/wp-content/uploads/2025/12/Custom-Kraft-Calendar-Boxes.jpg,2025/12/Custom-Kraft-Calendar-Boxes.jpg,Custom Kraft Calendar Boxes,/product/kraft-calendar-boxes/,primary
https://kraftboxpack.com/wp-content/uploads/2025/12/Custom-Kraft-Document-Mailers.jpg,2025/12/Custom-Kraft-Document-Mailers.jpg,Kraft Document Mailers,/product/kraft-document-mailers/,gallery
https://kraftboxpack.com/wp-content/uploads/2025/12/Custom-Kraft-Drawer-Gift-Boxes.jpg,2025/12/Custom-Kraft-Drawer-Gift-Boxes.jpg,,/product/kraft-drawer-gift-boxes/,primary
https://kraftboxpack.com/wp-content/uploads/2025/12/Custom-Kraft-Egg-Cartons.jpg,2025/12/Custom-Kraft-Egg-Cartons.jpg,Kraft Egg Cartons,/product/kraft-egg-cartons/,primary
https://kraftboxpack.com/wp-content/uploads/2025/12/Custom-Kraft-First-Aid-Kit-Boxes.png,2025/12/Custom-Kraft-First-Aid-Kit-Boxes.png,,/product/kraft-first-aid-kit-boxes/,primary
https://kraftboxpack.com/wp-content/uploads/2025/12/Custom-Kraft-Gift-Card-Boxes.jpg,2025/12/Custom-Kraft-Gift-Card-Boxes.jpg,,/product/kraft-gift-card-boxes/,primary
https://kraftboxpack.com/wp-content/uploads/2025/12/Custom-Kraft-Granola-Bar-Boxes.jpg,2025/12/Custom-Kraft-Granola-Bar-Boxes.jpg,Kraft Box Pack,/product/kraft-granola-bar-boxes/,primary
https://kraftboxpack.com/wp-content/uploads/2025/12/Custom-Kraft-Invitation-Boxes.jpg,2025/12/Custom-Kraft-Invitation-Boxes.jpg,Custom Kraft Invitation Boxes,/product/kraft-invitation-boxes/,primary
https://kraftboxpack.com/wp-content/uploads/2025/12/Custom-Kraft-Keychain-Boxes.jpg,2025/12/Custom-Kraft-Keychain-Boxes.jpg,Custom Kraft Keychain Boxes,/product/kraft-keychain-packaging-boxes/,primary
https://kraftboxpack.com/wp-content/uploads/2025/12/Custom-Kraft-Liquor-Gift-Boxes.jpg,2025/12/Custom-Kraft-Liquor-Gift-Boxes.jpg,Custom Kraft Liquor Gift Boxes,/product/kraft-liquor-gift-boxes/,gallery
https://kraftboxpack.com/wp-content/uploads/2025/12/Custom-Kraft-Macaron-Packaging-Box.jpg,2025/12/Custom-Kraft-Macaron-Packaging-Box.jpg,Custom Kraft Macaron Packaging Box,/product/kraft-macaron-packaging-boxes/,primary
https://kraftboxpack.com/wp-content/uploads/2025/12/Custom-Kraft-Milk-Bottle-Carriers.jpg,2025/12/Custom-Kraft-Milk-Bottle-Carriers.jpg,Custom Kraft Milk Bottle Carriers,/product/kraft-milk-bottle-carriers/,gallery
https://kraftboxpack.com/wp-content/uploads/2025/12/Custom-Kraft-Salad-Boxes.jpg,2025/12/Custom-Kraft-Salad-Boxes.jpg,Custom Kraft Salad Boxes,/product/kraft-salad-boxes/,primary
https://kraftboxpack.com/wp-content/uploads/2025/12/Custom-Kraft-Sock-Packaging-Boxes.jpg,2025/12/Custom-Kraft-Sock-Packaging-Boxes.jpg,Custom Kraft Sock Packaging Boxes,/product/kraft-sock-packaging-boxes/,primary
https://kraftboxpack.com/wp-content/uploads/2025/12/Custom-Kraft-boxes.jpg,2025/12/Custom-Kraft-boxes.jpg,Custom Kraft boxes,/product/kraft-pr-packaging-boxes/,primary
https://kraftboxpack.com/wp-content/uploads/2025/12/Custom-Kraft-notebook-packaging.jpg,2025/12/Custom-Kraft-notebook-packaging.jpg,Custom Kraft notebook packaging,/product/kraft-notebook-packaging/,primary
https://kraftboxpack.com/wp-content/uploads/2025/12/Custom-Kraft-pencil-packaging-boxes.jpg,2025/12/Custom-Kraft-pencil-packaging-boxes.jpg,Custom Kraft pencil packaging boxes,/product/kraft-pencil-packaging-boxes/,primary
https://kraftboxpack.com/wp-content/uploads/2025/12/Custom-Kraft-pencil-packaging.jpg,2025/12/Custom-Kraft-pencil-packaging.jpg,Custom Kraft pencil packaging,/product/kraft-pencil-packaging-boxes/,gallery
https://kraftboxpack.com/wp-content/uploads/2025/12/Custom-jewelry-boxes.jpg,2025/12/Custom-jewelry-boxes.jpg,Custom jewelry boxes,/product/kraft-jewelry-insert-boxes/,primary
https://kraftboxpack.com/wp-content/uploads/2025/12/Custom-lip-balm-boxes.jpg,2025/12/Custom-lip-balm-boxes.jpg,Custom lip balm boxes,/product/kraft-lip-balm-packaging-boxes/,primary
https://kraftboxpack.com/wp-content/uploads/2025/12/Custom-premium-boxes.jpg,2025/12/Custom-premium-boxes.jpg,Custom premium boxes,/product/kraft-minimalist-boxes/,primary
https://kraftboxpack.com/wp-content/uploads/2025/12/Custom-size-shipping-boxes-no-minimum.jpg,2025/12/Custom-size-shipping-boxes-no-minimum.jpg,Custom size shipping boxes no minimum,/product/kraft-minimalist-boxes/,gallery
https://kraftboxpack.com/wp-content/uploads/2025/12/Custom-soap-boxes-wholesale.jpg,2025/12/Custom-soap-boxes-wholesale.jpg,Custom soap boxes wholesale,/product/kraft-soap-sleeve-boxes/,primary
https://kraftboxpack.com/wp-content/uploads/2025/12/Disposable-Kraft-Salad-Boxes.jpg,2025/12/Disposable-Kraft-Salad-Boxes.jpg,Disposable Kraft Salad Boxes,/product/kraft-salad-boxes/,gallery
https://kraftboxpack.com/wp-content/uploads/2025/12/Dream-Custom-Boxes.jpg,2025/12/Dream-Custom-Boxes.jpg,Dream Custom Boxes,/product/kraft-minimalist-boxes/,gallery
https://kraftboxpack.com/wp-content/uploads/2025/12/Gift-Box-market-discount-code.jpg,2025/12/Gift-Box-market-discount-code.jpg,Gift Box market discount code,/product/kraft-luxury-magnet-boxes/,primary
https://kraftboxpack.com/wp-content/uploads/2025/12/Gift-box-market.jpg,2025/12/Gift-box-market.jpg,Gift box market,/product/kraft-luxury-magnet-boxes/,gallery
https://kraftboxpack.com/wp-content/uploads/2025/12/Kraft-Apparel-Packaging-Boxes.jpg,2025/12/Kraft-Apparel-Packaging-Boxes.jpg,Kraft Apparel Packaging Boxes,/product/kraft-apparel-packaging-boxes/,gallery
https://kraftboxpack.com/wp-content/uploads/2025/12/Kraft-Bakery-Boxes-with-Window.jpg,2025/12/Kraft-Bakery-Boxes-with-Window.jpg,Kraft Bakery Boxes with Window,/product/kraft-pastry-boxes/,primary
https://kraftboxpack.com/wp-content/uploads/2025/12/Kraft-Beard-Oil-Boxes.jpg,2025/12/Kraft-Beard-Oil-Boxes.jpg,Kraft Beard Oil Boxes,/product/kraft-beard-oil-boxes/,gallery
https://kraftboxpack.com/wp-content/uploads/2025/12/Kraft-Beauty-Kit-Boxes.jpg,2025/12/Kraft-Beauty-Kit-Boxes.jpg,Kraft Beauty Kit Boxes,/product/kraft-beauty-kit-boxes/,gallery
https://kraftboxpack.com/wp-content/uploads/2025/12/Kraft-Boxes-with-Window.jpg,2025/12/Kraft-Boxes-with-Window.jpg,Kraft Boxes with Window,/product/kraft-pillow-gift-boxes/,gallery
https://kraftboxpack.com/wp-content/uploads/2025/12/Kraft-Bracelet-Packaging-Boxes.jpg,2025/12/Kraft-Bracelet-Packaging-Boxes.jpg,Kraft Bracelet Packaging Boxes,/product/kraft-bracelet-packaging-boxes/,gallery
https://kraftboxpack.com/wp-content/uploads/2025/12/Kraft-Brochure-Packaging-Box.jpg,2025/12/Kraft-Brochure-Packaging-Box.jpg,Kraft Brochure Packaging Box,/product/kraft-brochure-packaging-boxes/,gallery
https://kraftboxpack.com/wp-content/uploads/2025/12/Kraft-Brochure-Packaging-Boxes-Wholesale.jpg,2025/12/Kraft-Brochure-Packaging-Boxes-Wholesale.jpg,Kraft Brochure Packaging Boxes Wholesale,/product/kraft-brochure-packaging-boxes/,gallery
https://kraftboxpack.com/wp-content/uploads/2025/12/Kraft-Brochure-Packaging-Boxes-in-Bulk.jpg,2025/12/Kraft-Brochure-Packaging-Boxes-in-Bulk.jpg,Kraft Brochure Packaging Boxes in Bulk,/product/kraft-brochure-packaging-boxes/,gallery
https://kraftboxpack.com/wp-content/uploads/2025/12/Kraft-Brochure-Packaging-Boxes.jpg,2025/12/Kraft-Brochure-Packaging-Boxes.jpg,Kraft Brochure Packaging Boxes,/product/kraft-brochure-packaging-boxes/,gallery
https://kraftboxpack.com/wp-content/uploads/2025/12/Kraft-Brownie-Packaging-Boxes.jpg,2025/12/Kraft-Brownie-Packaging-Boxes.jpg,Kraft Brownie Packaging Boxes,/product/kraft-brownie-packaging-boxes/,gallery
https://kraftboxpack.com/wp-content/uploads/2025/12/Kraft-Bulk-Shipping-Crates-Packaging.jpg,2025/12/Kraft-Bulk-Shipping-Crates-Packaging.jpg,Kraft Bulk Shipping Crates Packaging,/product/kraft-bulk-shipping-crates/,gallery
https://kraftboxpack.com/wp-content/uploads/2025/12/Kraft-Bulk-Shipping-Crates-Wholesale.jpg,2025/12/Kraft-Bulk-Shipping-Crates-Wholesale.jpg,Kraft Bulk Shipping Crates Wholesale,/product/kraft-bulk-shipping-crates/,gallery
https://kraftboxpack.com/wp-content/uploads/2025/12/Kraft-Bulk-Shipping-Crates-in-Bulk.jpg,2025/12/Kraft-Bulk-Shipping-Crates-in-Bulk.jpg,Kraft Bulk Shipping Crates in Bulk,/product/kraft-bulk-shipping-crates/,gallery
https://kraftboxpack.com/wp-content/uploads/2025/12/Kraft-Bulk-Shipping-Crates.jpg,2025/12/Kraft-Bulk-Shipping-Crates.jpg,Kraft Bulk Shipping Crates,/product/kraft-bulk-shipping-crates/,primary
https://kraftboxpack.com/wp-content/uploads/2025/12/Kraft-CD-DVD-Box-Pack.jpg,2025/12/Kraft-CD-DVD-Box-Pack.jpg,Kraft CD DVD Box Pack,/product/kraft-cd-dvd-packaging/,primary
https://kraftboxpack.com/wp-content/uploads/2025/12/Kraft-CD-DVD-Packaging-Wholesale.jpg,2025/12/Kraft-CD-DVD-Packaging-Wholesale.jpg,Kraft CD DVD Packaging Wholesale,/product/kraft-cd-dvd-packaging/,gallery
https://kraftboxpack.com/wp-content/uploads/2025/12/Kraft-CD-DVD-Packaging-in-Bulk.jpg,2025/12/Kraft-CD-DVD-Packaging-in-Bulk.jpg,Kraft CD DVD Packaging in Bulk,/product/kraft-cd-dvd-packaging/,gallery
https://kraftboxpack.com/wp-content/uploads/2025/12/Kraft-CD-DVD-Packaging.jpg,2025/12/Kraft-CD-DVD-Packaging.jpg,Kraft CD DVD Packaging,/product/kraft-cd-dvd-packaging/,gallery
https://kraftboxpack.com/wp-content/uploads/2025/12/Kraft-Calendar-Box-Packaging.jpg,2025/12/Kraft-Calendar-Box-Packaging.jpg,Kraft Calendar Box Packaging,/product/kraft-calendar-boxes/,gallery
https://kraftboxpack.com/wp-content/uploads/2025/12/Kraft-Calendar-Boxes-Wholesale.jpg,2025/12/Kraft-Calendar-Boxes-Wholesale.jpg,Kraft Calendar Boxes Wholesale,/product/kraft-calendar-boxes/,gallery
https://kraftboxpack.com/wp-content/uploads/2025/12/Kraft-Calendar-Boxes-in-Bulk.jpg,2025/12/Kraft-Calendar-Boxes-in-Bulk.jpg,Kraft Calendar Boxes in Bulk,/product/kraft-calendar-boxes/,gallery
https://kraftboxpack.com/wp-content/uploads/2025/12/Kraft-Calendar-Boxes.jpg,2025/12/Kraft-Calendar-Boxes.jpg,,/product/kraft-calendar-boxes/,gallery
https://kraftboxpack.com/wp-content/uploads/2025/12/Kraft-Candle-Sleeve-Boxes.jpg,2025/12/Kraft-Candle-Sleeve-Boxes.jpg,Kraft Candle Sleeve Boxes,/product/kraft-candle-sleeve-boxes/,gallery
https://kraftboxpack.com/wp-content/uploads/2025/12/Kraft-Chocolate-Packaging-Boxes.jpg,2025/12/Kraft-Chocolate-Packaging-Boxes.jpg,Kraft Chocolate Packaging Boxes,/product/kraft-chocolate-packaging-boxes/,gallery
https://kraftboxpack.com/wp-content/uploads/2025/12/Kraft-Document-Mailer.jpg,2025/12/Kraft-Document-Mailer.jpg,Kraft Document Mailers,/product/kraft-document-mailers/,primary
https://kraftboxpack.com/wp-content/uploads/2025/12/Kraft-Document-Mailers-at-wholesale.jpg,2025/12/Kraft-Document-Mailers-at-wholesale.jpg,Kraft Document Mailers,/product/kraft-document-mailers/,gallery
https://kraftboxpack.com/wp-content/uploads/2025/12/Kraft-Document-Mailers-wholesale.jpg,2025/12/Kraft-Document-Mailers-wholesale.jpg,Kraft Document Mailers,/product/kraft-document-mailers/,gallery
https://kraftboxpack.com/wp-content/uploads/2025/12/Kraft-Document-Mailers.jpg,2025/12/Kraft-Document-Mailers.jpg,Kraft Document Mailers,/product/kraft-document-mailers/,gallery
https://kraftboxpack.com/wp-content/uploads/2025/12/Kraft-Donut-Packaging-Boxes.jpg,2025/12/Kraft-Donut-Packaging-Boxes.jpg,Kraft Donut Packaging Boxes,/product/kraft-donut-packaging-boxes/,gallery
https://kraftboxpack.com/wp-content/uploads/2025/12/Kraft-Drawer-Gift-Box.jpg,2025/12/Kraft-Drawer-Gift-Box.jpg,,/product/kraft-drawer-gift-boxes/,gallery
https://kraftboxpack.com/wp-content/uploads/2025/12/Kraft-Drawer-Gift-Boxes-Wholesale.jpg,2025/12/Kraft-Drawer-Gift-Boxes-Wholesale.jpg,,/product/kraft-drawer-gift-boxes/,gallery
https://kraftboxpack.com/wp-content/uploads/2025/12/Kraft-Drawer-Gift-Boxes.jpg,2025/12/Kraft-Drawer-Gift-Boxes.jpg,,/product/kraft-drawer-gift-boxes/,gallery
https://kraftboxpack.com/wp-content/uploads/2025/12/Kraft-Drawer-Gift-Packaging.jpg,2025/12/Kraft-Drawer-Gift-Packaging.jpg,,/product/kraft-drawer-gift-boxes/,gallery
https://kraftboxpack.com/wp-content/uploads/2025/12/Kraft-Egg-Carton.jpg,2025/12/Kraft-Egg-Carton.jpg,Kraft Egg Cartons,/product/kraft-egg-cartons/,gallery
https://kraftboxpack.com/wp-content/uploads/2025/12/Kraft-Egg-Cartons-Packaging.jpg,2025/12/Kraft-Egg-Cartons-Packaging.jpg,Kraft Egg Cartons,/product/kraft-egg-cartons/,gallery
https://kraftboxpack.com/wp-content/uploads/2025/12/Kraft-Egg-Cartons-Wholesale.jpg,2025/12/Kraft-Egg-Cartons-Wholesale.jpg,Kraft Egg Cartons,/product/kraft-egg-cartons/,gallery
https://kraftboxpack.com/wp-content/uploads/2025/12/Kraft-Egg-Cartons.jpg,2025/12/Kraft-Egg-Cartons.jpg,Kraft Egg Cartons,/product/kraft-egg-cartons/,gallery
https://kraftboxpack.com/wp-content/uploads/2025/12/Kraft-First-Aid-Kit-Box.png,2025/12/Kraft-First-Aid-Kit-Box.png,,/product/kraft-first-aid-kit-boxes/,gallery
https://kraftboxpack.com/wp-content/uploads/2025/12/Kraft-First-Aid-Kit-Boxes-Packaging.png,2025/12/Kraft-First-Aid-Kit-Boxes-Packaging.png,,/product/kraft-first-aid-kit-boxes/,gallery
https://kraftboxpack.com/wp-content/uploads/2025/12/Kraft-First-Aid-Kit-Boxes-Wholesale.png,2025/12/Kraft-First-Aid-Kit-Boxes-Wholesale.png,,/product/kraft-first-aid-kit-boxes/,gallery
https://kraftboxpack.com/wp-content/uploads/2025/12/Kraft-First-Aid-Kit-Boxes.png,2025/12/Kraft-First-Aid-Kit-Boxes.png,,/product/kraft-first-aid-kit-boxes/,gallery
https://kraftboxpack.com/wp-content/uploads/2025/12/Kraft-Gift-Boxes-wholesale.jpg,2025/12/Kraft-Gift-Boxes-wholesale.jpg,Kraft Gift Boxes wholesale,/product/kraft-t-shirt-boxes/,primary
https://kraftboxpack.com/wp-content/uploads/2025/12/Kraft-Gift-Card-Box.jpg,2025/12/Kraft-Gift-Card-Box.jpg,,/product/kraft-gift-card-boxes/,gallery
https://kraftboxpack.com/wp-content/uploads/2025/12/Kraft-Gift-Card-Boxes-Packaging.jpg,2025/12/Kraft-Gift-Card-Boxes-Packaging.jpg,,/product/kraft-gift-card-boxes/,gallery
https://kraftboxpack.com/wp-content/uploads/2025/12/Kraft-Gift-Card-Boxes-Wholesale.jpg,2025/12/Kraft-Gift-Card-Boxes-Wholesale.jpg,,/product/kraft-gift-card-boxes/,gallery
https://kraftboxpack.com/wp-content/uploads/2025/12/Kraft-Gift-Card-Boxes.jpg,2025/12/Kraft-Gift-Card-Boxes.jpg,,/product/kraft-gift-card-boxes/,gallery
https://kraftboxpack.com/wp-content/uploads/2025/12/Kraft-Gift-Hamper-Boxes.jpg,2025/12/Kraft-Gift-Hamper-Boxes.jpg,Kraft Gift Hamper Boxes,/product/kraft-gift-hamper-boxes/,gallery
https://kraftboxpack.com/wp-content/uploads/2025/12/Kraft-Gift-boxes-with-lids.jpg,2025/12/Kraft-Gift-boxes-with-lids.jpg,,/product/kraft-gift-hamper-boxes/,primary
https://kraftboxpack.com/wp-content/uploads/2025/12/Kraft-Granola-Bar-Box.jpg,2025/12/Kraft-Granola-Bar-Box.jpg,Kraft Box Pack,/product/kraft-granola-bar-boxes/,gallery
https://kraftboxpack.com/wp-content/uploads/2025/12/Kraft-Granola-Bar-Boxes-Bulk.jpg,2025/12/Kraft-Granola-Bar-Boxes-Bulk.jpg,Kraft Box Pack,/product/kraft-granola-bar-boxes/,gallery
https://kraftboxpack.com/wp-content/uploads/2025/12/Kraft-Granola-Bar-Boxes-Wholesale.jpg,2025/12/Kraft-Granola-Bar-Boxes-Wholesale.jpg,Kraft Box Pack,/product/kraft-granola-bar-boxes/,gallery
https://kraftboxpack.com/wp-content/uploads/2025/12/Kraft-Granola-Bar-Boxes.jpg,2025/12/Kraft-Granola-Bar-Boxes.jpg,Kraft Box Pack,/product/kraft-granola-bar-boxes/,gallery
https://kraftboxpack.com/wp-content/uploads/2025/12/Kraft-Invitation-Box.jpg,2025/12/Kraft-Invitation-Box.jpg,Kraft Invitation Box,/product/kraft-invitation-boxes/,gallery
https://kraftboxpack.com/wp-content/uploads/2025/12/Kraft-Invitation-Boxes-Packaging.jpg,2025/12/Kraft-Invitation-Boxes-Packaging.jpg,Kraft Invitation Boxes Packaging,/product/kraft-invitation-boxes/,gallery
https://kraftboxpack.com/wp-content/uploads/2025/12/Kraft-Invitation-Boxes.jpg,2025/12/Kraft-Invitation-Boxes.jpg,Kraft Invitation Boxes,/product/kraft-invitation-boxes/,gallery
https://kraftboxpack.com/wp-content/uploads/2025/12/Kraft-Juice-Bottle-Carriers.jpg,2025/12/Kraft-Juice-Bottle-Carriers.jpg,Kraft Juice Bottle Carriers,/product/kraft-juice-bottle-carriers/,gallery
https://kraftboxpack.com/wp-content/uploads/2025/12/Kraft-Keychain-Display-Boxes.jpg,2025/12/Kraft-Keychain-Display-Boxes.jpg,Kraft Keychain Display Boxes,/product/kraft-keychain-packaging-boxes/,gallery
https://kraftboxpack.com/wp-content/uploads/2025/12/Kraft-Keychain-Packaging-Boxes.jpg,2025/12/Kraft-Keychain-Packaging-Boxes.jpg,Kraft Keychain Packaging Boxes,/product/kraft-keychain-packaging-boxes/,gallery
https://kraftboxpack.com/wp-content/uploads/2025/12/Kraft-Lip-Balm-Packaging-Boxes.jpg,2025/12/Kraft-Lip-Balm-Packaging-Boxes.jpg,Kraft Lip Balm Packaging Boxes,/product/kraft-lip-balm-packaging-boxes/,gallery
https://kraftboxpack.com/wp-content/uploads/2025/12/Kraft-Liquor-Gift-Boxes-Wholesale.jpg,2025/12/Kraft-Liquor-Gift-Boxes-Wholesale.jpg,Kraft Liquor Gift Boxes Wholesale,/product/kraft-liquor-gift-boxes/,gallery
https://kraftboxpack.com/wp-content/uploads/2025/12/Kraft-Liquor-Gift-Boxes.jpg,2025/12/Kraft-Liquor-Gift-Boxes.jpg,Kraft Liquor Gift Boxes,/product/kraft-liquor-gift-boxes/,primary
https://kraftboxpack.com/wp-content/uploads/2025/12/Kraft-Luxury-Magnet-Boxes.jpg,2025/12/Kraft-Luxury-Magnet-Boxes.jpg,Kraft Luxury Magnet Boxes,/product/kraft-luxury-magnet-boxes/,gallery
https://kraftboxpack.com/wp-content/uploads/2025/12/Kraft-Macaron-Packaging-Boxes.jpg,2025/12/Kraft-Macaron-Packaging-Boxes.jpg,Kraft Macaron Packaging Boxes,/product/kraft-macaron-packaging-boxes/,gallery
https://kraftboxpack.com/wp-content/uploads/2025/12/Kraft-Magnetic-Closure-Boxes.jpg,2025/12/Kraft-Magnetic-Closure-Boxes.jpg,Kraft Magnetic Closure Boxes,/product/kraft-magnetic-closure-boxes/,gallery
https://kraftboxpack.com/wp-content/uploads/2025/12/Kraft-Mailer-Boxes-wholesale.jpg,2025/12/Kraft-Mailer-Boxes-wholesale.jpg,Kraft Mailer Boxes wholesale,/product/kraft-apparel-packaging-boxes/,gallery
https://kraftboxpack.com/wp-content/uploads/2025/12/Kraft-Makeup-Palette-Boxes.jpg,2025/12/Kraft-Makeup-Palette-Boxes.jpg,Kraft Makeup Palette Boxes,/product/kraft-makeup-palette-boxes/,gallery
https://kraftboxpack.com/wp-content/uploads/2025/12/Kraft-Marketing-Kit-Boxes.jpg,2025/12/Kraft-Marketing-Kit-Boxes.jpg,Kraft Marketing Kit Boxes,/product/kraft-marketing-kit-boxes/,primary
https://kraftboxpack.com/wp-content/uploads/2025/12/Kraft-Medicine-Packaging-Boxes.jpg,2025/12/Kraft-Medicine-Packaging-Boxes.jpg,Kraft Medicine Packaging Boxes,/product/kraft-medicine-packaging-boxes/,gallery
https://kraftboxpack.com/wp-content/uploads/2025/12/Kraft-Milk-Bottle-Carriers.jpg,2025/12/Kraft-Milk-Bottle-Carriers.jpg,Kraft Milk Bottle Carriers,/product/kraft-milk-bottle-carriers/,gallery
https://kraftboxpack.com/wp-content/uploads/2025/12/Kraft-Noodle-Boxes-With-Lids.jpg,2025/12/Kraft-Noodle-Boxes-With-Lids.jpg,Kraft Noodle Boxes With Lids,/product/kraft-noodle-packaging-boxes/,primary
https://kraftboxpack.com/wp-content/uploads/2025/12/Kraft-Noodle-Boxes.jpg,2025/12/Kraft-Noodle-Boxes.jpg,Kraft Noodle Boxes,/product/kraft-noodle-packaging-boxes/,gallery
https://kraftboxpack.com/wp-content/uploads/2025/12/Kraft-Noodle-Food-Boxes.jpg,2025/12/Kraft-Noodle-Food-Boxes.jpg,Kraft Noodle Food Boxes,/product/kraft-noodle-packaging-boxes/,gallery
https://kraftboxpack.com/wp-content/uploads/2025/12/Kraft-Noodle-Packaging-Boxes.jpg,2025/12/Kraft-Noodle-Packaging-Boxes.jpg,Kraft Noodle Packaging Boxes,/product/kraft-noodle-packaging-boxes/,gallery
https://kraftboxpack.com/wp-content/uploads/2025/12/Kraft-Noodle-Takeaway-Boxes.jpg,2025/12/Kraft-Noodle-Takeaway-Boxes.jpg,Kraft Noodle Takeaway Boxes,/product/kraft-noodle-packaging-boxes/,gallery
https://kraftboxpack.com/wp-content/uploads/2025/12/Kraft-Notebook-Packaging.jpg,2025/12/Kraft-Notebook-Packaging.jpg,Kraft Notebook Packaging,/product/kraft-notebook-packaging/,gallery
https://kraftboxpack.com/wp-content/uploads/2025/12/Kraft-PR-Packaging-Boxes.jpg,2025/12/Kraft-PR-Packaging-Boxes.jpg,Kraft PR Packaging Boxes,/product/kraft-pr-packaging-boxes/,gallery
https://kraftboxpack.com/wp-content/uploads/2025/12/Kraft-Paper.jpg,2025/12/Kraft-Paper.jpg,Kraft Paper,/product/kraft-minimalist-boxes/,gallery
https://kraftboxpack.com/wp-content/uploads/2025/12/Kraft-Pastry-Boxes.jpg,2025/12/Kraft-Pastry-Boxes.jpg,Kraft Pastry Boxes,/product/kraft-pastry-boxes/,gallery
https://kraftboxpack.com/wp-content/uploads/2025/12/Kraft-Pen-Packaging-Boxes.jpg,2025/12/Kraft-Pen-Packaging-Boxes.jpg,Kraft Pen Packaging Boxes,/product/kraft-pen-packaging-boxes/,gallery
https://kraftboxpack.com/wp-content/uploads/2025/12/Kraft-Pencil-Packaging-Boxes.jpg,2025/12/Kraft-Pencil-Packaging-Boxes.jpg,Kraft Pencil Packaging Boxes,/product/kraft-pencil-packaging-boxes/,gallery
https://kraftboxpack.com/wp-content/uploads/2025/12/Kraft-Popcorn-Packaging-Boxes.jpg,2025/12/Kraft-Popcorn-Packaging-Boxes.jpg,Kraft Popcorn Packaging Boxes,/product/kraft-popcorn-packaging-boxes/,gallery
https://kraftboxpack.com/wp-content/uploads/2025/12/Kraft-Promotional-Boxes.jpg,2025/12/Kraft-Promotional-Boxes.jpg,Kraft Promotional Boxes,/product/kraft-promotional-boxes/,gallery
https://kraftboxpack.com/wp-content/uploads/2025/12/Kraft-Puzzle-Packaging-Boxes.jpg,2025/12/Kraft-Puzzle-Packaging-Boxes.jpg,Kraft Puzzle Packaging Boxes,/product/kraft-puzzle-packaging-boxes/,gallery
https://kraftboxpack.com/wp-content/uploads/2025/12/Kraft-Rectangular-Gift-Boxes.jpg,2025/12/Kraft-Rectangular-Gift-Boxes.jpg,Kraft Rectangular Gift Boxes,/product/kraft-rectangular-gift-boxes/,gallery
https://kraftboxpack.com/wp-content/uploads/2025/12/Kraft-Round-Gift-Containers.jpg,2025/12/Kraft-Round-Gift-Containers.jpg,Kraft Round Gift Containers,/product/kraft-round-gift-containers/,gallery
https://kraftboxpack.com/wp-content/uploads/2025/12/Kraft-Salad-Boxes-With-Lids.jpg,2025/12/Kraft-Salad-Boxes-With-Lids.jpg,Kraft Salad Boxes With Lids,/product/kraft-salad-boxes/,gallery
https://kraftboxpack.com/wp-content/uploads/2025/12/Kraft-Salad-Boxes.jpg,2025/12/Kraft-Salad-Boxes.jpg,Kraft Salad Boxes,/product/kraft-salad-boxes/,gallery
https://kraftboxpack.com/wp-content/uploads/2025/12/Kraft-Scarf-Boxes.jpg,2025/12/Kraft-Scarf-Boxes.jpg,Kraft Scarf Boxes,/product/kraft-scarf-boxes/,gallery
https://kraftboxpack.com/wp-content/uploads/2025/12/Kraft-Snack-Packaging-Boxes.jpg,2025/12/Kraft-Snack-Packaging-Boxes.jpg,Kraft Snack Packaging Boxes,/product/kraft-snack-packaging-boxes/,gallery
https://kraftboxpack.com/wp-content/uploads/2025/12/Kraft-Soap-Sleeve-Boxes.jpg,2025/12/Kraft-Soap-Sleeve-Boxes.jpg,Kraft Soap Sleeve Boxes,/product/kraft-soap-sleeve-boxes/,gallery
https://kraftboxpack.com/wp-content/uploads/2025/12/Kraft-Sock-Packaging-Boxes.jpg,2025/12/Kraft-Sock-Packaging-Boxes.jpg,Kraft Sock Packaging Boxes,/product/kraft-sock-packaging-boxes/,gallery
https://kraftboxpack.com/wp-content/uploads/2025/12/Kraft-Stationery-Boxes.jpg,2025/12/Kraft-Stationery-Boxes.jpg,Kraft Stationery Boxes,/product/kraft-stationery-boxes/,gallery
https://kraftboxpack.com/wp-content/uploads/2025/12/Kraft-Subscription-Boxes.jpg,2025/12/Kraft-Subscription-Boxes.jpg,Kraft Subscription Boxes,/product/kraft-subscription-boxes/,gallery
https://kraftboxpack.com/wp-content/uploads/2025/12/Kraft-T-Shirt-Boxes.jpg,2025/12/Kraft-T-Shirt-Boxes.jpg,Kraft T Shirt Boxes,/product/kraft-t-shirt-boxes/,gallery
https://kraftboxpack.com/wp-content/uploads/2025/12/Kraft-Tea-Packaging-Box.jpg,2025/12/Kraft-Tea-Packaging-Box.jpg,Kraft Tea Packaging Box,/product/kraft-tea-packaging-boxes/,primary
https://kraftboxpack.com/wp-content/uploads/2025/12/Kraft-Tea-Packaging-Boxes.jpg,2025/12/Kraft-Tea-Packaging-Boxes.jpg,Kraft Tea Packaging Boxes,/product/kraft-tea-packaging-boxes/,gallery
https://kraftboxpack.com/wp-content/uploads/2025/12/Kraft-Triangle-Boxes.jpg,2025/12/Kraft-Triangle-Boxes.jpg,Kraft Triangle Boxes,/product/kraft-triangle-boxes/,gallery
https://kraftboxpack.com/wp-content/uploads/2025/12/Kraft-Vegetable-Packaging-Boxes.jpg,2025/12/Kraft-Vegetable-Packaging-Boxes.jpg,Kraft Vegetable Packaging Boxes,/product/kraft-vegetable-packaging-boxes/,gallery
https://kraftboxpack.com/wp-content/uploads/2025/12/Kraft-Wax-Melt-Boxes.jpg,2025/12/Kraft-Wax-Melt-Boxes.jpg,Kraft Wax Melt Boxes,/product/kraft-wax-melt-boxes/,gallery
https://kraftboxpack.com/wp-content/uploads/2025/12/Kraft-apparel-packaging-boxes-for-sale.jpg,2025/12/Kraft-apparel-packaging-boxes-for-sale.jpg,Kraft apparel packaging boxes for sale,/product/kraft-apparel-packaging-boxes/,primary
https://kraftboxpack.com/wp-content/uploads/2025/12/Kraft-apparel-packaging-boxes-review.jpg,2025/12/Kraft-apparel-packaging-boxes-review.jpg,Kraft apparel packaging boxes review,/product/kraft-apparel-packaging-boxes/,gallery
https://kraftboxpack.com/wp-content/uploads/2025/12/Kraft-apparel-packaging-boxes-wholesale.jpg,2025/12/Kraft-apparel-packaging-boxes-wholesale.jpg,Kraft apparel packaging boxes wholesale,/product/kraft-apparel-packaging-boxes/,gallery
https://kraftboxpack.com/wp-content/uploads/2025/12/Kraft-beauty-kit-boxes-for-sale.jpg,2025/12/Kraft-beauty-kit-boxes-for-sale.jpg,Kraft beauty kit boxes for sale,/product/kraft-beauty-kit-boxes/,gallery
https://kraftboxpack.com/wp-content/uploads/2025/12/Kraft-beauty-kit-boxes-review.jpg,2025/12/Kraft-beauty-kit-boxes-review.jpg,Kraft beauty kit boxes review,/product/kraft-beauty-kit-boxes/,gallery
https://kraftboxpack.com/wp-content/uploads/2025/12/Kraft-beauty-kit-boxes-wholesale.jpg,2025/12/Kraft-beauty-kit-boxes-wholesale.jpg,Kraft beauty kit boxes wholesale,/product/kraft-beauty-kit-boxes/,gallery
https://kraftboxpack.com/wp-content/uploads/2025/12/Kraft-boxes-wholesale.jpg,2025/12/Kraft-boxes-wholesale.jpg,Kraft boxes wholesale,/product/kraft-pillow-gift-boxes/,primary
https://kraftboxpack.com/wp-content/uploads/2025/12/Kraft-bracelet-packaging-boxes-for-sale.jpg,2025/12/Kraft-bracelet-packaging-boxes-for-sale.jpg,Kraft bracelet packaging boxes for sale,/product/kraft-bracelet-packaging-boxes/,primary
https://kraftboxpack.com/wp-content/uploads/2025/12/Kraft-bracelet-packaging-boxes-review.jpg,2025/12/Kraft-bracelet-packaging-boxes-review.jpg,Kraft bracelet packaging boxes review,/product/kraft-bracelet-packaging-boxes/,gallery
https://kraftboxpack.com/wp-content/uploads/2025/12/Kraft-bracelet-packaging-boxes-wholesale.jpg,2025/12/Kraft-bracelet-packaging-boxes-wholesale.jpg,Kraft bracelet packaging boxes wholesale,/product/kraft-bracelet-packaging-boxes/,gallery
https://kraftboxpack.com/wp-content/uploads/2025/12/Kraft-brownie-packaging-boxes-bulk.jpg,2025/12/Kraft-brownie-packaging-boxes-bulk.jpg,Kraft brownie packaging boxes bulk,/product/kraft-brownie-packaging-boxes/,gallery
https://kraftboxpack.com/wp-content/uploads/2025/12/Kraft-brownie-packaging-boxes-wholesale.jpg,2025/12/Kraft-brownie-packaging-boxes-wholesale.jpg,Kraft brownie packaging boxes wholesale,/product/kraft-brownie-packaging-boxes/,gallery
https://kraftboxpack.com/wp-content/uploads/2025/12/Kraft-candle-sleeve-boxes-bulk.jpg,2025/12/Kraft-candle-sleeve-boxes-bulk.jpg,Kraft candle sleeve boxes bulk,/product/kraft-candle-sleeve-boxes/,gallery
https://kraftboxpack.com/wp-content/uploads/2025/12/Kraft-candle-sleeve-boxes-wholesale.jpg,2025/12/Kraft-candle-sleeve-boxes-wholesale.jpg,Kraft candle sleeve boxes wholesale,/product/kraft-candle-sleeve-boxes/,gallery
https://kraftboxpack.com/wp-content/uploads/2025/12/Kraft-donut-packaging-box.jpg,2025/12/Kraft-donut-packaging-box.jpg,Kraft Donut Packaging Boxes,/product/kraft-donut-packaging-boxes/,primary
https://kraftboxpack.com/wp-content/uploads/2025/12/Kraft-donut-packaging-boxes-Wholesale.jpg,2025/12/Kraft-donut-packaging-boxes-Wholesale.jpg,Kraft Donut Packaging Boxes,/product/kraft-donut-packaging-boxes/,gallery
https://kraftboxpack.com/wp-content/uploads/2025/12/Kraft-donut-packaging-boxes-empty.jpg,2025/12/Kraft-donut-packaging-boxes-empty.jpg,Kraft Donut Packaging Boxes,/product/kraft-donut-packaging-boxes/,gallery
https://kraftboxpack.com/wp-content/uploads/2025/12/Kraft-donut-packaging-boxes-for-sale.jpg,2025/12/Kraft-donut-packaging-boxes-for-sale.jpg,Kraft Donut Packaging Boxes,/product/kraft-donut-packaging-boxes/,gallery
https://kraftboxpack.com/wp-content/uploads/2025/12/Kraft-gift-hamper-boxes-bulk.jpg,2025/12/Kraft-gift-hamper-boxes-bulk.jpg,Kraft Gift Hamper Boxes,/product/kraft-gift-hamper-boxes/,gallery
https://kraftboxpack.com/wp-content/uploads/2025/12/Kraft-gift-hamper-boxes-empty.png,2025/12/Kraft-gift-hamper-boxes-empty.png,Kraft Gift Hamper Boxes,/product/kraft-gift-hamper-boxes/,gallery
https://kraftboxpack.com/wp-content/uploads/2025/12/Kraft-gift-hamper-boxes-with-glasses.jpg,2025/12/Kraft-gift-hamper-boxes-with-glasses.jpg,Kraft Gift Hamper Boxes,/product/kraft-gift-hamper-boxes/,gallery
https://kraftboxpack.com/wp-content/uploads/2025/12/Kraft-invitation-boxes-wholesale.jpg,2025/12/Kraft-invitation-boxes-wholesale.jpg,Kraft invitation boxes wholesale,/product/kraft-invitation-boxes/,gallery
https://kraftboxpack.com/wp-content/uploads/2025/12/Kraft-jewelry-Boxes-wholesale-1.jpg,2025/12/Kraft-jewelry-Boxes-wholesale-1.jpg,Kraft jewelry Boxes wholesale,/product/kraft-bracelet-packaging-boxes/,gallery
https://kraftboxpack.com/wp-content/uploads/2025/12/Kraft-jewelry-Boxes-wholesale.jpg,2025/12/Kraft-jewelry-Boxes-wholesale.jpg,Kraft jewelry Boxes wholesale,/product/kraft-jewelry-insert-boxes/,gallery
https://kraftboxpack.com/wp-content/uploads/2025/12/Kraft-jewelry-insert-boxes-sale.jpg,2025/12/Kraft-jewelry-insert-boxes-sale.jpg,Kraft jewelry insert boxes sale,/product/kraft-jewelry-insert-boxes/,gallery
https://kraftboxpack.com/wp-content/uploads/2025/12/Kraft-juice-bottle-carriers-for-sale.jpg,2025/12/Kraft-juice-bottle-carriers-for-sale.jpg,Kraft juice bottle carriers for sale,/product/kraft-juice-bottle-carriers/,gallery
https://kraftboxpack.com/wp-content/uploads/2025/12/Kraft-juice-bottle-carriers-wholesale.jpg,2025/12/Kraft-juice-bottle-carriers-wholesale.jpg,Kraft juice bottle carriers wholesale,/product/kraft-juice-bottle-carriers/,gallery
https://kraftboxpack.com/wp-content/uploads/2025/12/Kraft-keychain-packaging-boxes-price.jpg,2025/12/Kraft-keychain-packaging-boxes-price.jpg,Kraft keychain packaging boxes price,/product/kraft-keychain-packaging-boxes/,gallery
https://kraftboxpack.com/wp-content/uploads/2025/12/Kraft-keychain-packaging-boxes-wholesale.jpg,2025/12/Kraft-keychain-packaging-boxes-wholesale.jpg,Kraft keychain packaging boxes wholesale,/product/kraft-keychain-packaging-boxes/,gallery
https://kraftboxpack.com/wp-content/uploads/2025/12/Kraft-lip-balm-packaging-boxes-empty.jpg,2025/12/Kraft-lip-balm-packaging-boxes-empty.jpg,Kraft lip balm packaging boxes empty,/product/kraft-lip-balm-packaging-boxes/,gallery
https://kraftboxpack.com/wp-content/uploads/2025/12/Kraft-lip-balm-packaging-boxes-wholesale.jpg,2025/12/Kraft-lip-balm-packaging-boxes-wholesale.jpg,Kraft lip balm packaging boxes wholesale,/product/kraft-lip-balm-packaging-boxes/,gallery
https://kraftboxpack.com/wp-content/uploads/2025/12/Kraft-liquor-gift-boxes-empty.jpg,2025/12/Kraft-liquor-gift-boxes-empty.jpg,Kraft liquor gift boxes empty,/product/kraft-liquor-gift-boxes/,gallery
https://kraftboxpack.com/wp-content/uploads/2025/12/Kraft-macaron-packaging-boxes-bulk.jpg,2025/12/Kraft-macaron-packaging-boxes-bulk.jpg,Kraft macaron packaging boxes bulk,/product/kraft-macaron-packaging-boxes/,gallery
https://kraftboxpack.com/wp-content/uploads/2025/12/Kraft-macaron-packaging-boxes-for-sale.jpg,2025/12/Kraft-macaron-packaging-boxes-for-sale.jpg,Kraft macaron packaging boxes for sale,/product/kraft-macaron-packaging-boxes/,gallery
https://kraftboxpack.com/wp-content/uploads/2025/12/Kraft-macaron-packaging-boxes-wholesale.jpg,2025/12/Kraft-macaron-packaging-boxes-wholesale.jpg,Kraft macaron packaging boxes wholesale,/product/kraft-macaron-packaging-boxes/,gallery
https://kraftboxpack.com/wp-content/uploads/2025/12/Kraft-magnetic-closure-boxes-bulk.jpg,2025/12/Kraft-magnetic-closure-boxes-bulk.jpg,Kraft magnetic closure boxes bulk,/product/kraft-magnetic-closure-boxes/,primary
https://kraftboxpack.com/wp-content/uploads/2025/12/Kraft-magnetic-closure-boxes-for-sale.jpg,2025/12/Kraft-magnetic-closure-boxes-for-sale.jpg,Kraft magnetic closure boxes for sale,/product/kraft-magnetic-closure-boxes/,gallery
https://kraftboxpack.com/wp-content/uploads/2025/12/Kraft-magnetic-closure-boxes-wholesale.jpg,2025/12/Kraft-magnetic-closure-boxes-wholesale.jpg,Kraft magnetic closure boxes wholesale,/product/kraft-magnetic-closure-boxes/,gallery
https://kraftboxpack.com/wp-content/uploads/2025/12/Kraft-medicine-packaging-boxes-sizes.jpg,2025/12/Kraft-medicine-packaging-boxes-sizes.jpg,Kraft medicine packaging boxes sizes,/product/kraft-medicine-packaging-boxes/,gallery
https://kraftboxpack.com/wp-content/uploads/2025/12/Kraft-medicine-packaging-boxes-wholesale.jpg,2025/12/Kraft-medicine-packaging-boxes-wholesale.jpg,Kraft medicine packaging boxes wholesale,/product/kraft-medicine-packaging-boxes/,gallery
https://kraftboxpack.com/wp-content/uploads/2025/12/Kraft-minimalist-boxes-price.jpg,2025/12/Kraft-minimalist-boxes-price.jpg,Kraft minimalist boxes price,/product/kraft-minimalist-boxes/,gallery
https://kraftboxpack.com/wp-content/uploads/2025/12/Kraft-notebook-packaging-price.jpg,2025/12/Kraft-notebook-packaging-price.jpg,Kraft notebook packaging price,/product/kraft-notebook-packaging/,gallery
https://kraftboxpack.com/wp-content/uploads/2025/12/Kraft-notebook-packaging-wholesale.jpg,2025/12/Kraft-notebook-packaging-wholesale.jpg,Kraft notebook packaging wholesale,/product/kraft-notebook-packaging/,gallery
https://kraftboxpack.com/wp-content/uploads/2025/12/Kraft-pastry-boxes-for-sale.jpg,2025/12/Kraft-pastry-boxes-for-sale.jpg,Kraft pastry boxes for sale,/product/kraft-pastry-boxes/,gallery
https://kraftboxpack.com/wp-content/uploads/2025/12/Kraft-pastry-boxes-sizes.jpg,2025/12/Kraft-pastry-boxes-sizes.jpg,Kraft pastry boxes sizes,/product/kraft-pastry-boxes/,gallery
https://kraftboxpack.com/wp-content/uploads/2025/12/Kraft-pastry-boxes-wholesale.jpg,2025/12/Kraft-pastry-boxes-wholesale.jpg,Kraft pastry boxes wholesale,/product/kraft-pastry-boxes/,gallery
https://kraftboxpack.com/wp-content/uploads/2025/12/Kraft-pen-packaging-boxes-empty.jpg,2025/12/Kraft-pen-packaging-boxes-empty.jpg,Kraft pen packaging boxes empty,/product/kraft-pen-packaging-boxes/,primary
https://kraftboxpack.com/wp-content/uploads/2025/12/Kraft-pen-packaging-boxes-price.jpg,2025/12/Kraft-pen-packaging-boxes-price.jpg,Kraft pen packaging boxes price,/product/kraft-pen-packaging-boxes/,gallery
https://kraftboxpack.com/wp-content/uploads/2025/12/Kraft-pencil-packaging-boxes-wholesale.jpg,2025/12/Kraft-pencil-packaging-boxes-wholesale.jpg,Kraft pencil packaging boxes wholesale,/product/kraft-pencil-packaging-boxes/,gallery
https://kraftboxpack.com/wp-content/uploads/2025/12/Kraft-pencil-packaging.jpg,2025/12/Kraft-pencil-packaging.jpg,Kraft pencil packaging,/product/kraft-pencil-packaging-boxes/,gallery
https://kraftboxpack.com/wp-content/uploads/2025/12/Kraft-popcorn-packaging-boxes-wholesale.jpg,2025/12/Kraft-popcorn-packaging-boxes-wholesale.jpg,Kraft popcorn packaging boxes wholesale,/product/kraft-popcorn-packaging-boxes/,gallery
https://kraftboxpack.com/wp-content/uploads/2025/12/Kraft-pr-packaging-boxes-for-influencers.jpg,2025/12/Kraft-pr-packaging-boxes-for-influencers.jpg,Kraft pr packaging boxes for influencers,/product/kraft-pr-packaging-boxes/,gallery
https://kraftboxpack.com/wp-content/uploads/2025/12/Kraft-pr-packaging-boxes-wholesale.jpg,2025/12/Kraft-pr-packaging-boxes-wholesale.jpg,Kraft pr packaging boxes wholesale,/product/kraft-pr-packaging-boxes/,gallery
https://kraftboxpack.com/wp-content/uploads/2025/12/Kraft-presentation-boxes.jpg,2025/12/Kraft-presentation-boxes.jpg,Kraft presentation boxes,/product/kraft-marketing-kit-boxes/,gallery
https://kraftboxpack.com/wp-content/uploads/2025/12/Kraft-promotional-boxes-wholesale.jpg,2025/12/Kraft-promotional-boxes-wholesale.jpg,Kraft promotional boxes wholesale,/product/kraft-promotional-boxes/,gallery
https://kraftboxpack.com/wp-content/uploads/2025/12/Kraft-rectangular-gift-boxes-bulk.jpg,2025/12/Kraft-rectangular-gift-boxes-bulk.jpg,Kraft rectangular gift boxes bulk,/product/kraft-rectangular-gift-boxes/,gallery
https://kraftboxpack.com/wp-content/uploads/2025/12/Kraft-ribbon-closure-boxes-bulk.jpg,2025/12/Kraft-ribbon-closure-boxes-bulk.jpg,Kraft ribbon closure boxes bulk,/product/kraft-ribbon-closure-boxes/,gallery
https://kraftboxpack.com/wp-content/uploads/2025/12/Kraft-ribbon-closure-boxes-instructions.jpg,2025/12/Kraft-ribbon-closure-boxes-instructions.jpg,Kraft ribbon closure boxes instructions,/product/kraft-ribbon-closure-boxes/,gallery
https://kraftboxpack.com/wp-content/uploads/2025/12/Kraft-round-gift-containers-empty.jpg,2025/12/Kraft-round-gift-containers-empty.jpg,Kraft round gift containers empty,/product/kraft-round-gift-containers/,primary
https://kraftboxpack.com/wp-content/uploads/2025/12/Kraft-round-gift-containers-wholesale.jpg,2025/12/Kraft-round-gift-containers-wholesale.jpg,Kraft round gift containers wholesale,/product/kraft-round-gift-containers/,gallery
https://kraftboxpack.com/wp-content/uploads/2025/12/Kraft-round-gift-containers-with-lids.jpg,2025/12/Kraft-round-gift-containers-with-lids.jpg,Kraft round gift containers with lids,/product/kraft-round-gift-containers/,gallery
https://kraftboxpack.com/wp-content/uploads/2025/12/Kraft-salad-boxes-wholesale.jpg,2025/12/Kraft-salad-boxes-wholesale.jpg,Kraft salad boxes wholesale,/product/kraft-salad-boxes/,gallery
https://kraftboxpack.com/wp-content/uploads/2025/12/Kraft-scarf-boxes-bulk.jpg,2025/12/Kraft-scarf-boxes-bulk.jpg,Kraft scarf boxes bulk,/product/kraft-scarf-boxes/,primary
https://kraftboxpack.com/wp-content/uploads/2025/12/Kraft-scarf-boxes-for-sale.jpg,2025/12/Kraft-scarf-boxes-for-sale.jpg,Kraft scarf boxes for sale,/product/kraft-scarf-boxes/,gallery
https://kraftboxpack.com/wp-content/uploads/2025/12/Kraft-scarf-boxes-wholesale.jpg,2025/12/Kraft-scarf-boxes-wholesale.jpg,Kraft scarf boxes wholesale,/product/kraft-scarf-boxes/,gallery
https://kraftboxpack.com/wp-content/uploads/2025/12/Kraft-snack-packaging-boxes-wholesale.jpg,2025/12/Kraft-snack-packaging-boxes-wholesale.jpg,Kraft snack packaging boxes wholesale,/product/kraft-snack-packaging-boxes/,gallery
https://kraftboxpack.com/wp-content/uploads/2025/12/Kraft-soap-sleeve-boxes-for-sale.jpg,2025/12/Kraft-soap-sleeve-boxes-for-sale.jpg,Kraft soap sleeve boxes for sale,/product/kraft-soap-sleeve-boxes/,gallery
https://kraftboxpack.com/wp-content/uploads/2025/12/Kraft-soap-sleeve-boxes-review.jpg,2025/12/Kraft-soap-sleeve-boxes-review.jpg,Kraft soap sleeve boxes review,/product/kraft-soap-sleeve-boxes/,gallery
https://kraftboxpack.com/wp-content/uploads/2025/12/Kraft-soap-sleeve-boxes-wholesale.jpg,2025/12/Kraft-soap-sleeve-boxes-wholesale.jpg,Kraft soap sleeve boxes wholesale,/product/kraft-soap-sleeve-boxes/,gallery
https://kraftboxpack.com/wp-content/uploads/2025/12/Kraft-sock-packaging-boxes-for-sale.jpg,2025/12/Kraft-sock-packaging-boxes-for-sale.jpg,Kraft sock packaging boxes for sale,/product/kraft-sock-packaging-boxes/,gallery
https://kraftboxpack.com/wp-content/uploads/2025/12/Kraft-sock-packaging-boxes-wholesale.jpg,2025/12/Kraft-sock-packaging-boxes-wholesale.jpg,Kraft sock packaging boxes wholesale,/product/kraft-sock-packaging-boxes/,gallery
https://kraftboxpack.com/wp-content/uploads/2025/12/Kraft-square-gift-boxes-bulk.jpg,2025/12/Kraft-square-gift-boxes-bulk.jpg,Kraft square gift boxes bulk,/product/kraft-square-gift-boxes/,primary
https://kraftboxpack.com/wp-content/uploads/2025/12/Kraft-square-gift-boxes-wholesale.jpg,2025/12/Kraft-square-gift-boxes-wholesale.jpg,Kraft square gift boxes wholesale,/product/kraft-square-gift-boxes/,gallery
https://kraftboxpack.com/wp-content/uploads/2025/12/Kraft-square-gift-boxes-with-lids.jpg,2025/12/Kraft-square-gift-boxes-with-lids.jpg,Kraft square gift boxes with lids,/product/kraft-square-gift-boxes/,gallery
https://kraftboxpack.com/wp-content/uploads/2025/12/Kraft-stationery-boxes-price.jpg,2025/12/Kraft-stationery-boxes-price.jpg,Kraft stationery boxes price,/product/kraft-stationery-boxes/,gallery
https://kraftboxpack.com/wp-content/uploads/2025/12/Kraft-t-shirt-boxes-bulk.jpg,2025/12/Kraft-t-shirt-boxes-bulk.jpg,Kraft t shirt boxes bulk,/product/kraft-t-shirt-boxes/,gallery
https://kraftboxpack.com/wp-content/uploads/2025/12/Kraft-t-shirt-boxes-for-sale.jpg,2025/12/Kraft-t-shirt-boxes-for-sale.jpg,Kraft t shirt boxes for sale,/product/kraft-t-shirt-boxes/,gallery
https://kraftboxpack.com/wp-content/uploads/2025/12/Kraft-t-shirt-boxes-wholesale.jpg,2025/12/Kraft-t-shirt-boxes-wholesale.jpg,Kraft t shirt boxes wholesale,/product/kraft-t-shirt-boxes/,gallery
https://kraftboxpack.com/wp-content/uploads/2025/12/Kraft-tea-packaging-boxes-bulk.jpg,2025/12/Kraft-tea-packaging-boxes-bulk.jpg,Kraft tea packaging boxes bulk,/product/kraft-tea-packaging-boxes/,gallery
https://kraftboxpack.com/wp-content/uploads/2025/12/Kraft-tea-packaging-boxes-empty.jpg,2025/12/Kraft-tea-packaging-boxes-empty.jpg,Kraft tea packaging boxes empty,/product/kraft-tea-packaging-boxes/,gallery
https://kraftboxpack.com/wp-content/uploads/2025/12/Kraft-tea-packaging-boxes-wholesale.jpg,2025/12/Kraft-tea-packaging-boxes-wholesale.jpg,Kraft tea packaging boxes wholesale,/product/kraft-tea-packaging-boxes/,gallery
https://kraftboxpack.com/wp-content/uploads/2025/12/Kraft-vegetable-packaging-boxes-for-sale.jpg,2025/12/Kraft-vegetable-packaging-boxes-for-sale.jpg,Kraft vegetable packaging boxes for sale,/product/kraft-vegetable-packaging-boxes/,gallery
https://kraftboxpack.com/wp-content/uploads/2025/12/Kraft-vegetable-packaging-boxes-wholesale.jpg,2025/12/Kraft-vegetable-packaging-boxes-wholesale.jpg,Kraft vegetable packaging boxes wholesale,/product/kraft-vegetable-packaging-boxes/,gallery
https://kraftboxpack.com/wp-content/uploads/2025/12/Kraft-wax-melt-boxes-bulk.jpg,2025/12/Kraft-wax-melt-boxes-bulk.jpg,Kraft wax melt boxes bulk,/product/kraft-wax-melt-boxes/,primary
https://kraftboxpack.com/wp-content/uploads/2025/12/Kraft-wax-melt-boxes-for-sale.jpg,2025/12/Kraft-wax-melt-boxes-for-sale.jpg,Kraft wax melt boxes for sale,/product/kraft-wax-melt-boxes/,gallery
https://kraftboxpack.com/wp-content/uploads/2025/12/Kraft-wax-melt-boxes-wholesale.jpg,2025/12/Kraft-wax-melt-boxes-wholesale.jpg,Kraft wax melt boxes wholesale,/product/kraft-wax-melt-boxes/,gallery
https://kraftboxpack.com/wp-content/uploads/2025/12/Large-Pillow-Boxes.jpg,2025/12/Large-Pillow-Boxes.jpg,Large Pillow Boxes,/product/kraft-pillow-gift-boxes/,gallery
https://kraftboxpack.com/wp-content/uploads/2025/12/Lip-Balm-packaging-Ideas.jpg,2025/12/Lip-Balm-packaging-Ideas.jpg,Lip Balm packaging Ideas,/product/kraft-lip-balm-packaging-boxes/,gallery
https://kraftboxpack.com/wp-content/uploads/2025/12/Luxury-Magnetic-Gift-Box.jpg,2025/12/Luxury-Magnetic-Gift-Box.jpg,Luxury Magnetic Gift Box,/product/kraft-luxury-magnet-boxes/,gallery
https://kraftboxpack.com/wp-content/uploads/2025/12/Marketing-collateral-boxes.jpg,2025/12/Marketing-collateral-boxes.jpg,Marketing collateral boxes,/product/kraft-marketing-kit-boxes/,gallery
https://kraftboxpack.com/wp-content/uploads/2025/12/Marketing-kit-packaging.jpg,2025/12/Marketing-kit-packaging.jpg,Marketing kit packaging,/product/kraft-marketing-kit-boxes/,gallery
https://kraftboxpack.com/wp-content/uploads/2025/12/Marketing-materials-packaging.jpg,2025/12/Marketing-materials-packaging.jpg,Marketing materials packaging,/product/kraft-marketing-kit-boxes/,gallery
https://kraftboxpack.com/wp-content/uploads/2025/12/Nested-Boxes-with-Lids.jpg,2025/12/Nested-Boxes-with-Lids.jpg,Nested Boxes with Lids,/product/kraft-rectangular-gift-boxes/,gallery
https://kraftboxpack.com/wp-content/uploads/2025/12/Notebook-packaging-ideas.jpg,2025/12/Notebook-packaging-ideas.jpg,Notebook packaging ideas,/product/kraft-notebook-packaging/,gallery
https://kraftboxpack.com/wp-content/uploads/2025/12/Paper-Gift-Boxes.jpg,2025/12/Paper-Gift-Boxes.jpg,Paper Gift Boxes,/product/kraft-square-gift-boxes/,gallery
https://kraftboxpack.com/wp-content/uploads/2025/12/Paper-craft-subscription-box.jpg,2025/12/Paper-craft-subscription-box.jpg,Paper craft subscription box,/product/kraft-subscription-boxes/,gallery
https://kraftboxpack.com/wp-content/uploads/2025/12/Pen-Box-for-Gift.jpg,2025/12/Pen-Box-for-Gift.jpg,Pen Box for Gift,/product/kraft-pen-packaging-boxes/,gallery
https://kraftboxpack.com/wp-content/uploads/2025/12/Pen-with-Box.jpg,2025/12/Pen-with-Box.jpg,Pen with Box,/product/kraft-pen-packaging-boxes/,gallery
https://kraftboxpack.com/wp-content/uploads/2025/12/Rectangle-Gift-Boxes.jpg,2025/12/Rectangle-Gift-Boxes.jpg,Rectangle Gift Boxes,/product/kraft-rectangular-gift-boxes/,gallery
https://kraftboxpack.com/wp-content/uploads/2025/12/Round-cardboard-Boxes-with-lids.jpg,2025/12/Round-cardboard-Boxes-with-lids.jpg,Round cardboard Boxes with lids,/product/kraft-round-gift-containers/,gallery
https://kraftboxpack.com/wp-content/uploads/2025/12/Sock-Box-packaging.jpg,2025/12/Sock-Box-packaging.jpg,Sock Box packaging,/product/kraft-sock-packaging-boxes/,gallery
https://kraftboxpack.com/wp-content/uploads/2025/12/Square-Gift-Box-with-Lid.jpg,2025/12/Square-Gift-Box-with-Lid.jpg,Square Gift Box with Lid,/product/kraft-square-gift-boxes/,gallery
https://kraftboxpack.com/wp-content/uploads/2025/12/Transparent-Gift-Boxes-wholesale.jpg,2025/12/Transparent-Gift-Boxes-wholesale.jpg,Transparent Gift Boxes wholesale,/product/kraft-scarf-boxes/,gallery
https://kraftboxpack.com/wp-content/uploads/2025/12/Uline-Pillow-Boxes.jpg,2025/12/Uline-Pillow-Boxes.jpg,Uline Pillow Boxes,/product/kraft-pillow-gift-boxes/,gallery
https://kraftboxpack.com/wp-content/uploads/2025/12/Wax-melt-cellophane-bags.jpg,2025/12/Wax-melt-cellophane-bags.jpg,Wax melt cellophane bags,/product/kraft-wax-melt-boxes/,gallery
https://kraftboxpack.com/wp-content/uploads/2025/12/White-Kraft-Boxes.jpg,2025/12/White-Kraft-Boxes.jpg,White Kraft Boxes,/product/kraft-pillow-gift-boxes/,gallery
https://kraftboxpack.com/wp-content/uploads/2025/12/White-brownie-boxes.jpg,2025/12/White-brownie-boxes.jpg,White brownie boxes,/product/kraft-brownie-packaging-boxes/,gallery
https://kraftboxpack.com/wp-content/uploads/2025/12/Wholesale-produce-packaging-supplies.jpg,2025/12/Wholesale-produce-packaging-supplies.jpg,Wholesale produce packaging supplies,/product/kraft-vegetable-packaging-boxes/,gallery
https://kraftboxpack.com/wp-content/uploads/2025/12/custom-kraft-beard-oil-boxes.jpg,2025/12/custom-kraft-beard-oil-boxes.jpg,custom kraft beard oil boxes,/product/kraft-beard-oil-boxes/,primary
https://kraftboxpack.com/wp-content/uploads/2025/12/custom-kraft-puzzle-boxes.jpg,2025/12/custom-kraft-puzzle-boxes.jpg,custom kraft puzzle boxes,/product/kraft-puzzle-packaging-boxes/,primary
https://kraftboxpack.com/wp-content/uploads/2025/12/custom-kraft-syrup-packaging-boxes.jpg,2025/12/custom-kraft-syrup-packaging-boxes.jpg,custom kraft syrup packaging boxes,/product/kraft-syrup-packaging-boxes/,primary
https://kraftboxpack.com/wp-content/uploads/2025/12/custom-kraft-triangle-boxes.jpg,2025/12/custom-kraft-triangle-boxes.jpg,custom kraft triangle boxes,/product/kraft-triangle-boxes/,primary
https://kraftboxpack.com/wp-content/uploads/2025/12/kraft-beard-oil-carton-boxes.jpg,2025/12/kraft-beard-oil-carton-boxes.jpg,kraft beard oil carton boxes,/product/kraft-beard-oil-boxes/,gallery
https://kraftboxpack.com/wp-content/uploads/2025/12/kraft-beard-oil-packaging-boxes.jpg,2025/12/kraft-beard-oil-packaging-boxes.jpg,kraft beard oil packaging boxes,/product/kraft-beard-oil-boxes/,gallery
https://kraftboxpack.com/wp-content/uploads/2025/12/kraft-beard-product-boxes.jpg,2025/12/kraft-beard-product-boxes.jpg,kraft beard product boxes,/product/kraft-beard-oil-boxes/,gallery
https://kraftboxpack.com/wp-content/uploads/2025/12/kraft-blush-palette-packaging.jpg,2025/12/kraft-blush-palette-packaging.jpg,kraft blush palette packaging,/product/kraft-makeup-palette-boxes/,primary
https://kraftboxpack.com/wp-content/uploads/2025/12/kraft-chocolate-bar-packaging-boxes.jpg,2025/12/kraft-chocolate-bar-packaging-boxes.jpg,kraft chocolate bar packaging boxes,/product/kraft-chocolate-packaging-boxes/,primary
https://kraftboxpack.com/wp-content/uploads/2025/12/kraft-chocolate-boxes.jpg,2025/12/kraft-chocolate-boxes.jpg,kraft chocolate boxes,/product/kraft-chocolate-packaging-boxes/,gallery
https://kraftboxpack.com/wp-content/uploads/2025/12/kraft-chocolate-gift-boxes.jpg,2025/12/kraft-chocolate-gift-boxes.jpg,kraft chocolate gift boxes,/product/kraft-chocolate-packaging-boxes/,gallery
https://kraftboxpack.com/wp-content/uploads/2025/12/kraft-chocolate-truffle-boxes.jpg,2025/12/kraft-chocolate-truffle-boxes.jpg,kraft chocolate truffle boxes,/product/kraft-chocolate-packaging-boxes/,gallery
https://kraftboxpack.com/wp-content/uploads/2025/12/kraft-contour-palette-boxes.jpg,2025/12/kraft-contour-palette-boxes.jpg,kraft contour palette boxes,/product/kraft-makeup-palette-boxes/,gallery
https://kraftboxpack.com/wp-content/uploads/2025/12/kraft-cosmetic-palette-packaging.jpg,2025/12/kraft-cosmetic-palette-packaging.jpg,kraft cosmetic palette packaging,/product/kraft-makeup-palette-boxes/,gallery
https://kraftboxpack.com/wp-content/uploads/2025/12/kraft-eyeshadow-palette-boxes.jpg,2025/12/kraft-eyeshadow-palette-boxes.jpg,kraft eyeshadow palette boxes,/product/kraft-makeup-palette-boxes/,gallery
https://kraftboxpack.com/wp-content/uploads/2025/12/kraft-game-puzzle-boxes.jpg,2025/12/kraft-game-puzzle-boxes.jpg,kraft game puzzle boxes,/product/kraft-puzzle-packaging-boxes/,gallery
https://kraftboxpack.com/wp-content/uploads/2025/12/kraft-medical-product-boxes.jpg,2025/12/kraft-medical-product-boxes.jpg,kraft medical product boxes,/product/kraft-medicine-packaging-boxes/,primary
https://kraftboxpack.com/wp-content/uploads/2025/12/kraft-paper-popcorn-boxes.jpg,2025/12/kraft-paper-popcorn-boxes.jpg,kraft paper popcorn boxes,/product/kraft-popcorn-packaging-boxes/,primary
https://kraftboxpack.com/wp-content/uploads/2025/12/kraft-pharmaceutical-packaging-boxes.jpg,2025/12/kraft-pharmaceutical-packaging-boxes.jpg,kraft pharmaceutical packaging boxes,/product/kraft-medicine-packaging-boxes/,gallery
https://kraftboxpack.com/wp-content/uploads/2025/12/kraft-popcorn-boxes.jpg,2025/12/kraft-popcorn-boxes.jpg,kraft popcorn boxes,/product/kraft-popcorn-packaging-boxes/,gallery
https://kraftboxpack.com/wp-content/uploads/2025/12/kraft-popcorn-containers.jpg,2025/12/kraft-popcorn-containers.jpg,kraft popcorn containers,/product/kraft-popcorn-packaging-boxes/,gallery
https://kraftboxpack.com/wp-content/uploads/2025/12/kraft-syrup-bottle-packaging.jpg,2025/12/kraft-syrup-bottle-packaging.jpg,kraft syrup bottle packaging,/product/kraft-syrup-packaging-boxes/,gallery
https://kraftboxpack.com/wp-content/uploads/2025/12/kraft-syrup-carton-packaging.jpg,2025/12/kraft-syrup-carton-packaging.jpg,kraft syrup carton packaging,/product/kraft-syrup-packaging-boxes/,gallery
https://kraftboxpack.com/wp-content/uploads/2025/12/kraft-syrup-packaging-boxes.jpg,2025/12/kraft-syrup-packaging-boxes.jpg,kraft syrup packaging boxes,/product/kraft-syrup-packaging-boxes/,gallery
https://kraftboxpack.com/wp-content/uploads/2025/12/kraft-syrup-shipping-boxes.jpg,2025/12/kraft-syrup-shipping-boxes.jpg,kraft syrup shipping boxes,/product/kraft-syrup-packaging-boxes/,gallery
https://kraftboxpack.com/wp-content/uploads/2025/12/kraft-triangle-carton-boxes.jpg,2025/12/kraft-triangle-carton-boxes.jpg,kraft triangle carton boxes,/product/kraft-triangle-boxes/,gallery
https://kraftboxpack.com/wp-content/uploads/2025/12/kraft-triangle-gift-boxes.jpg,2025/12/kraft-triangle-gift-boxes.jpg,kraft triangle gift boxes,/product/kraft-triangle-boxes/,gallery
https://kraftboxpack.com/wp-content/uploads/2025/12/kraft-triangular-packaging-boxes.jpg,2025/12/kraft-triangular-packaging-boxes.jpg,kraft triangular packaging boxes,/product/kraft-triangle-boxes/,gallery
https://kraftboxpack.com/wp-content/uploads/2025/12/printed-kraft-puzzle-boxes.jpg,2025/12/printed-kraft-puzzle-boxes.jpg,printed kraft puzzle boxes,/product/kraft-puzzle-packaging-boxes/,gallery
https://kraftboxpack.com/wp-content/uploads/2025/12/recyclable-kraft-puzzle-boxes.jpg,2025/12/recyclable-kraft-puzzle-boxes.jpg,recyclable kraft puzzle boxes,/product/kraft-puzzle-packaging-boxes/,gallery
https://kraftboxpack.com/wp-content/uploads/2026/01/Bakery-packaging-wholesale.jpg,2026/01/Bakery-packaging-wholesale.jpg,Bakery packaging wholesale,/product/kraft-muffin-packaging-boxes/,primary
https://kraftboxpack.com/wp-content/uploads/2026/01/Bankers-Box-Heavy-Duty-Storage-Boxes-10x12x15-10-Pack.jpg,2026/01/Bankers-Box-Heavy-Duty-Storage-Boxes-10x12x15-10-Pack.jpg,Bankers Box Heavy Duty Storage Boxes,/product/kraft-heavy-duty-storage-boxes/,primary
https://kraftboxpack.com/wp-content/uploads/2026/01/Bankers-Boxes-10-Pack.jpg,2026/01/Bankers-Boxes-10-Pack.jpg,"Bankers Boxes, 10 Pack",/product/kraft-heavy-duty-storage-boxes/,gallery
https://kraftboxpack.com/wp-content/uploads/2026/01/Bouquet-boxes-for-flowers.jpg,2026/01/Bouquet-boxes-for-flowers.jpg,Bouquet boxes for flowers,/product/kraft-bouquet-boxes/,primary
https://kraftboxpack.com/wp-content/uploads/2026/01/Cardboard-flower-boxes-wholesale.jpg,2026/01/Cardboard-flower-boxes-wholesale.jpg,Cardboard flower boxes wholesale,/product/kraft-bouquet-boxes/,gallery
https://kraftboxpack.com/wp-content/uploads/2026/01/Cosmetic-boxes-packaging.jpg,2026/01/Cosmetic-boxes-packaging.jpg,Cosmetic boxes packaging,/product/kraft-skincare-boxes/,primary
https://kraftboxpack.com/wp-content/uploads/2026/01/Cosmetic-boxes.jpg,2026/01/Cosmetic-boxes.jpg,Cosmetic boxes,/product/kraft-mascara-boxes/,primary
https://kraftboxpack.com/wp-content/uploads/2026/01/Cosmetic-packaging-Boxes-wholesale.jpg,2026/01/Cosmetic-packaging-Boxes-wholesale.jpg,Cosmetic packaging Boxes wholesale,/product/kraft-skincare-boxes/,gallery
https://kraftboxpack.com/wp-content/uploads/2026/01/Cosmetic-packaging-Boxes.jpg,2026/01/Cosmetic-packaging-Boxes.jpg,Cosmetic packaging Boxes,/product/kraft-mascara-boxes/,gallery
https://kraftboxpack.com/wp-content/uploads/2026/01/Cosmetic-packaging-for-small-business.jpg,2026/01/Cosmetic-packaging-for-small-business.jpg,Cosmetic packaging for small business,/product/kraft-skincare-boxes/,gallery
https://kraftboxpack.com/wp-content/uploads/2026/01/Counter-display-boxes-Cardboard.jpg,2026/01/Counter-display-boxes-Cardboard.jpg,Counter display boxes Cardboard,/product/kraft-pop-display-boxes/,primary
https://kraftboxpack.com/wp-content/uploads/2026/01/Craft-packaging-supplies.jpg,2026/01/Craft-packaging-supplies.jpg,Craft packaging supplies,/product/kraft-industrial-parts-boxes/,primary
https://kraftboxpack.com/wp-content/uploads/2026/01/Custom-Kraft-Event-Favor-Boxes.jpg,2026/01/Custom-Kraft-Event-Favor-Boxes.jpg,,/product/kraft-event-favor-boxes/,gallery
https://kraftboxpack.com/wp-content/uploads/2026/01/Custom-Kraft-Eyelash-Packaging-Boxes.jpg,2026/01/Custom-Kraft-Eyelash-Packaging-Boxes.jpg,Kraft Eyelash Packaging Boxes,/product/kraft-eyelash-packaging-boxes/,primary
https://kraftboxpack.com/wp-content/uploads/2026/01/Custom-Kraft-Flip-Top-Rigid-Boxes.jpg,2026/01/Custom-Kraft-Flip-Top-Rigid-Boxes.jpg,,/product/kraft-flip-top-rigid-boxes/,primary
https://kraftboxpack.com/wp-content/uploads/2026/01/Custom-Kraft-Flower-Boxes.jpg,2026/01/Custom-Kraft-Flower-Boxes.jpg,,/product/kraft-flower-boxes/,primary
https://kraftboxpack.com/wp-content/uploads/2026/01/Custom-Kraft-Frozen-Food-Boxes.jpg,2026/01/Custom-Kraft-Frozen-Food-Boxes.jpg,Custom Kraft Frozen Food Boxes,/product/kraft-frozen-food-boxes/,primary
https://kraftboxpack.com/wp-content/uploads/2026/01/Custom-Kraft-Fruit-Packaging-Boxes.jpg,2026/01/Custom-Kraft-Fruit-Packaging-Boxes.jpg,Custom Kraft Fruit Packaging Boxes,/product/kraft-fruit-packaging-boxes/,primary
https://kraftboxpack.com/wp-content/uploads/2026/01/Custom-Kraft-Giveaway-Packaging-Boxes.jpg,2026/01/Custom-Kraft-Giveaway-Packaging-Boxes.jpg,Kraft Giveaway Packaging Boxes,/product/kraft-giveaway-packaging-boxes/,primary
https://kraftboxpack.com/wp-content/uploads/2026/01/Custom-Kraft-Insulated-Cold-Boxes.jpg,2026/01/Custom-Kraft-Insulated-Cold-Boxes.jpg,Custom Kraft Insulated Cold Boxes,/product/kraft-insulated-cold-boxes/,primary
https://kraftboxpack.com/wp-content/uploads/2026/01/Custom-Kraft-Perfume-Box.jpg,2026/01/Custom-Kraft-Perfume-Box.jpg,Custom Kraft Perfume Box,/product/kraft-perfume-boxes/,primary
https://kraftboxpack.com/wp-content/uploads/2026/01/Custom-Kraft-Promotional-Boxes.jpg,2026/01/Custom-Kraft-Promotional-Boxes.jpg,Custom Kraft Promotional Boxes,/product/kraft-promotional-boxes/,gallery
https://kraftboxpack.com/wp-content/uploads/2026/01/Custom-Kraft-Ribbon-Closure-Boxes.jpg,2026/01/Custom-Kraft-Ribbon-Closure-Boxes.jpg,Custom Kraft Ribbon Closure Boxes,/product/kraft-ribbon-closure-boxes/,primary
https://kraftboxpack.com/wp-content/uploads/2026/01/Custom-Kraft-Seafood-Boxes.jpg,2026/01/Custom-Kraft-Seafood-Boxes.jpg,Custom Kraft Seafood Boxes,/product/kraft-seafood-boxes/,primary
https://kraftboxpack.com/wp-content/uploads/2026/01/Custom-Kraft-Snack-Packaging-Boxes.jpg,2026/01/Custom-Kraft-Snack-Packaging-Boxes.jpg,Custom Kraft Snack Packaging Boxes,/product/kraft-snack-packaging-boxes/,gallery
https://kraftboxpack.com/wp-content/uploads/2026/01/Custom-Kraft-Stationery-Boxes.jpg,2026/01/Custom-Kraft-Stationery-Boxes.jpg,Custom Kraft Stationery Boxes,/product/kraft-stationery-boxes/,primary
https://kraftboxpack.com/wp-content/uploads/2026/01/Custom-Kraft-Underwear-Packaging-Boxes.jpg,2026/01/Custom-Kraft-Underwear-Packaging-Boxes.jpg,Custom Kraft Underwear Packaging Boxes,/product/kraft-underwear-packaging-boxes/,gallery
https://kraftboxpack.com/wp-content/uploads/2026/01/Custom-Kraft-meat-packaging-boxes-sizes.jpg,2026/01/Custom-Kraft-meat-packaging-boxes-sizes.jpg,Custom Kraft meat packaging boxes sizes,/product/kraft-meat-packaging-boxes/,primary
https://kraftboxpack.com/wp-content/uploads/2026/01/Custom-Kraft-thermal-kraft-boxes.jpg,2026/01/Custom-Kraft-thermal-kraft-boxes.jpg,Custom Kraft thermal kraft boxes,/product/kraft-thermal-kraft-boxes/,gallery
https://kraftboxpack.com/wp-content/uploads/2026/01/Custom-Luxury-Magnetic-Gift-Box.jpg,2026/01/Custom-Luxury-Magnetic-Gift-Box.jpg,Custom Luxury Magnetic Gift Box,/product/kraft-magnetic-closure-boxes/,gallery
https://kraftboxpack.com/wp-content/uploads/2026/01/Custom-collapsible-rigid-boxes.jpg,2026/01/Custom-collapsible-rigid-boxes.jpg,Custom collapsible rigid boxes,/product/kraft-shoulder-boxes/,primary
https://kraftboxpack.com/wp-content/uploads/2026/01/Custom-kraft-ppe-packaging-boxes.jpg,2026/01/Custom-kraft-ppe-packaging-boxes.jpg,Custom kraft ppe packaging boxes,/product/kraft-ppe-packaging-boxes/,primary
https://kraftboxpack.com/wp-content/uploads/2026/01/Custom-makeup-boxes.jpg,2026/01/Custom-makeup-boxes.jpg,Custom makeup boxes,/product/kraft-mascara-boxes/,gallery
https://kraftboxpack.com/wp-content/uploads/2026/01/Eco-friendly-toy-packaging-for-toys.jpg,2026/01/Eco-friendly-toy-packaging-for-toys.jpg,Eco friendly toy packaging for toys,/product/kraft-toy-packaging-boxes/,primary
https://kraftboxpack.com/wp-content/uploads/2026/01/Flap-Box-Packaging.jpg,2026/01/Flap-Box-Packaging.jpg,Flap Box Packaging,/product/kraft-shoulder-boxes/,gallery
https://kraftboxpack.com/wp-content/uploads/2026/01/Flower-Gift-Box-Empty.jpg,2026/01/Flower-Gift-Box-Empty.jpg,Flower Gift Box Empty,/product/kraft-bouquet-boxes/,gallery
https://kraftboxpack.com/wp-content/uploads/2026/01/Gift-Boxes-with-dividers.jpg,2026/01/Gift-Boxes-with-dividers.jpg,Kraft Box Pack,/product/kraft-industrial-parts-boxes/,gallery
https://kraftboxpack.com/wp-content/uploads/2026/01/Heart-shaped-cardboard-Box.jpg,2026/01/Heart-shaped-cardboard-Box.jpg,Kraft Box Pack,/product/kraft-heart-shaped-boxes/,primary
https://kraftboxpack.com/wp-content/uploads/2026/01/Heavy-Duty-Bankers-Boxes-with-Lids.jpg,2026/01/Heavy-Duty-Bankers-Boxes-with-Lids.jpg,Heavy Duty Bankers Boxes with Lids,/product/kraft-heavy-duty-storage-boxes/,gallery
https://kraftboxpack.com/wp-content/uploads/2026/01/Heavy-Duty-File-Boxes.jpg,2026/01/Heavy-Duty-File-Boxes.jpg,Kraft Box Pack,/product/kraft-heavy-duty-storage-boxes/,gallery
https://kraftboxpack.com/wp-content/uploads/2026/01/Hexagon-box-template.jpg,2026/01/Hexagon-box-template.jpg,Kraft Box Pack,/product/kraft-hexagon-boxes/,primary
https://kraftboxpack.com/wp-content/uploads/2026/01/Hexagonal-box-electrical.jpg,2026/01/Hexagonal-box-electrical.jpg,Kraft Box Pack,/product/kraft-hexagon-boxes/,gallery
https://kraftboxpack.com/wp-content/uploads/2026/01/Kraft-Box-packaging.jpg,2026/01/Kraft-Box-packaging.jpg,Kraft-Box-packaging,/product/kraft-chemical-safe-boxes/ | /product/kraft-recycled-kraft-boxes/,primary
https://kraftboxpack.com/wp-content/uploads/2026/01/Kraft-Box-with-Window-wholesale.jpg,2026/01/Kraft-Box-with-Window-wholesale.jpg,,/product/kraft-pr-packaging-boxes/,gallery
https://kraftboxpack.com/wp-content/uploads/2026/01/Kraft-Candy-Favor-Boxes.jpg,2026/01/Kraft-Candy-Favor-Boxes.jpg,Kraft Candy Favor Boxes,/product/kraft-candy-favor-boxes/,gallery
https://kraftboxpack.com/wp-content/uploads/2026/01/Kraft-Corrugated-Shelf-Ready-Packaging.jpg,2026/01/Kraft-Corrugated-Shelf-Ready-Packaging.jpg,Kraft Corrugated Shelf Ready Packaging,/product/kraft-shelf-ready-packaging/,primary
https://kraftboxpack.com/wp-content/uploads/2026/01/Kraft-Earring-Packaging-Boxes.jpg,2026/01/Kraft-Earring-Packaging-Boxes.jpg,Kraft Earring Packaging Boxes,/product/kraft-earring-packaging-boxes/,gallery
https://kraftboxpack.com/wp-content/uploads/2026/01/Kraft-Event-Favor-Box.jpg,2026/01/Kraft-Event-Favor-Box.jpg,,/product/kraft-event-favor-boxes/,primary
https://kraftboxpack.com/wp-content/uploads/2026/01/Kraft-Event-Favor-Boxe-Wholesale.jpg,2026/01/Kraft-Event-Favor-Boxe-Wholesale.jpg,,/product/kraft-event-favor-boxes/,gallery
https://kraftboxpack.com/wp-content/uploads/2026/01/Kraft-Event-Favor-Boxes-Packaging.jpg,2026/01/Kraft-Event-Favor-Boxes-Packaging.jpg,,/product/kraft-event-favor-boxes/,gallery
https://kraftboxpack.com/wp-content/uploads/2026/01/Kraft-Event-Favor-Boxes.jpg,2026/01/Kraft-Event-Favor-Boxes.jpg,,/product/kraft-event-favor-boxes/,gallery
https://kraftboxpack.com/wp-content/uploads/2026/01/Kraft-Eyelash-Packaging-Box.jpg,2026/01/Kraft-Eyelash-Packaging-Box.jpg,Kraft Eyelash Packaging Boxes,/product/kraft-eyelash-packaging-boxes/,gallery
https://kraftboxpack.com/wp-content/uploads/2026/01/Kraft-Eyelash-Packaging-Boxes-Packaging.jpg,2026/01/Kraft-Eyelash-Packaging-Boxes-Packaging.jpg,Kraft Eyelash Packaging Boxes,/product/kraft-eyelash-packaging-boxes/,gallery
https://kraftboxpack.com/wp-content/uploads/2026/01/Kraft-Eyelash-Packaging-Boxes-Wholesale.jpg,2026/01/Kraft-Eyelash-Packaging-Boxes-Wholesale.jpg,Kraft Eyelash Packaging Boxes,/product/kraft-eyelash-packaging-boxes/,gallery
https://kraftboxpack.com/wp-content/uploads/2026/01/Kraft-Eyelash-Packaging-Boxes.jpg,2026/01/Kraft-Eyelash-Packaging-Boxes.jpg,Kraft Eyelash Packaging Boxes,/product/kraft-eyelash-packaging-boxes/,gallery
https://kraftboxpack.com/wp-content/uploads/2026/01/Kraft-Flip-Top-Rigid-Box.jpg,2026/01/Kraft-Flip-Top-Rigid-Box.jpg,,/product/kraft-flip-top-rigid-boxes/,gallery
https://kraftboxpack.com/wp-content/uploads/2026/01/Kraft-Flip-Top-Rigid-Boxes-Packaging.jpg,2026/01/Kraft-Flip-Top-Rigid-Boxes-Packaging.jpg,,/product/kraft-flip-top-rigid-boxes/,gallery
https://kraftboxpack.com/wp-content/uploads/2026/01/Kraft-Flip-Top-Rigid-Boxes-Wholesale.jpg,2026/01/Kraft-Flip-Top-Rigid-Boxes-Wholesale.jpg,,/product/kraft-flip-top-rigid-boxes/,gallery
https://kraftboxpack.com/wp-content/uploads/2026/01/Kraft-Flip-Top-Rigid-Boxes.jpg,2026/01/Kraft-Flip-Top-Rigid-Boxes.jpg,,/product/kraft-flip-top-rigid-boxes/,gallery
https://kraftboxpack.com/wp-content/uploads/2026/01/Kraft-Flower-Box.jpg,2026/01/Kraft-Flower-Box.jpg,,/product/kraft-flower-boxes/,gallery
https://kraftboxpack.com/wp-content/uploads/2026/01/Kraft-Flower-Boxes-Packaging.jpg,2026/01/Kraft-Flower-Boxes-Packaging.jpg,,/product/kraft-flower-boxes/,gallery
https://kraftboxpack.com/wp-content/uploads/2026/01/Kraft-Flower-Boxes-Wholesale.jpg,2026/01/Kraft-Flower-Boxes-Wholesale.jpg,,/product/kraft-flower-boxes/,gallery
https://kraftboxpack.com/wp-content/uploads/2026/01/Kraft-Flower-Boxes.jpg,2026/01/Kraft-Flower-Boxes.jpg,,/product/kraft-flower-boxes/,gallery
https://kraftboxpack.com/wp-content/uploads/2026/01/Kraft-Frozen-Food-Box.jpg,2026/01/Kraft-Frozen-Food-Box.jpg,Kraft Frozen Food Boxes,/product/kraft-frozen-food-boxes/,gallery
https://kraftboxpack.com/wp-content/uploads/2026/01/Kraft-Frozen-Food-Boxes-Packaging.jpg,2026/01/Kraft-Frozen-Food-Boxes-Packaging.jpg,Kraft Frozen Food Boxes,/product/kraft-frozen-food-boxes/,gallery
https://kraftboxpack.com/wp-content/uploads/2026/01/Kraft-Frozen-Food-Boxes-Wholesale.jpg,2026/01/Kraft-Frozen-Food-Boxes-Wholesale.jpg,Kraft Frozen Food Boxes,/product/kraft-frozen-food-boxes/,gallery
https://kraftboxpack.com/wp-content/uploads/2026/01/Kraft-Frozen-Food-Boxes.jpg,2026/01/Kraft-Frozen-Food-Boxes.jpg,Kraft Frozen Food Boxes,/product/kraft-frozen-food-boxes/,gallery
https://kraftboxpack.com/wp-content/uploads/2026/01/Kraft-Fruit-Packaging-Box.jpg,2026/01/Kraft-Fruit-Packaging-Box.jpg,Kraft Fruit Packaging Box,/product/kraft-fruit-packaging-boxes/,gallery
https://kraftboxpack.com/wp-content/uploads/2026/01/Kraft-Fruit-Packaging-Boxes-Packaging.jpg,2026/01/Kraft-Fruit-Packaging-Boxes-Packaging.jpg,Kraft Fruit Packaging Boxes,/product/kraft-fruit-packaging-boxes/,gallery
https://kraftboxpack.com/wp-content/uploads/2026/01/Kraft-Fruit-Packaging-Boxes-Wholesale.jpg,2026/01/Kraft-Fruit-Packaging-Boxes-Wholesale.jpg,Kraft Fruit Packaging Boxes,/product/kraft-fruit-packaging-boxes/,gallery
https://kraftboxpack.com/wp-content/uploads/2026/01/Kraft-Fruit-Packaging-Boxes.jpg,2026/01/Kraft-Fruit-Packaging-Boxes.jpg,Kraft Fruit Packaging Boxes,/product/kraft-fruit-packaging-boxes/,gallery
https://kraftboxpack.com/wp-content/uploads/2026/01/Kraft-Giveaway-Packaging-Box.jpg,2026/01/Kraft-Giveaway-Packaging-Box.jpg,Kraft Giveaway Packaging Boxes,/product/kraft-giveaway-packaging-boxes/,gallery
https://kraftboxpack.com/wp-content/uploads/2026/01/Kraft-Giveaway-Packaging-Boxes-Packaging.jpg,2026/01/Kraft-Giveaway-Packaging-Boxes-Packaging.jpg,Kraft Giveaway Packaging Boxes,/product/kraft-giveaway-packaging-boxes/,gallery
https://kraftboxpack.com/wp-content/uploads/2026/01/Kraft-Giveaway-Packaging-Boxes-Wholesale.jpg,2026/01/Kraft-Giveaway-Packaging-Boxes-Wholesale.jpg,Kraft Giveaway Packaging Boxes,/product/kraft-giveaway-packaging-boxes/,gallery
https://kraftboxpack.com/wp-content/uploads/2026/01/Kraft-Giveaway-Packaging-Boxes.jpg,2026/01/Kraft-Giveaway-Packaging-Boxes.jpg,Kraft Giveaway Packaging Boxes,/product/kraft-giveaway-packaging-boxes/,gallery
https://kraftboxpack.com/wp-content/uploads/2026/01/Kraft-Insulated-Cold-Boxes-Pacaging.jpg,2026/01/Kraft-Insulated-Cold-Boxes-Pacaging.jpg,Kraft Insulated Cold Boxes Pacaging,/product/kraft-insulated-cold-boxes/,gallery
https://kraftboxpack.com/wp-content/uploads/2026/01/Kraft-Insulated-Cold-Boxes.jpg,2026/01/Kraft-Insulated-Cold-Boxes.jpg,Kraft Insulated Cold Boxes,/product/kraft-insulated-cold-boxes/,gallery
https://kraftboxpack.com/wp-content/uploads/2026/01/Kraft-Lid-Base-Rigid-Boxes.jpg,2026/01/Kraft-Lid-Base-Rigid-Boxes.jpg,,/product/kraft-lid-base-rigid-boxes/,gallery
https://kraftboxpack.com/wp-content/uploads/2026/01/Kraft-Luxury-Magnet-Boxes-Wholesale.jpg,2026/01/Kraft-Luxury-Magnet-Boxes-Wholesale.jpg,Kraft Luxury Magnet Boxes Wholesale,/product/kraft-luxury-magnet-boxes/,gallery
https://kraftboxpack.com/wp-content/uploads/2026/01/Kraft-Mascara-Boxes.jpg,2026/01/Kraft-Mascara-Boxes.jpg,Kraft Mascara Boxes,/product/kraft-mascara-boxes/,gallery
https://kraftboxpack.com/wp-content/uploads/2026/01/Kraft-Meat-Packaging-Boxes.jpg,2026/01/Kraft-Meat-Packaging-Boxes.jpg,Kraft Meat Packaging Boxes,/product/kraft-meat-packaging-boxes/,gallery
https://kraftboxpack.com/wp-content/uploads/2026/01/Kraft-Milk-Bottle-Carriers-In-Bulk.jpg,2026/01/Kraft-Milk-Bottle-Carriers-In-Bulk.jpg,Kraft Milk Bottle Carriers In Bulk,/product/kraft-milk-bottle-carriers/,primary
https://kraftboxpack.com/wp-content/uploads/2026/01/Kraft-Milk-Bottle-Carriers-Packaging.jpg,2026/01/Kraft-Milk-Bottle-Carriers-Packaging.jpg,Kraft Milk Bottle Carriers Packaging,/product/kraft-milk-bottle-carriers/,gallery
https://kraftboxpack.com/wp-content/uploads/2026/01/Kraft-Milk-Bottle-Carriers-Wholesale.jpg,2026/01/Kraft-Milk-Bottle-Carriers-Wholesale.jpg,Kraft Milk Bottle Carriers Wholesale,/product/kraft-milk-bottle-carriers/,gallery
https://kraftboxpack.com/wp-content/uploads/2026/01/Kraft-Muffin-Packaging-Boxes.jpg,2026/01/Kraft-Muffin-Packaging-Boxes.jpg,Kraft Muffin Packaging Boxes,/product/kraft-muffin-packaging-boxes/,gallery
https://kraftboxpack.com/wp-content/uploads/2026/01/Kraft-Octagon-Boxes.jpg,2026/01/Kraft-Octagon-Boxes.jpg,Kraft Octagon Boxes,/product/kraft-octagon-boxes/,gallery
https://kraftboxpack.com/wp-content/uploads/2026/01/Kraft-POP-Display-Boxes.jpg,2026/01/Kraft-POP-Display-Boxes.jpg,Kraft POP Display Boxes,/product/kraft-pop-display-boxes/,gallery
https://kraftboxpack.com/wp-content/uploads/2026/01/Kraft-PPE-Packaging-Boxes.jpg,2026/01/Kraft-PPE-Packaging-Boxes.jpg,Kraft PPE Packaging Boxes,/product/kraft-ppe-packaging-boxes/,gallery
https://kraftboxpack.com/wp-content/uploads/2026/01/Kraft-Paper-Sandwich-Wedge-Boxes.jpg,2026/01/Kraft-Paper-Sandwich-Wedge-Boxes.jpg,Kraft Paper Sandwich Wedge Boxes,/product/kraft-sandwich-wedge-boxes/,primary
https://kraftboxpack.com/wp-content/uploads/2026/01/Kraft-Paper-Tube-manufacturer.jpg,2026/01/Kraft-Paper-Tube-manufacturer.jpg,Kraft Paper Tube manufacturer,/product/kraft-tube-packaging/,primary
https://kraftboxpack.com/wp-content/uploads/2026/01/Kraft-Paper-boxes-wholesale.jpg,2026/01/Kraft-Paper-boxes-wholesale.jpg,Kraft Paper boxes wholesale,/product/kraft-chemical-safe-boxes/ | /product/kraft-recycled-kraft-boxes/,gallery
https://kraftboxpack.com/wp-content/uploads/2026/01/Kraft-Perfume-Boxes.jpg,2026/01/Kraft-Perfume-Boxes.jpg,Kraft Perfume Boxes,/product/kraft-perfume-boxes/,gallery
https://kraftboxpack.com/wp-content/uploads/2026/01/Kraft-Photo-Frame-Boxes.jpg,2026/01/Kraft-Photo-Frame-Boxes.jpg,Kraft Photo Frame Boxes,/product/kraft-photo-frame-boxes/,gallery
https://kraftboxpack.com/wp-content/uploads/2026/01/Kraft-Prawn-Packaging-Boxes.jpg,2026/01/Kraft-Prawn-Packaging-Boxes.jpg,Kraft Prawn Packaging Boxes,/product/kraft-seafood-boxes/,gallery
https://kraftboxpack.com/wp-content/uploads/2026/01/Kraft-Promotional-Box.jpg,2026/01/Kraft-Promotional-Box.jpg,Kraft Promotional Box,/product/kraft-promotional-boxes/,gallery
https://kraftboxpack.com/wp-content/uploads/2026/01/Kraft-Pyramid-Boxes.jpg,2026/01/Kraft-Pyramid-Boxes.jpg,Kraft Pyramid Boxes,/product/kraft-pyramid-boxes/,gallery
https://kraftboxpack.com/wp-content/uploads/2026/01/Kraft-Recycled-Kraft-Boxes.jpg,2026/01/Kraft-Recycled-Kraft-Boxes.jpg,Kraft Recycled Kraft Boxes,/product/kraft-chemical-safe-boxes/ | /product/kraft-recycled-kraft-boxes/,gallery
https://kraftboxpack.com/wp-content/uploads/2026/01/Kraft-Retail-Display-Trays.jpg,2026/01/Kraft-Retail-Display-Trays.jpg,Kraft-Retail-Display-Trays.,/product/kraft-retail-display-trays/,gallery
https://kraftboxpack.com/wp-content/uploads/2026/01/Kraft-Rigid-Boxes.jpg,2026/01/Kraft-Rigid-Boxes.jpg,Kraft Rigid Boxes,/product/kraft-rigid-boxes/,gallery
https://kraftboxpack.com/wp-content/uploads/2026/01/Kraft-Ring-Packaging-Boxes.webp,2026/01/Kraft-Ring-Packaging-Boxes.webp,Kraft Ring Packaging Boxes,/product/kraft-ring-packaging-boxes/,gallery
https://kraftboxpack.com/wp-content/uploads/2026/01/Kraft-Sandwich-Wedge-Boxes.jpg,2026/01/Kraft-Sandwich-Wedge-Boxes.jpg,Kraft Sandwich Wedge Boxes,/product/kraft-sandwich-wedge-boxes/,gallery
https://kraftboxpack.com/wp-content/uploads/2026/01/Kraft-Sandwich-Wedge-Packaging.jpg,2026/01/Kraft-Sandwich-Wedge-Packaging.jpg,Kraft Sandwich Wedge Packaging,/product/kraft-sandwich-wedge-boxes/,gallery
https://kraftboxpack.com/wp-content/uploads/2026/01/Kraft-Seafood-Boxes.jpg,2026/01/Kraft-Seafood-Boxes.jpg,Kraft Seafood Boxes,/product/kraft-seafood-boxes/,gallery
https://kraftboxpack.com/wp-content/uploads/2026/01/Kraft-Seafood-Packaging-Boxes.jpg,2026/01/Kraft-Seafood-Packaging-Boxes.jpg,Kraft Seafood Packaging Boxes,/product/kraft-seafood-boxes/,gallery
https://kraftboxpack.com/wp-content/uploads/2026/01/Kraft-Shelf-Display-Packaging-1.jpg,2026/01/Kraft-Shelf-Display-Packaging-1.jpg,Kraft Shelf Display Packaging,/product/kraft-shelf-ready-packaging/,gallery
https://kraftboxpack.com/wp-content/uploads/2026/01/Kraft-Shelf-Ready-Packaging-1.jpg,2026/01/Kraft-Shelf-Ready-Packaging-1.jpg,Kraft Shelf Ready Packaging,/product/kraft-shelf-ready-packaging/,gallery
https://kraftboxpack.com/wp-content/uploads/2026/01/Kraft-Shelf-Ready-Retail-Boxes-1.jpg,2026/01/Kraft-Shelf-Ready-Retail-Boxes-1.jpg,Kraft Shelf Ready Retail Boxes.,/product/kraft-shelf-ready-packaging/,gallery
https://kraftboxpack.com/wp-content/uploads/2026/01/Kraft-Shelf-Ready-Trays-1.jpg,2026/01/Kraft-Shelf-Ready-Trays-1.jpg,Kraft Shelf Ready Trays,/product/kraft-shelf-ready-packaging/,gallery
https://kraftboxpack.com/wp-content/uploads/2026/01/Kraft-Skincare-Boxes.jpg,2026/01/Kraft-Skincare-Boxes.jpg,Kraft Skincare Boxes,/product/kraft-skincare-boxes/,gallery
https://kraftboxpack.com/wp-content/uploads/2026/01/Kraft-Snack-Packaging-Box.jpg,2026/01/Kraft-Snack-Packaging-Box.jpg,Kraft Snack Packaging Box,/product/kraft-snack-packaging-boxes/,primary
https://kraftboxpack.com/wp-content/uploads/2026/01/Kraft-Snack-Packaging-Boxes-In-Bulk.jpg,2026/01/Kraft-Snack-Packaging-Boxes-In-Bulk.jpg,Kraft Snack Packaging Boxes In Bulk,/product/kraft-snack-packaging-boxes/,gallery
https://kraftboxpack.com/wp-content/uploads/2026/01/Kraft-Stationery-Box-Packaging.jpg,2026/01/Kraft-Stationery-Box-Packaging.jpg,Kraft Stationery Box Packaging,/product/kraft-stationery-boxes/,gallery
https://kraftboxpack.com/wp-content/uploads/2026/01/Kraft-Stationery-Boxes-Wholesale.jpg,2026/01/Kraft-Stationery-Boxes-Wholesale.jpg,Kraft Stationery Boxes Wholesale,/product/kraft-stationery-boxes/,gallery
https://kraftboxpack.com/wp-content/uploads/2026/01/Kraft-Storage-Box.jpg,2026/01/Kraft-Storage-Box.jpg,Kraft Box Pack,/product/kraft-industrial-parts-boxes/,gallery
https://kraftboxpack.com/wp-content/uploads/2026/01/Kraft-Supplement-Boxes.jpg,2026/01/Kraft-Supplement-Boxes.jpg,Kraft Supplement Boxes,/product/kraft-supplement-boxes/,gallery
https://kraftboxpack.com/wp-content/uploads/2026/01/Kraft-Sushi-Packaging-Boxes.jpg,2026/01/Kraft-Sushi-Packaging-Boxes.jpg,Kraft Sushi Packaging Boxes,/product/kraft-sushi-packaging-boxes/,gallery
https://kraftboxpack.com/wp-content/uploads/2026/01/Kraft-Toy-Packaging-Boxes.jpg,2026/01/Kraft-Toy-Packaging-Boxes.jpg,Kraft Toy Packaging Boxes,/product/kraft-toy-packaging-boxes/,gallery
https://kraftboxpack.com/wp-content/uploads/2026/01/Kraft-Triangle-Sandwich-Boxes.jpg,2026/01/Kraft-Triangle-Sandwich-Boxes.jpg,Kraft Triangle Sandwich Boxes,/product/kraft-sandwich-wedge-boxes/,gallery
https://kraftboxpack.com/wp-content/uploads/2026/01/Kraft-Tube-Packaging.jpg,2026/01/Kraft-Tube-Packaging.jpg,Kraft Tube Packaging,/product/kraft-tube-packaging/,gallery
https://kraftboxpack.com/wp-content/uploads/2026/01/Kraft-Underwear-Packaging-Boxes.jpg,2026/01/Kraft-Underwear-Packaging-Boxes.jpg,Kraft Underwear Packaging Boxes,/product/kraft-underwear-packaging-boxes/,gallery
https://kraftboxpack.com/wp-content/uploads/2026/01/Kraft-Vitamin-Packaging-Boxes.jpg,2026/01/Kraft-Vitamin-Packaging-Boxes.jpg,Kraft Vitamin Packaging Boxes,/product/kraft-vitamin-packaging-boxes/,gallery
https://kraftboxpack.com/wp-content/uploads/2026/01/Kraft-Watch-Packaging-Boxes.jpg,2026/01/Kraft-Watch-Packaging-Boxes.jpg,Kraft Watch Packaging Boxes,/product/kraft-watch-packaging-boxes/,gallery
https://kraftboxpack.com/wp-content/uploads/2026/01/Kraft-board-toy-packaging.jpg,2026/01/Kraft-board-toy-packaging.jpg,Kraft board toy packaging,/product/kraft-toy-packaging-boxes/,gallery
https://kraftboxpack.com/wp-content/uploads/2026/01/Kraft-bouquet-boxes-bulk.jpg,2026/01/Kraft-bouquet-boxes-bulk.jpg,Kraft bouquet boxes bulk,/product/kraft-bouquet-boxes/,gallery
https://kraftboxpack.com/wp-content/uploads/2026/01/Kraft-bouquet-boxes-wholesale.jpg,2026/01/Kraft-bouquet-boxes-wholesale.jpg,Kraft bouquet boxes wholesale,/product/kraft-bouquet-boxes/,gallery
https://kraftboxpack.com/wp-content/uploads/2026/01/Kraft-earring-packaging-boxes-for-sale.jpg,2026/01/Kraft-earring-packaging-boxes-for-sale.jpg,Kraft earring packaging boxes for sale,/product/kraft-earring-packaging-boxes/,primary
https://kraftboxpack.com/wp-content/uploads/2026/01/Kraft-earring-packaging-boxes-wholesale.jpg,2026/01/Kraft-earring-packaging-boxes-wholesale.jpg,Kraft earring packaging boxes wholesale,/product/kraft-earring-packaging-boxes/,gallery
https://kraftboxpack.com/wp-content/uploads/2026/01/Kraft-food-packaging.jpg,2026/01/Kraft-food-packaging.jpg,Kraft Box Pack,/product/kraft-industrial-parts-boxes/,gallery
https://kraftboxpack.com/wp-content/uploads/2026/01/Kraft-heart-shaped-boxes-bulk.jpg,2026/01/Kraft-heart-shaped-boxes-bulk.jpg,Kraft Box Pack,/product/kraft-heart-shaped-boxes/,gallery
https://kraftboxpack.com/wp-content/uploads/2026/01/Kraft-heart-shaped-boxes-empty.jpg,2026/01/Kraft-heart-shaped-boxes-empty.jpg,Kraft Box Pack,/product/kraft-heart-shaped-boxes/,gallery
https://kraftboxpack.com/wp-content/uploads/2026/01/Kraft-heart-shaped-boxes-for-sale.jpg,2026/01/Kraft-heart-shaped-boxes-for-sale.jpg,Kraft Box Pack,/product/kraft-heart-shaped-boxes/,gallery
https://kraftboxpack.com/wp-content/uploads/2026/01/Kraft-heart-shaped-boxes-wholesale.jpg,2026/01/Kraft-heart-shaped-boxes-wholesale.jpg,Kraft Box Pack,/product/kraft-heart-shaped-boxes/,gallery
https://kraftboxpack.com/wp-content/uploads/2026/01/Kraft-heavy-duty-storage-boxes-with-lids.jpg,2026/01/Kraft-heavy-duty-storage-boxes-with-lids.jpg,Kraft Box Pack,/product/kraft-heavy-duty-storage-boxes/,gallery
https://kraftboxpack.com/wp-content/uploads/2026/01/Kraft-hexagon-boxes-bulk.jpg,2026/01/Kraft-hexagon-boxes-bulk.jpg,Kraft Box Pack,/product/kraft-hexagon-boxes/,gallery
https://kraftboxpack.com/wp-content/uploads/2026/01/Kraft-hexagon-boxes-for-sale.jpg,2026/01/Kraft-hexagon-boxes-for-sale.jpg,Kraft Box Pack,/product/kraft-hexagon-boxes/,gallery
https://kraftboxpack.com/wp-content/uploads/2026/01/Kraft-hexagon-boxes-with-lids.jpg,2026/01/Kraft-hexagon-boxes-with-lids.jpg,Kraft Box Pack,/product/kraft-hexagon-boxes/,gallery
https://kraftboxpack.com/wp-content/uploads/2026/01/Kraft-insulated-cold-boxes-for-sale.jpg,2026/01/Kraft-insulated-cold-boxes-for-sale.jpg,Kraft insulated cold boxes for sale,/product/kraft-insulated-cold-boxes/,gallery
https://kraftboxpack.com/wp-content/uploads/2026/01/Kraft-insulated-cold-boxes-wholesale.jpg,2026/01/Kraft-insulated-cold-boxes-wholesale.jpg,Kraft insulated cold boxes wholesale,/product/kraft-insulated-cold-boxes/,gallery
https://kraftboxpack.com/wp-content/uploads/2026/01/Kraft-jewelry-Box.jpg,2026/01/Kraft-jewelry-Box.jpg,,/product/kraft-jewelry-insert-boxes/,gallery
https://kraftboxpack.com/wp-content/uploads/2026/01/Kraft-jewelry-Boxes-wholesale-1.jpg,2026/01/Kraft-jewelry-Boxes-wholesale-1.jpg,Kraft jewelry Boxes wholesale,/product/kraft-ring-packaging-boxes/,primary
https://kraftboxpack.com/wp-content/uploads/2026/01/Kraft-jewelry-Boxes-wholesale.jpg,2026/01/Kraft-jewelry-Boxes-wholesale.jpg,Kraft jewelry Boxes wholesale,/product/kraft-earring-packaging-boxes/,gallery
https://kraftboxpack.com/wp-content/uploads/2026/01/Kraft-jewelry-insert-boxes-wholesale.png,2026/01/Kraft-jewelry-insert-boxes-wholesale.png,Kraft jewelry insert boxes wholesale,/product/kraft-jewelry-insert-boxes/,gallery
https://kraftboxpack.com/wp-content/uploads/2026/01/Kraft-lid-base-rigid-boxes-bulk.jpg,2026/01/Kraft-lid-base-rigid-boxes-bulk.jpg,,/product/kraft-lid-base-rigid-boxes/,primary
https://kraftboxpack.com/wp-content/uploads/2026/01/Kraft-lid-base-rigid-boxes-wholesale.jpg,2026/01/Kraft-lid-base-rigid-boxes-wholesale.jpg,,/product/kraft-lid-base-rigid-boxes/,gallery
https://kraftboxpack.com/wp-content/uploads/2026/01/Kraft-mascara-boxes-wholesale.jpg,2026/01/Kraft-mascara-boxes-wholesale.jpg,Kraft mascara boxes wholesale,/product/kraft-mascara-boxes/,gallery
https://kraftboxpack.com/wp-content/uploads/2026/01/Kraft-meat-packaging-boxes-for-sale.jpg,2026/01/Kraft-meat-packaging-boxes-for-sale.jpg,Kraft meat packaging boxes for sale,/product/kraft-meat-packaging-boxes/,gallery
https://kraftboxpack.com/wp-content/uploads/2026/01/Kraft-meat-packaging-boxes-sizes.jpg,2026/01/Kraft-meat-packaging-boxes-sizes.jpg,Kraft meat packaging boxes sizes,/product/kraft-meat-packaging-boxes/,gallery
https://kraftboxpack.com/wp-content/uploads/2026/01/Kraft-meat-packaging-boxes-wholesale.jpg,2026/01/Kraft-meat-packaging-boxes-wholesale.jpg,Kraft meat packaging boxes wholesale,/product/kraft-meat-packaging-boxes/,gallery
https://kraftboxpack.com/wp-content/uploads/2026/01/Kraft-muffin-packaging-boxes-bulk.jpg,2026/01/Kraft-muffin-packaging-boxes-bulk.jpg,Kraft muffin packaging boxes bulk,/product/kraft-muffin-packaging-boxes/,gallery
https://kraftboxpack.com/wp-content/uploads/2026/01/Kraft-muffin-packaging-boxes-empty.jpg,2026/01/Kraft-muffin-packaging-boxes-empty.jpg,Kraft muffin packaging boxes empty,/product/kraft-muffin-packaging-boxes/,gallery
https://kraftboxpack.com/wp-content/uploads/2026/01/Kraft-muffin-packaging-boxes-wholesale.jpg,2026/01/Kraft-muffin-packaging-boxes-wholesale.jpg,Kraft muffin packaging boxes wholesale,/product/kraft-muffin-packaging-boxes/,gallery
https://kraftboxpack.com/wp-content/uploads/2026/01/Kraft-octagon-box.jpg,2026/01/Kraft-octagon-box.jpg,Kraft octagon box,/product/kraft-octagon-boxes/,primary
https://kraftboxpack.com/wp-content/uploads/2026/01/Kraft-octagon-boxes-parts.jpg,2026/01/Kraft-octagon-boxes-parts.jpg,Kraft octagon boxes parts,/product/kraft-octagon-boxes/,gallery
https://kraftboxpack.com/wp-content/uploads/2026/01/Kraft-octagon-boxes-replacement-parts.jpg,2026/01/Kraft-octagon-boxes-replacement-parts.jpg,Kraft octagon boxes replacement parts,/product/kraft-octagon-boxes/,gallery
https://kraftboxpack.com/wp-content/uploads/2026/01/Kraft-octagon-boxes-sizes.jpg,2026/01/Kraft-octagon-boxes-sizes.jpg,Kraft octagon boxes sizes,/product/kraft-octagon-boxes/,gallery
https://kraftboxpack.com/wp-content/uploads/2026/01/Kraft-paper-tubes.jpg,2026/01/Kraft-paper-tubes.jpg,Kraft paper tubes,/product/kraft-tube-packaging/,gallery
https://kraftboxpack.com/wp-content/uploads/2026/01/Kraft-perfume-boxes-empty.jpg,2026/01/Kraft-perfume-boxes-empty.jpg,Kraft perfume boxes empty,/product/kraft-perfume-boxes/,gallery
https://kraftboxpack.com/wp-content/uploads/2026/01/Kraft-perfume-boxes-for-sale.jpg,2026/01/Kraft-perfume-boxes-for-sale.jpg,Kraft perfume boxes for sale,/product/kraft-perfume-boxes/,gallery
https://kraftboxpack.com/wp-content/uploads/2026/01/Kraft-perfume-boxes-wholesale.jpg,2026/01/Kraft-perfume-boxes-wholesale.jpg,Kraft perfume boxes wholesale,/product/kraft-perfume-boxes/,gallery
https://kraftboxpack.com/wp-content/uploads/2026/01/Kraft-photo-frame-boxes-price.jpg,2026/01/Kraft-photo-frame-boxes-price.jpg,Kraft photo frame boxes price,/product/kraft-photo-frame-boxes/,gallery
https://kraftboxpack.com/wp-content/uploads/2026/01/Kraft-photo-frame-boxes-sale.jpg,2026/01/Kraft-photo-frame-boxes-sale.jpg,Kraft photo frame boxes sale,/product/kraft-photo-frame-boxes/,primary
https://kraftboxpack.com/wp-content/uploads/2026/01/Kraft-photo-frame-boxes-wholesale.jpg,2026/01/Kraft-photo-frame-boxes-wholesale.jpg,Kraft photo frame boxes wholesale,/product/kraft-photo-frame-boxes/,gallery
https://kraftboxpack.com/wp-content/uploads/2026/01/Kraft-photo-frame-boxes-with-lids.jpg,2026/01/Kraft-photo-frame-boxes-with-lids.jpg,Kraft photo frame boxes with lids,/product/kraft-photo-frame-boxes/,gallery
https://kraftboxpack.com/wp-content/uploads/2026/01/Kraft-pop-display-boxes-wholesale.jpg,2026/01/Kraft-pop-display-boxes-wholesale.jpg,Kraft pop display boxes wholesale,/product/kraft-pop-display-boxes/,gallery
https://kraftboxpack.com/wp-content/uploads/2026/01/Kraft-pyramid-boxes-for-sale.jpg,2026/01/Kraft-pyramid-boxes-for-sale.jpg,Kraft pyramid boxes for sale,/product/kraft-pyramid-boxes/,primary
https://kraftboxpack.com/wp-content/uploads/2026/01/Kraft-pyramid-boxes-wholesale.jpg,2026/01/Kraft-pyramid-boxes-wholesale.jpg,Kraft pyramid boxes wholesale,/product/kraft-pyramid-boxes/,gallery
https://kraftboxpack.com/wp-content/uploads/2026/01/Kraft-recycled-kraft-boxes-wholesale.jpg,2026/01/Kraft-recycled-kraft-boxes-wholesale.jpg,Kraft recycled kraft boxes wholesale,/product/kraft-chemical-safe-boxes/ | /product/kraft-recycled-kraft-boxes/,gallery
https://kraftboxpack.com/wp-content/uploads/2026/01/Kraft-recycled-kraft-boxes-with-lids.jpg,2026/01/Kraft-recycled-kraft-boxes-with-lids.jpg,Kraft recycled kraft boxes with lids,/product/kraft-chemical-safe-boxes/ | /product/kraft-recycled-kraft-boxes/,gallery
https://kraftboxpack.com/wp-content/uploads/2026/01/Kraft-retail-display-trays-Wholesale.jpg,2026/01/Kraft-retail-display-trays-Wholesale.jpg,Kraft retail display trays Wholesale,/product/kraft-retail-display-trays/,gallery
https://kraftboxpack.com/wp-content/uploads/2026/01/Kraft-retail-display-trays-in-bulk.jpg,2026/01/Kraft-retail-display-trays-in-bulk.jpg,Kraft retail display trays in bulk,/product/kraft-retail-display-trays/,gallery
https://kraftboxpack.com/wp-content/uploads/2026/01/Kraft-retail-display-trays-packaging.jpg,2026/01/Kraft-retail-display-trays-packaging.jpg,Kraft retail display trays packaging,/product/kraft-retail-display-trays/,primary
https://kraftboxpack.com/wp-content/uploads/2026/01/Kraft-retail-display-trays-price.jpg,2026/01/Kraft-retail-display-trays-price.jpg,Kraft retail display trays price,/product/kraft-retail-display-trays/,gallery
https://kraftboxpack.com/wp-content/uploads/2026/01/Kraft-ribbon-closure-boxes-wholesale.jpg,2026/01/Kraft-ribbon-closure-boxes-wholesale.jpg,Kraft ribbon closure boxes wholesale,/product/kraft-ribbon-closure-boxes/,gallery
https://kraftboxpack.com/wp-content/uploads/2026/01/Kraft-rigid-boxes-review.jpg,2026/01/Kraft-rigid-boxes-review.jpg,Kraft rigid boxes review,/product/kraft-rigid-boxes/,primary
https://kraftboxpack.com/wp-content/uploads/2026/01/Kraft-rigid-boxes-sizes.jpg,2026/01/Kraft-rigid-boxes-sizes.jpg,Kraft rigid boxes sizes,/product/kraft-rigid-boxes/,gallery
https://kraftboxpack.com/wp-content/uploads/2026/01/Kraft-rigid-boxes-wholesale.jpg,2026/01/Kraft-rigid-boxes-wholesale.jpg,Kraft rigid boxes wholesale,/product/kraft-rigid-boxes/,gallery
https://kraftboxpack.com/wp-content/uploads/2026/01/Kraft-ring-packaging-boxes-bulk.jpg,2026/01/Kraft-ring-packaging-boxes-bulk.jpg,Kraft ring packaging boxes bulk,/product/kraft-ring-packaging-boxes/,gallery
https://kraftboxpack.com/wp-content/uploads/2026/01/Kraft-ring-packaging-boxes-for-sale.jpg,2026/01/Kraft-ring-packaging-boxes-for-sale.jpg,Kraft ring packaging boxes for sale,/product/kraft-ring-packaging-boxes/,gallery
https://kraftboxpack.com/wp-content/uploads/2026/01/Kraft-ring-packaging-boxes-wholesale.jpg,2026/01/Kraft-ring-packaging-boxes-wholesale.jpg,Kraft ring packaging boxes wholesale,/product/kraft-ring-packaging-boxes/,gallery
https://kraftboxpack.com/wp-content/uploads/2026/01/Kraft-seafood-boxes-for-sale.jpg,2026/01/Kraft-seafood-boxes-for-sale.jpg,Kraft seafood boxes for sale,/product/kraft-seafood-boxes/,gallery
https://kraftboxpack.com/wp-content/uploads/2026/01/Kraft-supplement-boxes-wholesale.jpg,2026/01/Kraft-supplement-boxes-wholesale.jpg,Kraft supplement boxes wholesale,/product/kraft-supplement-boxes/,gallery
https://kraftboxpack.com/wp-content/uploads/2026/01/Kraft-thermal-kraft-box.jpg,2026/01/Kraft-thermal-kraft-box.jpg,Kraft thermal kraft box,/product/kraft-thermal-kraft-boxes/,gallery
https://kraftboxpack.com/wp-content/uploads/2026/01/Kraft-thermal-kraft-boxes-in-bulk.jpg,2026/01/Kraft-thermal-kraft-boxes-in-bulk.jpg,Kraft thermal kraft boxes in bulk,/product/kraft-thermal-kraft-boxes/,gallery
https://kraftboxpack.com/wp-content/uploads/2026/01/Kraft-thermal-kraft-boxes-packaging.jpg,2026/01/Kraft-thermal-kraft-boxes-packaging.jpg,Kraft thermal kraft boxes packaging,/product/kraft-thermal-kraft-boxes/,gallery
https://kraftboxpack.com/wp-content/uploads/2026/01/Kraft-thermal-kraft-boxes-wholesale.jpg,2026/01/Kraft-thermal-kraft-boxes-wholesale.jpg,Kraft thermal kraft boxes wholesale,/product/kraft-thermal-kraft-boxes/,primary
https://kraftboxpack.com/wp-content/uploads/2026/01/Kraft-toy-packaging.jpg,2026/01/Kraft-toy-packaging.jpg,Kraft toy packaging,/product/kraft-toy-packaging-boxes/,gallery
https://kraftboxpack.com/wp-content/uploads/2026/01/Kraft-tube-packaging-wholesale.jpg,2026/01/Kraft-tube-packaging-wholesale.jpg,Kraft tube packaging wholesale,/product/kraft-tube-packaging/,gallery
https://kraftboxpack.com/wp-content/uploads/2026/01/Kraft-underwear-packaging-boxes-wholesale.jpg,2026/01/Kraft-underwear-packaging-boxes-wholesale.jpg,Kraft underwear packaging boxes wholesale,/product/kraft-underwear-packaging-boxes/,gallery
https://kraftboxpack.com/wp-content/uploads/2026/01/Kraft-vitamin-packaging-boxes-for-sale.jpg,2026/01/Kraft-vitamin-packaging-boxes-for-sale.jpg,Kraft vitamin packaging boxes for sale,/product/kraft-vitamin-packaging-boxes/,gallery
https://kraftboxpack.com/wp-content/uploads/2026/01/Kraft-vitamin-packaging-boxes-wholesale.jpg,2026/01/Kraft-vitamin-packaging-boxes-wholesale.jpg,Kraft vitamin packaging boxes wholesale,/product/kraft-vitamin-packaging-boxes/,gallery
https://kraftboxpack.com/wp-content/uploads/2026/01/Kraft-watch-packaging-boxes-for-sale.jpg,2026/01/Kraft-watch-packaging-boxes-for-sale.jpg,Kraft watch packaging boxes for sale,/product/kraft-watch-packaging-boxes/,gallery
https://kraftboxpack.com/wp-content/uploads/2026/01/Lift-off-lid-rigid-box.jpg,2026/01/Lift-off-lid-rigid-box.jpg,,/product/kraft-lid-base-rigid-boxes/,gallery
https://kraftboxpack.com/wp-content/uploads/2026/01/Luxury-Magnetic-Gift-Box.jpg,2026/01/Luxury-Magnetic-Gift-Box.jpg,Luxury Magnetic Gift Box,/product/kraft-ribbon-closure-boxes/,gallery
https://kraftboxpack.com/wp-content/uploads/2026/01/Luxury-cosmetic-packaging-boxes.jpg,2026/01/Luxury-cosmetic-packaging-boxes.jpg,Luxury cosmetic packaging boxes,/product/kraft-skincare-boxes/,gallery
https://kraftboxpack.com/wp-content/uploads/2026/01/Luxury-product-boxes.jpg,2026/01/Luxury-product-boxes.jpg,Luxury product boxes,/product/kraft-shoulder-boxes/,gallery
https://kraftboxpack.com/wp-content/uploads/2026/01/Men-kraft-underwear-packaging-boxes.jpg,2026/01/Men-kraft-underwear-packaging-boxes.jpg,Men kraft underwear packaging boxes,/product/kraft-underwear-packaging-boxes/,gallery
https://kraftboxpack.com/wp-content/uploads/2026/01/Paper-Jewelry-Box.jpg,2026/01/Paper-Jewelry-Box.jpg,Paper Jewelry Box,/product/kraft-earring-packaging-boxes/,gallery
https://kraftboxpack.com/wp-content/uploads/2026/01/Paper-boxes-with-lids.jpg,2026/01/Paper-boxes-with-lids.jpg,Kraft Box Pack,/product/kraft-industrial-parts-boxes/,gallery
https://kraftboxpack.com/wp-content/uploads/2026/01/Paper-tube-packaging-for-food.jpg,2026/01/Paper-tube-packaging-for-food.jpg,Paper tube packaging for food,/product/kraft-tube-packaging/,gallery
https://kraftboxpack.com/wp-content/uploads/2026/01/Point-of-sale-display-boxes.jpg,2026/01/Point-of-sale-display-boxes.jpg,Point of sale display boxes,/product/kraft-pop-display-boxes/,gallery
https://kraftboxpack.com/wp-content/uploads/2026/01/Printed-display-boxes.jpg,2026/01/Printed-display-boxes.jpg,Printed display boxes,/product/kraft-pop-display-boxes/,gallery
https://kraftboxpack.com/wp-content/uploads/2026/01/Pyramid-bento-box-disposable.jpg,2026/01/Pyramid-bento-box-disposable.jpg,Pyramid bento box disposable,/product/kraft-pyramid-boxes/,gallery
https://kraftboxpack.com/wp-content/uploads/2026/01/Pyramid-box-packaging.jpg,2026/01/Pyramid-box-packaging.jpg,Pyramid box packaging,/product/kraft-pyramid-boxes/,gallery
https://kraftboxpack.com/wp-content/uploads/2026/01/Ractangle-Gift-Boxes-with-lids-Wholesale.jpg,2026/01/Ractangle-Gift-Boxes-with-lids-Wholesale.jpg,Ractangle Gift Boxes with lids Wholesale,/product/kraft-rectangular-gift-boxes/,primary
https://kraftboxpack.com/wp-content/uploads/2026/01/Recycled-Kraft-Sandwich-Wedge-Boxes.jpg,2026/01/Recycled-Kraft-Sandwich-Wedge-Boxes.jpg,Recycled Kraft Sandwich Wedge Boxes,/product/kraft-sandwich-wedge-boxes/,gallery
https://kraftboxpack.com/wp-content/uploads/2026/01/Rigid-Gift-Box.jpg,2026/01/Rigid-Gift-Box.jpg,,/product/kraft-lid-base-rigid-boxes/,gallery
https://kraftboxpack.com/wp-content/uploads/2026/01/Rigid-Gift-Boxes-with-lids.jpg,2026/01/Rigid-Gift-Boxes-with-lids.jpg,Rigid Gift Boxes with lids,/product/kraft-rigid-boxes/,gallery
https://kraftboxpack.com/wp-content/uploads/2026/01/Rigid-box-packaging.jpg,2026/01/Rigid-box-packaging.jpg,Rigid box packaging,/product/kraft-shoulder-boxes/,gallery
https://kraftboxpack.com/wp-content/uploads/2026/01/Sliding-Packaging-Box.jpg,2026/01/Sliding-Packaging-Box.jpg,Sliding Packaging Box,/product/kraft-shoulder-boxes/,gallery
https://kraftboxpack.com/wp-content/uploads/2026/01/Sustainable-Kraft-toy-boxes.jpg,2026/01/Sustainable-Kraft-toy-boxes.jpg,Sustainable Kraft toy boxes,/product/kraft-toy-packaging-boxes/,gallery
https://kraftboxpack.com/wp-content/uploads/2026/01/Womens-kraft-underwear-packaging-boxes.jpg,2026/01/Womens-kraft-underwear-packaging-boxes.jpg,Women's kraft underwear packaging boxes,/product/kraft-underwear-packaging-boxes/,primary
https://kraftboxpack.com/wp-content/uploads/2026/01/brown-kraft-candy-favor-boxes.jpg,2026/01/brown-kraft-candy-favor-boxes.jpg,brown kraft candy favor boxes,/product/kraft-candy-favor-boxes/,primary
https://kraftboxpack.com/wp-content/uploads/2026/01/custom-kraft-influencer-boxes.jpg,2026/01/custom-kraft-influencer-boxes.jpg,Kraft Box Pack,/product/kraft-influencer-boxes/,primary
https://kraftboxpack.com/wp-content/uploads/2026/01/custom-kraft-supplement-boxes.jpg,2026/01/custom-kraft-supplement-boxes.jpg,custom kraft supplement boxes,/product/kraft-supplement-boxes/,primary
https://kraftboxpack.com/wp-content/uploads/2026/01/custom-kraft-sushi-boxes.jpg,2026/01/custom-kraft-sushi-boxes.jpg,custom kraft sushi boxes,/product/kraft-sushi-packaging-boxes/,primary
https://kraftboxpack.com/wp-content/uploads/2026/01/custom-kraft-vitamin-packaging-boxes.jpg,2026/01/custom-kraft-vitamin-packaging-boxes.jpg,custom kraft vitamin packaging boxes,/product/kraft-vitamin-packaging-boxes/,primary
https://kraftboxpack.com/wp-content/uploads/2026/01/euro-slot-hanging-boxes.jpg,2026/01/euro-slot-hanging-boxes.jpg,euro slot hanging boxes,/product/kraft-hanging-display-boxes/,primary
https://kraftboxpack.com/wp-content/uploads/2026/01/hanging-blister-style-boxes.jpg,2026/01/hanging-blister-style-boxes.jpg,Kraft Box Pack,/product/kraft-hanging-display-boxes/,gallery
https://kraftboxpack.com/wp-content/uploads/2026/01/hanging-tab-packaging-boxes.jpg,2026/01/hanging-tab-packaging-boxes.jpg,Kraft Box Pack,/product/kraft-hanging-display-boxes/,gallery
https://kraftboxpack.com/wp-content/uploads/2026/01/kraft-PR-boxes-for-influencers.jpg,2026/01/kraft-PR-boxes-for-influencers.jpg,Kraft Box Pack,/product/kraft-influencer-boxes/,gallery
https://kraftboxpack.com/wp-content/uploads/2026/01/kraft-candy-favor-packaging.jpg,2026/01/kraft-candy-favor-packaging.jpg,kraft candy favor packaging,/product/kraft-candy-favor-boxes/,gallery
https://kraftboxpack.com/wp-content/uploads/2026/01/kraft-candy-party-favor-boxes.jpg,2026/01/kraft-candy-party-favor-boxes.jpg,kraft candy party favor boxes,/product/kraft-candy-favor-boxes/,gallery
https://kraftboxpack.com/wp-content/uploads/2026/01/kraft-euro-hook-boxes.jpg,2026/01/kraft-euro-hook-boxes.jpg,Kraft Box Pack,/product/kraft-hanging-display-boxes/,gallery
https://kraftboxpack.com/wp-content/uploads/2026/01/kraft-influencer-boxes.jpg,2026/01/kraft-influencer-boxes.jpg,Kraft Box Pack,/product/kraft-influencer-boxes/,gallery
https://kraftboxpack.com/wp-content/uploads/2026/01/kraft-influencer-mailer-boxes.jpg,2026/01/kraft-influencer-mailer-boxes.jpg,Kraft Box Pack,/product/kraft-influencer-boxes/,gallery
https://kraftboxpack.com/wp-content/uploads/2026/01/kraft-influencer-packaging-boxes.jpg,2026/01/kraft-influencer-packaging-boxes.jpg,Kraft Box Pack,/product/kraft-influencer-boxes/,gallery
https://kraftboxpack.com/wp-content/uploads/2026/01/kraft-packaging-for-supplements.jpg,2026/01/kraft-packaging-for-supplements.jpg,kraft packaging for supplements,/product/kraft-supplement-boxes/,gallery
https://kraftboxpack.com/wp-content/uploads/2026/01/kraft-packaging-for-vitamins.jpg,2026/01/kraft-packaging-for-vitamins.jpg,kraft packaging for vitamins,/product/kraft-vitamin-packaging-boxes/,gallery
https://kraftboxpack.com/wp-content/uploads/2026/01/kraft-paper-candy-favor-boxes.jpg,2026/01/kraft-paper-candy-favor-boxes.jpg,kraft paper candy favor boxes,/product/kraft-candy-favor-boxes/,gallery
https://kraftboxpack.com/wp-content/uploads/2026/01/kraft-ppe-packaging.jpg,2026/01/kraft-ppe-packaging.jpg,kraft ppe packaging,/product/kraft-ppe-packaging-boxes/,gallery
https://kraftboxpack.com/wp-content/uploads/2026/01/kraft-ppe-shipping-boxes.jpg,2026/01/kraft-ppe-shipping-boxes.jpg,kraft ppe shipping boxes,/product/kraft-ppe-packaging-boxes/,gallery
https://kraftboxpack.com/wp-content/uploads/2026/01/kraft-ppe-storage-boxes.jpg,2026/01/kraft-ppe-storage-boxes.jpg,kraft ppe storage boxes,/product/kraft-ppe-packaging-boxes/,gallery
https://kraftboxpack.com/wp-content/uploads/2026/01/kraft-promotional-boxes-in-bulk.jpg,2026/01/kraft-promotional-boxes-in-bulk.jpg,kraft promotional boxes in bulk,/product/kraft-promotional-boxes/,primary
https://kraftboxpack.com/wp-content/uploads/2026/01/kraft-supplement-packaging-boxes.jpg,2026/01/kraft-supplement-packaging-boxes.jpg,kraft supplement packaging boxes,/product/kraft-supplement-boxes/,gallery
https://kraftboxpack.com/wp-content/uploads/2026/01/kraft-sushi-food-boxes.jpg,2026/01/kraft-sushi-food-boxes.jpg,kraft sushi food boxes,/product/kraft-sushi-packaging-boxes/,gallery
https://kraftboxpack.com/wp-content/uploads/2026/01/kraft-sushi-packaging-sleeves.jpg,2026/01/kraft-sushi-packaging-sleeves.jpg,kraft sushi packaging sleeves,/product/kraft-sushi-packaging-boxes/,gallery
https://kraftboxpack.com/wp-content/uploads/2026/01/kraft-sushi-takeaway-boxes.jpg,2026/01/kraft-sushi-takeaway-boxes.jpg,kraft sushi takeaway boxes,/product/kraft-sushi-packaging-boxes/,gallery
https://kraftboxpack.com/wp-content/uploads/2026/01/kraft-watch-case-boxes.jpg,2026/01/kraft-watch-case-boxes.jpg,kraft watch case boxes,/product/kraft-watch-packaging-boxes/,primary
https://kraftboxpack.com/wp-content/uploads/2026/01/kraft-watch-presentation-boxes.jpg,2026/01/kraft-watch-presentation-boxes.jpg,kraft watch presentation boxes,/product/kraft-watch-packaging-boxes/,gallery
https://kraftboxpack.com/wp-content/uploads/2026/01/kraft-watch-storage-boxes.jpg,2026/01/kraft-watch-storage-boxes.jpg,kraft watch storage boxes,/product/kraft-watch-packaging-boxes/,gallery
https://kraftboxpack.com/wp-content/uploads/2026/01/peg-hook-display-boxes.jpg,2026/01/peg-hook-display-boxes.jpg,Kraft Box Pack,/product/kraft-hanging-display-boxes/,gallery
