"source_url","destination_url","anchor_text","link_type"
"https://kraftboxpack.com/","https://kraftboxpack.com/","","navigation"
"https://kraftboxpack.com/","https://kraftboxpack.com/about-us/","About Us","navigation"
"https://kraftboxpack.com/","https://kraftboxpack.com/contact-us/","Contact Us","navigation"
"https://kraftboxpack.com/","https://kraftboxpack.com/get-a-quote/","Get A Free Quote","contextual"
"https://kraftboxpack.com/","https://kraftboxpack.com/privacy-policy/","Privacy Policy","navigation"
"https://kraftboxpack.com/","https://kraftboxpack.com/product-category/colored-kraft-boxes/","Colored Kraft Boxes","navigation"
"https://kraftboxpack.com/","https://kraftboxpack.com/product-category/kraft-gift-specialty-boxes/","Kraft Gift & Specialty Boxes","navigation"
"https://kraftboxpack.com/","https://kraftboxpack.com/product-category/kraft-packaging-boxes/","Kraft Packaging Boxes","navigation"
"https://kraftboxpack.com/","https://kraftboxpack.com/product-category/kraft-wrapping-accessories/","Kraft Wrapping & Accessories","navigation"
"https://kraftboxpack.com/","https://kraftboxpack.com/product/brown-kraft-boxes/","Brown Kraft Boxes","product-grid"
"https://kraftboxpack.com/","https://kraftboxpack.com/product/kraft-box-with-window/","Kraft Box with Window","product-grid"
"https://kraftboxpack.com/","https://kraftboxpack.com/product/kraft-bulk-shipping-crates/","Kraft Bulk Shipping Crates","product-grid"
"https://kraftboxpack.com/","https://kraftboxpack.com/product/kraft-candle-boxes/","Kraft Candle Boxes","product-grid"
"https://kraftboxpack.com/","https://kraftboxpack.com/product/kraft-cardboard-boxes/","Kraft Cardboard Boxes","product-grid"
"https://kraftboxpack.com/","https://kraftboxpack.com/product/kraft-corrugated-boxes/","Kraft Corrugated Boxes","product-grid"
"https://kraftboxpack.com/","https://kraftboxpack.com/product/kraft-drawer-boxes/","Kraft Drawer Boxes","product-grid"
"https://kraftboxpack.com/","https://kraftboxpack.com/product/kraft-food-boxes/","Kraft Food Boxes","product-grid"
"https://kraftboxpack.com/","https://kraftboxpack.com/product/kraft-gift-boxes-with-lids/","Kraft Gift Boxes With Lids","product-grid"
"https://kraftboxpack.com/","https://kraftboxpack.com/product/kraft-jewelry-boxes/","Kraft Jewelry Boxes","product-grid"
"https://kraftboxpack.com/","https://kraftboxpack.com/product/kraft-mailer-boxes/","Kraft Mailer Boxes","product-grid"
"https://kraftboxpack.com/","https://kraftboxpack.com/product/kraft-paper-gift-boxes/","Kraft Paper Gift Boxes","product-grid"
"https://kraftboxpack.com/","https://kraftboxpack.com/product/kraft-paper-packaging/","Kraft Paper Packaging","product-grid"
"https://kraftboxpack.com/","https://kraftboxpack.com/product/kraft-round-boxes/","Kraft Round Boxes","product-grid"
"https://kraftboxpack.com/","https://kraftboxpack.com/product/kraft-shipping-boxes/","Kraft Shipping Boxes","product-grid"
"https://kraftboxpack.com/","https://kraftboxpack.com/product/kraft-shoe-boxes/","Kraft Shoe Boxes","product-grid"
"https://kraftboxpack.com/","https://kraftboxpack.com/product/kraft-take-out-boxes/","Kraft Take Out Boxes","product-grid"
"https://kraftboxpack.com/","https://kraftboxpack.com/product/large-kraft-gift-boxes/","Large Kraft Gift Boxes","product-grid"
"https://kraftboxpack.com/","https://kraftboxpack.com/product/mini-kraft-boxes/","Mini Kraft Boxes","product-grid"
"https://kraftboxpack.com/","https://kraftboxpack.com/product/small-kraft-boxes/","Small Kraft Boxes","product-grid"
"https://kraftboxpack.com/","https://kraftboxpack.com/products/","Search products","contextual"
"https://kraftboxpack.com/","https://kraftboxpack.com/refund_returns/","Refund and Returns Policy","navigation"
"https://kraftboxpack.com/","https://kraftboxpack.com/terms-conditions/","Terms & Conditions","navigation"
"https://kraftboxpack.com/410/","https://kraftboxpack.com/","","navigation"
"https://kraftboxpack.com/410/","https://kraftboxpack.com/about-us/","About Us","navigation"
"https://kraftboxpack.com/410/","https://kraftboxpack.com/contact-us/","Contact us","contextual"
"https://kraftboxpack.com/410/","https://kraftboxpack.com/privacy-policy/","Privacy Policy","navigation"
"https://kraftboxpack.com/410/","https://kraftboxpack.com/product-category/colored-kraft-boxes/","Colored Kraft Boxes","navigation"
"https://kraftboxpack.com/410/","https://kraftboxpack.com/product-category/jewelry-accessories-boxes/","Jewelry & Accessories Boxes","contextual"
"https://kraftboxpack.com/410/","https://kraftboxpack.com/product-category/kraft-apparel-boxes/","Kraft Apparel Boxes","contextual"
"https://kraftboxpack.com/410/","https://kraftboxpack.com/product-category/kraft-art-boxes/","Kraft Art Boxes","contextual"
"https://kraftboxpack.com/410/","https://kraftboxpack.com/product-category/kraft-cosmetic-boxes/","Kraft Cosmetic Boxes","contextual"
"https://kraftboxpack.com/410/","https://kraftboxpack.com/product-category/kraft-display-packaging/","Kraft Display Packaging","contextual"
"https://kraftboxpack.com/410/","https://kraftboxpack.com/product-category/kraft-gift-specialty-boxes/","Kraft Gift & Specialty Boxes","navigation"
"https://kraftboxpack.com/410/","https://kraftboxpack.com/product-category/kraft-packaging-boxes/","Kraft Packaging Boxes","navigation"
"https://kraftboxpack.com/410/","https://kraftboxpack.com/product-category/kraft-wrapping-accessories/","Kraft Wrapping & Accessories","navigation"
"https://kraftboxpack.com/410/","https://kraftboxpack.com/products/","Search products","contextual"
"https://kraftboxpack.com/410/","https://kraftboxpack.com/refund_returns/","Refund and Returns Policy","navigation"
"https://kraftboxpack.com/410/","https://kraftboxpack.com/terms-conditions/","Terms & Conditions","navigation"
"https://kraftboxpack.com/about-us/","https://kraftboxpack.com/","","navigation"
"https://kraftboxpack.com/about-us/","https://kraftboxpack.com/about-us/","About Us","navigation"
"https://kraftboxpack.com/about-us/","https://kraftboxpack.com/contact-us/","Contact Us","navigation"
"https://kraftboxpack.com/about-us/","https://kraftboxpack.com/privacy-policy/","Privacy Policy","navigation"
"https://kraftboxpack.com/about-us/","https://kraftboxpack.com/product-category/colored-kraft-boxes/","Colored Kraft Boxes","navigation"
"https://kraftboxpack.com/about-us/","https://kraftboxpack.com/product-category/kraft-gift-specialty-boxes/","Kraft Gift & Specialty Boxes","navigation"
"https://kraftboxpack.com/about-us/","https://kraftboxpack.com/product-category/kraft-packaging-boxes/","Kraft Packaging Boxes","navigation"
"https://kraftboxpack.com/about-us/","https://kraftboxpack.com/product-category/kraft-wrapping-accessories/","Kraft Wrapping & Accessories","navigation"
"https://kraftboxpack.com/about-us/","https://kraftboxpack.com/products/","Search products","contextual"
"https://kraftboxpack.com/about-us/","https://kraftboxpack.com/refund_returns/","Refund and Returns Policy","navigation"
"https://kraftboxpack.com/about-us/","https://kraftboxpack.com/terms-conditions/","Terms & Conditions","navigation"
"https://kraftboxpack.com/contact-us/","https://kraftboxpack.com/","","navigation"
"https://kraftboxpack.com/contact-us/","https://kraftboxpack.com/about-us/","About Us","navigation"
"https://kraftboxpack.com/contact-us/","https://kraftboxpack.com/contact-us/","Contact Us","navigation"
"https://kraftboxpack.com/contact-us/","https://kraftboxpack.com/privacy-policy/","Privacy Policy","navigation"
"https://kraftboxpack.com/contact-us/","https://kraftboxpack.com/product-category/colored-kraft-boxes/","Colored Kraft Boxes","navigation"
"https://kraftboxpack.com/contact-us/","https://kraftboxpack.com/product-category/kraft-gift-specialty-boxes/","Kraft Gift & Specialty Boxes","navigation"
"https://kraftboxpack.com/contact-us/","https://kraftboxpack.com/product-category/kraft-packaging-boxes/","Kraft Packaging Boxes","navigation"
"https://kraftboxpack.com/contact-us/","https://kraftboxpack.com/product-category/kraft-wrapping-accessories/","Kraft Wrapping & Accessories","navigation"
"https://kraftboxpack.com/contact-us/","https://kraftboxpack.com/products/","Search products","contextual"
"https://kraftboxpack.com/contact-us/","https://kraftboxpack.com/refund_returns/","Refund and Returns Policy","navigation"
"https://kraftboxpack.com/contact-us/","https://kraftboxpack.com/terms-conditions/","Terms & Conditions","navigation"
"https://kraftboxpack.com/get-a-quote/","https://kraftboxpack.com/","","navigation"
"https://kraftboxpack.com/get-a-quote/","https://kraftboxpack.com/about-us/","About Us","navigation"
"https://kraftboxpack.com/get-a-quote/","https://kraftboxpack.com/contact-us/","Contact Us","navigation"
"https://kraftboxpack.com/get-a-quote/","https://kraftboxpack.com/privacy-policy/","Privacy Policy","navigation"
"https://kraftboxpack.com/get-a-quote/","https://kraftboxpack.com/product-category/colored-kraft-boxes/","Colored Kraft Boxes","navigation"
"https://kraftboxpack.com/get-a-quote/","https://kraftboxpack.com/product-category/kraft-gift-specialty-boxes/","Kraft Gift & Specialty Boxes","navigation"
"https://kraftboxpack.com/get-a-quote/","https://kraftboxpack.com/product-category/kraft-packaging-boxes/","Kraft Packaging Boxes","navigation"
"https://kraftboxpack.com/get-a-quote/","https://kraftboxpack.com/product-category/kraft-wrapping-accessories/","Kraft Wrapping & Accessories","navigation"
"https://kraftboxpack.com/get-a-quote/","https://kraftboxpack.com/products/","Search products","contextual"
"https://kraftboxpack.com/get-a-quote/","https://kraftboxpack.com/refund_returns/","Refund and Returns Policy","navigation"
"https://kraftboxpack.com/get-a-quote/","https://kraftboxpack.com/terms-conditions/","Terms & Conditions","navigation"
"https://kraftboxpack.com/privacy-policy/","https://kraftboxpack.com/","","navigation"
"https://kraftboxpack.com/privacy-policy/","https://kraftboxpack.com/about-us/","About Us","navigation"
"https://kraftboxpack.com/privacy-policy/","https://kraftboxpack.com/contact-us/","Contact Us","navigation"
"https://kraftboxpack.com/privacy-policy/","https://kraftboxpack.com/privacy-policy/","Privacy Policy","navigation"
"https://kraftboxpack.com/privacy-policy/","https://kraftboxpack.com/product-category/colored-kraft-boxes/","Colored Kraft Boxes","navigation"
"https://kraftboxpack.com/privacy-policy/","https://kraftboxpack.com/product-category/kraft-gift-specialty-boxes/","Kraft Gift & Specialty Boxes","navigation"
"https://kraftboxpack.com/privacy-policy/","https://kraftboxpack.com/product-category/kraft-packaging-boxes/","Kraft Packaging Boxes","navigation"
"https://kraftboxpack.com/privacy-policy/","https://kraftboxpack.com/product-category/kraft-wrapping-accessories/","Kraft Wrapping & Accessories","navigation"
"https://kraftboxpack.com/privacy-policy/","https://kraftboxpack.com/products/","Search products","contextual"
"https://kraftboxpack.com/privacy-policy/","https://kraftboxpack.com/refund_returns/","Refund and Returns Policy","navigation"
"https://kraftboxpack.com/privacy-policy/","https://kraftboxpack.com/terms-conditions/","Terms & Conditions","navigation"
"https://kraftboxpack.com/product-category/colored-kraft-boxes/","https://kraftboxpack.com/","","navigation"
"https://kraftboxpack.com/product-category/colored-kraft-boxes/","https://kraftboxpack.com/about-us/","About Us","navigation"
"https://kraftboxpack.com/product-category/colored-kraft-boxes/","https://kraftboxpack.com/contact-us/","Contact Us","navigation"
"https://kraftboxpack.com/product-category/colored-kraft-boxes/","https://kraftboxpack.com/get-a-quote/","Get a Quote","product-grid"
"https://kraftboxpack.com/product-category/colored-kraft-boxes/","https://kraftboxpack.com/privacy-policy/","Privacy Policy","navigation"
"https://kraftboxpack.com/product-category/colored-kraft-boxes/","https://kraftboxpack.com/product-category/colored-kraft-boxes/","Colored Kraft Boxes","navigation"
"https://kraftboxpack.com/product-category/colored-kraft-boxes/","https://kraftboxpack.com/product-category/kraft-gift-specialty-boxes/","Kraft Gift & Specialty Boxes","navigation"
"https://kraftboxpack.com/product-category/colored-kraft-boxes/","https://kraftboxpack.com/product-category/kraft-packaging-boxes/","Kraft Packaging Boxes","navigation"
"https://kraftboxpack.com/product-category/colored-kraft-boxes/","https://kraftboxpack.com/product-category/kraft-wrapping-accessories/","Kraft Wrapping & Accessories","navigation"
"https://kraftboxpack.com/product-category/colored-kraft-boxes/","https://kraftboxpack.com/product/black-kraft-boxes/","Black Kraft Boxes","breadcrumb"
"https://kraftboxpack.com/product-category/colored-kraft-boxes/","https://kraftboxpack.com/product/brown-kraft-boxes/","Brown Kraft Boxes","product-grid"
"https://kraftboxpack.com/product-category/colored-kraft-boxes/","https://kraftboxpack.com/product/colored-kraft-paper/","Colored Kraft Paper","product-grid"
"https://kraftboxpack.com/product-category/colored-kraft-boxes/","https://kraftboxpack.com/product/kraft-boxes-with-lid/","Kraft Boxes With Lid","product-grid"
"https://kraftboxpack.com/product-category/colored-kraft-boxes/","https://kraftboxpack.com/product/kraft-minimalist-boxes/","Kraft Minimalist Boxes","product-grid"
"https://kraftboxpack.com/product-category/colored-kraft-boxes/","https://kraftboxpack.com/product/kraft-thermal-kraft-boxes/","Kraft Thermal Kraft Boxes","product-grid"
"https://kraftboxpack.com/product-category/colored-kraft-boxes/","https://kraftboxpack.com/products/","Search products","contextual"
"https://kraftboxpack.com/product-category/colored-kraft-boxes/","https://kraftboxpack.com/refund_returns/","Refund and Returns Policy","navigation"
"https://kraftboxpack.com/product-category/colored-kraft-boxes/","https://kraftboxpack.com/terms-conditions/","Terms & Conditions","navigation"
"https://kraftboxpack.com/product-category/jewelry-accessories-boxes/","https://kraftboxpack.com/","","navigation"
"https://kraftboxpack.com/product-category/jewelry-accessories-boxes/","https://kraftboxpack.com/about-us/","About Us","navigation"
"https://kraftboxpack.com/product-category/jewelry-accessories-boxes/","https://kraftboxpack.com/contact-us/","Contact Us","navigation"
"https://kraftboxpack.com/product-category/jewelry-accessories-boxes/","https://kraftboxpack.com/get-a-quote/","Get a Quote","product-grid"
"https://kraftboxpack.com/product-category/jewelry-accessories-boxes/","https://kraftboxpack.com/privacy-policy/","Privacy Policy","navigation"
"https://kraftboxpack.com/product-category/jewelry-accessories-boxes/","https://kraftboxpack.com/product-category/colored-kraft-boxes/","Colored Kraft Boxes","navigation"
"https://kraftboxpack.com/product-category/jewelry-accessories-boxes/","https://kraftboxpack.com/product-category/kraft-gift-specialty-boxes/","Kraft Gift & Specialty Boxes","navigation"
"https://kraftboxpack.com/product-category/jewelry-accessories-boxes/","https://kraftboxpack.com/product-category/kraft-packaging-boxes/","Kraft Packaging Boxes","navigation"
"https://kraftboxpack.com/product-category/jewelry-accessories-boxes/","https://kraftboxpack.com/product-category/kraft-wrapping-accessories/","Kraft Wrapping & Accessories","navigation"
"https://kraftboxpack.com/product-category/jewelry-accessories-boxes/","https://kraftboxpack.com/product/kraft-bracelet-packaging-boxes/","Kraft Bracelet Packaging Boxes","breadcrumb"
"https://kraftboxpack.com/product-category/jewelry-accessories-boxes/","https://kraftboxpack.com/product/kraft-earring-packaging-boxes/","Kraft Earring Packaging Boxes","product-grid"
"https://kraftboxpack.com/product-category/jewelry-accessories-boxes/","https://kraftboxpack.com/product/kraft-jewelry-insert-boxes/","Kraft Jewelry Insert Boxes","product-grid"
"https://kraftboxpack.com/product-category/jewelry-accessories-boxes/","https://kraftboxpack.com/product/kraft-ring-packaging-boxes/","Kraft Ring Packaging Boxes","product-grid"
"https://kraftboxpack.com/product-category/jewelry-accessories-boxes/","https://kraftboxpack.com/product/kraft-watch-packaging-boxes/","Kraft Watch Packaging Boxes","product-grid"
"https://kraftboxpack.com/product-category/jewelry-accessories-boxes/","https://kraftboxpack.com/products/","Search products","contextual"
"https://kraftboxpack.com/product-category/jewelry-accessories-boxes/","https://kraftboxpack.com/refund_returns/","Refund and Returns Policy","navigation"
"https://kraftboxpack.com/product-category/jewelry-accessories-boxes/","https://kraftboxpack.com/terms-conditions/","Terms & Conditions","navigation"
"https://kraftboxpack.com/product-category/kraft-apparel-boxes/","https://kraftboxpack.com/","","navigation"
"https://kraftboxpack.com/product-category/kraft-apparel-boxes/","https://kraftboxpack.com/about-us/","About Us","navigation"
"https://kraftboxpack.com/product-category/kraft-apparel-boxes/","https://kraftboxpack.com/contact-us/","Contact Us","navigation"
"https://kraftboxpack.com/product-category/kraft-apparel-boxes/","https://kraftboxpack.com/get-a-quote/","Get a Quote","product-grid"
"https://kraftboxpack.com/product-category/kraft-apparel-boxes/","https://kraftboxpack.com/privacy-policy/","Privacy Policy","navigation"
"https://kraftboxpack.com/product-category/kraft-apparel-boxes/","https://kraftboxpack.com/product-category/colored-kraft-boxes/","Colored Kraft Boxes","navigation"
"https://kraftboxpack.com/product-category/kraft-apparel-boxes/","https://kraftboxpack.com/product-category/kraft-gift-specialty-boxes/","Kraft Gift & Specialty Boxes","navigation"
"https://kraftboxpack.com/product-category/kraft-apparel-boxes/","https://kraftboxpack.com/product-category/kraft-packaging-boxes/","Kraft Packaging Boxes","navigation"
"https://kraftboxpack.com/product-category/kraft-apparel-boxes/","https://kraftboxpack.com/product-category/kraft-wrapping-accessories/","Kraft Wrapping & Accessories","navigation"
"https://kraftboxpack.com/product-category/kraft-apparel-boxes/","https://kraftboxpack.com/product/kraft-apparel-packaging-boxes/","Kraft Apparel Packaging Boxes","breadcrumb"
"https://kraftboxpack.com/product-category/kraft-apparel-boxes/","https://kraftboxpack.com/product/kraft-belt-packaging-boxes/","Kraft Belt Packaging Boxes","product-grid"
"https://kraftboxpack.com/product-category/kraft-apparel-boxes/","https://kraftboxpack.com/product/kraft-scarf-boxes/","Kraft Scarf Boxes","product-grid"
"https://kraftboxpack.com/product-category/kraft-apparel-boxes/","https://kraftboxpack.com/product/kraft-sock-packaging-boxes/","Kraft Sock Packaging Boxes","product-grid"
"https://kraftboxpack.com/product-category/kraft-apparel-boxes/","https://kraftboxpack.com/product/kraft-t-shirt-boxes/","Kraft T Shirt Boxes","product-grid"
"https://kraftboxpack.com/product-category/kraft-apparel-boxes/","https://kraftboxpack.com/product/kraft-underwear-packaging-boxes/","Kraft Underwear Packaging Boxes","product-grid"
"https://kraftboxpack.com/product-category/kraft-apparel-boxes/","https://kraftboxpack.com/products/","Search products","contextual"
"https://kraftboxpack.com/product-category/kraft-apparel-boxes/","https://kraftboxpack.com/refund_returns/","Refund and Returns Policy","navigation"
"https://kraftboxpack.com/product-category/kraft-apparel-boxes/","https://kraftboxpack.com/terms-conditions/","Terms & Conditions","navigation"
"https://kraftboxpack.com/product-category/kraft-art-boxes/","https://kraftboxpack.com/","","navigation"
"https://kraftboxpack.com/product-category/kraft-art-boxes/","https://kraftboxpack.com/about-us/","About Us","navigation"
"https://kraftboxpack.com/product-category/kraft-art-boxes/","https://kraftboxpack.com/contact-us/","Contact Us","navigation"
"https://kraftboxpack.com/product-category/kraft-art-boxes/","https://kraftboxpack.com/get-a-quote/","Get a Quote","product-grid"
"https://kraftboxpack.com/product-category/kraft-art-boxes/","https://kraftboxpack.com/privacy-policy/","Privacy Policy","navigation"
"https://kraftboxpack.com/product-category/kraft-art-boxes/","https://kraftboxpack.com/product-category/colored-kraft-boxes/","Colored Kraft Boxes","navigation"
"https://kraftboxpack.com/product-category/kraft-art-boxes/","https://kraftboxpack.com/product-category/kraft-gift-specialty-boxes/","Kraft Gift & Specialty Boxes","navigation"
"https://kraftboxpack.com/product-category/kraft-art-boxes/","https://kraftboxpack.com/product-category/kraft-packaging-boxes/","Kraft Packaging Boxes","navigation"
"https://kraftboxpack.com/product-category/kraft-art-boxes/","https://kraftboxpack.com/product-category/kraft-wrapping-accessories/","Kraft Wrapping & Accessories","navigation"
"https://kraftboxpack.com/product-category/kraft-art-boxes/","https://kraftboxpack.com/product/kraft-art-supply-packaging/","Kraft Art Supply Packaging","breadcrumb"
"https://kraftboxpack.com/product-category/kraft-art-boxes/","https://kraftboxpack.com/product/kraft-brochure-packaging-boxes/","Kraft Brochure Packaging Boxes","product-grid"
"https://kraftboxpack.com/product-category/kraft-art-boxes/","https://kraftboxpack.com/product/kraft-calendar-boxes/","Kraft Calendar Boxes","product-grid"
"https://kraftboxpack.com/product-category/kraft-art-boxes/","https://kraftboxpack.com/product/kraft-cd-dvd-packaging/","Kraft CD/DVD Packaging","product-grid"
"https://kraftboxpack.com/product-category/kraft-art-boxes/","https://kraftboxpack.com/product/kraft-certificate-boxes/","Kraft Certificate Boxes","product-grid"
"https://kraftboxpack.com/product-category/kraft-art-boxes/","https://kraftboxpack.com/product/kraft-document-mailers/","Kraft Document Mailers","product-grid"
"https://kraftboxpack.com/product-category/kraft-art-boxes/","https://kraftboxpack.com/product/kraft-photo-frame-boxes/","Kraft Photo Frame Boxes","product-grid"
"https://kraftboxpack.com/product-category/kraft-art-boxes/","https://kraftboxpack.com/products/","Search products","contextual"
"https://kraftboxpack.com/product-category/kraft-art-boxes/","https://kraftboxpack.com/refund_returns/","Refund and Returns Policy","navigation"
"https://kraftboxpack.com/product-category/kraft-art-boxes/","https://kraftboxpack.com/terms-conditions/","Terms & Conditions","navigation"
"https://kraftboxpack.com/product-category/kraft-cosmetic-boxes/","https://kraftboxpack.com/","","navigation"
"https://kraftboxpack.com/product-category/kraft-cosmetic-boxes/","https://kraftboxpack.com/about-us/","About Us","navigation"
"https://kraftboxpack.com/product-category/kraft-cosmetic-boxes/","https://kraftboxpack.com/contact-us/","Contact Us","navigation"
"https://kraftboxpack.com/product-category/kraft-cosmetic-boxes/","https://kraftboxpack.com/get-a-quote/","Get a Quote","product-grid"
"https://kraftboxpack.com/product-category/kraft-cosmetic-boxes/","https://kraftboxpack.com/privacy-policy/","Privacy Policy","navigation"
"https://kraftboxpack.com/product-category/kraft-cosmetic-boxes/","https://kraftboxpack.com/product-category/colored-kraft-boxes/","Colored Kraft Boxes","navigation"
"https://kraftboxpack.com/product-category/kraft-cosmetic-boxes/","https://kraftboxpack.com/product-category/kraft-gift-specialty-boxes/","Kraft Gift & Specialty Boxes","navigation"
"https://kraftboxpack.com/product-category/kraft-cosmetic-boxes/","https://kraftboxpack.com/product-category/kraft-packaging-boxes/","Kraft Packaging Boxes","navigation"
"https://kraftboxpack.com/product-category/kraft-cosmetic-boxes/","https://kraftboxpack.com/product-category/kraft-wrapping-accessories/","Kraft Wrapping & Accessories","navigation"
"https://kraftboxpack.com/product-category/kraft-cosmetic-boxes/","https://kraftboxpack.com/product/kraft-beauty-kit-boxes/","Kraft Beauty Kit Boxes","breadcrumb"
"https://kraftboxpack.com/product-category/kraft-cosmetic-boxes/","https://kraftboxpack.com/product/kraft-mascara-boxes/","Kraft Mascara Boxes","product-grid"
"https://kraftboxpack.com/product-category/kraft-cosmetic-boxes/","https://kraftboxpack.com/products/","Search products","contextual"
"https://kraftboxpack.com/product-category/kraft-cosmetic-boxes/","https://kraftboxpack.com/refund_returns/","Refund and Returns Policy","navigation"
"https://kraftboxpack.com/product-category/kraft-cosmetic-boxes/","https://kraftboxpack.com/terms-conditions/","Terms & Conditions","navigation"
"https://kraftboxpack.com/product-category/kraft-display-packaging/","https://kraftboxpack.com/","","navigation"
"https://kraftboxpack.com/product-category/kraft-display-packaging/","https://kraftboxpack.com/about-us/","About Us","navigation"
"https://kraftboxpack.com/product-category/kraft-display-packaging/","https://kraftboxpack.com/contact-us/","Contact Us","navigation"
"https://kraftboxpack.com/product-category/kraft-display-packaging/","https://kraftboxpack.com/get-a-quote/","Get a Quote","product-grid"
"https://kraftboxpack.com/product-category/kraft-display-packaging/","https://kraftboxpack.com/privacy-policy/","Privacy Policy","navigation"
"https://kraftboxpack.com/product-category/kraft-display-packaging/","https://kraftboxpack.com/product-category/colored-kraft-boxes/","Colored Kraft Boxes","navigation"
"https://kraftboxpack.com/product-category/kraft-display-packaging/","https://kraftboxpack.com/product-category/kraft-gift-specialty-boxes/","Kraft Gift & Specialty Boxes","navigation"
"https://kraftboxpack.com/product-category/kraft-display-packaging/","https://kraftboxpack.com/product-category/kraft-packaging-boxes/","Kraft Packaging Boxes","navigation"
"https://kraftboxpack.com/product-category/kraft-display-packaging/","https://kraftboxpack.com/product-category/kraft-wrapping-accessories/","Kraft Wrapping & Accessories","navigation"
"https://kraftboxpack.com/product-category/kraft-display-packaging/","https://kraftboxpack.com/product/kraft-hanging-display-boxes/","Kraft Hanging Display Boxes","breadcrumb"
"https://kraftboxpack.com/product-category/kraft-display-packaging/","https://kraftboxpack.com/product/kraft-pop-display-boxes/","Kraft POP Display Boxes","product-grid"
"https://kraftboxpack.com/product-category/kraft-display-packaging/","https://kraftboxpack.com/product/kraft-retail-display-trays/","Kraft Retail Display Trays","product-grid"
"https://kraftboxpack.com/product-category/kraft-display-packaging/","https://kraftboxpack.com/product/kraft-shelf-ready-packaging/","Kraft Shelf Ready Packaging","product-grid"
"https://kraftboxpack.com/product-category/kraft-display-packaging/","https://kraftboxpack.com/products/","Search products","contextual"
"https://kraftboxpack.com/product-category/kraft-display-packaging/","https://kraftboxpack.com/refund_returns/","Refund and Returns Policy","navigation"
"https://kraftboxpack.com/product-category/kraft-display-packaging/","https://kraftboxpack.com/terms-conditions/","Terms & Conditions","navigation"
"https://kraftboxpack.com/product-category/kraft-electronics-boxes/","https://kraftboxpack.com/","","navigation"
"https://kraftboxpack.com/product-category/kraft-electronics-boxes/","https://kraftboxpack.com/about-us/","About Us","navigation"
"https://kraftboxpack.com/product-category/kraft-electronics-boxes/","https://kraftboxpack.com/contact-us/","Contact Us","navigation"
"https://kraftboxpack.com/product-category/kraft-electronics-boxes/","https://kraftboxpack.com/get-a-quote/","Get a Quote","product-grid"
"https://kraftboxpack.com/product-category/kraft-electronics-boxes/","https://kraftboxpack.com/privacy-policy/","Privacy Policy","navigation"
"https://kraftboxpack.com/product-category/kraft-electronics-boxes/","https://kraftboxpack.com/product-category/colored-kraft-boxes/","Colored Kraft Boxes","navigation"
"https://kraftboxpack.com/product-category/kraft-electronics-boxes/","https://kraftboxpack.com/product-category/kraft-gift-specialty-boxes/","Kraft Gift & Specialty Boxes","navigation"
"https://kraftboxpack.com/product-category/kraft-electronics-boxes/","https://kraftboxpack.com/product-category/kraft-packaging-boxes/","Kraft Packaging Boxes","navigation"
"https://kraftboxpack.com/product-category/kraft-electronics-boxes/","https://kraftboxpack.com/product-category/kraft-wrapping-accessories/","Kraft Wrapping & Accessories","navigation"
"https://kraftboxpack.com/product-category/kraft-electronics-boxes/","https://kraftboxpack.com/product/kraft-badge-packaging-boxes/","Kraft Badge Packaging Boxes","breadcrumb"
"https://kraftboxpack.com/product-category/kraft-electronics-boxes/","https://kraftboxpack.com/product/kraft-keychain-packaging-boxes/","Kraft Keychain Packaging Boxes","product-grid"
"https://kraftboxpack.com/product-category/kraft-electronics-boxes/","https://kraftboxpack.com/product/kraft-notebook-packaging/","Kraft Notebook Packaging","product-grid"
"https://kraftboxpack.com/product-category/kraft-electronics-boxes/","https://kraftboxpack.com/product/kraft-pen-packaging-boxes/","Kraft Pen Packaging Boxes","product-grid"
"https://kraftboxpack.com/product-category/kraft-electronics-boxes/","https://kraftboxpack.com/product/kraft-pencil-packaging-boxes/","Kraft Pencil Packaging Boxes","product-grid"
"https://kraftboxpack.com/product-category/kraft-electronics-boxes/","https://kraftboxpack.com/product/kraft-stationery-boxes/","Kraft Stationery Boxes","product-grid"
"https://kraftboxpack.com/product-category/kraft-electronics-boxes/","https://kraftboxpack.com/products/","Search products","contextual"
"https://kraftboxpack.com/product-category/kraft-electronics-boxes/","https://kraftboxpack.com/refund_returns/","Refund and Returns Policy","navigation"
"https://kraftboxpack.com/product-category/kraft-electronics-boxes/","https://kraftboxpack.com/terms-conditions/","Terms & Conditions","navigation"
"https://kraftboxpack.com/product-category/kraft-food-packaging/","https://kraftboxpack.com/","","navigation"
"https://kraftboxpack.com/product-category/kraft-food-packaging/","https://kraftboxpack.com/about-us/","About Us","navigation"
"https://kraftboxpack.com/product-category/kraft-food-packaging/","https://kraftboxpack.com/contact-us/","Contact Us","navigation"
"https://kraftboxpack.com/product-category/kraft-food-packaging/","https://kraftboxpack.com/get-a-quote/","Get a Quote","product-grid"
"https://kraftboxpack.com/product-category/kraft-food-packaging/","https://kraftboxpack.com/privacy-policy/","Privacy Policy","navigation"
"https://kraftboxpack.com/product-category/kraft-food-packaging/","https://kraftboxpack.com/product-category/colored-kraft-boxes/","Colored Kraft Boxes","navigation"
"https://kraftboxpack.com/product-category/kraft-food-packaging/","https://kraftboxpack.com/product-category/kraft-gift-specialty-boxes/","Kraft Gift & Specialty Boxes","navigation"
"https://kraftboxpack.com/product-category/kraft-food-packaging/","https://kraftboxpack.com/product-category/kraft-packaging-boxes/","Kraft Packaging Boxes","navigation"
"https://kraftboxpack.com/product-category/kraft-food-packaging/","https://kraftboxpack.com/product-category/kraft-wrapping-accessories/","Kraft Wrapping & Accessories","navigation"
"https://kraftboxpack.com/product-category/kraft-food-packaging/","https://kraftboxpack.com/product/kraft-brownie-packaging-boxes/","Kraft Brownie Packaging Boxes","breadcrumb"
"https://kraftboxpack.com/product-category/kraft-food-packaging/","https://kraftboxpack.com/product/kraft-chocolate-packaging-boxes/","Kraft Chocolate Packaging Boxes","product-grid"
"https://kraftboxpack.com/product-category/kraft-food-packaging/","https://kraftboxpack.com/product/kraft-coffee-packaging-boxes/","No image Kraft Coffee Packaging Boxes","product-grid"
"https://kraftboxpack.com/product-category/kraft-food-packaging/","https://kraftboxpack.com/product/kraft-donut-packaging-boxes/","Kraft Donut Packaging Boxes","product-grid"
"https://kraftboxpack.com/product-category/kraft-food-packaging/","https://kraftboxpack.com/product/kraft-egg-cartons/","Kraft Egg Cartons","product-grid"
"https://kraftboxpack.com/product-category/kraft-food-packaging/","https://kraftboxpack.com/product/kraft-frozen-food-boxes/","Kraft Frozen Food Boxes","product-grid"
"https://kraftboxpack.com/product-category/kraft-food-packaging/","https://kraftboxpack.com/product/kraft-fruit-packaging-boxes/","Kraft Fruit Packaging Boxes","product-grid"
"https://kraftboxpack.com/product-category/kraft-food-packaging/","https://kraftboxpack.com/product/kraft-granola-bar-boxes/","Kraft Granola Bar Boxes","product-grid"
"https://kraftboxpack.com/product-category/kraft-food-packaging/","https://kraftboxpack.com/product/kraft-juice-bottle-carriers/","Kraft Juice Bottle Carriers","product-grid"
"https://kraftboxpack.com/product-category/kraft-food-packaging/","https://kraftboxpack.com/product/kraft-macaron-packaging-boxes/","Kraft Macaron Packaging Boxes","product-grid"
"https://kraftboxpack.com/product-category/kraft-food-packaging/","https://kraftboxpack.com/product/kraft-meat-packaging-boxes/","Kraft Meat Packaging Boxes","product-grid"
"https://kraftboxpack.com/product-category/kraft-food-packaging/","https://kraftboxpack.com/product/kraft-milk-bottle-carriers/","Kraft Milk Bottle Carriers","product-grid"
"https://kraftboxpack.com/product-category/kraft-food-packaging/","https://kraftboxpack.com/product/kraft-muffin-packaging-boxes/","Kraft Muffin Packaging Boxes","product-grid"
"https://kraftboxpack.com/product-category/kraft-food-packaging/","https://kraftboxpack.com/product/kraft-noodle-packaging-boxes/","Kraft Noodle Packaging Boxes","product-grid"
"https://kraftboxpack.com/product-category/kraft-food-packaging/","https://kraftboxpack.com/product/kraft-pastry-boxes/","Kraft Pastry Boxes","product-grid"
"https://kraftboxpack.com/product-category/kraft-food-packaging/","https://kraftboxpack.com/product/kraft-popcorn-packaging-boxes/","Kraft Popcorn Packaging Boxes","product-grid"
"https://kraftboxpack.com/product-category/kraft-food-packaging/","https://kraftboxpack.com/product/kraft-salad-boxes/","Kraft Salad Boxes","product-grid"
"https://kraftboxpack.com/product-category/kraft-food-packaging/","https://kraftboxpack.com/product/kraft-sandwich-wedge-boxes/","Kraft Sandwich Wedge Boxes","product-grid"
"https://kraftboxpack.com/product-category/kraft-food-packaging/","https://kraftboxpack.com/product/kraft-seafood-boxes/","Kraft Seafood Boxes","product-grid"
"https://kraftboxpack.com/product-category/kraft-food-packaging/","https://kraftboxpack.com/product/kraft-snack-packaging-boxes/","Kraft Snack Packaging Boxes","product-grid"
"https://kraftboxpack.com/product-category/kraft-food-packaging/","https://kraftboxpack.com/product/kraft-sushi-packaging-boxes/","Kraft Sushi Packaging Boxes","product-grid"
"https://kraftboxpack.com/product-category/kraft-food-packaging/","https://kraftboxpack.com/product/kraft-tea-packaging-boxes/","Kraft Tea Packaging Boxes","product-grid"
"https://kraftboxpack.com/product-category/kraft-food-packaging/","https://kraftboxpack.com/product/kraft-vegetable-packaging-boxes/","Kraft Vegetable Packaging Boxes","product-grid"
"https://kraftboxpack.com/product-category/kraft-food-packaging/","https://kraftboxpack.com/products/","Search products","contextual"
"https://kraftboxpack.com/product-category/kraft-food-packaging/","https://kraftboxpack.com/refund_returns/","Refund and Returns Policy","navigation"
"https://kraftboxpack.com/product-category/kraft-food-packaging/","https://kraftboxpack.com/terms-conditions/","Terms & Conditions","navigation"
"https://kraftboxpack.com/product-category/kraft-gift-specialty-boxes/","https://kraftboxpack.com/","","navigation"
"https://kraftboxpack.com/product-category/kraft-gift-specialty-boxes/","https://kraftboxpack.com/about-us/","About Us","navigation"
"https://kraftboxpack.com/product-category/kraft-gift-specialty-boxes/","https://kraftboxpack.com/contact-us/","Contact Us","navigation"
"https://kraftboxpack.com/product-category/kraft-gift-specialty-boxes/","https://kraftboxpack.com/get-a-quote/","Get a Quote","product-grid"
"https://kraftboxpack.com/product-category/kraft-gift-specialty-boxes/","https://kraftboxpack.com/privacy-policy/","Privacy Policy","navigation"
"https://kraftboxpack.com/product-category/kraft-gift-specialty-boxes/","https://kraftboxpack.com/product-category/colored-kraft-boxes/","Colored Kraft Boxes","navigation"
"https://kraftboxpack.com/product-category/kraft-gift-specialty-boxes/","https://kraftboxpack.com/product-category/kraft-gift-specialty-boxes/","Kraft Gift & Specialty Boxes","navigation"
"https://kraftboxpack.com/product-category/kraft-gift-specialty-boxes/","https://kraftboxpack.com/product-category/kraft-gift-specialty-boxes/custom-gift-boxes/","Custom Gift Boxes","navigation"
"https://kraftboxpack.com/product-category/kraft-gift-specialty-boxes/","https://kraftboxpack.com/product-category/kraft-packaging-boxes/","Kraft Packaging Boxes","navigation"
"https://kraftboxpack.com/product-category/kraft-gift-specialty-boxes/","https://kraftboxpack.com/product-category/kraft-wrapping-accessories/","Kraft Wrapping & Accessories","navigation"
"https://kraftboxpack.com/product-category/kraft-gift-specialty-boxes/","https://kraftboxpack.com/product/kraft-bouquet-boxes/","Kraft Bouquet Boxes","product-grid"
"https://kraftboxpack.com/product-category/kraft-gift-specialty-boxes/","https://kraftboxpack.com/product/kraft-box-with-window/","Kraft Box with Window","product-grid"
"https://kraftboxpack.com/product-category/kraft-gift-specialty-boxes/","https://kraftboxpack.com/product/kraft-candle-boxes/","Kraft Candle Boxes","product-grid"
"https://kraftboxpack.com/product-category/kraft-gift-specialty-boxes/","https://kraftboxpack.com/product/kraft-candy-boxes/","Kraft Candy Boxes","product-grid"
"https://kraftboxpack.com/product-category/kraft-gift-specialty-boxes/","https://kraftboxpack.com/product/kraft-candy-favor-boxes/","Kraft Candy Favor Boxes","product-grid"
"https://kraftboxpack.com/product-category/kraft-gift-specialty-boxes/","https://kraftboxpack.com/product/kraft-cupcake-boxes/","Kraft Cupcake Boxes","product-grid"
"https://kraftboxpack.com/product-category/kraft-gift-specialty-boxes/","https://kraftboxpack.com/product/kraft-display-boxes/","Kraft Display Boxes","product-grid"
"https://kraftboxpack.com/product-category/kraft-gift-specialty-boxes/","https://kraftboxpack.com/product/kraft-drawer-gift-boxes/","Kraft Drawer Gift Boxes","product-grid"
"https://kraftboxpack.com/product-category/kraft-gift-specialty-boxes/","https://kraftboxpack.com/product/kraft-event-favor-boxes/","Kraft Event Favor Boxes","product-grid"
"https://kraftboxpack.com/product-category/kraft-gift-specialty-boxes/","https://kraftboxpack.com/product/kraft-flip-top-rigid-boxes/","Kraft Flip Top Rigid Boxes","product-grid"
"https://kraftboxpack.com/product-category/kraft-gift-specialty-boxes/","https://kraftboxpack.com/product/kraft-flower-boxes/","Kraft Flower Boxes","product-grid"
"https://kraftboxpack.com/product-category/kraft-gift-specialty-boxes/","https://kraftboxpack.com/product/kraft-gift-boxes-with-lids/","Kraft Gift Boxes With Lids","product-grid"
"https://kraftboxpack.com/product-category/kraft-gift-specialty-boxes/","https://kraftboxpack.com/product/kraft-gift-card-boxes/","Kraft Gift Card Boxes","product-grid"
"https://kraftboxpack.com/product-category/kraft-gift-specialty-boxes/","https://kraftboxpack.com/product/kraft-gift-hamper-boxes/","Kraft Gift Hamper Boxes","product-grid"
"https://kraftboxpack.com/product-category/kraft-gift-specialty-boxes/","https://kraftboxpack.com/product/kraft-giveaway-packaging-boxes/","Kraft Giveaway Packaging Boxes","product-grid"
"https://kraftboxpack.com/product-category/kraft-gift-specialty-boxes/","https://kraftboxpack.com/product/kraft-heart-shaped-boxes/","Kraft Heart Shaped Boxes","product-grid"
"https://kraftboxpack.com/product-category/kraft-gift-specialty-boxes/","https://kraftboxpack.com/product/kraft-influencer-boxes/","Kraft Influencer Boxes","product-grid"
"https://kraftboxpack.com/product-category/kraft-gift-specialty-boxes/","https://kraftboxpack.com/product/kraft-invitation-boxes/","Kraft Invitation Boxes","product-grid"
"https://kraftboxpack.com/product-category/kraft-gift-specialty-boxes/","https://kraftboxpack.com/product/kraft-jewelry-boxes/","Kraft Jewelry Boxes","product-grid"
"https://kraftboxpack.com/product-category/kraft-gift-specialty-boxes/","https://kraftboxpack.com/product/kraft-lid-base-rigid-boxes/","Kraft Lid & Base Rigid Boxes","product-grid"
"https://kraftboxpack.com/product-category/kraft-gift-specialty-boxes/","https://kraftboxpack.com/product/kraft-liquor-gift-boxes/","Kraft Liquor Gift Boxes","product-grid"
"https://kraftboxpack.com/product-category/kraft-gift-specialty-boxes/","https://kraftboxpack.com/product/kraft-luxury-magnet-boxes/","Kraft Luxury Magnet Boxes","product-grid"
"https://kraftboxpack.com/product-category/kraft-gift-specialty-boxes/","https://kraftboxpack.com/product/kraft-marketing-kit-boxes/","Kraft Marketing Kit Boxes","product-grid"
"https://kraftboxpack.com/product-category/kraft-gift-specialty-boxes/","https://kraftboxpack.com/product/kraft-necklace-box/","Kraft Necklace Box","product-grid"
"https://kraftboxpack.com/product-category/kraft-gift-specialty-boxes/","https://kraftboxpack.com/product/kraft-paper-gift-boxes/","Kraft Paper Gift Boxes","product-grid"
"https://kraftboxpack.com/product-category/kraft-gift-specialty-boxes/","https://kraftboxpack.com/product/kraft-pillow-boxes/","Kraft Pillow Boxes","product-grid"
"https://kraftboxpack.com/product-category/kraft-gift-specialty-boxes/","https://kraftboxpack.com/product/kraft-pillow-gift-boxes/","Kraft Pillow Gift Boxes","product-grid"
"https://kraftboxpack.com/product-category/kraft-gift-specialty-boxes/","https://kraftboxpack.com/product/kraft-pr-packaging-boxes/","Kraft PR Packaging Boxes","product-grid"
"https://kraftboxpack.com/product-category/kraft-gift-specialty-boxes/","https://kraftboxpack.com/product/kraft-promotional-boxes/","Kraft Promotional Boxes","product-grid"
"https://kraftboxpack.com/product-category/kraft-gift-specialty-boxes/","https://kraftboxpack.com/product/kraft-rectangular-gift-boxes/","Kraft Rectangular Gift Boxes","product-grid"
"https://kraftboxpack.com/product-category/kraft-gift-specialty-boxes/","https://kraftboxpack.com/product/kraft-ribbon-closure-boxes/","Kraft Ribbon Closure Boxes","product-grid"
"https://kraftboxpack.com/product-category/kraft-gift-specialty-boxes/","https://kraftboxpack.com/product/kraft-round-boxes/","Kraft Round Boxes","product-grid"
"https://kraftboxpack.com/product-category/kraft-gift-specialty-boxes/","https://kraftboxpack.com/product/kraft-round-gift-containers/","Kraft Round Gift Containers","product-grid"
"https://kraftboxpack.com/product-category/kraft-gift-specialty-boxes/","https://kraftboxpack.com/product/kraft-shoulder-boxes/","Kraft Shoulder Boxes","product-grid"
"https://kraftboxpack.com/product-category/kraft-gift-specialty-boxes/","https://kraftboxpack.com/product/kraft-square-gift-boxes/","Kraft Square Gift Boxes","product-grid"
"https://kraftboxpack.com/product-category/kraft-gift-specialty-boxes/","https://kraftboxpack.com/product/kraft-subscription-boxes/","Kraft Subscription Boxes","product-grid"
"https://kraftboxpack.com/product-category/kraft-gift-specialty-boxes/","https://kraftboxpack.com/product/large-kraft-gift-boxes/","Large Kraft Gift Boxes","product-grid"
"https://kraftboxpack.com/product-category/kraft-gift-specialty-boxes/","https://kraftboxpack.com/product/mini-kraft-boxes/","Mini Kraft Boxes","product-grid"
"https://kraftboxpack.com/product-category/kraft-gift-specialty-boxes/","https://kraftboxpack.com/product/small-kraft-boxes/","Small Kraft Boxes","product-grid"
"https://kraftboxpack.com/product-category/kraft-gift-specialty-boxes/","https://kraftboxpack.com/products/","Search products","contextual"
"https://kraftboxpack.com/product-category/kraft-gift-specialty-boxes/","https://kraftboxpack.com/refund_returns/","Refund and Returns Policy","navigation"
"https://kraftboxpack.com/product-category/kraft-gift-specialty-boxes/","https://kraftboxpack.com/terms-conditions/","Terms & Conditions","navigation"
"https://kraftboxpack.com/product-category/kraft-gift-specialty-boxes/custom-gift-boxes/","https://kraftboxpack.com/","","navigation"
"https://kraftboxpack.com/product-category/kraft-gift-specialty-boxes/custom-gift-boxes/","https://kraftboxpack.com/about-us/","About Us","navigation"
"https://kraftboxpack.com/product-category/kraft-gift-specialty-boxes/custom-gift-boxes/","https://kraftboxpack.com/contact-us/","Contact Us","navigation"
"https://kraftboxpack.com/product-category/kraft-gift-specialty-boxes/custom-gift-boxes/","https://kraftboxpack.com/get-a-quote/","Get a Quote","product-grid"
"https://kraftboxpack.com/product-category/kraft-gift-specialty-boxes/custom-gift-boxes/","https://kraftboxpack.com/privacy-policy/","Privacy Policy","navigation"
"https://kraftboxpack.com/product-category/kraft-gift-specialty-boxes/custom-gift-boxes/","https://kraftboxpack.com/product-category/colored-kraft-boxes/","Colored Kraft Boxes","navigation"
"https://kraftboxpack.com/product-category/kraft-gift-specialty-boxes/custom-gift-boxes/","https://kraftboxpack.com/product-category/kraft-gift-specialty-boxes/","Kraft Gift & Specialty Boxes","navigation"
"https://kraftboxpack.com/product-category/kraft-gift-specialty-boxes/custom-gift-boxes/","https://kraftboxpack.com/product-category/kraft-packaging-boxes/","Kraft Packaging Boxes","navigation"
"https://kraftboxpack.com/product-category/kraft-gift-specialty-boxes/custom-gift-boxes/","https://kraftboxpack.com/product-category/kraft-wrapping-accessories/","Kraft Wrapping & Accessories","navigation"
"https://kraftboxpack.com/product-category/kraft-gift-specialty-boxes/custom-gift-boxes/","https://kraftboxpack.com/product/kraft-bouquet-boxes/","Kraft Bouquet Boxes","product-grid"
"https://kraftboxpack.com/product-category/kraft-gift-specialty-boxes/custom-gift-boxes/","https://kraftboxpack.com/product/kraft-candy-favor-boxes/","Kraft Candy Favor Boxes","product-grid"
"https://kraftboxpack.com/product-category/kraft-gift-specialty-boxes/custom-gift-boxes/","https://kraftboxpack.com/product/kraft-drawer-gift-boxes/","Kraft Drawer Gift Boxes","product-grid"
"https://kraftboxpack.com/product-category/kraft-gift-specialty-boxes/custom-gift-boxes/","https://kraftboxpack.com/product/kraft-event-favor-boxes/","Kraft Event Favor Boxes","product-grid"
"https://kraftboxpack.com/product-category/kraft-gift-specialty-boxes/custom-gift-boxes/","https://kraftboxpack.com/product/kraft-flip-top-rigid-boxes/","Kraft Flip Top Rigid Boxes","product-grid"
"https://kraftboxpack.com/product-category/kraft-gift-specialty-boxes/custom-gift-boxes/","https://kraftboxpack.com/product/kraft-flower-boxes/","Kraft Flower Boxes","product-grid"
"https://kraftboxpack.com/product-category/kraft-gift-specialty-boxes/custom-gift-boxes/","https://kraftboxpack.com/product/kraft-gift-card-boxes/","Kraft Gift Card Boxes","product-grid"
"https://kraftboxpack.com/product-category/kraft-gift-specialty-boxes/custom-gift-boxes/","https://kraftboxpack.com/product/kraft-gift-hamper-boxes/","Kraft Gift Hamper Boxes","product-grid"
"https://kraftboxpack.com/product-category/kraft-gift-specialty-boxes/custom-gift-boxes/","https://kraftboxpack.com/product/kraft-giveaway-packaging-boxes/","Kraft Giveaway Packaging Boxes","product-grid"
"https://kraftboxpack.com/product-category/kraft-gift-specialty-boxes/custom-gift-boxes/","https://kraftboxpack.com/product/kraft-heart-shaped-boxes/","Kraft Heart Shaped Boxes","product-grid"
"https://kraftboxpack.com/product-category/kraft-gift-specialty-boxes/custom-gift-boxes/","https://kraftboxpack.com/product/kraft-influencer-boxes/","Kraft Influencer Boxes","product-grid"
"https://kraftboxpack.com/product-category/kraft-gift-specialty-boxes/custom-gift-boxes/","https://kraftboxpack.com/product/kraft-invitation-boxes/","Kraft Invitation Boxes","product-grid"
"https://kraftboxpack.com/product-category/kraft-gift-specialty-boxes/custom-gift-boxes/","https://kraftboxpack.com/product/kraft-lid-base-rigid-boxes/","Kraft Lid & Base Rigid Boxes","product-grid"
"https://kraftboxpack.com/product-category/kraft-gift-specialty-boxes/custom-gift-boxes/","https://kraftboxpack.com/product/kraft-liquor-gift-boxes/","Kraft Liquor Gift Boxes","product-grid"
"https://kraftboxpack.com/product-category/kraft-gift-specialty-boxes/custom-gift-boxes/","https://kraftboxpack.com/product/kraft-luxury-magnet-boxes/","Kraft Luxury Magnet Boxes","product-grid"
"https://kraftboxpack.com/product-category/kraft-gift-specialty-boxes/custom-gift-boxes/","https://kraftboxpack.com/product/kraft-marketing-kit-boxes/","Kraft Marketing Kit Boxes","product-grid"
"https://kraftboxpack.com/product-category/kraft-gift-specialty-boxes/custom-gift-boxes/","https://kraftboxpack.com/product/kraft-pillow-gift-boxes/","Kraft Pillow Gift Boxes","product-grid"
"https://kraftboxpack.com/product-category/kraft-gift-specialty-boxes/custom-gift-boxes/","https://kraftboxpack.com/product/kraft-pr-packaging-boxes/","Kraft PR Packaging Boxes","product-grid"
"https://kraftboxpack.com/product-category/kraft-gift-specialty-boxes/custom-gift-boxes/","https://kraftboxpack.com/product/kraft-promotional-boxes/","Kraft Promotional Boxes","product-grid"
"https://kraftboxpack.com/product-category/kraft-gift-specialty-boxes/custom-gift-boxes/","https://kraftboxpack.com/product/kraft-rectangular-gift-boxes/","Kraft Rectangular Gift Boxes","product-grid"
"https://kraftboxpack.com/product-category/kraft-gift-specialty-boxes/custom-gift-boxes/","https://kraftboxpack.com/product/kraft-ribbon-closure-boxes/","Kraft Ribbon Closure Boxes","product-grid"
"https://kraftboxpack.com/product-category/kraft-gift-specialty-boxes/custom-gift-boxes/","https://kraftboxpack.com/product/kraft-round-gift-containers/","Kraft Round Gift Containers","product-grid"
"https://kraftboxpack.com/product-category/kraft-gift-specialty-boxes/custom-gift-boxes/","https://kraftboxpack.com/product/kraft-shoulder-boxes/","Kraft Shoulder Boxes","product-grid"
"https://kraftboxpack.com/product-category/kraft-gift-specialty-boxes/custom-gift-boxes/","https://kraftboxpack.com/product/kraft-square-gift-boxes/","Kraft Square Gift Boxes","product-grid"
"https://kraftboxpack.com/product-category/kraft-gift-specialty-boxes/custom-gift-boxes/","https://kraftboxpack.com/product/kraft-subscription-boxes/","Kraft Subscription Boxes","product-grid"
"https://kraftboxpack.com/product-category/kraft-gift-specialty-boxes/custom-gift-boxes/","https://kraftboxpack.com/products/","Search products","contextual"
"https://kraftboxpack.com/product-category/kraft-gift-specialty-boxes/custom-gift-boxes/","https://kraftboxpack.com/refund_returns/","Refund and Returns Policy","navigation"
"https://kraftboxpack.com/product-category/kraft-gift-specialty-boxes/custom-gift-boxes/","https://kraftboxpack.com/terms-conditions/","Terms & Conditions","navigation"
"https://kraftboxpack.com/product-category/kraft-industrial-packaging/","https://kraftboxpack.com/","","navigation"
"https://kraftboxpack.com/product-category/kraft-industrial-packaging/","https://kraftboxpack.com/about-us/","About Us","navigation"
"https://kraftboxpack.com/product-category/kraft-industrial-packaging/","https://kraftboxpack.com/contact-us/","Contact Us","navigation"
"https://kraftboxpack.com/product-category/kraft-industrial-packaging/","https://kraftboxpack.com/get-a-quote/","Get a Quote","product-grid"
"https://kraftboxpack.com/product-category/kraft-industrial-packaging/","https://kraftboxpack.com/privacy-policy/","Privacy Policy","navigation"
"https://kraftboxpack.com/product-category/kraft-industrial-packaging/","https://kraftboxpack.com/product-category/colored-kraft-boxes/","Colored Kraft Boxes","navigation"
"https://kraftboxpack.com/product-category/kraft-industrial-packaging/","https://kraftboxpack.com/product-category/kraft-gift-specialty-boxes/","Kraft Gift & Specialty Boxes","navigation"
"https://kraftboxpack.com/product-category/kraft-industrial-packaging/","https://kraftboxpack.com/product-category/kraft-packaging-boxes/","Kraft Packaging Boxes","navigation"
"https://kraftboxpack.com/product-category/kraft-industrial-packaging/","https://kraftboxpack.com/product-category/kraft-wrapping-accessories/","Kraft Wrapping & Accessories","navigation"
"https://kraftboxpack.com/product-category/kraft-industrial-packaging/","https://kraftboxpack.com/product/kraft-bulk-shipping-crates/","Kraft Bulk Shipping Crates","breadcrumb"
"https://kraftboxpack.com/product-category/kraft-industrial-packaging/","https://kraftboxpack.com/product/kraft-chemical-safe-boxes/","Kraft Chemical Safe Boxes","product-grid"
"https://kraftboxpack.com/product-category/kraft-industrial-packaging/","https://kraftboxpack.com/product/kraft-eco-friendly-compostable-boxes/","Kraft Eco Friendly Compostable Boxes","product-grid"
"https://kraftboxpack.com/product-category/kraft-industrial-packaging/","https://kraftboxpack.com/product/kraft-heavy-duty-storage-boxes/","Kraft Heavy Duty Storage Boxes","product-grid"
"https://kraftboxpack.com/product-category/kraft-industrial-packaging/","https://kraftboxpack.com/product/kraft-industrial-parts-boxes/","Kraft Industrial Parts Boxes","product-grid"
"https://kraftboxpack.com/product-category/kraft-industrial-packaging/","https://kraftboxpack.com/product/kraft-insulated-cold-boxes/","Kraft Insulated Cold Boxes","product-grid"
"https://kraftboxpack.com/product-category/kraft-industrial-packaging/","https://kraftboxpack.com/product/kraft-recycled-kraft-boxes/","Kraft Recycled Kraft Boxes","product-grid"
"https://kraftboxpack.com/product-category/kraft-industrial-packaging/","https://kraftboxpack.com/products/","Search products","contextual"
"https://kraftboxpack.com/product-category/kraft-industrial-packaging/","https://kraftboxpack.com/refund_returns/","Refund and Returns Policy","navigation"
"https://kraftboxpack.com/product-category/kraft-industrial-packaging/","https://kraftboxpack.com/terms-conditions/","Terms & Conditions","navigation"
"https://kraftboxpack.com/product-category/kraft-luxury-packaging/","https://kraftboxpack.com/","","navigation"
"https://kraftboxpack.com/product-category/kraft-luxury-packaging/","https://kraftboxpack.com/about-us/","About Us","navigation"
"https://kraftboxpack.com/product-category/kraft-luxury-packaging/","https://kraftboxpack.com/contact-us/","Contact Us","navigation"
"https://kraftboxpack.com/product-category/kraft-luxury-packaging/","https://kraftboxpack.com/get-a-quote/","Get a Quote","product-grid"
"https://kraftboxpack.com/product-category/kraft-luxury-packaging/","https://kraftboxpack.com/privacy-policy/","Privacy Policy","navigation"
"https://kraftboxpack.com/product-category/kraft-luxury-packaging/","https://kraftboxpack.com/product-category/colored-kraft-boxes/","Colored Kraft Boxes","navigation"
"https://kraftboxpack.com/product-category/kraft-luxury-packaging/","https://kraftboxpack.com/product-category/kraft-gift-specialty-boxes/","Kraft Gift & Specialty Boxes","navigation"
"https://kraftboxpack.com/product-category/kraft-luxury-packaging/","https://kraftboxpack.com/product-category/kraft-packaging-boxes/","Kraft Packaging Boxes","navigation"
"https://kraftboxpack.com/product-category/kraft-luxury-packaging/","https://kraftboxpack.com/product-category/kraft-wrapping-accessories/","Kraft Wrapping & Accessories","navigation"
"https://kraftboxpack.com/product-category/kraft-luxury-packaging/","https://kraftboxpack.com/product/kraft-cylindrical-boxes/","No image Kraft Cylindrical Boxes","breadcrumb"
"https://kraftboxpack.com/product-category/kraft-luxury-packaging/","https://kraftboxpack.com/product/kraft-hexagon-boxes/","Kraft Hexagon Boxes","product-grid"
"https://kraftboxpack.com/product-category/kraft-luxury-packaging/","https://kraftboxpack.com/product/kraft-magnetic-closure-boxes/","Kraft Magnetic Closure Boxes","product-grid"
"https://kraftboxpack.com/product-category/kraft-luxury-packaging/","https://kraftboxpack.com/product/kraft-octagon-boxes/","Kraft Octagon Boxes","product-grid"
"https://kraftboxpack.com/product-category/kraft-luxury-packaging/","https://kraftboxpack.com/product/kraft-pyramid-boxes/","Kraft Pyramid Boxes","product-grid"
"https://kraftboxpack.com/product-category/kraft-luxury-packaging/","https://kraftboxpack.com/product/kraft-rigid-boxes/","Kraft Rigid Boxes","product-grid"
"https://kraftboxpack.com/product-category/kraft-luxury-packaging/","https://kraftboxpack.com/product/kraft-triangle-boxes/","Kraft Triangle Boxes","product-grid"
"https://kraftboxpack.com/product-category/kraft-luxury-packaging/","https://kraftboxpack.com/product/kraft-tube-packaging/","Kraft Tube Packaging","product-grid"
"https://kraftboxpack.com/product-category/kraft-luxury-packaging/","https://kraftboxpack.com/products/","Search products","contextual"
"https://kraftboxpack.com/product-category/kraft-luxury-packaging/","https://kraftboxpack.com/refund_returns/","Refund and Returns Policy","navigation"
"https://kraftboxpack.com/product-category/kraft-luxury-packaging/","https://kraftboxpack.com/terms-conditions/","Terms & Conditions","navigation"
"https://kraftboxpack.com/product-category/kraft-packaging-boxes/","https://kraftboxpack.com/","","navigation"
"https://kraftboxpack.com/product-category/kraft-packaging-boxes/","https://kraftboxpack.com/about-us/","About Us","navigation"
"https://kraftboxpack.com/product-category/kraft-packaging-boxes/","https://kraftboxpack.com/contact-us/","Contact Us","navigation"
"https://kraftboxpack.com/product-category/kraft-packaging-boxes/","https://kraftboxpack.com/get-a-quote/","Get a Quote","product-grid"
"https://kraftboxpack.com/product-category/kraft-packaging-boxes/","https://kraftboxpack.com/privacy-policy/","Privacy Policy","navigation"
"https://kraftboxpack.com/product-category/kraft-packaging-boxes/","https://kraftboxpack.com/product-category/colored-kraft-boxes/","Colored Kraft Boxes","navigation"
"https://kraftboxpack.com/product-category/kraft-packaging-boxes/","https://kraftboxpack.com/product-category/kraft-gift-specialty-boxes/","Kraft Gift & Specialty Boxes","navigation"
"https://kraftboxpack.com/product-category/kraft-packaging-boxes/","https://kraftboxpack.com/product-category/kraft-packaging-boxes/","Kraft Packaging Boxes","navigation"
"https://kraftboxpack.com/product-category/kraft-packaging-boxes/","https://kraftboxpack.com/product-category/kraft-packaging-boxes/karft-cosmetic-boxes/","Kraft Cosmetic Boxes","navigation"
"https://kraftboxpack.com/product-category/kraft-packaging-boxes/","https://kraftboxpack.com/product-category/kraft-wrapping-accessories/","Kraft Wrapping & Accessories","navigation"
"https://kraftboxpack.com/product-category/kraft-packaging-boxes/","https://kraftboxpack.com/product/custom-kraft-bags/","Custom Kraft Bags","product-grid"
"https://kraftboxpack.com/product-category/kraft-packaging-boxes/","https://kraftboxpack.com/product/kraft-bakery-bags/","Kraft Bakery Bags","product-grid"
"https://kraftboxpack.com/product-category/kraft-packaging-boxes/","https://kraftboxpack.com/product/kraft-bakery-boxes/","Kraft Bakery Boxes","product-grid"
"https://kraftboxpack.com/product-category/kraft-packaging-boxes/","https://kraftboxpack.com/product/kraft-beard-oil-boxes/","Kraft Beard Oil Boxes","product-grid"
"https://kraftboxpack.com/product-category/kraft-packaging-boxes/","https://kraftboxpack.com/product/kraft-cake-boxes/","Kraft Cake Boxes","product-grid"
"https://kraftboxpack.com/product-category/kraft-packaging-boxes/","https://kraftboxpack.com/product/kraft-candle-sleeve-boxes/","Kraft Candle Sleeve Boxes","product-grid"
"https://kraftboxpack.com/product-category/kraft-packaging-boxes/","https://kraftboxpack.com/product/kraft-cardboard-boxes/","Kraft Cardboard Boxes","product-grid"
"https://kraftboxpack.com/product-category/kraft-packaging-boxes/","https://kraftboxpack.com/product/kraft-cookie-boxes/","Kraft Cookie Boxes","product-grid"
"https://kraftboxpack.com/product-category/kraft-packaging-boxes/","https://kraftboxpack.com/product/kraft-corrugated-boxes/","Kraft Corrugated Boxes","product-grid"
"https://kraftboxpack.com/product-category/kraft-packaging-boxes/","https://kraftboxpack.com/product/kraft-dispenser-boxes/","Kraft Dispenser Boxes","product-grid"
"https://kraftboxpack.com/product-category/kraft-packaging-boxes/","https://kraftboxpack.com/product/kraft-drawer-boxes/","Kraft Drawer Boxes","product-grid"
"https://kraftboxpack.com/product-category/kraft-packaging-boxes/","https://kraftboxpack.com/product/kraft-eyelash-packaging-boxes/","Kraft Eyelash Packaging Boxes","product-grid"
"https://kraftboxpack.com/product-category/kraft-packaging-boxes/","https://kraftboxpack.com/product/kraft-favor-boxes/","Kraft Favor Boxes","product-grid"
"https://kraftboxpack.com/product-category/kraft-packaging-boxes/","https://kraftboxpack.com/product/kraft-food-boxes/","Kraft Food Boxes","product-grid"
"https://kraftboxpack.com/product-category/kraft-packaging-boxes/","https://kraftboxpack.com/product/kraft-gable-boxes/","Kraft Gable Boxes","product-grid"
"https://kraftboxpack.com/product-category/kraft-packaging-boxes/","https://kraftboxpack.com/product/kraft-lip-balm-packaging-boxes/","Kraft Lip Balm Packaging Boxes","product-grid"
"https://kraftboxpack.com/product-category/kraft-packaging-boxes/","https://kraftboxpack.com/product/kraft-mailer-boxes/","Kraft Mailer Boxes","product-grid"
"https://kraftboxpack.com/product-category/kraft-packaging-boxes/","https://kraftboxpack.com/product/kraft-makeup-palette-boxes/","Kraft Makeup Palette Boxes","product-grid"
"https://kraftboxpack.com/product-category/kraft-packaging-boxes/","https://kraftboxpack.com/product/kraft-paper-treat-bags/","Kraft Paper Treat Bags","product-grid"
"https://kraftboxpack.com/product-category/kraft-packaging-boxes/","https://kraftboxpack.com/product/kraft-paperboard-boxes/","Kraft Paperboard Boxes","product-grid"
"https://kraftboxpack.com/product-category/kraft-packaging-boxes/","https://kraftboxpack.com/product/kraft-perfume-boxes/","Kraft Perfume Boxes","product-grid"
"https://kraftboxpack.com/product-category/kraft-packaging-boxes/","https://kraftboxpack.com/product/kraft-pizza-boxes/","Kraft Pizza Boxes","product-grid"
"https://kraftboxpack.com/product-category/kraft-packaging-boxes/","https://kraftboxpack.com/product/kraft-shipping-boxes/","Kraft Shipping Boxes","product-grid"
"https://kraftboxpack.com/product-category/kraft-packaging-boxes/","https://kraftboxpack.com/product/kraft-shoe-boxes/","Kraft Shoe Boxes","product-grid"
"https://kraftboxpack.com/product-category/kraft-packaging-boxes/","https://kraftboxpack.com/product/kraft-skincare-boxes/","Kraft Skincare Boxes","product-grid"
"https://kraftboxpack.com/product-category/kraft-packaging-boxes/","https://kraftboxpack.com/product/kraft-soap-sleeve-boxes/","Kraft Soap Sleeve Boxes","product-grid"
"https://kraftboxpack.com/product-category/kraft-packaging-boxes/","https://kraftboxpack.com/product/kraft-storage-boxes/","Kraft Storage Boxes","product-grid"
"https://kraftboxpack.com/product-category/kraft-packaging-boxes/","https://kraftboxpack.com/product/kraft-take-out-boxes/","Kraft Take Out Boxes","product-grid"
"https://kraftboxpack.com/product-category/kraft-packaging-boxes/","https://kraftboxpack.com/product/kraft-treat-boxes/","Kraft Treat Boxes","product-grid"
"https://kraftboxpack.com/product-category/kraft-packaging-boxes/","https://kraftboxpack.com/product/kraft-wax-melt-boxes/","Kraft Wax Melt Boxes","product-grid"
"https://kraftboxpack.com/product-category/kraft-packaging-boxes/","https://kraftboxpack.com/products/","Search products","contextual"
"https://kraftboxpack.com/product-category/kraft-packaging-boxes/","https://kraftboxpack.com/refund_returns/","Refund and Returns Policy","navigation"
"https://kraftboxpack.com/product-category/kraft-packaging-boxes/","https://kraftboxpack.com/terms-conditions/","Terms & Conditions","navigation"
"https://kraftboxpack.com/product-category/kraft-packaging-boxes/karft-cosmetic-boxes/","https://kraftboxpack.com/","","navigation"
"https://kraftboxpack.com/product-category/kraft-packaging-boxes/karft-cosmetic-boxes/","https://kraftboxpack.com/about-us/","About Us","navigation"
"https://kraftboxpack.com/product-category/kraft-packaging-boxes/karft-cosmetic-boxes/","https://kraftboxpack.com/contact-us/","Contact Us","navigation"
"https://kraftboxpack.com/product-category/kraft-packaging-boxes/karft-cosmetic-boxes/","https://kraftboxpack.com/get-a-quote/","Get a Quote","product-grid"
"https://kraftboxpack.com/product-category/kraft-packaging-boxes/karft-cosmetic-boxes/","https://kraftboxpack.com/privacy-policy/","Privacy Policy","navigation"
"https://kraftboxpack.com/product-category/kraft-packaging-boxes/karft-cosmetic-boxes/","https://kraftboxpack.com/product-category/colored-kraft-boxes/","Colored Kraft Boxes","navigation"
"https://kraftboxpack.com/product-category/kraft-packaging-boxes/karft-cosmetic-boxes/","https://kraftboxpack.com/product-category/kraft-gift-specialty-boxes/","Kraft Gift & Specialty Boxes","navigation"
"https://kraftboxpack.com/product-category/kraft-packaging-boxes/karft-cosmetic-boxes/","https://kraftboxpack.com/product-category/kraft-packaging-boxes/","Kraft Packaging Boxes","navigation"
"https://kraftboxpack.com/product-category/kraft-packaging-boxes/karft-cosmetic-boxes/","https://kraftboxpack.com/product-category/kraft-wrapping-accessories/","Kraft Wrapping & Accessories","navigation"
"https://kraftboxpack.com/product-category/kraft-packaging-boxes/karft-cosmetic-boxes/","https://kraftboxpack.com/product/kraft-beard-oil-boxes/","Kraft Beard Oil Boxes","breadcrumb"
"https://kraftboxpack.com/product-category/kraft-packaging-boxes/karft-cosmetic-boxes/","https://kraftboxpack.com/product/kraft-candle-sleeve-boxes/","Kraft Candle Sleeve Boxes","product-grid"
"https://kraftboxpack.com/product-category/kraft-packaging-boxes/karft-cosmetic-boxes/","https://kraftboxpack.com/product/kraft-eyelash-packaging-boxes/","Kraft Eyelash Packaging Boxes","product-grid"
"https://kraftboxpack.com/product-category/kraft-packaging-boxes/karft-cosmetic-boxes/","https://kraftboxpack.com/product/kraft-lip-balm-packaging-boxes/","Kraft Lip Balm Packaging Boxes","product-grid"
"https://kraftboxpack.com/product-category/kraft-packaging-boxes/karft-cosmetic-boxes/","https://kraftboxpack.com/product/kraft-makeup-palette-boxes/","Kraft Makeup Palette Boxes","product-grid"
"https://kraftboxpack.com/product-category/kraft-packaging-boxes/karft-cosmetic-boxes/","https://kraftboxpack.com/product/kraft-perfume-boxes/","Kraft Perfume Boxes","product-grid"
"https://kraftboxpack.com/product-category/kraft-packaging-boxes/karft-cosmetic-boxes/","https://kraftboxpack.com/product/kraft-skincare-boxes/","Kraft Skincare Boxes","product-grid"
"https://kraftboxpack.com/product-category/kraft-packaging-boxes/karft-cosmetic-boxes/","https://kraftboxpack.com/product/kraft-soap-sleeve-boxes/","Kraft Soap Sleeve Boxes","product-grid"
"https://kraftboxpack.com/product-category/kraft-packaging-boxes/karft-cosmetic-boxes/","https://kraftboxpack.com/product/kraft-wax-melt-boxes/","Kraft Wax Melt Boxes","product-grid"
"https://kraftboxpack.com/product-category/kraft-packaging-boxes/karft-cosmetic-boxes/","https://kraftboxpack.com/products/","Search products","contextual"
"https://kraftboxpack.com/product-category/kraft-packaging-boxes/karft-cosmetic-boxes/","https://kraftboxpack.com/refund_returns/","Refund and Returns Policy","navigation"
"https://kraftboxpack.com/product-category/kraft-packaging-boxes/karft-cosmetic-boxes/","https://kraftboxpack.com/terms-conditions/","Terms & Conditions","navigation"
"https://kraftboxpack.com/product-category/kraft-pharma-boxes/","https://kraftboxpack.com/","","navigation"
"https://kraftboxpack.com/product-category/kraft-pharma-boxes/","https://kraftboxpack.com/about-us/","About Us","navigation"
"https://kraftboxpack.com/product-category/kraft-pharma-boxes/","https://kraftboxpack.com/contact-us/","Contact Us","navigation"
"https://kraftboxpack.com/product-category/kraft-pharma-boxes/","https://kraftboxpack.com/get-a-quote/","Get a Quote","product-grid"
"https://kraftboxpack.com/product-category/kraft-pharma-boxes/","https://kraftboxpack.com/privacy-policy/","Privacy Policy","navigation"
"https://kraftboxpack.com/product-category/kraft-pharma-boxes/","https://kraftboxpack.com/product-category/colored-kraft-boxes/","Colored Kraft Boxes","navigation"
"https://kraftboxpack.com/product-category/kraft-pharma-boxes/","https://kraftboxpack.com/product-category/kraft-gift-specialty-boxes/","Kraft Gift & Specialty Boxes","navigation"
"https://kraftboxpack.com/product-category/kraft-pharma-boxes/","https://kraftboxpack.com/product-category/kraft-packaging-boxes/","Kraft Packaging Boxes","navigation"
"https://kraftboxpack.com/product-category/kraft-pharma-boxes/","https://kraftboxpack.com/product-category/kraft-wrapping-accessories/","Kraft Wrapping & Accessories","navigation"
"https://kraftboxpack.com/product-category/kraft-pharma-boxes/","https://kraftboxpack.com/product/kraft-first-aid-kit-boxes/","Kraft First Aid Kit Boxes","breadcrumb"
"https://kraftboxpack.com/product-category/kraft-pharma-boxes/","https://kraftboxpack.com/product/kraft-medicine-packaging-boxes/","Kraft Medicine Packaging Boxes","product-grid"
"https://kraftboxpack.com/product-category/kraft-pharma-boxes/","https://kraftboxpack.com/product/kraft-ppe-packaging-boxes/","Kraft PPE Packaging Boxes","product-grid"
"https://kraftboxpack.com/product-category/kraft-pharma-boxes/","https://kraftboxpack.com/product/kraft-supplement-boxes/","Kraft Supplement Boxes","product-grid"
"https://kraftboxpack.com/product-category/kraft-pharma-boxes/","https://kraftboxpack.com/product/kraft-syrup-packaging-boxes/","Kraft Syrup Packaging Boxes","product-grid"
"https://kraftboxpack.com/product-category/kraft-pharma-boxes/","https://kraftboxpack.com/product/kraft-vitamin-packaging-boxes/","Kraft Vitamin Packaging Boxes","product-grid"
"https://kraftboxpack.com/product-category/kraft-pharma-boxes/","https://kraftboxpack.com/products/","Search products","contextual"
"https://kraftboxpack.com/product-category/kraft-pharma-boxes/","https://kraftboxpack.com/refund_returns/","Refund and Returns Policy","navigation"
"https://kraftboxpack.com/product-category/kraft-pharma-boxes/","https://kraftboxpack.com/terms-conditions/","Terms & Conditions","navigation"
"https://kraftboxpack.com/product-category/kraft-toy-packaging/","https://kraftboxpack.com/","","navigation"
"https://kraftboxpack.com/product-category/kraft-toy-packaging/","https://kraftboxpack.com/about-us/","About Us","navigation"
"https://kraftboxpack.com/product-category/kraft-toy-packaging/","https://kraftboxpack.com/contact-us/","Contact Us","navigation"
"https://kraftboxpack.com/product-category/kraft-toy-packaging/","https://kraftboxpack.com/get-a-quote/","Get a Quote","product-grid"
"https://kraftboxpack.com/product-category/kraft-toy-packaging/","https://kraftboxpack.com/privacy-policy/","Privacy Policy","navigation"
"https://kraftboxpack.com/product-category/kraft-toy-packaging/","https://kraftboxpack.com/product-category/colored-kraft-boxes/","Colored Kraft Boxes","navigation"
"https://kraftboxpack.com/product-category/kraft-toy-packaging/","https://kraftboxpack.com/product-category/kraft-gift-specialty-boxes/","Kraft Gift & Specialty Boxes","navigation"
"https://kraftboxpack.com/product-category/kraft-toy-packaging/","https://kraftboxpack.com/product-category/kraft-packaging-boxes/","Kraft Packaging Boxes","navigation"
"https://kraftboxpack.com/product-category/kraft-toy-packaging/","https://kraftboxpack.com/product-category/kraft-wrapping-accessories/","Kraft Wrapping & Accessories","navigation"
"https://kraftboxpack.com/product-category/kraft-toy-packaging/","https://kraftboxpack.com/product/kraft-baby-product-boxes/","Kraft Baby Product Boxes","breadcrumb"
"https://kraftboxpack.com/product-category/kraft-toy-packaging/","https://kraftboxpack.com/product/kraft-board-game-packaging-boxes/","Kraft Board Game Packaging Boxes","product-grid"
"https://kraftboxpack.com/product-category/kraft-toy-packaging/","https://kraftboxpack.com/product/kraft-puzzle-packaging-boxes/","Kraft Puzzle Packaging Boxes","product-grid"
"https://kraftboxpack.com/product-category/kraft-toy-packaging/","https://kraftboxpack.com/product/kraft-toy-packaging-boxes/","Kraft Toy Packaging Boxes","product-grid"
"https://kraftboxpack.com/product-category/kraft-toy-packaging/","https://kraftboxpack.com/products/","Search products","contextual"
"https://kraftboxpack.com/product-category/kraft-toy-packaging/","https://kraftboxpack.com/refund_returns/","Refund and Returns Policy","navigation"
"https://kraftboxpack.com/product-category/kraft-toy-packaging/","https://kraftboxpack.com/terms-conditions/","Terms & Conditions","navigation"
"https://kraftboxpack.com/product-category/kraft-wrapping-accessories/","https://kraftboxpack.com/","","navigation"
"https://kraftboxpack.com/product-category/kraft-wrapping-accessories/","https://kraftboxpack.com/about-us/","About Us","navigation"
"https://kraftboxpack.com/product-category/kraft-wrapping-accessories/","https://kraftboxpack.com/contact-us/","Contact Us","navigation"
"https://kraftboxpack.com/product-category/kraft-wrapping-accessories/","https://kraftboxpack.com/get-a-quote/","Get a Quote","product-grid"
"https://kraftboxpack.com/product-category/kraft-wrapping-accessories/","https://kraftboxpack.com/privacy-policy/","Privacy Policy","navigation"
"https://kraftboxpack.com/product-category/kraft-wrapping-accessories/","https://kraftboxpack.com/product-category/colored-kraft-boxes/","Colored Kraft Boxes","navigation"
"https://kraftboxpack.com/product-category/kraft-wrapping-accessories/","https://kraftboxpack.com/product-category/kraft-gift-specialty-boxes/","Kraft Gift & Specialty Boxes","navigation"
"https://kraftboxpack.com/product-category/kraft-wrapping-accessories/","https://kraftboxpack.com/product-category/kraft-packaging-boxes/","Kraft Packaging Boxes","navigation"
"https://kraftboxpack.com/product-category/kraft-wrapping-accessories/","https://kraftboxpack.com/product-category/kraft-wrapping-accessories/","Kraft Wrapping & Accessories","navigation"
"https://kraftboxpack.com/product-category/kraft-wrapping-accessories/","https://kraftboxpack.com/product/kraft-boxes-for-gifts/","Kraft Boxes For Gifts","breadcrumb"
"https://kraftboxpack.com/product-category/kraft-wrapping-accessories/","https://kraftboxpack.com/product/kraft-paper-boxes/","Kraft Paper Boxes","product-grid"
"https://kraftboxpack.com/product-category/kraft-wrapping-accessories/","https://kraftboxpack.com/product/kraft-paper-dispenser-boxes/","Kraft Paper Dispenser Boxes","product-grid"
"https://kraftboxpack.com/product-category/kraft-wrapping-accessories/","https://kraftboxpack.com/product/kraft-paper-gift-wrapping/","Kraft Paper Gift Wrapping","product-grid"
"https://kraftboxpack.com/product-category/kraft-wrapping-accessories/","https://kraftboxpack.com/product/kraft-paper-packaging/","Kraft Paper Packaging","product-grid"
"https://kraftboxpack.com/product-category/kraft-wrapping-accessories/","https://kraftboxpack.com/products/","Search products","contextual"
"https://kraftboxpack.com/product-category/kraft-wrapping-accessories/","https://kraftboxpack.com/refund_returns/","Refund and Returns Policy","navigation"
"https://kraftboxpack.com/product-category/kraft-wrapping-accessories/","https://kraftboxpack.com/terms-conditions/","Terms & Conditions","navigation"
"https://kraftboxpack.com/product/black-kraft-boxes/","https://kraftboxpack.com/","","navigation"
"https://kraftboxpack.com/product/black-kraft-boxes/","https://kraftboxpack.com/about-us/","About Us","navigation"
"https://kraftboxpack.com/product/black-kraft-boxes/","https://kraftboxpack.com/contact-us/","Contact Us","navigation"
"https://kraftboxpack.com/product/black-kraft-boxes/","https://kraftboxpack.com/get-a-quote/","Get a Quote","contextual"
"https://kraftboxpack.com/product/black-kraft-boxes/","https://kraftboxpack.com/privacy-policy/","Privacy Policy","navigation"
"https://kraftboxpack.com/product/black-kraft-boxes/","https://kraftboxpack.com/product-category/colored-kraft-boxes/","Colored Kraft Boxes","navigation"
"https://kraftboxpack.com/product/black-kraft-boxes/","https://kraftboxpack.com/product-category/kraft-gift-specialty-boxes/","Kraft Gift & Specialty Boxes","navigation"
"https://kraftboxpack.com/product/black-kraft-boxes/","https://kraftboxpack.com/product-category/kraft-packaging-boxes/","Kraft Packaging Boxes","navigation"
"https://kraftboxpack.com/product/black-kraft-boxes/","https://kraftboxpack.com/product-category/kraft-wrapping-accessories/","Kraft Wrapping & Accessories","navigation"
"https://kraftboxpack.com/product/black-kraft-boxes/","https://kraftboxpack.com/product/brown-kraft-boxes/","Brown Kraft Boxes","contextual"
"https://kraftboxpack.com/product/black-kraft-boxes/","https://kraftboxpack.com/product/colored-kraft-paper/","Colored Kraft Paper","related-product"
"https://kraftboxpack.com/product/black-kraft-boxes/","https://kraftboxpack.com/product/kraft-boxes-with-lid/","Kraft Boxes With Lid","related-product"
"https://kraftboxpack.com/product/black-kraft-boxes/","https://kraftboxpack.com/product/kraft-minimalist-boxes/","Kraft Minimalist Boxes","product-grid"
"https://kraftboxpack.com/product/black-kraft-boxes/","https://kraftboxpack.com/product/kraft-thermal-kraft-boxes/","Kraft Thermal Kraft Boxes","product-grid"
"https://kraftboxpack.com/product/black-kraft-boxes/","https://kraftboxpack.com/products/","Search products","contextual"
"https://kraftboxpack.com/product/black-kraft-boxes/","https://kraftboxpack.com/refund_returns/","Refund and Returns Policy","navigation"
"https://kraftboxpack.com/product/black-kraft-boxes/","https://kraftboxpack.com/terms-conditions/","Terms & Conditions","navigation"
"https://kraftboxpack.com/product/brown-kraft-boxes/","https://kraftboxpack.com/","","navigation"
"https://kraftboxpack.com/product/brown-kraft-boxes/","https://kraftboxpack.com/about-us/","About Us","navigation"
"https://kraftboxpack.com/product/brown-kraft-boxes/","https://kraftboxpack.com/contact-us/","Contact Us","navigation"
"https://kraftboxpack.com/product/brown-kraft-boxes/","https://kraftboxpack.com/get-a-quote/","Get a Quote","contextual"
"https://kraftboxpack.com/product/brown-kraft-boxes/","https://kraftboxpack.com/privacy-policy/","Privacy Policy","navigation"
"https://kraftboxpack.com/product/brown-kraft-boxes/","https://kraftboxpack.com/product-category/colored-kraft-boxes/","Colored Kraft Boxes","navigation"
"https://kraftboxpack.com/product/brown-kraft-boxes/","https://kraftboxpack.com/product-category/kraft-gift-specialty-boxes/","Kraft Gift & Specialty Boxes","navigation"
"https://kraftboxpack.com/product/brown-kraft-boxes/","https://kraftboxpack.com/product-category/kraft-packaging-boxes/","Kraft Packaging Boxes","navigation"
"https://kraftboxpack.com/product/brown-kraft-boxes/","https://kraftboxpack.com/product-category/kraft-wrapping-accessories/","Kraft Wrapping & Accessories","navigation"
"https://kraftboxpack.com/product/brown-kraft-boxes/","https://kraftboxpack.com/product/black-kraft-boxes/","Black Kraft Boxes","related-product"
"https://kraftboxpack.com/product/brown-kraft-boxes/","https://kraftboxpack.com/product/colored-kraft-paper/","Colored Kraft Paper","related-product"
"https://kraftboxpack.com/product/brown-kraft-boxes/","https://kraftboxpack.com/product/kraft-boxes-with-lid/","Kraft Boxes With Lid","contextual"
"https://kraftboxpack.com/product/brown-kraft-boxes/","https://kraftboxpack.com/product/kraft-minimalist-boxes/","Kraft Minimalist Boxes","product-grid"
"https://kraftboxpack.com/product/brown-kraft-boxes/","https://kraftboxpack.com/product/kraft-thermal-kraft-boxes/","Kraft Thermal Kraft Boxes","product-grid"
"https://kraftboxpack.com/product/brown-kraft-boxes/","https://kraftboxpack.com/products/","Search products","contextual"
"https://kraftboxpack.com/product/brown-kraft-boxes/","https://kraftboxpack.com/refund_returns/","Refund and Returns Policy","navigation"
"https://kraftboxpack.com/product/brown-kraft-boxes/","https://kraftboxpack.com/terms-conditions/","Terms & Conditions","navigation"
"https://kraftboxpack.com/product/colored-kraft-paper/","https://kraftboxpack.com/","","navigation"
"https://kraftboxpack.com/product/colored-kraft-paper/","https://kraftboxpack.com/about-us/","About Us","navigation"
"https://kraftboxpack.com/product/colored-kraft-paper/","https://kraftboxpack.com/contact-us/","Contact Us","navigation"
"https://kraftboxpack.com/product/colored-kraft-paper/","https://kraftboxpack.com/get-a-quote/","Get a Quote","contextual"
"https://kraftboxpack.com/product/colored-kraft-paper/","https://kraftboxpack.com/privacy-policy/","Privacy Policy","navigation"
"https://kraftboxpack.com/product/colored-kraft-paper/","https://kraftboxpack.com/product-category/colored-kraft-boxes/","Colored Kraft Boxes","navigation"
"https://kraftboxpack.com/product/colored-kraft-paper/","https://kraftboxpack.com/product-category/kraft-gift-specialty-boxes/","Kraft Gift & Specialty Boxes","navigation"
"https://kraftboxpack.com/product/colored-kraft-paper/","https://kraftboxpack.com/product-category/kraft-packaging-boxes/","Kraft Packaging Boxes","navigation"
"https://kraftboxpack.com/product/colored-kraft-paper/","https://kraftboxpack.com/product-category/kraft-wrapping-accessories/","Kraft Wrapping & Accessories","navigation"
"https://kraftboxpack.com/product/colored-kraft-paper/","https://kraftboxpack.com/product/black-kraft-boxes/","Black Kraft Boxes","contextual"
"https://kraftboxpack.com/product/colored-kraft-paper/","https://kraftboxpack.com/product/brown-kraft-boxes/","Brown Kraft Boxes","related-product"
"https://kraftboxpack.com/product/colored-kraft-paper/","https://kraftboxpack.com/product/kraft-boxes-with-lid/","Kraft Boxes With Lid","related-product"
"https://kraftboxpack.com/product/colored-kraft-paper/","https://kraftboxpack.com/product/kraft-minimalist-boxes/","Kraft Minimalist Boxes","product-grid"
"https://kraftboxpack.com/product/colored-kraft-paper/","https://kraftboxpack.com/product/kraft-thermal-kraft-boxes/","Kraft Thermal Kraft Boxes","product-grid"
"https://kraftboxpack.com/product/colored-kraft-paper/","https://kraftboxpack.com/products/","Search products","contextual"
"https://kraftboxpack.com/product/colored-kraft-paper/","https://kraftboxpack.com/refund_returns/","Refund and Returns Policy","navigation"
"https://kraftboxpack.com/product/colored-kraft-paper/","https://kraftboxpack.com/terms-conditions/","Terms & Conditions","navigation"
"https://kraftboxpack.com/product/custom-kraft-bags/","https://kraftboxpack.com/","","navigation"
"https://kraftboxpack.com/product/custom-kraft-bags/","https://kraftboxpack.com/about-us/","About Us","navigation"
"https://kraftboxpack.com/product/custom-kraft-bags/","https://kraftboxpack.com/contact-us/","Contact Us","navigation"
"https://kraftboxpack.com/product/custom-kraft-bags/","https://kraftboxpack.com/get-a-quote/","Get a Quote","contextual"
"https://kraftboxpack.com/product/custom-kraft-bags/","https://kraftboxpack.com/privacy-policy/","Privacy Policy","navigation"
"https://kraftboxpack.com/product/custom-kraft-bags/","https://kraftboxpack.com/product-category/colored-kraft-boxes/","Colored Kraft Boxes","navigation"
"https://kraftboxpack.com/product/custom-kraft-bags/","https://kraftboxpack.com/product-category/kraft-gift-specialty-boxes/","Kraft Gift & Specialty Boxes","navigation"
"https://kraftboxpack.com/product/custom-kraft-bags/","https://kraftboxpack.com/product-category/kraft-packaging-boxes/","Kraft Packaging Boxes","navigation"
"https://kraftboxpack.com/product/custom-kraft-bags/","https://kraftboxpack.com/product-category/kraft-wrapping-accessories/","Kraft Wrapping & Accessories","navigation"
"https://kraftboxpack.com/product/custom-kraft-bags/","https://kraftboxpack.com/product/kraft-bakery-bags/","Kraft Bakery Bags","related-product"
"https://kraftboxpack.com/product/custom-kraft-bags/","https://kraftboxpack.com/product/kraft-bakery-boxes/","Kraft Bakery Boxes","related-product"
"https://kraftboxpack.com/product/custom-kraft-bags/","https://kraftboxpack.com/product/kraft-cake-boxes/","Kraft Cake Boxes","related-product"
"https://kraftboxpack.com/product/custom-kraft-bags/","https://kraftboxpack.com/product/kraft-cardboard-boxes/","Kraft Cardboard Boxes","product-grid"
"https://kraftboxpack.com/product/custom-kraft-bags/","https://kraftboxpack.com/product/kraft-cookie-boxes/","Kraft Cookie Boxes","product-grid"
"https://kraftboxpack.com/product/custom-kraft-bags/","https://kraftboxpack.com/product/kraft-corrugated-boxes/","Kraft Corrugated Boxes","product-grid"
"https://kraftboxpack.com/product/custom-kraft-bags/","https://kraftboxpack.com/product/kraft-dispenser-boxes/","Kraft Dispenser Boxes","contextual"
"https://kraftboxpack.com/product/custom-kraft-bags/","https://kraftboxpack.com/product/kraft-drawer-boxes/","Kraft Drawer Boxes","product-grid"
"https://kraftboxpack.com/product/custom-kraft-bags/","https://kraftboxpack.com/products/","Search products","contextual"
"https://kraftboxpack.com/product/custom-kraft-bags/","https://kraftboxpack.com/refund_returns/","Refund and Returns Policy","navigation"
"https://kraftboxpack.com/product/custom-kraft-bags/","https://kraftboxpack.com/terms-conditions/","Terms & Conditions","navigation"
"https://kraftboxpack.com/product/kraft-apparel-packaging-boxes/","https://kraftboxpack.com/","","navigation"
"https://kraftboxpack.com/product/kraft-apparel-packaging-boxes/","https://kraftboxpack.com/about-us/","About Us","navigation"
"https://kraftboxpack.com/product/kraft-apparel-packaging-boxes/","https://kraftboxpack.com/contact-us/","Contact Us","navigation"
"https://kraftboxpack.com/product/kraft-apparel-packaging-boxes/","https://kraftboxpack.com/get-a-quote/","Get a Quote","contextual"
"https://kraftboxpack.com/product/kraft-apparel-packaging-boxes/","https://kraftboxpack.com/privacy-policy/","Privacy Policy","navigation"
"https://kraftboxpack.com/product/kraft-apparel-packaging-boxes/","https://kraftboxpack.com/product-category/colored-kraft-boxes/","Colored Kraft Boxes","navigation"
"https://kraftboxpack.com/product/kraft-apparel-packaging-boxes/","https://kraftboxpack.com/product-category/kraft-apparel-boxes/","Kraft Apparel Boxes","navigation"
"https://kraftboxpack.com/product/kraft-apparel-packaging-boxes/","https://kraftboxpack.com/product-category/kraft-gift-specialty-boxes/","Kraft Gift & Specialty Boxes","navigation"
"https://kraftboxpack.com/product/kraft-apparel-packaging-boxes/","https://kraftboxpack.com/product-category/kraft-packaging-boxes/","Kraft Packaging Boxes","navigation"
"https://kraftboxpack.com/product/kraft-apparel-packaging-boxes/","https://kraftboxpack.com/product-category/kraft-wrapping-accessories/","Kraft Wrapping & Accessories","navigation"
"https://kraftboxpack.com/product/kraft-apparel-packaging-boxes/","https://kraftboxpack.com/product/kraft-belt-packaging-boxes/","Kraft Belt Packaging Boxes","related-product"
"https://kraftboxpack.com/product/kraft-apparel-packaging-boxes/","https://kraftboxpack.com/product/kraft-scarf-boxes/","Kraft Scarf Boxes","related-product"
"https://kraftboxpack.com/product/kraft-apparel-packaging-boxes/","https://kraftboxpack.com/product/kraft-sock-packaging-boxes/","Kraft Sock Packaging Boxes","related-product"
"https://kraftboxpack.com/product/kraft-apparel-packaging-boxes/","https://kraftboxpack.com/product/kraft-t-shirt-boxes/","Kraft T Shirt Boxes","contextual"
"https://kraftboxpack.com/product/kraft-apparel-packaging-boxes/","https://kraftboxpack.com/product/kraft-underwear-packaging-boxes/","Kraft Underwear Packaging Boxes","product-grid"
"https://kraftboxpack.com/product/kraft-apparel-packaging-boxes/","https://kraftboxpack.com/products/","Search products","contextual"
"https://kraftboxpack.com/product/kraft-apparel-packaging-boxes/","https://kraftboxpack.com/refund_returns/","Refund and Returns Policy","navigation"
"https://kraftboxpack.com/product/kraft-apparel-packaging-boxes/","https://kraftboxpack.com/terms-conditions/","Terms & Conditions","navigation"
"https://kraftboxpack.com/product/kraft-art-supply-packaging/","https://kraftboxpack.com/","","navigation"
"https://kraftboxpack.com/product/kraft-art-supply-packaging/","https://kraftboxpack.com/about-us/","About Us","navigation"
"https://kraftboxpack.com/product/kraft-art-supply-packaging/","https://kraftboxpack.com/contact-us/","Contact Us","navigation"
"https://kraftboxpack.com/product/kraft-art-supply-packaging/","https://kraftboxpack.com/get-a-quote/","Get a Quote","contextual"
"https://kraftboxpack.com/product/kraft-art-supply-packaging/","https://kraftboxpack.com/privacy-policy/","Privacy Policy","navigation"
"https://kraftboxpack.com/product/kraft-art-supply-packaging/","https://kraftboxpack.com/product-category/colored-kraft-boxes/","Colored Kraft Boxes","navigation"
"https://kraftboxpack.com/product/kraft-art-supply-packaging/","https://kraftboxpack.com/product-category/kraft-art-boxes/","Kraft Art Boxes","navigation"
"https://kraftboxpack.com/product/kraft-art-supply-packaging/","https://kraftboxpack.com/product-category/kraft-gift-specialty-boxes/","Kraft Gift & Specialty Boxes","navigation"
"https://kraftboxpack.com/product/kraft-art-supply-packaging/","https://kraftboxpack.com/product-category/kraft-packaging-boxes/","Kraft Packaging Boxes","navigation"
"https://kraftboxpack.com/product/kraft-art-supply-packaging/","https://kraftboxpack.com/product-category/kraft-wrapping-accessories/","Kraft Wrapping & Accessories","navigation"
"https://kraftboxpack.com/product/kraft-art-supply-packaging/","https://kraftboxpack.com/product/kraft-brochure-packaging-boxes/","Kraft Brochure Packaging Boxes","related-product"
"https://kraftboxpack.com/product/kraft-art-supply-packaging/","https://kraftboxpack.com/product/kraft-calendar-boxes/","Kraft Calendar Boxes","related-product"
"https://kraftboxpack.com/product/kraft-art-supply-packaging/","https://kraftboxpack.com/product/kraft-cd-dvd-packaging/","Kraft CD/DVD Packaging","related-product"
"https://kraftboxpack.com/product/kraft-art-supply-packaging/","https://kraftboxpack.com/product/kraft-certificate-boxes/","Kraft Certificate Boxes","product-grid"
"https://kraftboxpack.com/product/kraft-art-supply-packaging/","https://kraftboxpack.com/product/kraft-document-mailers/","Kraft Document Mailers","product-grid"
"https://kraftboxpack.com/product/kraft-art-supply-packaging/","https://kraftboxpack.com/product/kraft-photo-frame-boxes/","Kraft Photo Frame Boxes","product-grid"
"https://kraftboxpack.com/product/kraft-art-supply-packaging/","https://kraftboxpack.com/products/","Search products","contextual"
"https://kraftboxpack.com/product/kraft-art-supply-packaging/","https://kraftboxpack.com/refund_returns/","Refund and Returns Policy","navigation"
"https://kraftboxpack.com/product/kraft-art-supply-packaging/","https://kraftboxpack.com/terms-conditions/","Terms & Conditions","navigation"
"https://kraftboxpack.com/product/kraft-baby-product-boxes/","https://kraftboxpack.com/","","navigation"
"https://kraftboxpack.com/product/kraft-baby-product-boxes/","https://kraftboxpack.com/about-us/","About Us","navigation"
"https://kraftboxpack.com/product/kraft-baby-product-boxes/","https://kraftboxpack.com/contact-us/","Contact Us","navigation"
"https://kraftboxpack.com/product/kraft-baby-product-boxes/","https://kraftboxpack.com/get-a-quote/","Get a Quote","contextual"
"https://kraftboxpack.com/product/kraft-baby-product-boxes/","https://kraftboxpack.com/privacy-policy/","Privacy Policy","navigation"
"https://kraftboxpack.com/product/kraft-baby-product-boxes/","https://kraftboxpack.com/product-category/colored-kraft-boxes/","Colored Kraft Boxes","navigation"
"https://kraftboxpack.com/product/kraft-baby-product-boxes/","https://kraftboxpack.com/product-category/kraft-gift-specialty-boxes/","Kraft Gift & Specialty Boxes","navigation"
"https://kraftboxpack.com/product/kraft-baby-product-boxes/","https://kraftboxpack.com/product-category/kraft-packaging-boxes/","Kraft Packaging Boxes","navigation"
"https://kraftboxpack.com/product/kraft-baby-product-boxes/","https://kraftboxpack.com/product-category/kraft-toy-packaging/","Kraft Toy Packaging","navigation"
"https://kraftboxpack.com/product/kraft-baby-product-boxes/","https://kraftboxpack.com/product-category/kraft-wrapping-accessories/","Kraft Wrapping & Accessories","navigation"
"https://kraftboxpack.com/product/kraft-baby-product-boxes/","https://kraftboxpack.com/product/kraft-board-game-packaging-boxes/","Kraft Board Game Packaging Boxes","related-product"
"https://kraftboxpack.com/product/kraft-baby-product-boxes/","https://kraftboxpack.com/product/kraft-puzzle-packaging-boxes/","Kraft Puzzle Packaging Boxes","related-product"
"https://kraftboxpack.com/product/kraft-baby-product-boxes/","https://kraftboxpack.com/product/kraft-toy-packaging-boxes/","Kraft Toy Packaging Boxes","contextual"
"https://kraftboxpack.com/product/kraft-baby-product-boxes/","https://kraftboxpack.com/products/","Search products","contextual"
"https://kraftboxpack.com/product/kraft-baby-product-boxes/","https://kraftboxpack.com/refund_returns/","Refund and Returns Policy","navigation"
"https://kraftboxpack.com/product/kraft-baby-product-boxes/","https://kraftboxpack.com/terms-conditions/","Terms & Conditions","navigation"
"https://kraftboxpack.com/product/kraft-badge-packaging-boxes/","https://kraftboxpack.com/","","navigation"
"https://kraftboxpack.com/product/kraft-badge-packaging-boxes/","https://kraftboxpack.com/about-us/","About Us","navigation"
"https://kraftboxpack.com/product/kraft-badge-packaging-boxes/","https://kraftboxpack.com/contact-us/","Contact Us","navigation"
"https://kraftboxpack.com/product/kraft-badge-packaging-boxes/","https://kraftboxpack.com/get-a-quote/","Get a Quote","contextual"
"https://kraftboxpack.com/product/kraft-badge-packaging-boxes/","https://kraftboxpack.com/privacy-policy/","Privacy Policy","navigation"
"https://kraftboxpack.com/product/kraft-badge-packaging-boxes/","https://kraftboxpack.com/product-category/colored-kraft-boxes/","Colored Kraft Boxes","navigation"
"https://kraftboxpack.com/product/kraft-badge-packaging-boxes/","https://kraftboxpack.com/product-category/kraft-electronics-boxes/","Kraft Electronics Boxes","navigation"
"https://kraftboxpack.com/product/kraft-badge-packaging-boxes/","https://kraftboxpack.com/product-category/kraft-gift-specialty-boxes/","Kraft Gift & Specialty Boxes","navigation"
"https://kraftboxpack.com/product/kraft-badge-packaging-boxes/","https://kraftboxpack.com/product-category/kraft-packaging-boxes/","Kraft Packaging Boxes","navigation"
"https://kraftboxpack.com/product/kraft-badge-packaging-boxes/","https://kraftboxpack.com/product-category/kraft-wrapping-accessories/","Kraft Wrapping & Accessories","navigation"
"https://kraftboxpack.com/product/kraft-badge-packaging-boxes/","https://kraftboxpack.com/product/kraft-keychain-packaging-boxes/","Kraft Keychain Packaging Boxes","contextual"
"https://kraftboxpack.com/product/kraft-badge-packaging-boxes/","https://kraftboxpack.com/product/kraft-notebook-packaging/","Kraft Notebook Packaging","related-product"
"https://kraftboxpack.com/product/kraft-badge-packaging-boxes/","https://kraftboxpack.com/product/kraft-pen-packaging-boxes/","Kraft Pen Packaging Boxes","related-product"
"https://kraftboxpack.com/product/kraft-badge-packaging-boxes/","https://kraftboxpack.com/product/kraft-pencil-packaging-boxes/","Kraft Pencil Packaging Boxes","product-grid"
"https://kraftboxpack.com/product/kraft-badge-packaging-boxes/","https://kraftboxpack.com/product/kraft-stationery-boxes/","Kraft Stationery Boxes","product-grid"
"https://kraftboxpack.com/product/kraft-badge-packaging-boxes/","https://kraftboxpack.com/products/","Search products","contextual"
"https://kraftboxpack.com/product/kraft-badge-packaging-boxes/","https://kraftboxpack.com/refund_returns/","Refund and Returns Policy","navigation"
"https://kraftboxpack.com/product/kraft-badge-packaging-boxes/","https://kraftboxpack.com/terms-conditions/","Terms & Conditions","navigation"
"https://kraftboxpack.com/product/kraft-bakery-bags/","https://kraftboxpack.com/","","navigation"
"https://kraftboxpack.com/product/kraft-bakery-bags/","https://kraftboxpack.com/about-us/","About Us","navigation"
"https://kraftboxpack.com/product/kraft-bakery-bags/","https://kraftboxpack.com/contact-us/","Contact Us","navigation"
"https://kraftboxpack.com/product/kraft-bakery-bags/","https://kraftboxpack.com/get-a-quote/","Get a Quote","contextual"
"https://kraftboxpack.com/product/kraft-bakery-bags/","https://kraftboxpack.com/privacy-policy/","Privacy Policy","navigation"
"https://kraftboxpack.com/product/kraft-bakery-bags/","https://kraftboxpack.com/product-category/colored-kraft-boxes/","Colored Kraft Boxes","navigation"
"https://kraftboxpack.com/product/kraft-bakery-bags/","https://kraftboxpack.com/product-category/kraft-gift-specialty-boxes/","Kraft Gift & Specialty Boxes","navigation"
"https://kraftboxpack.com/product/kraft-bakery-bags/","https://kraftboxpack.com/product-category/kraft-packaging-boxes/","Kraft Packaging Boxes","navigation"
"https://kraftboxpack.com/product/kraft-bakery-bags/","https://kraftboxpack.com/product-category/kraft-wrapping-accessories/","Kraft Wrapping & Accessories","navigation"
"https://kraftboxpack.com/product/kraft-bakery-bags/","https://kraftboxpack.com/product/kraft-bakery-boxes/","Kraft Bakery Boxes","related-product"
"https://kraftboxpack.com/product/kraft-bakery-bags/","https://kraftboxpack.com/product/kraft-cake-boxes/","Kraft Cake Boxes","related-product"
"https://kraftboxpack.com/product/kraft-bakery-bags/","https://kraftboxpack.com/product/kraft-cardboard-boxes/","Kraft Cardboard Boxes","related-product"
"https://kraftboxpack.com/product/kraft-bakery-bags/","https://kraftboxpack.com/product/kraft-cookie-boxes/","Kraft Cookie Boxes","product-grid"
"https://kraftboxpack.com/product/kraft-bakery-bags/","https://kraftboxpack.com/product/kraft-corrugated-boxes/","Kraft Corrugated Boxes","product-grid"
"https://kraftboxpack.com/product/kraft-bakery-bags/","https://kraftboxpack.com/product/kraft-dispenser-boxes/","Kraft Dispenser Boxes","product-grid"
"https://kraftboxpack.com/product/kraft-bakery-bags/","https://kraftboxpack.com/product/kraft-drawer-boxes/","Kraft Drawer Boxes","product-grid"
"https://kraftboxpack.com/product/kraft-bakery-bags/","https://kraftboxpack.com/product/kraft-favor-boxes/","Kraft Favor Boxes","product-grid"
"https://kraftboxpack.com/product/kraft-bakery-bags/","https://kraftboxpack.com/product/kraft-food-boxes/","Kraft Food Boxes","contextual"
"https://kraftboxpack.com/product/kraft-bakery-bags/","https://kraftboxpack.com/products/","Search products","contextual"
"https://kraftboxpack.com/product/kraft-bakery-bags/","https://kraftboxpack.com/refund_returns/","Refund and Returns Policy","navigation"
"https://kraftboxpack.com/product/kraft-bakery-bags/","https://kraftboxpack.com/terms-conditions/","Terms & Conditions","navigation"
"https://kraftboxpack.com/product/kraft-bakery-boxes/","https://kraftboxpack.com/","","navigation"
"https://kraftboxpack.com/product/kraft-bakery-boxes/","https://kraftboxpack.com/about-us/","About Us","navigation"
"https://kraftboxpack.com/product/kraft-bakery-boxes/","https://kraftboxpack.com/contact-us/","Contact Us","navigation"
"https://kraftboxpack.com/product/kraft-bakery-boxes/","https://kraftboxpack.com/get-a-quote/","Get a Quote","contextual"
"https://kraftboxpack.com/product/kraft-bakery-boxes/","https://kraftboxpack.com/privacy-policy/","Privacy Policy","navigation"
"https://kraftboxpack.com/product/kraft-bakery-boxes/","https://kraftboxpack.com/product-category/colored-kraft-boxes/","Colored Kraft Boxes","navigation"
"https://kraftboxpack.com/product/kraft-bakery-boxes/","https://kraftboxpack.com/product-category/kraft-gift-specialty-boxes/","Kraft Gift & Specialty Boxes","navigation"
"https://kraftboxpack.com/product/kraft-bakery-boxes/","https://kraftboxpack.com/product-category/kraft-packaging-boxes/","Kraft Packaging Boxes","navigation"
"https://kraftboxpack.com/product/kraft-bakery-boxes/","https://kraftboxpack.com/product-category/kraft-wrapping-accessories/","Kraft Wrapping & Accessories","navigation"
"https://kraftboxpack.com/product/kraft-bakery-boxes/","https://kraftboxpack.com/product/kraft-cake-boxes/","Kraft Cake Boxes","related-product"
"https://kraftboxpack.com/product/kraft-bakery-boxes/","https://kraftboxpack.com/product/kraft-cardboard-boxes/","Kraft Cardboard Boxes","related-product"
"https://kraftboxpack.com/product/kraft-bakery-boxes/","https://kraftboxpack.com/product/kraft-cookie-boxes/","Kraft Cookie Boxes","related-product"
"https://kraftboxpack.com/product/kraft-bakery-boxes/","https://kraftboxpack.com/product/kraft-corrugated-boxes/","Kraft Corrugated Boxes","product-grid"
"https://kraftboxpack.com/product/kraft-bakery-boxes/","https://kraftboxpack.com/product/kraft-dispenser-boxes/","Kraft Dispenser Boxes","product-grid"
"https://kraftboxpack.com/product/kraft-bakery-boxes/","https://kraftboxpack.com/product/kraft-drawer-boxes/","Kraft Drawer Boxes","product-grid"
"https://kraftboxpack.com/product/kraft-bakery-boxes/","https://kraftboxpack.com/product/kraft-favor-boxes/","Kraft Favor Boxes","product-grid"
"https://kraftboxpack.com/product/kraft-bakery-boxes/","https://kraftboxpack.com/product/kraft-food-boxes/","Kraft Food Boxes","product-grid"
"https://kraftboxpack.com/product/kraft-bakery-boxes/","https://kraftboxpack.com/product/kraft-shipping-boxes/","Kraft Shipping Boxes","contextual"
"https://kraftboxpack.com/product/kraft-bakery-boxes/","https://kraftboxpack.com/products/","Search products","contextual"
"https://kraftboxpack.com/product/kraft-bakery-boxes/","https://kraftboxpack.com/refund_returns/","Refund and Returns Policy","navigation"
"https://kraftboxpack.com/product/kraft-bakery-boxes/","https://kraftboxpack.com/terms-conditions/","Terms & Conditions","navigation"
"https://kraftboxpack.com/product/kraft-beard-oil-boxes/","https://kraftboxpack.com/","","navigation"
"https://kraftboxpack.com/product/kraft-beard-oil-boxes/","https://kraftboxpack.com/about-us/","About Us","navigation"
"https://kraftboxpack.com/product/kraft-beard-oil-boxes/","https://kraftboxpack.com/contact-us/","Contact Us","navigation"
"https://kraftboxpack.com/product/kraft-beard-oil-boxes/","https://kraftboxpack.com/get-a-quote/","Get a Quote","contextual"
"https://kraftboxpack.com/product/kraft-beard-oil-boxes/","https://kraftboxpack.com/privacy-policy/","Privacy Policy","navigation"
"https://kraftboxpack.com/product/kraft-beard-oil-boxes/","https://kraftboxpack.com/product-category/colored-kraft-boxes/","Colored Kraft Boxes","navigation"
"https://kraftboxpack.com/product/kraft-beard-oil-boxes/","https://kraftboxpack.com/product-category/kraft-gift-specialty-boxes/","Kraft Gift & Specialty Boxes","navigation"
"https://kraftboxpack.com/product/kraft-beard-oil-boxes/","https://kraftboxpack.com/product-category/kraft-packaging-boxes/","Kraft Packaging Boxes","navigation"
"https://kraftboxpack.com/product/kraft-beard-oil-boxes/","https://kraftboxpack.com/product-category/kraft-packaging-boxes/karft-cosmetic-boxes/","Kraft Cosmetic Boxes","navigation"
"https://kraftboxpack.com/product/kraft-beard-oil-boxes/","https://kraftboxpack.com/product-category/kraft-wrapping-accessories/","Kraft Wrapping & Accessories","navigation"
"https://kraftboxpack.com/product/kraft-beard-oil-boxes/","https://kraftboxpack.com/product/kraft-candle-sleeve-boxes/","Kraft Candle Sleeve Boxes","related-product"
"https://kraftboxpack.com/product/kraft-beard-oil-boxes/","https://kraftboxpack.com/product/kraft-eyelash-packaging-boxes/","Kraft Eyelash Packaging Boxes","related-product"
"https://kraftboxpack.com/product/kraft-beard-oil-boxes/","https://kraftboxpack.com/product/kraft-lip-balm-packaging-boxes/","Kraft Lip Balm Packaging Boxes","related-product"
"https://kraftboxpack.com/product/kraft-beard-oil-boxes/","https://kraftboxpack.com/product/kraft-makeup-palette-boxes/","Kraft Makeup Palette Boxes","product-grid"
"https://kraftboxpack.com/product/kraft-beard-oil-boxes/","https://kraftboxpack.com/product/kraft-mascara-boxes/","Kraft Mascara Boxes","contextual"
"https://kraftboxpack.com/product/kraft-beard-oil-boxes/","https://kraftboxpack.com/product/kraft-perfume-boxes/","Kraft Perfume Boxes","product-grid"
"https://kraftboxpack.com/product/kraft-beard-oil-boxes/","https://kraftboxpack.com/product/kraft-skincare-boxes/","Kraft Skincare Boxes","product-grid"
"https://kraftboxpack.com/product/kraft-beard-oil-boxes/","https://kraftboxpack.com/product/kraft-soap-sleeve-boxes/","Kraft Soap Sleeve Boxes","product-grid"
"https://kraftboxpack.com/product/kraft-beard-oil-boxes/","https://kraftboxpack.com/product/kraft-wax-melt-boxes/","Kraft Wax Melt Boxes","product-grid"
"https://kraftboxpack.com/product/kraft-beard-oil-boxes/","https://kraftboxpack.com/products/","Search products","contextual"
"https://kraftboxpack.com/product/kraft-beard-oil-boxes/","https://kraftboxpack.com/refund_returns/","Refund and Returns Policy","navigation"
"https://kraftboxpack.com/product/kraft-beard-oil-boxes/","https://kraftboxpack.com/terms-conditions/","Terms & Conditions","navigation"
"https://kraftboxpack.com/product/kraft-beauty-kit-boxes/","https://kraftboxpack.com/","","navigation"
"https://kraftboxpack.com/product/kraft-beauty-kit-boxes/","https://kraftboxpack.com/about-us/","About Us","navigation"
"https://kraftboxpack.com/product/kraft-beauty-kit-boxes/","https://kraftboxpack.com/contact-us/","Contact Us","navigation"
"https://kraftboxpack.com/product/kraft-beauty-kit-boxes/","https://kraftboxpack.com/get-a-quote/","Get a Quote","contextual"
"https://kraftboxpack.com/product/kraft-beauty-kit-boxes/","https://kraftboxpack.com/privacy-policy/","Privacy Policy","navigation"
"https://kraftboxpack.com/product/kraft-beauty-kit-boxes/","https://kraftboxpack.com/product-category/colored-kraft-boxes/","Colored Kraft Boxes","navigation"
"https://kraftboxpack.com/product/kraft-beauty-kit-boxes/","https://kraftboxpack.com/product-category/kraft-cosmetic-boxes/","Kraft Cosmetic Boxes","navigation"
"https://kraftboxpack.com/product/kraft-beauty-kit-boxes/","https://kraftboxpack.com/product-category/kraft-gift-specialty-boxes/","Kraft Gift & Specialty Boxes","navigation"
"https://kraftboxpack.com/product/kraft-beauty-kit-boxes/","https://kraftboxpack.com/product-category/kraft-packaging-boxes/","Kraft Packaging Boxes","navigation"
"https://kraftboxpack.com/product/kraft-beauty-kit-boxes/","https://kraftboxpack.com/product-category/kraft-packaging-boxes/karft-cosmetic-boxes/","Kraft Cosmetic Boxes","contextual"
"https://kraftboxpack.com/product/kraft-beauty-kit-boxes/","https://kraftboxpack.com/product-category/kraft-wrapping-accessories/","Kraft Wrapping & Accessories","navigation"
"https://kraftboxpack.com/product/kraft-beauty-kit-boxes/","https://kraftboxpack.com/product/kraft-makeup-palette-boxes/","Kraft Makeup Palette Boxes","contextual"
"https://kraftboxpack.com/product/kraft-beauty-kit-boxes/","https://kraftboxpack.com/product/kraft-mascara-boxes/","Kraft Mascara Boxes","related-product"
"https://kraftboxpack.com/product/kraft-beauty-kit-boxes/","https://kraftboxpack.com/products/","Search products","contextual"
"https://kraftboxpack.com/product/kraft-beauty-kit-boxes/","https://kraftboxpack.com/refund_returns/","Refund and Returns Policy","navigation"
"https://kraftboxpack.com/product/kraft-beauty-kit-boxes/","https://kraftboxpack.com/terms-conditions/","Terms & Conditions","navigation"
"https://kraftboxpack.com/product/kraft-belt-packaging-boxes/","https://kraftboxpack.com/","","navigation"
"https://kraftboxpack.com/product/kraft-belt-packaging-boxes/","https://kraftboxpack.com/about-us/","About Us","navigation"
"https://kraftboxpack.com/product/kraft-belt-packaging-boxes/","https://kraftboxpack.com/contact-us/","Contact Us","navigation"
"https://kraftboxpack.com/product/kraft-belt-packaging-boxes/","https://kraftboxpack.com/get-a-quote/","Get a Quote","contextual"
"https://kraftboxpack.com/product/kraft-belt-packaging-boxes/","https://kraftboxpack.com/privacy-policy/","Privacy Policy","navigation"
"https://kraftboxpack.com/product/kraft-belt-packaging-boxes/","https://kraftboxpack.com/product-category/colored-kraft-boxes/","Colored Kraft Boxes","navigation"
"https://kraftboxpack.com/product/kraft-belt-packaging-boxes/","https://kraftboxpack.com/product-category/kraft-apparel-boxes/","Kraft Apparel Boxes","navigation"
"https://kraftboxpack.com/product/kraft-belt-packaging-boxes/","https://kraftboxpack.com/product-category/kraft-gift-specialty-boxes/","Kraft Gift & Specialty Boxes","navigation"
"https://kraftboxpack.com/product/kraft-belt-packaging-boxes/","https://kraftboxpack.com/product-category/kraft-packaging-boxes/","Kraft Packaging Boxes","navigation"
"https://kraftboxpack.com/product/kraft-belt-packaging-boxes/","https://kraftboxpack.com/product-category/kraft-wrapping-accessories/","Kraft Wrapping & Accessories","navigation"
"https://kraftboxpack.com/product/kraft-belt-packaging-boxes/","https://kraftboxpack.com/product/kraft-apparel-packaging-boxes/","Kraft Apparel Packaging Boxes","related-product"
"https://kraftboxpack.com/product/kraft-belt-packaging-boxes/","https://kraftboxpack.com/product/kraft-scarf-boxes/","Kraft Scarf Boxes","contextual"
"https://kraftboxpack.com/product/kraft-belt-packaging-boxes/","https://kraftboxpack.com/product/kraft-sock-packaging-boxes/","Kraft Sock Packaging Boxes","related-product"
"https://kraftboxpack.com/product/kraft-belt-packaging-boxes/","https://kraftboxpack.com/product/kraft-t-shirt-boxes/","Kraft T Shirt Boxes","product-grid"
"https://kraftboxpack.com/product/kraft-belt-packaging-boxes/","https://kraftboxpack.com/product/kraft-underwear-packaging-boxes/","Kraft Underwear Packaging Boxes","product-grid"
"https://kraftboxpack.com/product/kraft-belt-packaging-boxes/","https://kraftboxpack.com/products/","Search products","contextual"
"https://kraftboxpack.com/product/kraft-belt-packaging-boxes/","https://kraftboxpack.com/refund_returns/","Refund and Returns Policy","navigation"
"https://kraftboxpack.com/product/kraft-belt-packaging-boxes/","https://kraftboxpack.com/terms-conditions/","Terms & Conditions","navigation"
"https://kraftboxpack.com/product/kraft-board-game-packaging-boxes/","https://kraftboxpack.com/","","navigation"
"https://kraftboxpack.com/product/kraft-board-game-packaging-boxes/","https://kraftboxpack.com/about-us/","About Us","navigation"
"https://kraftboxpack.com/product/kraft-board-game-packaging-boxes/","https://kraftboxpack.com/contact-us/","Contact Us","navigation"
"https://kraftboxpack.com/product/kraft-board-game-packaging-boxes/","https://kraftboxpack.com/get-a-quote/","Get a Quote","contextual"
"https://kraftboxpack.com/product/kraft-board-game-packaging-boxes/","https://kraftboxpack.com/privacy-policy/","Privacy Policy","navigation"
"https://kraftboxpack.com/product/kraft-board-game-packaging-boxes/","https://kraftboxpack.com/product-category/colored-kraft-boxes/","Colored Kraft Boxes","navigation"
"https://kraftboxpack.com/product/kraft-board-game-packaging-boxes/","https://kraftboxpack.com/product-category/kraft-gift-specialty-boxes/","Kraft Gift & Specialty Boxes","navigation"
"https://kraftboxpack.com/product/kraft-board-game-packaging-boxes/","https://kraftboxpack.com/product-category/kraft-packaging-boxes/","Kraft Packaging Boxes","navigation"
"https://kraftboxpack.com/product/kraft-board-game-packaging-boxes/","https://kraftboxpack.com/product-category/kraft-toy-packaging/","Kraft Toy Packaging","navigation"
"https://kraftboxpack.com/product/kraft-board-game-packaging-boxes/","https://kraftboxpack.com/product-category/kraft-wrapping-accessories/","Kraft Wrapping & Accessories","navigation"
"https://kraftboxpack.com/product/kraft-board-game-packaging-boxes/","https://kraftboxpack.com/product/kraft-baby-product-boxes/","Kraft Baby Product Boxes","related-product"
"https://kraftboxpack.com/product/kraft-board-game-packaging-boxes/","https://kraftboxpack.com/product/kraft-puzzle-packaging-boxes/","Kraft Puzzle Packaging Boxes","contextual"
"https://kraftboxpack.com/product/kraft-board-game-packaging-boxes/","https://kraftboxpack.com/product/kraft-toy-packaging-boxes/","Kraft Toy Packaging Boxes","related-product"
"https://kraftboxpack.com/product/kraft-board-game-packaging-boxes/","https://kraftboxpack.com/products/","Search products","contextual"
"https://kraftboxpack.com/product/kraft-board-game-packaging-boxes/","https://kraftboxpack.com/refund_returns/","Refund and Returns Policy","navigation"
"https://kraftboxpack.com/product/kraft-board-game-packaging-boxes/","https://kraftboxpack.com/terms-conditions/","Terms & Conditions","navigation"
"https://kraftboxpack.com/product/kraft-bouquet-boxes/","https://kraftboxpack.com/","","navigation"
"https://kraftboxpack.com/product/kraft-bouquet-boxes/","https://kraftboxpack.com/about-us/","About Us","navigation"
"https://kraftboxpack.com/product/kraft-bouquet-boxes/","https://kraftboxpack.com/contact-us/","Contact Us","navigation"
"https://kraftboxpack.com/product/kraft-bouquet-boxes/","https://kraftboxpack.com/get-a-quote/","Get a Quote","contextual"
"https://kraftboxpack.com/product/kraft-bouquet-boxes/","https://kraftboxpack.com/privacy-policy/","Privacy Policy","navigation"
"https://kraftboxpack.com/product/kraft-bouquet-boxes/","https://kraftboxpack.com/product-category/colored-kraft-boxes/","Colored Kraft Boxes","navigation"
"https://kraftboxpack.com/product/kraft-bouquet-boxes/","https://kraftboxpack.com/product-category/kraft-gift-specialty-boxes/","Kraft Gift & Specialty Boxes","navigation"
"https://kraftboxpack.com/product/kraft-bouquet-boxes/","https://kraftboxpack.com/product-category/kraft-gift-specialty-boxes/custom-gift-boxes/","Custom Gift Boxes","navigation"
"https://kraftboxpack.com/product/kraft-bouquet-boxes/","https://kraftboxpack.com/product-category/kraft-packaging-boxes/","Kraft Packaging Boxes","navigation"
"https://kraftboxpack.com/product/kraft-bouquet-boxes/","https://kraftboxpack.com/product-category/kraft-wrapping-accessories/","Kraft Wrapping & Accessories","navigation"
"https://kraftboxpack.com/product/kraft-bouquet-boxes/","https://kraftboxpack.com/product/kraft-candy-favor-boxes/","Kraft Candy Favor Boxes","related-product"
"https://kraftboxpack.com/product/kraft-bouquet-boxes/","https://kraftboxpack.com/product/kraft-drawer-gift-boxes/","Kraft Drawer Gift Boxes","related-product"
"https://kraftboxpack.com/product/kraft-bouquet-boxes/","https://kraftboxpack.com/product/kraft-event-favor-boxes/","Kraft Event Favor Boxes","related-product"
"https://kraftboxpack.com/product/kraft-bouquet-boxes/","https://kraftboxpack.com/product/kraft-flip-top-rigid-boxes/","Kraft Flip Top Rigid Boxes","product-grid"
"https://kraftboxpack.com/product/kraft-bouquet-boxes/","https://kraftboxpack.com/product/kraft-flower-boxes/","Kraft Flower Boxes","contextual"
"https://kraftboxpack.com/product/kraft-bouquet-boxes/","https://kraftboxpack.com/product/kraft-gift-card-boxes/","Kraft Gift Card Boxes","product-grid"
"https://kraftboxpack.com/product/kraft-bouquet-boxes/","https://kraftboxpack.com/product/kraft-gift-hamper-boxes/","Kraft Gift Hamper Boxes","product-grid"
"https://kraftboxpack.com/product/kraft-bouquet-boxes/","https://kraftboxpack.com/product/kraft-giveaway-packaging-boxes/","Kraft Giveaway Packaging Boxes","product-grid"
"https://kraftboxpack.com/product/kraft-bouquet-boxes/","https://kraftboxpack.com/products/","Search products","contextual"
"https://kraftboxpack.com/product/kraft-bouquet-boxes/","https://kraftboxpack.com/refund_returns/","Refund and Returns Policy","navigation"
"https://kraftboxpack.com/product/kraft-bouquet-boxes/","https://kraftboxpack.com/terms-conditions/","Terms & Conditions","navigation"
"https://kraftboxpack.com/product/kraft-box-with-window/","https://kraftboxpack.com/","","navigation"
"https://kraftboxpack.com/product/kraft-box-with-window/","https://kraftboxpack.com/about-us/","About Us","navigation"
"https://kraftboxpack.com/product/kraft-box-with-window/","https://kraftboxpack.com/contact-us/","Contact Us","navigation"
"https://kraftboxpack.com/product/kraft-box-with-window/","https://kraftboxpack.com/get-a-quote/","Get a Quote","contextual"
"https://kraftboxpack.com/product/kraft-box-with-window/","https://kraftboxpack.com/privacy-policy/","Privacy Policy","navigation"
"https://kraftboxpack.com/product/kraft-box-with-window/","https://kraftboxpack.com/product-category/colored-kraft-boxes/","Colored Kraft Boxes","navigation"
"https://kraftboxpack.com/product/kraft-box-with-window/","https://kraftboxpack.com/product-category/kraft-gift-specialty-boxes/","Kraft Gift & Specialty Boxes","navigation"
"https://kraftboxpack.com/product/kraft-box-with-window/","https://kraftboxpack.com/product-category/kraft-packaging-boxes/","Kraft Packaging Boxes","navigation"
"https://kraftboxpack.com/product/kraft-box-with-window/","https://kraftboxpack.com/product-category/kraft-wrapping-accessories/","Kraft Wrapping & Accessories","navigation"
"https://kraftboxpack.com/product/kraft-box-with-window/","https://kraftboxpack.com/product/kraft-candle-boxes/","Kraft Candle Boxes","related-product"
"https://kraftboxpack.com/product/kraft-box-with-window/","https://kraftboxpack.com/product/kraft-candy-boxes/","Kraft Candy Boxes","related-product"
"https://kraftboxpack.com/product/kraft-box-with-window/","https://kraftboxpack.com/product/kraft-cupcake-boxes/","Kraft Cupcake Boxes","related-product"
"https://kraftboxpack.com/product/kraft-box-with-window/","https://kraftboxpack.com/product/kraft-display-boxes/","Kraft Display Boxes","product-grid"
"https://kraftboxpack.com/product/kraft-box-with-window/","https://kraftboxpack.com/product/kraft-gift-boxes-with-lids/","Kraft Gift Boxes With Lids","contextual"
"https://kraftboxpack.com/product/kraft-box-with-window/","https://kraftboxpack.com/product/kraft-jewelry-boxes/","Kraft Jewelry Boxes","product-grid"
"https://kraftboxpack.com/product/kraft-box-with-window/","https://kraftboxpack.com/product/kraft-necklace-box/","Kraft Necklace Box","product-grid"
"https://kraftboxpack.com/product/kraft-box-with-window/","https://kraftboxpack.com/product/kraft-paper-gift-boxes/","Kraft Paper Gift Boxes","product-grid"
"https://kraftboxpack.com/product/kraft-box-with-window/","https://kraftboxpack.com/products/","Search products","contextual"
"https://kraftboxpack.com/product/kraft-box-with-window/","https://kraftboxpack.com/refund_returns/","Refund and Returns Policy","navigation"
"https://kraftboxpack.com/product/kraft-box-with-window/","https://kraftboxpack.com/terms-conditions/","Terms & Conditions","navigation"
"https://kraftboxpack.com/product/kraft-boxes-for-gifts/","https://kraftboxpack.com/","","navigation"
"https://kraftboxpack.com/product/kraft-boxes-for-gifts/","https://kraftboxpack.com/about-us/","About Us","navigation"
"https://kraftboxpack.com/product/kraft-boxes-for-gifts/","https://kraftboxpack.com/contact-us/","Contact Us","navigation"
"https://kraftboxpack.com/product/kraft-boxes-for-gifts/","https://kraftboxpack.com/get-a-quote/","Get a Quote","contextual"
"https://kraftboxpack.com/product/kraft-boxes-for-gifts/","https://kraftboxpack.com/privacy-policy/","Privacy Policy","navigation"
"https://kraftboxpack.com/product/kraft-boxes-for-gifts/","https://kraftboxpack.com/product-category/colored-kraft-boxes/","Colored Kraft Boxes","navigation"
"https://kraftboxpack.com/product/kraft-boxes-for-gifts/","https://kraftboxpack.com/product-category/kraft-gift-specialty-boxes/","Kraft Gift & Specialty Boxes","navigation"
"https://kraftboxpack.com/product/kraft-boxes-for-gifts/","https://kraftboxpack.com/product-category/kraft-packaging-boxes/","Kraft Packaging Boxes","navigation"
"https://kraftboxpack.com/product/kraft-boxes-for-gifts/","https://kraftboxpack.com/product-category/kraft-wrapping-accessories/","Kraft Wrapping & Accessories","navigation"
"https://kraftboxpack.com/product/kraft-boxes-for-gifts/","https://kraftboxpack.com/product/kraft-paper-boxes/","Kraft Paper Boxes","related-product"
"https://kraftboxpack.com/product/kraft-boxes-for-gifts/","https://kraftboxpack.com/product/kraft-paper-dispenser-boxes/","Kraft Paper Dispenser Boxes","related-product"
"https://kraftboxpack.com/product/kraft-boxes-for-gifts/","https://kraftboxpack.com/product/kraft-paper-gift-wrapping/","Kraft Paper Gift Wrapping","contextual"
"https://kraftboxpack.com/product/kraft-boxes-for-gifts/","https://kraftboxpack.com/product/kraft-paper-packaging/","Kraft Paper Packaging","product-grid"
"https://kraftboxpack.com/product/kraft-boxes-for-gifts/","https://kraftboxpack.com/products/","Search products","contextual"
"https://kraftboxpack.com/product/kraft-boxes-for-gifts/","https://kraftboxpack.com/refund_returns/","Refund and Returns Policy","navigation"
"https://kraftboxpack.com/product/kraft-boxes-for-gifts/","https://kraftboxpack.com/terms-conditions/","Terms & Conditions","navigation"
"https://kraftboxpack.com/product/kraft-boxes-with-lid/","https://kraftboxpack.com/","","navigation"
"https://kraftboxpack.com/product/kraft-boxes-with-lid/","https://kraftboxpack.com/about-us/","About Us","navigation"
"https://kraftboxpack.com/product/kraft-boxes-with-lid/","https://kraftboxpack.com/contact-us/","Contact Us","navigation"
"https://kraftboxpack.com/product/kraft-boxes-with-lid/","https://kraftboxpack.com/get-a-quote/","Get a Quote","contextual"
"https://kraftboxpack.com/product/kraft-boxes-with-lid/","https://kraftboxpack.com/privacy-policy/","Privacy Policy","navigation"
"https://kraftboxpack.com/product/kraft-boxes-with-lid/","https://kraftboxpack.com/product-category/colored-kraft-boxes/","Colored Kraft Boxes","navigation"
"https://kraftboxpack.com/product/kraft-boxes-with-lid/","https://kraftboxpack.com/product-category/kraft-gift-specialty-boxes/","Kraft Gift & Specialty Boxes","navigation"
"https://kraftboxpack.com/product/kraft-boxes-with-lid/","https://kraftboxpack.com/product-category/kraft-packaging-boxes/","Kraft Packaging Boxes","navigation"
"https://kraftboxpack.com/product/kraft-boxes-with-lid/","https://kraftboxpack.com/product-category/kraft-wrapping-accessories/","Kraft Wrapping & Accessories","navigation"
"https://kraftboxpack.com/product/kraft-boxes-with-lid/","https://kraftboxpack.com/product/black-kraft-boxes/","Black Kraft Boxes","contextual"
"https://kraftboxpack.com/product/kraft-boxes-with-lid/","https://kraftboxpack.com/product/brown-kraft-boxes/","Brown Kraft Boxes","related-product"
"https://kraftboxpack.com/product/kraft-boxes-with-lid/","https://kraftboxpack.com/product/colored-kraft-paper/","Colored Kraft Paper","related-product"
"https://kraftboxpack.com/product/kraft-boxes-with-lid/","https://kraftboxpack.com/product/kraft-minimalist-boxes/","Kraft Minimalist Boxes","product-grid"
"https://kraftboxpack.com/product/kraft-boxes-with-lid/","https://kraftboxpack.com/product/kraft-thermal-kraft-boxes/","Kraft Thermal Kraft Boxes","product-grid"
"https://kraftboxpack.com/product/kraft-boxes-with-lid/","https://kraftboxpack.com/products/","Search products","contextual"
"https://kraftboxpack.com/product/kraft-boxes-with-lid/","https://kraftboxpack.com/refund_returns/","Refund and Returns Policy","navigation"
"https://kraftboxpack.com/product/kraft-boxes-with-lid/","https://kraftboxpack.com/terms-conditions/","Terms & Conditions","navigation"
"https://kraftboxpack.com/product/kraft-bracelet-packaging-boxes/","https://kraftboxpack.com/","","navigation"
"https://kraftboxpack.com/product/kraft-bracelet-packaging-boxes/","https://kraftboxpack.com/about-us/","About Us","navigation"
"https://kraftboxpack.com/product/kraft-bracelet-packaging-boxes/","https://kraftboxpack.com/contact-us/","Contact Us","navigation"
"https://kraftboxpack.com/product/kraft-bracelet-packaging-boxes/","https://kraftboxpack.com/get-a-quote/","Get a Quote","contextual"
"https://kraftboxpack.com/product/kraft-bracelet-packaging-boxes/","https://kraftboxpack.com/privacy-policy/","Privacy Policy","navigation"
"https://kraftboxpack.com/product/kraft-bracelet-packaging-boxes/","https://kraftboxpack.com/product-category/colored-kraft-boxes/","Colored Kraft Boxes","navigation"
"https://kraftboxpack.com/product/kraft-bracelet-packaging-boxes/","https://kraftboxpack.com/product-category/jewelry-accessories-boxes/","Jewelry & Accessories Boxes","navigation"
"https://kraftboxpack.com/product/kraft-bracelet-packaging-boxes/","https://kraftboxpack.com/product-category/kraft-gift-specialty-boxes/","Kraft Gift & Specialty Boxes","navigation"
"https://kraftboxpack.com/product/kraft-bracelet-packaging-boxes/","https://kraftboxpack.com/product-category/kraft-packaging-boxes/","Kraft Packaging Boxes","navigation"
"https://kraftboxpack.com/product/kraft-bracelet-packaging-boxes/","https://kraftboxpack.com/product-category/kraft-wrapping-accessories/","Kraft Wrapping & Accessories","navigation"
"https://kraftboxpack.com/product/kraft-bracelet-packaging-boxes/","https://kraftboxpack.com/product/kraft-earring-packaging-boxes/","Kraft Earring Packaging Boxes","contextual"
"https://kraftboxpack.com/product/kraft-bracelet-packaging-boxes/","https://kraftboxpack.com/product/kraft-jewelry-insert-boxes/","Kraft Jewelry Insert Boxes","related-product"
"https://kraftboxpack.com/product/kraft-bracelet-packaging-boxes/","https://kraftboxpack.com/product/kraft-ring-packaging-boxes/","Kraft Ring Packaging Boxes","related-product"
"https://kraftboxpack.com/product/kraft-bracelet-packaging-boxes/","https://kraftboxpack.com/product/kraft-watch-packaging-boxes/","Kraft Watch Packaging Boxes","product-grid"
"https://kraftboxpack.com/product/kraft-bracelet-packaging-boxes/","https://kraftboxpack.com/products/","Search products","contextual"
"https://kraftboxpack.com/product/kraft-bracelet-packaging-boxes/","https://kraftboxpack.com/refund_returns/","Refund and Returns Policy","navigation"
"https://kraftboxpack.com/product/kraft-bracelet-packaging-boxes/","https://kraftboxpack.com/terms-conditions/","Terms & Conditions","navigation"
"https://kraftboxpack.com/product/kraft-brochure-packaging-boxes/","https://kraftboxpack.com/","","navigation"
"https://kraftboxpack.com/product/kraft-brochure-packaging-boxes/","https://kraftboxpack.com/about-us/","About Us","navigation"
"https://kraftboxpack.com/product/kraft-brochure-packaging-boxes/","https://kraftboxpack.com/contact-us/","Contact Us","navigation"
"https://kraftboxpack.com/product/kraft-brochure-packaging-boxes/","https://kraftboxpack.com/get-a-quote/","Get a Quote","contextual"
"https://kraftboxpack.com/product/kraft-brochure-packaging-boxes/","https://kraftboxpack.com/privacy-policy/","Privacy Policy","navigation"
"https://kraftboxpack.com/product/kraft-brochure-packaging-boxes/","https://kraftboxpack.com/product-category/colored-kraft-boxes/","Colored Kraft Boxes","navigation"
"https://kraftboxpack.com/product/kraft-brochure-packaging-boxes/","https://kraftboxpack.com/product-category/kraft-art-boxes/","Kraft Art Boxes","navigation"
"https://kraftboxpack.com/product/kraft-brochure-packaging-boxes/","https://kraftboxpack.com/product-category/kraft-gift-specialty-boxes/","Kraft Gift & Specialty Boxes","navigation"
"https://kraftboxpack.com/product/kraft-brochure-packaging-boxes/","https://kraftboxpack.com/product-category/kraft-packaging-boxes/","Kraft Packaging Boxes","navigation"
"https://kraftboxpack.com/product/kraft-brochure-packaging-boxes/","https://kraftboxpack.com/product-category/kraft-wrapping-accessories/","Kraft Wrapping & Accessories","navigation"
"https://kraftboxpack.com/product/kraft-brochure-packaging-boxes/","https://kraftboxpack.com/product/kraft-art-supply-packaging/","Kraft Art Supply Packaging","related-product"
"https://kraftboxpack.com/product/kraft-brochure-packaging-boxes/","https://kraftboxpack.com/product/kraft-calendar-boxes/","Kraft Calendar Boxes","related-product"
"https://kraftboxpack.com/product/kraft-brochure-packaging-boxes/","https://kraftboxpack.com/product/kraft-cd-dvd-packaging/","Kraft CD/DVD Packaging","related-product"
"https://kraftboxpack.com/product/kraft-brochure-packaging-boxes/","https://kraftboxpack.com/product/kraft-certificate-boxes/","Kraft Certificate Boxes","product-grid"
"https://kraftboxpack.com/product/kraft-brochure-packaging-boxes/","https://kraftboxpack.com/product/kraft-document-mailers/","Kraft Document Mailers","product-grid"
"https://kraftboxpack.com/product/kraft-brochure-packaging-boxes/","https://kraftboxpack.com/product/kraft-photo-frame-boxes/","Kraft Photo Frame Boxes","product-grid"
"https://kraftboxpack.com/product/kraft-brochure-packaging-boxes/","https://kraftboxpack.com/products/","Search products","contextual"
"https://kraftboxpack.com/product/kraft-brochure-packaging-boxes/","https://kraftboxpack.com/refund_returns/","Refund and Returns Policy","navigation"
"https://kraftboxpack.com/product/kraft-brochure-packaging-boxes/","https://kraftboxpack.com/terms-conditions/","Terms & Conditions","navigation"
"https://kraftboxpack.com/product/kraft-brownie-packaging-boxes/","https://kraftboxpack.com/","","navigation"
"https://kraftboxpack.com/product/kraft-brownie-packaging-boxes/","https://kraftboxpack.com/about-us/","About Us","navigation"
"https://kraftboxpack.com/product/kraft-brownie-packaging-boxes/","https://kraftboxpack.com/contact-us/","Contact Us","navigation"
"https://kraftboxpack.com/product/kraft-brownie-packaging-boxes/","https://kraftboxpack.com/get-a-quote/","Get a Quote","contextual"
"https://kraftboxpack.com/product/kraft-brownie-packaging-boxes/","https://kraftboxpack.com/privacy-policy/","Privacy Policy","navigation"
"https://kraftboxpack.com/product/kraft-brownie-packaging-boxes/","https://kraftboxpack.com/product-category/colored-kraft-boxes/","Colored Kraft Boxes","navigation"
"https://kraftboxpack.com/product/kraft-brownie-packaging-boxes/","https://kraftboxpack.com/product-category/kraft-food-packaging/","Kraft Food Packaging","navigation"
"https://kraftboxpack.com/product/kraft-brownie-packaging-boxes/","https://kraftboxpack.com/product-category/kraft-gift-specialty-boxes/","Kraft Gift & Specialty Boxes","navigation"
"https://kraftboxpack.com/product/kraft-brownie-packaging-boxes/","https://kraftboxpack.com/product-category/kraft-packaging-boxes/","Kraft Packaging Boxes","navigation"
"https://kraftboxpack.com/product/kraft-brownie-packaging-boxes/","https://kraftboxpack.com/product-category/kraft-wrapping-accessories/","Kraft Wrapping & Accessories","navigation"
"https://kraftboxpack.com/product/kraft-brownie-packaging-boxes/","https://kraftboxpack.com/product/kraft-chocolate-packaging-boxes/","Kraft Chocolate Packaging Boxes","related-product"
"https://kraftboxpack.com/product/kraft-brownie-packaging-boxes/","https://kraftboxpack.com/product/kraft-coffee-packaging-boxes/","No image Kraft Coffee Packaging Boxes","related-product"
"https://kraftboxpack.com/product/kraft-brownie-packaging-boxes/","https://kraftboxpack.com/product/kraft-donut-packaging-boxes/","Kraft Donut Packaging Boxes","related-product"
"https://kraftboxpack.com/product/kraft-brownie-packaging-boxes/","https://kraftboxpack.com/product/kraft-egg-cartons/","Kraft Egg Cartons","related-product"
"https://kraftboxpack.com/product/kraft-brownie-packaging-boxes/","https://kraftboxpack.com/product/kraft-frozen-food-boxes/","Kraft Frozen Food Boxes","product-grid"
"https://kraftboxpack.com/product/kraft-brownie-packaging-boxes/","https://kraftboxpack.com/product/kraft-fruit-packaging-boxes/","Kraft Fruit Packaging Boxes","product-grid"
"https://kraftboxpack.com/product/kraft-brownie-packaging-boxes/","https://kraftboxpack.com/product/kraft-granola-bar-boxes/","Kraft Granola Bar Boxes","product-grid"
"https://kraftboxpack.com/product/kraft-brownie-packaging-boxes/","https://kraftboxpack.com/product/kraft-juice-bottle-carriers/","Kraft Juice Bottle Carriers","product-grid"
"https://kraftboxpack.com/product/kraft-brownie-packaging-boxes/","https://kraftboxpack.com/product/kraft-macaron-packaging-boxes/","Kraft Macaron Packaging Boxes","contextual"
"https://kraftboxpack.com/product/kraft-brownie-packaging-boxes/","https://kraftboxpack.com/products/","Search products","contextual"
"https://kraftboxpack.com/product/kraft-brownie-packaging-boxes/","https://kraftboxpack.com/refund_returns/","Refund and Returns Policy","navigation"
"https://kraftboxpack.com/product/kraft-brownie-packaging-boxes/","https://kraftboxpack.com/terms-conditions/","Terms & Conditions","navigation"
"https://kraftboxpack.com/product/kraft-bulk-shipping-crates/","https://kraftboxpack.com/","","navigation"
"https://kraftboxpack.com/product/kraft-bulk-shipping-crates/","https://kraftboxpack.com/about-us/","About Us","navigation"
"https://kraftboxpack.com/product/kraft-bulk-shipping-crates/","https://kraftboxpack.com/contact-us/","Contact Us","navigation"
"https://kraftboxpack.com/product/kraft-bulk-shipping-crates/","https://kraftboxpack.com/get-a-quote/","Get a Quote","contextual"
"https://kraftboxpack.com/product/kraft-bulk-shipping-crates/","https://kraftboxpack.com/privacy-policy/","Privacy Policy","navigation"
"https://kraftboxpack.com/product/kraft-bulk-shipping-crates/","https://kraftboxpack.com/product-category/colored-kraft-boxes/","Colored Kraft Boxes","navigation"
"https://kraftboxpack.com/product/kraft-bulk-shipping-crates/","https://kraftboxpack.com/product-category/kraft-gift-specialty-boxes/","Kraft Gift & Specialty Boxes","navigation"
"https://kraftboxpack.com/product/kraft-bulk-shipping-crates/","https://kraftboxpack.com/product-category/kraft-industrial-packaging/","Kraft Industrial Packaging","navigation"
"https://kraftboxpack.com/product/kraft-bulk-shipping-crates/","https://kraftboxpack.com/product-category/kraft-packaging-boxes/","Kraft Packaging Boxes","navigation"
"https://kraftboxpack.com/product/kraft-bulk-shipping-crates/","https://kraftboxpack.com/product-category/kraft-wrapping-accessories/","Kraft Wrapping & Accessories","navigation"
"https://kraftboxpack.com/product/kraft-bulk-shipping-crates/","https://kraftboxpack.com/product/kraft-chemical-safe-boxes/","Kraft Chemical Safe Boxes","related-product"
"https://kraftboxpack.com/product/kraft-bulk-shipping-crates/","https://kraftboxpack.com/product/kraft-eco-friendly-compostable-boxes/","Kraft Eco Friendly Compostable Boxes","related-product"
"https://kraftboxpack.com/product/kraft-bulk-shipping-crates/","https://kraftboxpack.com/product/kraft-heavy-duty-storage-boxes/","Kraft Heavy Duty Storage Boxes","related-product"
"https://kraftboxpack.com/product/kraft-bulk-shipping-crates/","https://kraftboxpack.com/product/kraft-industrial-parts-boxes/","Kraft Industrial Parts Boxes","contextual"
"https://kraftboxpack.com/product/kraft-bulk-shipping-crates/","https://kraftboxpack.com/product/kraft-insulated-cold-boxes/","Kraft Insulated Cold Boxes","product-grid"
"https://kraftboxpack.com/product/kraft-bulk-shipping-crates/","https://kraftboxpack.com/product/kraft-recycled-kraft-boxes/","Kraft Recycled Kraft Boxes","product-grid"
"https://kraftboxpack.com/product/kraft-bulk-shipping-crates/","https://kraftboxpack.com/products/","Search products","contextual"
"https://kraftboxpack.com/product/kraft-bulk-shipping-crates/","https://kraftboxpack.com/refund_returns/","Refund and Returns Policy","navigation"
"https://kraftboxpack.com/product/kraft-bulk-shipping-crates/","https://kraftboxpack.com/terms-conditions/","Terms & Conditions","navigation"
"https://kraftboxpack.com/product/kraft-cake-boxes/","https://kraftboxpack.com/","","navigation"
"https://kraftboxpack.com/product/kraft-cake-boxes/","https://kraftboxpack.com/about-us/","About Us","navigation"
"https://kraftboxpack.com/product/kraft-cake-boxes/","https://kraftboxpack.com/contact-us/","Contact Us","navigation"
"https://kraftboxpack.com/product/kraft-cake-boxes/","https://kraftboxpack.com/get-a-quote/","Get a Quote","contextual"
"https://kraftboxpack.com/product/kraft-cake-boxes/","https://kraftboxpack.com/privacy-policy/","Privacy Policy","navigation"
"https://kraftboxpack.com/product/kraft-cake-boxes/","https://kraftboxpack.com/product-category/colored-kraft-boxes/","Colored Kraft Boxes","navigation"
"https://kraftboxpack.com/product/kraft-cake-boxes/","https://kraftboxpack.com/product-category/kraft-gift-specialty-boxes/","Kraft Gift & Specialty Boxes","navigation"
"https://kraftboxpack.com/product/kraft-cake-boxes/","https://kraftboxpack.com/product-category/kraft-packaging-boxes/","Kraft Packaging Boxes","navigation"
"https://kraftboxpack.com/product/kraft-cake-boxes/","https://kraftboxpack.com/product-category/kraft-wrapping-accessories/","Kraft Wrapping & Accessories","navigation"
"https://kraftboxpack.com/product/kraft-cake-boxes/","https://kraftboxpack.com/product/kraft-cardboard-boxes/","Kraft Cardboard Boxes","related-product"
"https://kraftboxpack.com/product/kraft-cake-boxes/","https://kraftboxpack.com/product/kraft-cookie-boxes/","Kraft Cookie Boxes","related-product"
"https://kraftboxpack.com/product/kraft-cake-boxes/","https://kraftboxpack.com/product/kraft-corrugated-boxes/","Kraft Corrugated Boxes","related-product"
"https://kraftboxpack.com/product/kraft-cake-boxes/","https://kraftboxpack.com/product/kraft-dispenser-boxes/","Kraft Dispenser Boxes","product-grid"
"https://kraftboxpack.com/product/kraft-cake-boxes/","https://kraftboxpack.com/product/kraft-drawer-boxes/","Kraft Drawer Boxes","product-grid"
"https://kraftboxpack.com/product/kraft-cake-boxes/","https://kraftboxpack.com/product/kraft-favor-boxes/","Kraft Favor Boxes","product-grid"
"https://kraftboxpack.com/product/kraft-cake-boxes/","https://kraftboxpack.com/product/kraft-food-boxes/","Kraft Food Boxes","product-grid"
"https://kraftboxpack.com/product/kraft-cake-boxes/","https://kraftboxpack.com/product/kraft-gable-boxes/","Kraft Gable Boxes","product-grid"
"https://kraftboxpack.com/product/kraft-cake-boxes/","https://kraftboxpack.com/product/kraft-mailer-boxes/","Kraft Mailer Boxes","contextual"
"https://kraftboxpack.com/product/kraft-cake-boxes/","https://kraftboxpack.com/products/","Search products","contextual"
"https://kraftboxpack.com/product/kraft-cake-boxes/","https://kraftboxpack.com/refund_returns/","Refund and Returns Policy","navigation"
"https://kraftboxpack.com/product/kraft-cake-boxes/","https://kraftboxpack.com/terms-conditions/","Terms & Conditions","navigation"
"https://kraftboxpack.com/product/kraft-calendar-boxes/","https://kraftboxpack.com/","","navigation"
"https://kraftboxpack.com/product/kraft-calendar-boxes/","https://kraftboxpack.com/about-us/","About Us","navigation"
"https://kraftboxpack.com/product/kraft-calendar-boxes/","https://kraftboxpack.com/contact-us/","Contact Us","navigation"
"https://kraftboxpack.com/product/kraft-calendar-boxes/","https://kraftboxpack.com/get-a-quote/","Get a Quote","contextual"
"https://kraftboxpack.com/product/kraft-calendar-boxes/","https://kraftboxpack.com/privacy-policy/","Privacy Policy","navigation"
"https://kraftboxpack.com/product/kraft-calendar-boxes/","https://kraftboxpack.com/product-category/colored-kraft-boxes/","Colored Kraft Boxes","navigation"
"https://kraftboxpack.com/product/kraft-calendar-boxes/","https://kraftboxpack.com/product-category/kraft-art-boxes/","Kraft Art Boxes","navigation"
"https://kraftboxpack.com/product/kraft-calendar-boxes/","https://kraftboxpack.com/product-category/kraft-gift-specialty-boxes/","Kraft Gift & Specialty Boxes","navigation"
"https://kraftboxpack.com/product/kraft-calendar-boxes/","https://kraftboxpack.com/product-category/kraft-packaging-boxes/","Kraft Packaging Boxes","navigation"
"https://kraftboxpack.com/product/kraft-calendar-boxes/","https://kraftboxpack.com/product-category/kraft-wrapping-accessories/","Kraft Wrapping & Accessories","navigation"
"https://kraftboxpack.com/product/kraft-calendar-boxes/","https://kraftboxpack.com/product/kraft-art-supply-packaging/","Kraft Art Supply Packaging","related-product"
"https://kraftboxpack.com/product/kraft-calendar-boxes/","https://kraftboxpack.com/product/kraft-brochure-packaging-boxes/","Kraft Brochure Packaging Boxes","related-product"
"https://kraftboxpack.com/product/kraft-calendar-boxes/","https://kraftboxpack.com/product/kraft-cd-dvd-packaging/","Kraft CD/DVD Packaging","contextual"
"https://kraftboxpack.com/product/kraft-calendar-boxes/","https://kraftboxpack.com/product/kraft-certificate-boxes/","Kraft Certificate Boxes","product-grid"
"https://kraftboxpack.com/product/kraft-calendar-boxes/","https://kraftboxpack.com/product/kraft-document-mailers/","Kraft Document Mailers","product-grid"
"https://kraftboxpack.com/product/kraft-calendar-boxes/","https://kraftboxpack.com/product/kraft-photo-frame-boxes/","Kraft Photo Frame Boxes","product-grid"
"https://kraftboxpack.com/product/kraft-calendar-boxes/","https://kraftboxpack.com/products/","Search products","contextual"
"https://kraftboxpack.com/product/kraft-calendar-boxes/","https://kraftboxpack.com/refund_returns/","Refund and Returns Policy","navigation"
"https://kraftboxpack.com/product/kraft-calendar-boxes/","https://kraftboxpack.com/terms-conditions/","Terms & Conditions","navigation"
"https://kraftboxpack.com/product/kraft-candle-boxes/","https://kraftboxpack.com/","","navigation"
"https://kraftboxpack.com/product/kraft-candle-boxes/","https://kraftboxpack.com/about-us/","About Us","navigation"
"https://kraftboxpack.com/product/kraft-candle-boxes/","https://kraftboxpack.com/contact-us/","Contact Us","navigation"
"https://kraftboxpack.com/product/kraft-candle-boxes/","https://kraftboxpack.com/get-a-quote/","Get a Quote","contextual"
"https://kraftboxpack.com/product/kraft-candle-boxes/","https://kraftboxpack.com/privacy-policy/","Privacy Policy","navigation"
"https://kraftboxpack.com/product/kraft-candle-boxes/","https://kraftboxpack.com/product-category/colored-kraft-boxes/","Colored Kraft Boxes","navigation"
"https://kraftboxpack.com/product/kraft-candle-boxes/","https://kraftboxpack.com/product-category/kraft-gift-specialty-boxes/","Kraft Gift & Specialty Boxes","navigation"
"https://kraftboxpack.com/product/kraft-candle-boxes/","https://kraftboxpack.com/product-category/kraft-packaging-boxes/","Kraft Packaging Boxes","navigation"
"https://kraftboxpack.com/product/kraft-candle-boxes/","https://kraftboxpack.com/product-category/kraft-wrapping-accessories/","Kraft Wrapping & Accessories","navigation"
"https://kraftboxpack.com/product/kraft-candle-boxes/","https://kraftboxpack.com/product/kraft-candy-boxes/","Kraft Candy Boxes","related-product"
"https://kraftboxpack.com/product/kraft-candle-boxes/","https://kraftboxpack.com/product/kraft-cupcake-boxes/","Kraft Cupcake Boxes","related-product"
"https://kraftboxpack.com/product/kraft-candle-boxes/","https://kraftboxpack.com/product/kraft-display-boxes/","Kraft Display Boxes","related-product"
"https://kraftboxpack.com/product/kraft-candle-boxes/","https://kraftboxpack.com/product/kraft-gift-boxes-with-lids/","Kraft Gift Boxes With Lids","product-grid"
"https://kraftboxpack.com/product/kraft-candle-boxes/","https://kraftboxpack.com/product/kraft-jewelry-boxes/","Kraft Jewelry Boxes","contextual"
"https://kraftboxpack.com/product/kraft-candle-boxes/","https://kraftboxpack.com/product/kraft-necklace-box/","Kraft Necklace Box","product-grid"
"https://kraftboxpack.com/product/kraft-candle-boxes/","https://kraftboxpack.com/product/kraft-paper-gift-boxes/","Kraft Paper Gift Boxes","product-grid"
"https://kraftboxpack.com/product/kraft-candle-boxes/","https://kraftboxpack.com/product/kraft-pillow-boxes/","Kraft Pillow Boxes","product-grid"
"https://kraftboxpack.com/product/kraft-candle-boxes/","https://kraftboxpack.com/products/","Search products","contextual"
"https://kraftboxpack.com/product/kraft-candle-boxes/","https://kraftboxpack.com/refund_returns/","Refund and Returns Policy","navigation"
"https://kraftboxpack.com/product/kraft-candle-boxes/","https://kraftboxpack.com/terms-conditions/","Terms & Conditions","navigation"
"https://kraftboxpack.com/product/kraft-candle-sleeve-boxes/","https://kraftboxpack.com/","","navigation"
"https://kraftboxpack.com/product/kraft-candle-sleeve-boxes/","https://kraftboxpack.com/about-us/","About Us","navigation"
"https://kraftboxpack.com/product/kraft-candle-sleeve-boxes/","https://kraftboxpack.com/contact-us/","Contact Us","navigation"
"https://kraftboxpack.com/product/kraft-candle-sleeve-boxes/","https://kraftboxpack.com/get-a-quote/","Get a Quote","contextual"
"https://kraftboxpack.com/product/kraft-candle-sleeve-boxes/","https://kraftboxpack.com/privacy-policy/","Privacy Policy","navigation"
"https://kraftboxpack.com/product/kraft-candle-sleeve-boxes/","https://kraftboxpack.com/product-category/colored-kraft-boxes/","Colored Kraft Boxes","navigation"
"https://kraftboxpack.com/product/kraft-candle-sleeve-boxes/","https://kraftboxpack.com/product-category/kraft-gift-specialty-boxes/","Kraft Gift & Specialty Boxes","navigation"
"https://kraftboxpack.com/product/kraft-candle-sleeve-boxes/","https://kraftboxpack.com/product-category/kraft-packaging-boxes/","Kraft Packaging Boxes","navigation"
"https://kraftboxpack.com/product/kraft-candle-sleeve-boxes/","https://kraftboxpack.com/product-category/kraft-packaging-boxes/karft-cosmetic-boxes/","Kraft Cosmetic Boxes","navigation"
"https://kraftboxpack.com/product/kraft-candle-sleeve-boxes/","https://kraftboxpack.com/product-category/kraft-wrapping-accessories/","Kraft Wrapping & Accessories","navigation"
"https://kraftboxpack.com/product/kraft-candle-sleeve-boxes/","https://kraftboxpack.com/product/kraft-beard-oil-boxes/","Kraft Beard Oil Boxes","related-product"
"https://kraftboxpack.com/product/kraft-candle-sleeve-boxes/","https://kraftboxpack.com/product/kraft-beauty-kit-boxes/","Kraft Beauty Kit Boxes","contextual"
"https://kraftboxpack.com/product/kraft-candle-sleeve-boxes/","https://kraftboxpack.com/product/kraft-eyelash-packaging-boxes/","Kraft Eyelash Packaging Boxes","related-product"
"https://kraftboxpack.com/product/kraft-candle-sleeve-boxes/","https://kraftboxpack.com/product/kraft-lip-balm-packaging-boxes/","Kraft Lip Balm Packaging Boxes","related-product"
"https://kraftboxpack.com/product/kraft-candle-sleeve-boxes/","https://kraftboxpack.com/product/kraft-makeup-palette-boxes/","Kraft Makeup Palette Boxes","product-grid"
"https://kraftboxpack.com/product/kraft-candle-sleeve-boxes/","https://kraftboxpack.com/product/kraft-perfume-boxes/","Kraft Perfume Boxes","product-grid"
"https://kraftboxpack.com/product/kraft-candle-sleeve-boxes/","https://kraftboxpack.com/product/kraft-skincare-boxes/","Kraft Skincare Boxes","product-grid"
"https://kraftboxpack.com/product/kraft-candle-sleeve-boxes/","https://kraftboxpack.com/product/kraft-soap-sleeve-boxes/","Kraft Soap Sleeve Boxes","product-grid"
"https://kraftboxpack.com/product/kraft-candle-sleeve-boxes/","https://kraftboxpack.com/product/kraft-wax-melt-boxes/","Kraft Wax Melt Boxes","product-grid"
"https://kraftboxpack.com/product/kraft-candle-sleeve-boxes/","https://kraftboxpack.com/products/","Search products","contextual"
"https://kraftboxpack.com/product/kraft-candle-sleeve-boxes/","https://kraftboxpack.com/refund_returns/","Refund and Returns Policy","navigation"
"https://kraftboxpack.com/product/kraft-candle-sleeve-boxes/","https://kraftboxpack.com/terms-conditions/","Terms & Conditions","navigation"
"https://kraftboxpack.com/product/kraft-candy-boxes/","https://kraftboxpack.com/","","navigation"
"https://kraftboxpack.com/product/kraft-candy-boxes/","https://kraftboxpack.com/about-us/","About Us","navigation"
"https://kraftboxpack.com/product/kraft-candy-boxes/","https://kraftboxpack.com/contact-us/","Contact Us","navigation"
"https://kraftboxpack.com/product/kraft-candy-boxes/","https://kraftboxpack.com/get-a-quote/","Get a Quote","contextual"
"https://kraftboxpack.com/product/kraft-candy-boxes/","https://kraftboxpack.com/privacy-policy/","Privacy Policy","navigation"
"https://kraftboxpack.com/product/kraft-candy-boxes/","https://kraftboxpack.com/product-category/colored-kraft-boxes/","Colored Kraft Boxes","navigation"
"https://kraftboxpack.com/product/kraft-candy-boxes/","https://kraftboxpack.com/product-category/kraft-gift-specialty-boxes/","Kraft Gift & Specialty Boxes","navigation"
"https://kraftboxpack.com/product/kraft-candy-boxes/","https://kraftboxpack.com/product-category/kraft-packaging-boxes/","Kraft Packaging Boxes","navigation"
"https://kraftboxpack.com/product/kraft-candy-boxes/","https://kraftboxpack.com/product-category/kraft-wrapping-accessories/","Kraft Wrapping & Accessories","navigation"
"https://kraftboxpack.com/product/kraft-candy-boxes/","https://kraftboxpack.com/product/kraft-cupcake-boxes/","Kraft Cupcake Boxes","related-product"
"https://kraftboxpack.com/product/kraft-candy-boxes/","https://kraftboxpack.com/product/kraft-display-boxes/","Kraft Display Boxes","related-product"
"https://kraftboxpack.com/product/kraft-candy-boxes/","https://kraftboxpack.com/product/kraft-gift-boxes-with-lids/","Kraft Gift Boxes With Lids","contextual"
"https://kraftboxpack.com/product/kraft-candy-boxes/","https://kraftboxpack.com/product/kraft-jewelry-boxes/","Kraft Jewelry Boxes","product-grid"
"https://kraftboxpack.com/product/kraft-candy-boxes/","https://kraftboxpack.com/product/kraft-necklace-box/","Kraft Necklace Box","product-grid"
"https://kraftboxpack.com/product/kraft-candy-boxes/","https://kraftboxpack.com/product/kraft-paper-gift-boxes/","Kraft Paper Gift Boxes","product-grid"
"https://kraftboxpack.com/product/kraft-candy-boxes/","https://kraftboxpack.com/product/kraft-pillow-boxes/","Kraft Pillow Boxes","product-grid"
"https://kraftboxpack.com/product/kraft-candy-boxes/","https://kraftboxpack.com/product/kraft-round-boxes/","Kraft Round Boxes","product-grid"
"https://kraftboxpack.com/product/kraft-candy-boxes/","https://kraftboxpack.com/products/","Search products","contextual"
"https://kraftboxpack.com/product/kraft-candy-boxes/","https://kraftboxpack.com/refund_returns/","Refund and Returns Policy","navigation"
"https://kraftboxpack.com/product/kraft-candy-boxes/","https://kraftboxpack.com/terms-conditions/","Terms & Conditions","navigation"
"https://kraftboxpack.com/product/kraft-candy-favor-boxes/","https://kraftboxpack.com/","","navigation"
"https://kraftboxpack.com/product/kraft-candy-favor-boxes/","https://kraftboxpack.com/about-us/","About Us","navigation"
"https://kraftboxpack.com/product/kraft-candy-favor-boxes/","https://kraftboxpack.com/contact-us/","Contact Us","navigation"
"https://kraftboxpack.com/product/kraft-candy-favor-boxes/","https://kraftboxpack.com/get-a-quote/","Get a Quote","contextual"
"https://kraftboxpack.com/product/kraft-candy-favor-boxes/","https://kraftboxpack.com/privacy-policy/","Privacy Policy","navigation"
"https://kraftboxpack.com/product/kraft-candy-favor-boxes/","https://kraftboxpack.com/product-category/colored-kraft-boxes/","Colored Kraft Boxes","navigation"
"https://kraftboxpack.com/product/kraft-candy-favor-boxes/","https://kraftboxpack.com/product-category/kraft-gift-specialty-boxes/","Kraft Gift & Specialty Boxes","navigation"
"https://kraftboxpack.com/product/kraft-candy-favor-boxes/","https://kraftboxpack.com/product-category/kraft-gift-specialty-boxes/custom-gift-boxes/","Custom Gift Boxes","navigation"
"https://kraftboxpack.com/product/kraft-candy-favor-boxes/","https://kraftboxpack.com/product-category/kraft-packaging-boxes/","Kraft Packaging Boxes","navigation"
"https://kraftboxpack.com/product/kraft-candy-favor-boxes/","https://kraftboxpack.com/product-category/kraft-wrapping-accessories/","Kraft Wrapping & Accessories","navigation"
"https://kraftboxpack.com/product/kraft-candy-favor-boxes/","https://kraftboxpack.com/product/kraft-drawer-gift-boxes/","Kraft Drawer Gift Boxes","related-product"
"https://kraftboxpack.com/product/kraft-candy-favor-boxes/","https://kraftboxpack.com/product/kraft-event-favor-boxes/","Kraft Event Favor Boxes","contextual"
"https://kraftboxpack.com/product/kraft-candy-favor-boxes/","https://kraftboxpack.com/product/kraft-flip-top-rigid-boxes/","Kraft Flip Top Rigid Boxes","related-product"
"https://kraftboxpack.com/product/kraft-candy-favor-boxes/","https://kraftboxpack.com/product/kraft-flower-boxes/","Kraft Flower Boxes","product-grid"
"https://kraftboxpack.com/product/kraft-candy-favor-boxes/","https://kraftboxpack.com/product/kraft-gift-card-boxes/","Kraft Gift Card Boxes","product-grid"
"https://kraftboxpack.com/product/kraft-candy-favor-boxes/","https://kraftboxpack.com/product/kraft-gift-hamper-boxes/","Kraft Gift Hamper Boxes","product-grid"
"https://kraftboxpack.com/product/kraft-candy-favor-boxes/","https://kraftboxpack.com/product/kraft-giveaway-packaging-boxes/","Kraft Giveaway Packaging Boxes","product-grid"
"https://kraftboxpack.com/product/kraft-candy-favor-boxes/","https://kraftboxpack.com/product/kraft-heart-shaped-boxes/","Kraft Heart Shaped Boxes","product-grid"
"https://kraftboxpack.com/product/kraft-candy-favor-boxes/","https://kraftboxpack.com/products/","Search products","contextual"
"https://kraftboxpack.com/product/kraft-candy-favor-boxes/","https://kraftboxpack.com/refund_returns/","Refund and Returns Policy","navigation"
"https://kraftboxpack.com/product/kraft-candy-favor-boxes/","https://kraftboxpack.com/terms-conditions/","Terms & Conditions","navigation"
"https://kraftboxpack.com/product/kraft-cardboard-boxes/","https://kraftboxpack.com/","","navigation"
"https://kraftboxpack.com/product/kraft-cardboard-boxes/","https://kraftboxpack.com/about-us/","About Us","navigation"
"https://kraftboxpack.com/product/kraft-cardboard-boxes/","https://kraftboxpack.com/contact-us/","Contact Us","navigation"
"https://kraftboxpack.com/product/kraft-cardboard-boxes/","https://kraftboxpack.com/get-a-quote/","Get a Quote","contextual"
"https://kraftboxpack.com/product/kraft-cardboard-boxes/","https://kraftboxpack.com/privacy-policy/","Privacy Policy","navigation"
"https://kraftboxpack.com/product/kraft-cardboard-boxes/","https://kraftboxpack.com/product-category/colored-kraft-boxes/","Colored Kraft Boxes","navigation"
"https://kraftboxpack.com/product/kraft-cardboard-boxes/","https://kraftboxpack.com/product-category/kraft-gift-specialty-boxes/","Kraft Gift & Specialty Boxes","navigation"
"https://kraftboxpack.com/product/kraft-cardboard-boxes/","https://kraftboxpack.com/product-category/kraft-packaging-boxes/","Kraft Packaging Boxes","navigation"
"https://kraftboxpack.com/product/kraft-cardboard-boxes/","https://kraftboxpack.com/product-category/kraft-wrapping-accessories/","Kraft Wrapping & Accessories","navigation"
"https://kraftboxpack.com/product/kraft-cardboard-boxes/","https://kraftboxpack.com/product/kraft-cookie-boxes/","Kraft Cookie Boxes","related-product"
"https://kraftboxpack.com/product/kraft-cardboard-boxes/","https://kraftboxpack.com/product/kraft-corrugated-boxes/","Kraft Corrugated Boxes","related-product"
"https://kraftboxpack.com/product/kraft-cardboard-boxes/","https://kraftboxpack.com/product/kraft-dispenser-boxes/","Kraft Dispenser Boxes","related-product"
"https://kraftboxpack.com/product/kraft-cardboard-boxes/","https://kraftboxpack.com/product/kraft-drawer-boxes/","Kraft Drawer Boxes","contextual"
"https://kraftboxpack.com/product/kraft-cardboard-boxes/","https://kraftboxpack.com/product/kraft-favor-boxes/","Kraft Favor Boxes","product-grid"
"https://kraftboxpack.com/product/kraft-cardboard-boxes/","https://kraftboxpack.com/product/kraft-food-boxes/","Kraft Food Boxes","product-grid"
"https://kraftboxpack.com/product/kraft-cardboard-boxes/","https://kraftboxpack.com/product/kraft-gable-boxes/","Kraft Gable Boxes","product-grid"
"https://kraftboxpack.com/product/kraft-cardboard-boxes/","https://kraftboxpack.com/product/kraft-mailer-boxes/","Kraft Mailer Boxes","product-grid"
"https://kraftboxpack.com/product/kraft-cardboard-boxes/","https://kraftboxpack.com/products/","Search products","contextual"
"https://kraftboxpack.com/product/kraft-cardboard-boxes/","https://kraftboxpack.com/refund_returns/","Refund and Returns Policy","navigation"
"https://kraftboxpack.com/product/kraft-cardboard-boxes/","https://kraftboxpack.com/terms-conditions/","Terms & Conditions","navigation"
"https://kraftboxpack.com/product/kraft-cd-dvd-packaging/","https://kraftboxpack.com/","","navigation"
"https://kraftboxpack.com/product/kraft-cd-dvd-packaging/","https://kraftboxpack.com/about-us/","About Us","navigation"
"https://kraftboxpack.com/product/kraft-cd-dvd-packaging/","https://kraftboxpack.com/contact-us/","Contact Us","navigation"
"https://kraftboxpack.com/product/kraft-cd-dvd-packaging/","https://kraftboxpack.com/get-a-quote/","Get a Quote","contextual"
"https://kraftboxpack.com/product/kraft-cd-dvd-packaging/","https://kraftboxpack.com/privacy-policy/","Privacy Policy","navigation"
"https://kraftboxpack.com/product/kraft-cd-dvd-packaging/","https://kraftboxpack.com/product-category/colored-kraft-boxes/","Colored Kraft Boxes","navigation"
"https://kraftboxpack.com/product/kraft-cd-dvd-packaging/","https://kraftboxpack.com/product-category/kraft-art-boxes/","Kraft Art Boxes","navigation"
"https://kraftboxpack.com/product/kraft-cd-dvd-packaging/","https://kraftboxpack.com/product-category/kraft-gift-specialty-boxes/","Kraft Gift & Specialty Boxes","navigation"
"https://kraftboxpack.com/product/kraft-cd-dvd-packaging/","https://kraftboxpack.com/product-category/kraft-packaging-boxes/","Kraft Packaging Boxes","navigation"
"https://kraftboxpack.com/product/kraft-cd-dvd-packaging/","https://kraftboxpack.com/product-category/kraft-wrapping-accessories/","Kraft Wrapping & Accessories","navigation"
"https://kraftboxpack.com/product/kraft-cd-dvd-packaging/","https://kraftboxpack.com/product/kraft-art-supply-packaging/","Kraft Art Supply Packaging","related-product"
"https://kraftboxpack.com/product/kraft-cd-dvd-packaging/","https://kraftboxpack.com/product/kraft-brochure-packaging-boxes/","Kraft Brochure Packaging Boxes","related-product"
"https://kraftboxpack.com/product/kraft-cd-dvd-packaging/","https://kraftboxpack.com/product/kraft-calendar-boxes/","Kraft Calendar Boxes","related-product"
"https://kraftboxpack.com/product/kraft-cd-dvd-packaging/","https://kraftboxpack.com/product/kraft-certificate-boxes/","Kraft Certificate Boxes","product-grid"
"https://kraftboxpack.com/product/kraft-cd-dvd-packaging/","https://kraftboxpack.com/product/kraft-document-mailers/","Kraft Document Mailers","contextual"
"https://kraftboxpack.com/product/kraft-cd-dvd-packaging/","https://kraftboxpack.com/product/kraft-photo-frame-boxes/","Kraft Photo Frame Boxes","product-grid"
"https://kraftboxpack.com/product/kraft-cd-dvd-packaging/","https://kraftboxpack.com/products/","Search products","contextual"
"https://kraftboxpack.com/product/kraft-cd-dvd-packaging/","https://kraftboxpack.com/refund_returns/","Refund and Returns Policy","navigation"
"https://kraftboxpack.com/product/kraft-cd-dvd-packaging/","https://kraftboxpack.com/terms-conditions/","Terms & Conditions","navigation"
"https://kraftboxpack.com/product/kraft-certificate-boxes/","https://kraftboxpack.com/","","navigation"
"https://kraftboxpack.com/product/kraft-certificate-boxes/","https://kraftboxpack.com/about-us/","About Us","navigation"
"https://kraftboxpack.com/product/kraft-certificate-boxes/","https://kraftboxpack.com/contact-us/","Contact Us","navigation"
"https://kraftboxpack.com/product/kraft-certificate-boxes/","https://kraftboxpack.com/get-a-quote/","Get a Quote","contextual"
"https://kraftboxpack.com/product/kraft-certificate-boxes/","https://kraftboxpack.com/privacy-policy/","Privacy Policy","navigation"
"https://kraftboxpack.com/product/kraft-certificate-boxes/","https://kraftboxpack.com/product-category/colored-kraft-boxes/","Colored Kraft Boxes","navigation"
"https://kraftboxpack.com/product/kraft-certificate-boxes/","https://kraftboxpack.com/product-category/kraft-art-boxes/","Kraft Art Boxes","navigation"
"https://kraftboxpack.com/product/kraft-certificate-boxes/","https://kraftboxpack.com/product-category/kraft-gift-specialty-boxes/","Kraft Gift & Specialty Boxes","navigation"
"https://kraftboxpack.com/product/kraft-certificate-boxes/","https://kraftboxpack.com/product-category/kraft-packaging-boxes/","Kraft Packaging Boxes","navigation"
"https://kraftboxpack.com/product/kraft-certificate-boxes/","https://kraftboxpack.com/product-category/kraft-wrapping-accessories/","Kraft Wrapping & Accessories","navigation"
"https://kraftboxpack.com/product/kraft-certificate-boxes/","https://kraftboxpack.com/product/kraft-art-supply-packaging/","Kraft Art Supply Packaging","related-product"
"https://kraftboxpack.com/product/kraft-certificate-boxes/","https://kraftboxpack.com/product/kraft-brochure-packaging-boxes/","Kraft Brochure Packaging Boxes","related-product"
"https://kraftboxpack.com/product/kraft-certificate-boxes/","https://kraftboxpack.com/product/kraft-calendar-boxes/","Kraft Calendar Boxes","related-product"
"https://kraftboxpack.com/product/kraft-certificate-boxes/","https://kraftboxpack.com/product/kraft-cd-dvd-packaging/","Kraft CD/DVD Packaging","product-grid"
"https://kraftboxpack.com/product/kraft-certificate-boxes/","https://kraftboxpack.com/product/kraft-document-mailers/","Kraft Document Mailers","product-grid"
"https://kraftboxpack.com/product/kraft-certificate-boxes/","https://kraftboxpack.com/product/kraft-photo-frame-boxes/","Kraft Photo Frame Boxes","contextual"
"https://kraftboxpack.com/product/kraft-certificate-boxes/","https://kraftboxpack.com/products/","Search products","contextual"
"https://kraftboxpack.com/product/kraft-certificate-boxes/","https://kraftboxpack.com/refund_returns/","Refund and Returns Policy","navigation"
"https://kraftboxpack.com/product/kraft-certificate-boxes/","https://kraftboxpack.com/terms-conditions/","Terms & Conditions","navigation"
"https://kraftboxpack.com/product/kraft-chemical-safe-boxes/","https://kraftboxpack.com/","","navigation"
"https://kraftboxpack.com/product/kraft-chemical-safe-boxes/","https://kraftboxpack.com/about-us/","About Us","navigation"
"https://kraftboxpack.com/product/kraft-chemical-safe-boxes/","https://kraftboxpack.com/contact-us/","Contact Us","navigation"
"https://kraftboxpack.com/product/kraft-chemical-safe-boxes/","https://kraftboxpack.com/get-a-quote/","Get a Quote","contextual"
"https://kraftboxpack.com/product/kraft-chemical-safe-boxes/","https://kraftboxpack.com/privacy-policy/","Privacy Policy","navigation"
"https://kraftboxpack.com/product/kraft-chemical-safe-boxes/","https://kraftboxpack.com/product-category/colored-kraft-boxes/","Colored Kraft Boxes","navigation"
"https://kraftboxpack.com/product/kraft-chemical-safe-boxes/","https://kraftboxpack.com/product-category/kraft-gift-specialty-boxes/","Kraft Gift & Specialty Boxes","navigation"
"https://kraftboxpack.com/product/kraft-chemical-safe-boxes/","https://kraftboxpack.com/product-category/kraft-industrial-packaging/","Kraft Industrial Packaging","navigation"
"https://kraftboxpack.com/product/kraft-chemical-safe-boxes/","https://kraftboxpack.com/product-category/kraft-packaging-boxes/","Kraft Packaging Boxes","navigation"
"https://kraftboxpack.com/product/kraft-chemical-safe-boxes/","https://kraftboxpack.com/product-category/kraft-wrapping-accessories/","Kraft Wrapping & Accessories","navigation"
"https://kraftboxpack.com/product/kraft-chemical-safe-boxes/","https://kraftboxpack.com/product/kraft-bulk-shipping-crates/","Kraft Bulk Shipping Crates","related-product"
"https://kraftboxpack.com/product/kraft-chemical-safe-boxes/","https://kraftboxpack.com/product/kraft-eco-friendly-compostable-boxes/","Kraft Eco Friendly Compostable Boxes","related-product"
"https://kraftboxpack.com/product/kraft-chemical-safe-boxes/","https://kraftboxpack.com/product/kraft-heavy-duty-storage-boxes/","Kraft Heavy Duty Storage Boxes","contextual"
"https://kraftboxpack.com/product/kraft-chemical-safe-boxes/","https://kraftboxpack.com/product/kraft-industrial-parts-boxes/","Kraft Industrial Parts Boxes","product-grid"
"https://kraftboxpack.com/product/kraft-chemical-safe-boxes/","https://kraftboxpack.com/product/kraft-insulated-cold-boxes/","Kraft Insulated Cold Boxes","product-grid"
"https://kraftboxpack.com/product/kraft-chemical-safe-boxes/","https://kraftboxpack.com/product/kraft-recycled-kraft-boxes/","Kraft Recycled Kraft Boxes","product-grid"
"https://kraftboxpack.com/product/kraft-chemical-safe-boxes/","https://kraftboxpack.com/products/","Search products","contextual"
"https://kraftboxpack.com/product/kraft-chemical-safe-boxes/","https://kraftboxpack.com/refund_returns/","Refund and Returns Policy","navigation"
"https://kraftboxpack.com/product/kraft-chemical-safe-boxes/","https://kraftboxpack.com/terms-conditions/","Terms & Conditions","navigation"
"https://kraftboxpack.com/product/kraft-chocolate-packaging-boxes/","https://kraftboxpack.com/","","navigation"
"https://kraftboxpack.com/product/kraft-chocolate-packaging-boxes/","https://kraftboxpack.com/about-us/","About Us","navigation"
"https://kraftboxpack.com/product/kraft-chocolate-packaging-boxes/","https://kraftboxpack.com/contact-us/","Contact Us","navigation"
"https://kraftboxpack.com/product/kraft-chocolate-packaging-boxes/","https://kraftboxpack.com/get-a-quote/","Get a Quote","contextual"
"https://kraftboxpack.com/product/kraft-chocolate-packaging-boxes/","https://kraftboxpack.com/privacy-policy/","Privacy Policy","navigation"
"https://kraftboxpack.com/product/kraft-chocolate-packaging-boxes/","https://kraftboxpack.com/product-category/colored-kraft-boxes/","Colored Kraft Boxes","navigation"
"https://kraftboxpack.com/product/kraft-chocolate-packaging-boxes/","https://kraftboxpack.com/product-category/kraft-food-packaging/","Kraft Food Packaging","navigation"
"https://kraftboxpack.com/product/kraft-chocolate-packaging-boxes/","https://kraftboxpack.com/product-category/kraft-gift-specialty-boxes/","Kraft Gift & Specialty Boxes","navigation"
"https://kraftboxpack.com/product/kraft-chocolate-packaging-boxes/","https://kraftboxpack.com/product-category/kraft-packaging-boxes/","Kraft Packaging Boxes","navigation"
"https://kraftboxpack.com/product/kraft-chocolate-packaging-boxes/","https://kraftboxpack.com/product-category/kraft-wrapping-accessories/","Kraft Wrapping & Accessories","navigation"
"https://kraftboxpack.com/product/kraft-chocolate-packaging-boxes/","https://kraftboxpack.com/product/kraft-coffee-packaging-boxes/","No image Kraft Coffee Packaging Boxes","related-product"
"https://kraftboxpack.com/product/kraft-chocolate-packaging-boxes/","https://kraftboxpack.com/product/kraft-donut-packaging-boxes/","Kraft Donut Packaging Boxes","related-product"
"https://kraftboxpack.com/product/kraft-chocolate-packaging-boxes/","https://kraftboxpack.com/product/kraft-egg-cartons/","Kraft Egg Cartons","related-product"
"https://kraftboxpack.com/product/kraft-chocolate-packaging-boxes/","https://kraftboxpack.com/product/kraft-frozen-food-boxes/","Kraft Frozen Food Boxes","related-product"
"https://kraftboxpack.com/product/kraft-chocolate-packaging-boxes/","https://kraftboxpack.com/product/kraft-fruit-packaging-boxes/","Kraft Fruit Packaging Boxes","product-grid"
"https://kraftboxpack.com/product/kraft-chocolate-packaging-boxes/","https://kraftboxpack.com/product/kraft-granola-bar-boxes/","Kraft Granola Bar Boxes","product-grid"
"https://kraftboxpack.com/product/kraft-chocolate-packaging-boxes/","https://kraftboxpack.com/product/kraft-juice-bottle-carriers/","Kraft Juice Bottle Carriers","product-grid"
"https://kraftboxpack.com/product/kraft-chocolate-packaging-boxes/","https://kraftboxpack.com/product/kraft-macaron-packaging-boxes/","Kraft Macaron Packaging Boxes","product-grid"
"https://kraftboxpack.com/product/kraft-chocolate-packaging-boxes/","https://kraftboxpack.com/product/kraft-popcorn-packaging-boxes/","Kraft Popcorn Packaging Boxes","contextual"
"https://kraftboxpack.com/product/kraft-chocolate-packaging-boxes/","https://kraftboxpack.com/products/","Search products","contextual"
"https://kraftboxpack.com/product/kraft-chocolate-packaging-boxes/","https://kraftboxpack.com/refund_returns/","Refund and Returns Policy","navigation"
"https://kraftboxpack.com/product/kraft-chocolate-packaging-boxes/","https://kraftboxpack.com/terms-conditions/","Terms & Conditions","navigation"
"https://kraftboxpack.com/product/kraft-coffee-packaging-boxes/","https://kraftboxpack.com/","","navigation"
"https://kraftboxpack.com/product/kraft-coffee-packaging-boxes/","https://kraftboxpack.com/about-us/","About Us","navigation"
"https://kraftboxpack.com/product/kraft-coffee-packaging-boxes/","https://kraftboxpack.com/contact-us/","Contact Us","navigation"
"https://kraftboxpack.com/product/kraft-coffee-packaging-boxes/","https://kraftboxpack.com/get-a-quote/","Get a Quote","contextual"
"https://kraftboxpack.com/product/kraft-coffee-packaging-boxes/","https://kraftboxpack.com/privacy-policy/","Privacy Policy","navigation"
"https://kraftboxpack.com/product/kraft-coffee-packaging-boxes/","https://kraftboxpack.com/product-category/colored-kraft-boxes/","Colored Kraft Boxes","navigation"
"https://kraftboxpack.com/product/kraft-coffee-packaging-boxes/","https://kraftboxpack.com/product-category/kraft-food-packaging/","Kraft Food Packaging","navigation"
"https://kraftboxpack.com/product/kraft-coffee-packaging-boxes/","https://kraftboxpack.com/product-category/kraft-gift-specialty-boxes/","Kraft Gift & Specialty Boxes","navigation"
"https://kraftboxpack.com/product/kraft-coffee-packaging-boxes/","https://kraftboxpack.com/product-category/kraft-packaging-boxes/","Kraft Packaging Boxes","navigation"
"https://kraftboxpack.com/product/kraft-coffee-packaging-boxes/","https://kraftboxpack.com/product-category/kraft-wrapping-accessories/","Kraft Wrapping & Accessories","navigation"
"https://kraftboxpack.com/product/kraft-coffee-packaging-boxes/","https://kraftboxpack.com/product/kraft-donut-packaging-boxes/","Kraft Donut Packaging Boxes","related-product"
"https://kraftboxpack.com/product/kraft-coffee-packaging-boxes/","https://kraftboxpack.com/product/kraft-egg-cartons/","Kraft Egg Cartons","related-product"
"https://kraftboxpack.com/product/kraft-coffee-packaging-boxes/","https://kraftboxpack.com/product/kraft-frozen-food-boxes/","Kraft Frozen Food Boxes","related-product"
"https://kraftboxpack.com/product/kraft-coffee-packaging-boxes/","https://kraftboxpack.com/product/kraft-fruit-packaging-boxes/","Kraft Fruit Packaging Boxes","product-grid"
"https://kraftboxpack.com/product/kraft-coffee-packaging-boxes/","https://kraftboxpack.com/product/kraft-granola-bar-boxes/","Kraft Granola Bar Boxes","product-grid"
"https://kraftboxpack.com/product/kraft-coffee-packaging-boxes/","https://kraftboxpack.com/product/kraft-juice-bottle-carriers/","Kraft Juice Bottle Carriers","product-grid"
"https://kraftboxpack.com/product/kraft-coffee-packaging-boxes/","https://kraftboxpack.com/product/kraft-macaron-packaging-boxes/","Kraft Macaron Packaging Boxes","product-grid"
"https://kraftboxpack.com/product/kraft-coffee-packaging-boxes/","https://kraftboxpack.com/product/kraft-meat-packaging-boxes/","Kraft Meat Packaging Boxes","product-grid"
"https://kraftboxpack.com/product/kraft-coffee-packaging-boxes/","https://kraftboxpack.com/product/kraft-tea-packaging-boxes/","Kraft Tea Packaging Boxes","contextual"
"https://kraftboxpack.com/product/kraft-coffee-packaging-boxes/","https://kraftboxpack.com/products/","Search products","contextual"
"https://kraftboxpack.com/product/kraft-coffee-packaging-boxes/","https://kraftboxpack.com/refund_returns/","Refund and Returns Policy","navigation"
"https://kraftboxpack.com/product/kraft-coffee-packaging-boxes/","https://kraftboxpack.com/terms-conditions/","Terms & Conditions","navigation"
"https://kraftboxpack.com/product/kraft-cookie-boxes/","https://kraftboxpack.com/","","navigation"
"https://kraftboxpack.com/product/kraft-cookie-boxes/","https://kraftboxpack.com/about-us/","About Us","navigation"
"https://kraftboxpack.com/product/kraft-cookie-boxes/","https://kraftboxpack.com/contact-us/","Contact Us","navigation"
"https://kraftboxpack.com/product/kraft-cookie-boxes/","https://kraftboxpack.com/get-a-quote/","Get a Quote","contextual"
"https://kraftboxpack.com/product/kraft-cookie-boxes/","https://kraftboxpack.com/privacy-policy/","Privacy Policy","navigation"
"https://kraftboxpack.com/product/kraft-cookie-boxes/","https://kraftboxpack.com/product-category/colored-kraft-boxes/","Colored Kraft Boxes","navigation"
"https://kraftboxpack.com/product/kraft-cookie-boxes/","https://kraftboxpack.com/product-category/kraft-gift-specialty-boxes/","Kraft Gift & Specialty Boxes","navigation"
"https://kraftboxpack.com/product/kraft-cookie-boxes/","https://kraftboxpack.com/product-category/kraft-packaging-boxes/","Kraft Packaging Boxes","navigation"
"https://kraftboxpack.com/product/kraft-cookie-boxes/","https://kraftboxpack.com/product-category/kraft-wrapping-accessories/","Kraft Wrapping & Accessories","navigation"
"https://kraftboxpack.com/product/kraft-cookie-boxes/","https://kraftboxpack.com/product/kraft-corrugated-boxes/","Kraft Corrugated Boxes","related-product"
"https://kraftboxpack.com/product/kraft-cookie-boxes/","https://kraftboxpack.com/product/kraft-dispenser-boxes/","Kraft Dispenser Boxes","related-product"
"https://kraftboxpack.com/product/kraft-cookie-boxes/","https://kraftboxpack.com/product/kraft-drawer-boxes/","Kraft Drawer Boxes","related-product"
"https://kraftboxpack.com/product/kraft-cookie-boxes/","https://kraftboxpack.com/product/kraft-favor-boxes/","Kraft Favor Boxes","product-grid"
"https://kraftboxpack.com/product/kraft-cookie-boxes/","https://kraftboxpack.com/product/kraft-food-boxes/","Kraft Food Boxes","product-grid"
"https://kraftboxpack.com/product/kraft-cookie-boxes/","https://kraftboxpack.com/product/kraft-gable-boxes/","Kraft Gable Boxes","product-grid"
"https://kraftboxpack.com/product/kraft-cookie-boxes/","https://kraftboxpack.com/product/kraft-mailer-boxes/","Kraft Mailer Boxes","product-grid"
"https://kraftboxpack.com/product/kraft-cookie-boxes/","https://kraftboxpack.com/product/kraft-paper-treat-bags/","Kraft Paper Treat Bags","product-grid"
"https://kraftboxpack.com/product/kraft-cookie-boxes/","https://kraftboxpack.com/product/kraft-shipping-boxes/","Kraft Shipping Boxes","contextual"
"https://kraftboxpack.com/product/kraft-cookie-boxes/","https://kraftboxpack.com/products/","Search products","contextual"
"https://kraftboxpack.com/product/kraft-cookie-boxes/","https://kraftboxpack.com/refund_returns/","Refund and Returns Policy","navigation"
"https://kraftboxpack.com/product/kraft-cookie-boxes/","https://kraftboxpack.com/terms-conditions/","Terms & Conditions","navigation"
"https://kraftboxpack.com/product/kraft-corrugated-boxes/","https://kraftboxpack.com/","","navigation"
"https://kraftboxpack.com/product/kraft-corrugated-boxes/","https://kraftboxpack.com/about-us/","About Us","navigation"
"https://kraftboxpack.com/product/kraft-corrugated-boxes/","https://kraftboxpack.com/contact-us/","Contact Us","navigation"
"https://kraftboxpack.com/product/kraft-corrugated-boxes/","https://kraftboxpack.com/get-a-quote/","Get a Quote","contextual"
"https://kraftboxpack.com/product/kraft-corrugated-boxes/","https://kraftboxpack.com/privacy-policy/","Privacy Policy","navigation"
"https://kraftboxpack.com/product/kraft-corrugated-boxes/","https://kraftboxpack.com/product-category/colored-kraft-boxes/","Colored Kraft Boxes","navigation"
"https://kraftboxpack.com/product/kraft-corrugated-boxes/","https://kraftboxpack.com/product-category/kraft-gift-specialty-boxes/","Kraft Gift & Specialty Boxes","navigation"
"https://kraftboxpack.com/product/kraft-corrugated-boxes/","https://kraftboxpack.com/product-category/kraft-packaging-boxes/","Kraft Packaging Boxes","navigation"
"https://kraftboxpack.com/product/kraft-corrugated-boxes/","https://kraftboxpack.com/product-category/kraft-wrapping-accessories/","Kraft Wrapping & Accessories","navigation"
"https://kraftboxpack.com/product/kraft-corrugated-boxes/","https://kraftboxpack.com/product/kraft-dispenser-boxes/","Kraft Dispenser Boxes","related-product"
"https://kraftboxpack.com/product/kraft-corrugated-boxes/","https://kraftboxpack.com/product/kraft-drawer-boxes/","Kraft Drawer Boxes","related-product"
"https://kraftboxpack.com/product/kraft-corrugated-boxes/","https://kraftboxpack.com/product/kraft-favor-boxes/","Kraft Favor Boxes","contextual"
"https://kraftboxpack.com/product/kraft-corrugated-boxes/","https://kraftboxpack.com/product/kraft-food-boxes/","Kraft Food Boxes","product-grid"
"https://kraftboxpack.com/product/kraft-corrugated-boxes/","https://kraftboxpack.com/product/kraft-gable-boxes/","Kraft Gable Boxes","product-grid"
"https://kraftboxpack.com/product/kraft-corrugated-boxes/","https://kraftboxpack.com/product/kraft-mailer-boxes/","Kraft Mailer Boxes","product-grid"
"https://kraftboxpack.com/product/kraft-corrugated-boxes/","https://kraftboxpack.com/product/kraft-paper-treat-bags/","Kraft Paper Treat Bags","product-grid"
"https://kraftboxpack.com/product/kraft-corrugated-boxes/","https://kraftboxpack.com/product/kraft-paperboard-boxes/","Kraft Paperboard Boxes","product-grid"
"https://kraftboxpack.com/product/kraft-corrugated-boxes/","https://kraftboxpack.com/products/","Search products","contextual"
"https://kraftboxpack.com/product/kraft-corrugated-boxes/","https://kraftboxpack.com/refund_returns/","Refund and Returns Policy","navigation"
"https://kraftboxpack.com/product/kraft-corrugated-boxes/","https://kraftboxpack.com/terms-conditions/","Terms & Conditions","navigation"
"https://kraftboxpack.com/product/kraft-cupcake-boxes/","https://kraftboxpack.com/","","navigation"
"https://kraftboxpack.com/product/kraft-cupcake-boxes/","https://kraftboxpack.com/about-us/","About Us","navigation"
"https://kraftboxpack.com/product/kraft-cupcake-boxes/","https://kraftboxpack.com/contact-us/","Contact Us","navigation"
"https://kraftboxpack.com/product/kraft-cupcake-boxes/","https://kraftboxpack.com/get-a-quote/","Get a Quote","contextual"
"https://kraftboxpack.com/product/kraft-cupcake-boxes/","https://kraftboxpack.com/privacy-policy/","Privacy Policy","navigation"
"https://kraftboxpack.com/product/kraft-cupcake-boxes/","https://kraftboxpack.com/product-category/colored-kraft-boxes/","Colored Kraft Boxes","navigation"
"https://kraftboxpack.com/product/kraft-cupcake-boxes/","https://kraftboxpack.com/product-category/kraft-gift-specialty-boxes/","Kraft Gift & Specialty Boxes","navigation"
"https://kraftboxpack.com/product/kraft-cupcake-boxes/","https://kraftboxpack.com/product-category/kraft-packaging-boxes/","Kraft Packaging Boxes","navigation"
"https://kraftboxpack.com/product/kraft-cupcake-boxes/","https://kraftboxpack.com/product-category/kraft-wrapping-accessories/","Kraft Wrapping & Accessories","navigation"
"https://kraftboxpack.com/product/kraft-cupcake-boxes/","https://kraftboxpack.com/product/kraft-candy-boxes/","Kraft Candy Boxes","contextual"
"https://kraftboxpack.com/product/kraft-cupcake-boxes/","https://kraftboxpack.com/product/kraft-display-boxes/","Kraft Display Boxes","related-product"
"https://kraftboxpack.com/product/kraft-cupcake-boxes/","https://kraftboxpack.com/product/kraft-gift-boxes-with-lids/","Kraft Gift Boxes With Lids","related-product"
"https://kraftboxpack.com/product/kraft-cupcake-boxes/","https://kraftboxpack.com/product/kraft-jewelry-boxes/","Kraft Jewelry Boxes","related-product"
"https://kraftboxpack.com/product/kraft-cupcake-boxes/","https://kraftboxpack.com/product/kraft-necklace-box/","Kraft Necklace Box","product-grid"
"https://kraftboxpack.com/product/kraft-cupcake-boxes/","https://kraftboxpack.com/product/kraft-paper-gift-boxes/","Kraft Paper Gift Boxes","product-grid"
"https://kraftboxpack.com/product/kraft-cupcake-boxes/","https://kraftboxpack.com/product/kraft-pillow-boxes/","Kraft Pillow Boxes","product-grid"
"https://kraftboxpack.com/product/kraft-cupcake-boxes/","https://kraftboxpack.com/product/kraft-round-boxes/","Kraft Round Boxes","product-grid"
"https://kraftboxpack.com/product/kraft-cupcake-boxes/","https://kraftboxpack.com/product/large-kraft-gift-boxes/","Large Kraft Gift Boxes","product-grid"
"https://kraftboxpack.com/product/kraft-cupcake-boxes/","https://kraftboxpack.com/products/","Search products","contextual"
"https://kraftboxpack.com/product/kraft-cupcake-boxes/","https://kraftboxpack.com/refund_returns/","Refund and Returns Policy","navigation"
"https://kraftboxpack.com/product/kraft-cupcake-boxes/","https://kraftboxpack.com/terms-conditions/","Terms & Conditions","navigation"
"https://kraftboxpack.com/product/kraft-cylindrical-boxes/","https://kraftboxpack.com/","","navigation"
"https://kraftboxpack.com/product/kraft-cylindrical-boxes/","https://kraftboxpack.com/about-us/","About Us","navigation"
"https://kraftboxpack.com/product/kraft-cylindrical-boxes/","https://kraftboxpack.com/contact-us/","Contact Us","navigation"
"https://kraftboxpack.com/product/kraft-cylindrical-boxes/","https://kraftboxpack.com/get-a-quote/","Get a Quote","contextual"
"https://kraftboxpack.com/product/kraft-cylindrical-boxes/","https://kraftboxpack.com/privacy-policy/","Privacy Policy","navigation"
"https://kraftboxpack.com/product/kraft-cylindrical-boxes/","https://kraftboxpack.com/product-category/colored-kraft-boxes/","Colored Kraft Boxes","navigation"
"https://kraftboxpack.com/product/kraft-cylindrical-boxes/","https://kraftboxpack.com/product-category/kraft-gift-specialty-boxes/","Kraft Gift & Specialty Boxes","navigation"
"https://kraftboxpack.com/product/kraft-cylindrical-boxes/","https://kraftboxpack.com/product-category/kraft-luxury-packaging/","Kraft Luxury Packaging","navigation"
"https://kraftboxpack.com/product/kraft-cylindrical-boxes/","https://kraftboxpack.com/product-category/kraft-packaging-boxes/","Kraft Packaging Boxes","navigation"
"https://kraftboxpack.com/product/kraft-cylindrical-boxes/","https://kraftboxpack.com/product-category/kraft-wrapping-accessories/","Kraft Wrapping & Accessories","navigation"
"https://kraftboxpack.com/product/kraft-cylindrical-boxes/","https://kraftboxpack.com/product/kraft-hexagon-boxes/","Kraft Hexagon Boxes","related-product"
"https://kraftboxpack.com/product/kraft-cylindrical-boxes/","https://kraftboxpack.com/product/kraft-magnetic-closure-boxes/","Kraft Magnetic Closure Boxes","related-product"
"https://kraftboxpack.com/product/kraft-cylindrical-boxes/","https://kraftboxpack.com/product/kraft-octagon-boxes/","Kraft Octagon Boxes","related-product"
"https://kraftboxpack.com/product/kraft-cylindrical-boxes/","https://kraftboxpack.com/product/kraft-pyramid-boxes/","Kraft Pyramid Boxes","product-grid"
"https://kraftboxpack.com/product/kraft-cylindrical-boxes/","https://kraftboxpack.com/product/kraft-rigid-boxes/","Kraft Rigid Boxes","contextual"
"https://kraftboxpack.com/product/kraft-cylindrical-boxes/","https://kraftboxpack.com/product/kraft-triangle-boxes/","Kraft Triangle Boxes","product-grid"
"https://kraftboxpack.com/product/kraft-cylindrical-boxes/","https://kraftboxpack.com/product/kraft-tube-packaging/","Kraft Tube Packaging","product-grid"
"https://kraftboxpack.com/product/kraft-cylindrical-boxes/","https://kraftboxpack.com/products/","Search products","contextual"
"https://kraftboxpack.com/product/kraft-cylindrical-boxes/","https://kraftboxpack.com/refund_returns/","Refund and Returns Policy","navigation"
"https://kraftboxpack.com/product/kraft-cylindrical-boxes/","https://kraftboxpack.com/terms-conditions/","Terms & Conditions","navigation"
"https://kraftboxpack.com/product/kraft-dispenser-boxes/","https://kraftboxpack.com/","","navigation"
"https://kraftboxpack.com/product/kraft-dispenser-boxes/","https://kraftboxpack.com/about-us/","About Us","navigation"
"https://kraftboxpack.com/product/kraft-dispenser-boxes/","https://kraftboxpack.com/contact-us/","Contact Us","navigation"
"https://kraftboxpack.com/product/kraft-dispenser-boxes/","https://kraftboxpack.com/get-a-quote/","Get a Quote","contextual"
"https://kraftboxpack.com/product/kraft-dispenser-boxes/","https://kraftboxpack.com/privacy-policy/","Privacy Policy","navigation"
"https://kraftboxpack.com/product/kraft-dispenser-boxes/","https://kraftboxpack.com/product-category/colored-kraft-boxes/","Colored Kraft Boxes","navigation"
"https://kraftboxpack.com/product/kraft-dispenser-boxes/","https://kraftboxpack.com/product-category/kraft-gift-specialty-boxes/","Kraft Gift & Specialty Boxes","navigation"
"https://kraftboxpack.com/product/kraft-dispenser-boxes/","https://kraftboxpack.com/product-category/kraft-packaging-boxes/","Kraft Packaging Boxes","navigation"
"https://kraftboxpack.com/product/kraft-dispenser-boxes/","https://kraftboxpack.com/product-category/kraft-wrapping-accessories/","Kraft Wrapping & Accessories","navigation"
"https://kraftboxpack.com/product/kraft-dispenser-boxes/","https://kraftboxpack.com/product/kraft-drawer-boxes/","Kraft Drawer Boxes","related-product"
"https://kraftboxpack.com/product/kraft-dispenser-boxes/","https://kraftboxpack.com/product/kraft-favor-boxes/","Kraft Favor Boxes","related-product"
"https://kraftboxpack.com/product/kraft-dispenser-boxes/","https://kraftboxpack.com/product/kraft-food-boxes/","Kraft Food Boxes","related-product"
"https://kraftboxpack.com/product/kraft-dispenser-boxes/","https://kraftboxpack.com/product/kraft-gable-boxes/","Kraft Gable Boxes","product-grid"
"https://kraftboxpack.com/product/kraft-dispenser-boxes/","https://kraftboxpack.com/product/kraft-mailer-boxes/","Kraft Mailer Boxes","product-grid"
"https://kraftboxpack.com/product/kraft-dispenser-boxes/","https://kraftboxpack.com/product/kraft-paper-treat-bags/","Kraft Paper Treat Bags","product-grid"
"https://kraftboxpack.com/product/kraft-dispenser-boxes/","https://kraftboxpack.com/product/kraft-paperboard-boxes/","Kraft Paperboard Boxes","product-grid"
"https://kraftboxpack.com/product/kraft-dispenser-boxes/","https://kraftboxpack.com/product/kraft-pizza-boxes/","Kraft Pizza Boxes","product-grid"
"https://kraftboxpack.com/product/kraft-dispenser-boxes/","https://kraftboxpack.com/product/kraft-shoe-boxes/","Kraft Shoe Boxes","contextual"
"https://kraftboxpack.com/product/kraft-dispenser-boxes/","https://kraftboxpack.com/products/","Search products","contextual"
"https://kraftboxpack.com/product/kraft-dispenser-boxes/","https://kraftboxpack.com/refund_returns/","Refund and Returns Policy","navigation"
"https://kraftboxpack.com/product/kraft-dispenser-boxes/","https://kraftboxpack.com/terms-conditions/","Terms & Conditions","navigation"
"https://kraftboxpack.com/product/kraft-display-boxes/","https://kraftboxpack.com/","","navigation"
"https://kraftboxpack.com/product/kraft-display-boxes/","https://kraftboxpack.com/about-us/","About Us","navigation"
"https://kraftboxpack.com/product/kraft-display-boxes/","https://kraftboxpack.com/contact-us/","Contact Us","navigation"
"https://kraftboxpack.com/product/kraft-display-boxes/","https://kraftboxpack.com/get-a-quote/","Get a Quote","contextual"
"https://kraftboxpack.com/product/kraft-display-boxes/","https://kraftboxpack.com/privacy-policy/","Privacy Policy","navigation"
"https://kraftboxpack.com/product/kraft-display-boxes/","https://kraftboxpack.com/product-category/colored-kraft-boxes/","Colored Kraft Boxes","navigation"
"https://kraftboxpack.com/product/kraft-display-boxes/","https://kraftboxpack.com/product-category/kraft-gift-specialty-boxes/","Kraft Gift & Specialty Boxes","navigation"
"https://kraftboxpack.com/product/kraft-display-boxes/","https://kraftboxpack.com/product-category/kraft-packaging-boxes/","Kraft Packaging Boxes","navigation"
"https://kraftboxpack.com/product/kraft-display-boxes/","https://kraftboxpack.com/product-category/kraft-wrapping-accessories/","Kraft Wrapping & Accessories","navigation"
"https://kraftboxpack.com/product/kraft-display-boxes/","https://kraftboxpack.com/product/kraft-gift-boxes-with-lids/","Kraft Gift Boxes With Lids","related-product"
"https://kraftboxpack.com/product/kraft-display-boxes/","https://kraftboxpack.com/product/kraft-jewelry-boxes/","Kraft Jewelry Boxes","related-product"
"https://kraftboxpack.com/product/kraft-display-boxes/","https://kraftboxpack.com/product/kraft-necklace-box/","Kraft Necklace Box","related-product"
"https://kraftboxpack.com/product/kraft-display-boxes/","https://kraftboxpack.com/product/kraft-paper-gift-boxes/","Kraft Paper Gift Boxes","product-grid"
"https://kraftboxpack.com/product/kraft-display-boxes/","https://kraftboxpack.com/product/kraft-pillow-boxes/","Kraft Pillow Boxes","product-grid"
"https://kraftboxpack.com/product/kraft-display-boxes/","https://kraftboxpack.com/product/kraft-round-boxes/","Kraft Round Boxes","product-grid"
"https://kraftboxpack.com/product/kraft-display-boxes/","https://kraftboxpack.com/product/large-kraft-gift-boxes/","Large Kraft Gift Boxes","product-grid"
"https://kraftboxpack.com/product/kraft-display-boxes/","https://kraftboxpack.com/product/mini-kraft-boxes/","Mini Kraft Boxes","contextual"
"https://kraftboxpack.com/product/kraft-display-boxes/","https://kraftboxpack.com/products/","Search products","contextual"
"https://kraftboxpack.com/product/kraft-display-boxes/","https://kraftboxpack.com/refund_returns/","Refund and Returns Policy","navigation"
"https://kraftboxpack.com/product/kraft-display-boxes/","https://kraftboxpack.com/terms-conditions/","Terms & Conditions","navigation"
"https://kraftboxpack.com/product/kraft-document-mailers/","https://kraftboxpack.com/","","navigation"
"https://kraftboxpack.com/product/kraft-document-mailers/","https://kraftboxpack.com/about-us/","About Us","navigation"
"https://kraftboxpack.com/product/kraft-document-mailers/","https://kraftboxpack.com/contact-us/","Contact Us","navigation"
"https://kraftboxpack.com/product/kraft-document-mailers/","https://kraftboxpack.com/get-a-quote/","Get a Quote","contextual"
"https://kraftboxpack.com/product/kraft-document-mailers/","https://kraftboxpack.com/privacy-policy/","Privacy Policy","navigation"
"https://kraftboxpack.com/product/kraft-document-mailers/","https://kraftboxpack.com/product-category/colored-kraft-boxes/","Colored Kraft Boxes","navigation"
"https://kraftboxpack.com/product/kraft-document-mailers/","https://kraftboxpack.com/product-category/kraft-art-boxes/","Kraft Art Boxes","navigation"
"https://kraftboxpack.com/product/kraft-document-mailers/","https://kraftboxpack.com/product-category/kraft-gift-specialty-boxes/","Kraft Gift & Specialty Boxes","navigation"
"https://kraftboxpack.com/product/kraft-document-mailers/","https://kraftboxpack.com/product-category/kraft-packaging-boxes/","Kraft Packaging Boxes","navigation"
"https://kraftboxpack.com/product/kraft-document-mailers/","https://kraftboxpack.com/product-category/kraft-wrapping-accessories/","Kraft Wrapping & Accessories","navigation"
"https://kraftboxpack.com/product/kraft-document-mailers/","https://kraftboxpack.com/product/kraft-art-supply-packaging/","Kraft Art Supply Packaging","related-product"
"https://kraftboxpack.com/product/kraft-document-mailers/","https://kraftboxpack.com/product/kraft-brochure-packaging-boxes/","Kraft Brochure Packaging Boxes","related-product"
"https://kraftboxpack.com/product/kraft-document-mailers/","https://kraftboxpack.com/product/kraft-calendar-boxes/","Kraft Calendar Boxes","related-product"
"https://kraftboxpack.com/product/kraft-document-mailers/","https://kraftboxpack.com/product/kraft-cd-dvd-packaging/","Kraft CD/DVD Packaging","product-grid"
"https://kraftboxpack.com/product/kraft-document-mailers/","https://kraftboxpack.com/product/kraft-certificate-boxes/","Kraft Certificate Boxes","contextual"
"https://kraftboxpack.com/product/kraft-document-mailers/","https://kraftboxpack.com/product/kraft-photo-frame-boxes/","Kraft Photo Frame Boxes","product-grid"
"https://kraftboxpack.com/product/kraft-document-mailers/","https://kraftboxpack.com/products/","Search products","contextual"
"https://kraftboxpack.com/product/kraft-document-mailers/","https://kraftboxpack.com/refund_returns/","Refund and Returns Policy","navigation"
"https://kraftboxpack.com/product/kraft-document-mailers/","https://kraftboxpack.com/terms-conditions/","Terms & Conditions","navigation"
"https://kraftboxpack.com/product/kraft-donut-packaging-boxes/","https://kraftboxpack.com/","","navigation"
"https://kraftboxpack.com/product/kraft-donut-packaging-boxes/","https://kraftboxpack.com/about-us/","About Us","navigation"
"https://kraftboxpack.com/product/kraft-donut-packaging-boxes/","https://kraftboxpack.com/contact-us/","Contact Us","navigation"
"https://kraftboxpack.com/product/kraft-donut-packaging-boxes/","https://kraftboxpack.com/get-a-quote/","Get a Quote","contextual"
"https://kraftboxpack.com/product/kraft-donut-packaging-boxes/","https://kraftboxpack.com/privacy-policy/","Privacy Policy","navigation"
"https://kraftboxpack.com/product/kraft-donut-packaging-boxes/","https://kraftboxpack.com/product-category/colored-kraft-boxes/","Colored Kraft Boxes","navigation"
"https://kraftboxpack.com/product/kraft-donut-packaging-boxes/","https://kraftboxpack.com/product-category/kraft-food-packaging/","Kraft Food Packaging","navigation"
"https://kraftboxpack.com/product/kraft-donut-packaging-boxes/","https://kraftboxpack.com/product-category/kraft-gift-specialty-boxes/","Kraft Gift & Specialty Boxes","navigation"
"https://kraftboxpack.com/product/kraft-donut-packaging-boxes/","https://kraftboxpack.com/product-category/kraft-packaging-boxes/","Kraft Packaging Boxes","navigation"
"https://kraftboxpack.com/product/kraft-donut-packaging-boxes/","https://kraftboxpack.com/product-category/kraft-wrapping-accessories/","Kraft Wrapping & Accessories","navigation"
"https://kraftboxpack.com/product/kraft-donut-packaging-boxes/","https://kraftboxpack.com/product/kraft-egg-cartons/","Kraft Egg Cartons","related-product"
"https://kraftboxpack.com/product/kraft-donut-packaging-boxes/","https://kraftboxpack.com/product/kraft-frozen-food-boxes/","Kraft Frozen Food Boxes","related-product"
"https://kraftboxpack.com/product/kraft-donut-packaging-boxes/","https://kraftboxpack.com/product/kraft-fruit-packaging-boxes/","Kraft Fruit Packaging Boxes","related-product"
"https://kraftboxpack.com/product/kraft-donut-packaging-boxes/","https://kraftboxpack.com/product/kraft-granola-bar-boxes/","Kraft Granola Bar Boxes","product-grid"
"https://kraftboxpack.com/product/kraft-donut-packaging-boxes/","https://kraftboxpack.com/product/kraft-juice-bottle-carriers/","Kraft Juice Bottle Carriers","product-grid"
"https://kraftboxpack.com/product/kraft-donut-packaging-boxes/","https://kraftboxpack.com/product/kraft-macaron-packaging-boxes/","Kraft Macaron Packaging Boxes","product-grid"
"https://kraftboxpack.com/product/kraft-donut-packaging-boxes/","https://kraftboxpack.com/product/kraft-meat-packaging-boxes/","Kraft Meat Packaging Boxes","product-grid"
"https://kraftboxpack.com/product/kraft-donut-packaging-boxes/","https://kraftboxpack.com/product/kraft-milk-bottle-carriers/","Kraft Milk Bottle Carriers","product-grid"
"https://kraftboxpack.com/product/kraft-donut-packaging-boxes/","https://kraftboxpack.com/product/kraft-pastry-boxes/","Kraft Pastry Boxes","contextual"
"https://kraftboxpack.com/product/kraft-donut-packaging-boxes/","https://kraftboxpack.com/products/","Search products","contextual"
"https://kraftboxpack.com/product/kraft-donut-packaging-boxes/","https://kraftboxpack.com/refund_returns/","Refund and Returns Policy","navigation"
"https://kraftboxpack.com/product/kraft-donut-packaging-boxes/","https://kraftboxpack.com/terms-conditions/","Terms & Conditions","navigation"
"https://kraftboxpack.com/product/kraft-drawer-boxes/","https://kraftboxpack.com/","","navigation"
"https://kraftboxpack.com/product/kraft-drawer-boxes/","https://kraftboxpack.com/about-us/","About Us","navigation"
"https://kraftboxpack.com/product/kraft-drawer-boxes/","https://kraftboxpack.com/contact-us/","Contact Us","navigation"
"https://kraftboxpack.com/product/kraft-drawer-boxes/","https://kraftboxpack.com/get-a-quote/","Get a Quote","contextual"
"https://kraftboxpack.com/product/kraft-drawer-boxes/","https://kraftboxpack.com/privacy-policy/","Privacy Policy","navigation"
"https://kraftboxpack.com/product/kraft-drawer-boxes/","https://kraftboxpack.com/product-category/colored-kraft-boxes/","Colored Kraft Boxes","navigation"
"https://kraftboxpack.com/product/kraft-drawer-boxes/","https://kraftboxpack.com/product-category/kraft-gift-specialty-boxes/","Kraft Gift & Specialty Boxes","navigation"
"https://kraftboxpack.com/product/kraft-drawer-boxes/","https://kraftboxpack.com/product-category/kraft-packaging-boxes/","Kraft Packaging Boxes","navigation"
"https://kraftboxpack.com/product/kraft-drawer-boxes/","https://kraftboxpack.com/product-category/kraft-wrapping-accessories/","Kraft Wrapping & Accessories","navigation"
"https://kraftboxpack.com/product/kraft-drawer-boxes/","https://kraftboxpack.com/product/kraft-favor-boxes/","Kraft Favor Boxes","related-product"
"https://kraftboxpack.com/product/kraft-drawer-boxes/","https://kraftboxpack.com/product/kraft-food-boxes/","Kraft Food Boxes","related-product"
"https://kraftboxpack.com/product/kraft-drawer-boxes/","https://kraftboxpack.com/product/kraft-gable-boxes/","Kraft Gable Boxes","related-product"
"https://kraftboxpack.com/product/kraft-drawer-boxes/","https://kraftboxpack.com/product/kraft-mailer-boxes/","Kraft Mailer Boxes","contextual"
"https://kraftboxpack.com/product/kraft-drawer-boxes/","https://kraftboxpack.com/product/kraft-paper-treat-bags/","Kraft Paper Treat Bags","product-grid"
"https://kraftboxpack.com/product/kraft-drawer-boxes/","https://kraftboxpack.com/product/kraft-paperboard-boxes/","Kraft Paperboard Boxes","product-grid"
"https://kraftboxpack.com/product/kraft-drawer-boxes/","https://kraftboxpack.com/product/kraft-pizza-boxes/","Kraft Pizza Boxes","product-grid"
"https://kraftboxpack.com/product/kraft-drawer-boxes/","https://kraftboxpack.com/product/kraft-shipping-boxes/","Kraft Shipping Boxes","product-grid"
"https://kraftboxpack.com/product/kraft-drawer-boxes/","https://kraftboxpack.com/products/","Search products","contextual"
"https://kraftboxpack.com/product/kraft-drawer-boxes/","https://kraftboxpack.com/refund_returns/","Refund and Returns Policy","navigation"
"https://kraftboxpack.com/product/kraft-drawer-boxes/","https://kraftboxpack.com/terms-conditions/","Terms & Conditions","navigation"
"https://kraftboxpack.com/product/kraft-drawer-gift-boxes/","https://kraftboxpack.com/","","navigation"
"https://kraftboxpack.com/product/kraft-drawer-gift-boxes/","https://kraftboxpack.com/about-us/","About Us","navigation"
"https://kraftboxpack.com/product/kraft-drawer-gift-boxes/","https://kraftboxpack.com/contact-us/","Contact Us","navigation"
"https://kraftboxpack.com/product/kraft-drawer-gift-boxes/","https://kraftboxpack.com/get-a-quote/","Get a Quote","contextual"
"https://kraftboxpack.com/product/kraft-drawer-gift-boxes/","https://kraftboxpack.com/privacy-policy/","Privacy Policy","navigation"
"https://kraftboxpack.com/product/kraft-drawer-gift-boxes/","https://kraftboxpack.com/product-category/colored-kraft-boxes/","Colored Kraft Boxes","navigation"
"https://kraftboxpack.com/product/kraft-drawer-gift-boxes/","https://kraftboxpack.com/product-category/kraft-gift-specialty-boxes/","Kraft Gift & Specialty Boxes","navigation"
"https://kraftboxpack.com/product/kraft-drawer-gift-boxes/","https://kraftboxpack.com/product-category/kraft-gift-specialty-boxes/custom-gift-boxes/","Custom Gift Boxes","navigation"
"https://kraftboxpack.com/product/kraft-drawer-gift-boxes/","https://kraftboxpack.com/product-category/kraft-packaging-boxes/","Kraft Packaging Boxes","navigation"
"https://kraftboxpack.com/product/kraft-drawer-gift-boxes/","https://kraftboxpack.com/product-category/kraft-wrapping-accessories/","Kraft Wrapping & Accessories","navigation"
"https://kraftboxpack.com/product/kraft-drawer-gift-boxes/","https://kraftboxpack.com/product/kraft-event-favor-boxes/","Kraft Event Favor Boxes","related-product"
"https://kraftboxpack.com/product/kraft-drawer-gift-boxes/","https://kraftboxpack.com/product/kraft-flip-top-rigid-boxes/","Kraft Flip Top Rigid Boxes","related-product"
"https://kraftboxpack.com/product/kraft-drawer-gift-boxes/","https://kraftboxpack.com/product/kraft-flower-boxes/","Kraft Flower Boxes","related-product"
"https://kraftboxpack.com/product/kraft-drawer-gift-boxes/","https://kraftboxpack.com/product/kraft-gift-card-boxes/","Kraft Gift Card Boxes","product-grid"
"https://kraftboxpack.com/product/kraft-drawer-gift-boxes/","https://kraftboxpack.com/product/kraft-gift-hamper-boxes/","Kraft Gift Hamper Boxes","product-grid"
"https://kraftboxpack.com/product/kraft-drawer-gift-boxes/","https://kraftboxpack.com/product/kraft-giveaway-packaging-boxes/","Kraft Giveaway Packaging Boxes","product-grid"
"https://kraftboxpack.com/product/kraft-drawer-gift-boxes/","https://kraftboxpack.com/product/kraft-heart-shaped-boxes/","Kraft Heart Shaped Boxes","product-grid"
"https://kraftboxpack.com/product/kraft-drawer-gift-boxes/","https://kraftboxpack.com/product/kraft-influencer-boxes/","Kraft Influencer Boxes","product-grid"
"https://kraftboxpack.com/product/kraft-drawer-gift-boxes/","https://kraftboxpack.com/product/kraft-luxury-magnet-boxes/","Kraft Luxury Magnet Boxes","contextual"
"https://kraftboxpack.com/product/kraft-drawer-gift-boxes/","https://kraftboxpack.com/products/","Search products","contextual"
"https://kraftboxpack.com/product/kraft-drawer-gift-boxes/","https://kraftboxpack.com/refund_returns/","Refund and Returns Policy","navigation"
"https://kraftboxpack.com/product/kraft-drawer-gift-boxes/","https://kraftboxpack.com/terms-conditions/","Terms & Conditions","navigation"
"https://kraftboxpack.com/product/kraft-earring-packaging-boxes/","https://kraftboxpack.com/","","navigation"
"https://kraftboxpack.com/product/kraft-earring-packaging-boxes/","https://kraftboxpack.com/about-us/","About Us","navigation"
"https://kraftboxpack.com/product/kraft-earring-packaging-boxes/","https://kraftboxpack.com/contact-us/","Contact Us","navigation"
"https://kraftboxpack.com/product/kraft-earring-packaging-boxes/","https://kraftboxpack.com/get-a-quote/","Get a Quote","contextual"
"https://kraftboxpack.com/product/kraft-earring-packaging-boxes/","https://kraftboxpack.com/privacy-policy/","Privacy Policy","navigation"
"https://kraftboxpack.com/product/kraft-earring-packaging-boxes/","https://kraftboxpack.com/product-category/colored-kraft-boxes/","Colored Kraft Boxes","navigation"
"https://kraftboxpack.com/product/kraft-earring-packaging-boxes/","https://kraftboxpack.com/product-category/jewelry-accessories-boxes/","Jewelry & Accessories Boxes","navigation"
"https://kraftboxpack.com/product/kraft-earring-packaging-boxes/","https://kraftboxpack.com/product-category/kraft-gift-specialty-boxes/","Kraft Gift & Specialty Boxes","navigation"
"https://kraftboxpack.com/product/kraft-earring-packaging-boxes/","https://kraftboxpack.com/product-category/kraft-packaging-boxes/","Kraft Packaging Boxes","navigation"
"https://kraftboxpack.com/product/kraft-earring-packaging-boxes/","https://kraftboxpack.com/product-category/kraft-wrapping-accessories/","Kraft Wrapping & Accessories","navigation"
"https://kraftboxpack.com/product/kraft-earring-packaging-boxes/","https://kraftboxpack.com/product/kraft-bracelet-packaging-boxes/","Kraft Bracelet Packaging Boxes","related-product"
"https://kraftboxpack.com/product/kraft-earring-packaging-boxes/","https://kraftboxpack.com/product/kraft-jewelry-insert-boxes/","Kraft Jewelry Insert Boxes","contextual"
"https://kraftboxpack.com/product/kraft-earring-packaging-boxes/","https://kraftboxpack.com/product/kraft-ring-packaging-boxes/","Kraft Ring Packaging Boxes","related-product"
"https://kraftboxpack.com/product/kraft-earring-packaging-boxes/","https://kraftboxpack.com/product/kraft-watch-packaging-boxes/","Kraft Watch Packaging Boxes","product-grid"
"https://kraftboxpack.com/product/kraft-earring-packaging-boxes/","https://kraftboxpack.com/products/","Search products","contextual"
"https://kraftboxpack.com/product/kraft-earring-packaging-boxes/","https://kraftboxpack.com/refund_returns/","Refund and Returns Policy","navigation"
"https://kraftboxpack.com/product/kraft-earring-packaging-boxes/","https://kraftboxpack.com/terms-conditions/","Terms & Conditions","navigation"
"https://kraftboxpack.com/product/kraft-eco-friendly-compostable-boxes/","https://kraftboxpack.com/","","navigation"
"https://kraftboxpack.com/product/kraft-eco-friendly-compostable-boxes/","https://kraftboxpack.com/about-us/","About Us","navigation"
"https://kraftboxpack.com/product/kraft-eco-friendly-compostable-boxes/","https://kraftboxpack.com/contact-us/","Contact Us","navigation"
"https://kraftboxpack.com/product/kraft-eco-friendly-compostable-boxes/","https://kraftboxpack.com/get-a-quote/","Get a Quote","contextual"
"https://kraftboxpack.com/product/kraft-eco-friendly-compostable-boxes/","https://kraftboxpack.com/privacy-policy/","Privacy Policy","navigation"
"https://kraftboxpack.com/product/kraft-eco-friendly-compostable-boxes/","https://kraftboxpack.com/product-category/colored-kraft-boxes/","Colored Kraft Boxes","navigation"
"https://kraftboxpack.com/product/kraft-eco-friendly-compostable-boxes/","https://kraftboxpack.com/product-category/kraft-gift-specialty-boxes/","Kraft Gift & Specialty Boxes","navigation"
"https://kraftboxpack.com/product/kraft-eco-friendly-compostable-boxes/","https://kraftboxpack.com/product-category/kraft-industrial-packaging/","Kraft Industrial Packaging","navigation"
"https://kraftboxpack.com/product/kraft-eco-friendly-compostable-boxes/","https://kraftboxpack.com/product-category/kraft-packaging-boxes/","Kraft Packaging Boxes","navigation"
"https://kraftboxpack.com/product/kraft-eco-friendly-compostable-boxes/","https://kraftboxpack.com/product-category/kraft-wrapping-accessories/","Kraft Wrapping & Accessories","navigation"
"https://kraftboxpack.com/product/kraft-eco-friendly-compostable-boxes/","https://kraftboxpack.com/product/kraft-bulk-shipping-crates/","Kraft Bulk Shipping Crates","related-product"
"https://kraftboxpack.com/product/kraft-eco-friendly-compostable-boxes/","https://kraftboxpack.com/product/kraft-chemical-safe-boxes/","Kraft Chemical Safe Boxes","related-product"
"https://kraftboxpack.com/product/kraft-eco-friendly-compostable-boxes/","https://kraftboxpack.com/product/kraft-heavy-duty-storage-boxes/","Kraft Heavy Duty Storage Boxes","related-product"
"https://kraftboxpack.com/product/kraft-eco-friendly-compostable-boxes/","https://kraftboxpack.com/product/kraft-industrial-parts-boxes/","Kraft Industrial Parts Boxes","product-grid"
"https://kraftboxpack.com/product/kraft-eco-friendly-compostable-boxes/","https://kraftboxpack.com/product/kraft-insulated-cold-boxes/","Kraft Insulated Cold Boxes","product-grid"
"https://kraftboxpack.com/product/kraft-eco-friendly-compostable-boxes/","https://kraftboxpack.com/product/kraft-recycled-kraft-boxes/","Kraft Recycled Kraft Boxes","product-grid"
"https://kraftboxpack.com/product/kraft-eco-friendly-compostable-boxes/","https://kraftboxpack.com/products/","Search products","contextual"
"https://kraftboxpack.com/product/kraft-eco-friendly-compostable-boxes/","https://kraftboxpack.com/refund_returns/","Refund and Returns Policy","navigation"
"https://kraftboxpack.com/product/kraft-eco-friendly-compostable-boxes/","https://kraftboxpack.com/terms-conditions/","Terms & Conditions","navigation"
"https://kraftboxpack.com/product/kraft-egg-cartons/","https://kraftboxpack.com/","","navigation"
"https://kraftboxpack.com/product/kraft-egg-cartons/","https://kraftboxpack.com/about-us/","About Us","navigation"
"https://kraftboxpack.com/product/kraft-egg-cartons/","https://kraftboxpack.com/contact-us/","Contact Us","navigation"
"https://kraftboxpack.com/product/kraft-egg-cartons/","https://kraftboxpack.com/get-a-quote/","Get a Quote","contextual"
"https://kraftboxpack.com/product/kraft-egg-cartons/","https://kraftboxpack.com/privacy-policy/","Privacy Policy","navigation"
"https://kraftboxpack.com/product/kraft-egg-cartons/","https://kraftboxpack.com/product-category/colored-kraft-boxes/","Colored Kraft Boxes","navigation"
"https://kraftboxpack.com/product/kraft-egg-cartons/","https://kraftboxpack.com/product-category/kraft-food-packaging/","Kraft Food Packaging","navigation"
"https://kraftboxpack.com/product/kraft-egg-cartons/","https://kraftboxpack.com/product-category/kraft-gift-specialty-boxes/","Kraft Gift & Specialty Boxes","navigation"
"https://kraftboxpack.com/product/kraft-egg-cartons/","https://kraftboxpack.com/product-category/kraft-packaging-boxes/","Kraft Packaging Boxes","navigation"
"https://kraftboxpack.com/product/kraft-egg-cartons/","https://kraftboxpack.com/product-category/kraft-wrapping-accessories/","Kraft Wrapping & Accessories","navigation"
"https://kraftboxpack.com/product/kraft-egg-cartons/","https://kraftboxpack.com/product/kraft-frozen-food-boxes/","Kraft Frozen Food Boxes","related-product"
"https://kraftboxpack.com/product/kraft-egg-cartons/","https://kraftboxpack.com/product/kraft-fruit-packaging-boxes/","Kraft Fruit Packaging Boxes","related-product"
"https://kraftboxpack.com/product/kraft-egg-cartons/","https://kraftboxpack.com/product/kraft-granola-bar-boxes/","Kraft Granola Bar Boxes","related-product"
"https://kraftboxpack.com/product/kraft-egg-cartons/","https://kraftboxpack.com/product/kraft-juice-bottle-carriers/","Kraft Juice Bottle Carriers","product-grid"
"https://kraftboxpack.com/product/kraft-egg-cartons/","https://kraftboxpack.com/product/kraft-macaron-packaging-boxes/","Kraft Macaron Packaging Boxes","product-grid"
"https://kraftboxpack.com/product/kraft-egg-cartons/","https://kraftboxpack.com/product/kraft-meat-packaging-boxes/","Kraft Meat Packaging Boxes","product-grid"
"https://kraftboxpack.com/product/kraft-egg-cartons/","https://kraftboxpack.com/product/kraft-milk-bottle-carriers/","Kraft Milk Bottle Carriers","product-grid"
"https://kraftboxpack.com/product/kraft-egg-cartons/","https://kraftboxpack.com/product/kraft-muffin-packaging-boxes/","Kraft Muffin Packaging Boxes","product-grid"
"https://kraftboxpack.com/product/kraft-egg-cartons/","https://kraftboxpack.com/product/kraft-vegetable-packaging-boxes/","Kraft Vegetable Packaging Boxes","contextual"
"https://kraftboxpack.com/product/kraft-egg-cartons/","https://kraftboxpack.com/products/","Search products","contextual"
"https://kraftboxpack.com/product/kraft-egg-cartons/","https://kraftboxpack.com/refund_returns/","Refund and Returns Policy","navigation"
"https://kraftboxpack.com/product/kraft-egg-cartons/","https://kraftboxpack.com/terms-conditions/","Terms & Conditions","navigation"
"https://kraftboxpack.com/product/kraft-event-favor-boxes/","https://kraftboxpack.com/","","navigation"
"https://kraftboxpack.com/product/kraft-event-favor-boxes/","https://kraftboxpack.com/about-us/","About Us","navigation"
"https://kraftboxpack.com/product/kraft-event-favor-boxes/","https://kraftboxpack.com/contact-us/","Contact Us","navigation"
"https://kraftboxpack.com/product/kraft-event-favor-boxes/","https://kraftboxpack.com/get-a-quote/","Get a Quote","contextual"
"https://kraftboxpack.com/product/kraft-event-favor-boxes/","https://kraftboxpack.com/privacy-policy/","Privacy Policy","navigation"
"https://kraftboxpack.com/product/kraft-event-favor-boxes/","https://kraftboxpack.com/product-category/colored-kraft-boxes/","Colored Kraft Boxes","navigation"
"https://kraftboxpack.com/product/kraft-event-favor-boxes/","https://kraftboxpack.com/product-category/kraft-gift-specialty-boxes/","Kraft Gift & Specialty Boxes","navigation"
"https://kraftboxpack.com/product/kraft-event-favor-boxes/","https://kraftboxpack.com/product-category/kraft-gift-specialty-boxes/custom-gift-boxes/","Custom Gift Boxes","navigation"
"https://kraftboxpack.com/product/kraft-event-favor-boxes/","https://kraftboxpack.com/product-category/kraft-packaging-boxes/","Kraft Packaging Boxes","navigation"
"https://kraftboxpack.com/product/kraft-event-favor-boxes/","https://kraftboxpack.com/product-category/kraft-wrapping-accessories/","Kraft Wrapping & Accessories","navigation"
"https://kraftboxpack.com/product/kraft-event-favor-boxes/","https://kraftboxpack.com/product/kraft-flip-top-rigid-boxes/","Kraft Flip Top Rigid Boxes","related-product"
"https://kraftboxpack.com/product/kraft-event-favor-boxes/","https://kraftboxpack.com/product/kraft-flower-boxes/","Kraft Flower Boxes","related-product"
"https://kraftboxpack.com/product/kraft-event-favor-boxes/","https://kraftboxpack.com/product/kraft-gift-card-boxes/","Kraft Gift Card Boxes","related-product"
"https://kraftboxpack.com/product/kraft-event-favor-boxes/","https://kraftboxpack.com/product/kraft-gift-hamper-boxes/","Kraft Gift Hamper Boxes","product-grid"
"https://kraftboxpack.com/product/kraft-event-favor-boxes/","https://kraftboxpack.com/product/kraft-giveaway-packaging-boxes/","Kraft Giveaway Packaging Boxes","product-grid"
"https://kraftboxpack.com/product/kraft-event-favor-boxes/","https://kraftboxpack.com/product/kraft-heart-shaped-boxes/","Kraft Heart Shaped Boxes","product-grid"
"https://kraftboxpack.com/product/kraft-event-favor-boxes/","https://kraftboxpack.com/product/kraft-influencer-boxes/","Kraft Influencer Boxes","contextual"
"https://kraftboxpack.com/product/kraft-event-favor-boxes/","https://kraftboxpack.com/product/kraft-invitation-boxes/","Kraft Invitation Boxes","product-grid"
"https://kraftboxpack.com/product/kraft-event-favor-boxes/","https://kraftboxpack.com/products/","Search products","contextual"
"https://kraftboxpack.com/product/kraft-event-favor-boxes/","https://kraftboxpack.com/refund_returns/","Refund and Returns Policy","navigation"
"https://kraftboxpack.com/product/kraft-event-favor-boxes/","https://kraftboxpack.com/terms-conditions/","Terms & Conditions","navigation"
"https://kraftboxpack.com/product/kraft-eyelash-packaging-boxes/","https://kraftboxpack.com/","","navigation"
"https://kraftboxpack.com/product/kraft-eyelash-packaging-boxes/","https://kraftboxpack.com/about-us/","About Us","navigation"
"https://kraftboxpack.com/product/kraft-eyelash-packaging-boxes/","https://kraftboxpack.com/contact-us/","Contact Us","navigation"
"https://kraftboxpack.com/product/kraft-eyelash-packaging-boxes/","https://kraftboxpack.com/get-a-quote/","Get a Quote","contextual"
"https://kraftboxpack.com/product/kraft-eyelash-packaging-boxes/","https://kraftboxpack.com/privacy-policy/","Privacy Policy","navigation"
"https://kraftboxpack.com/product/kraft-eyelash-packaging-boxes/","https://kraftboxpack.com/product-category/colored-kraft-boxes/","Colored Kraft Boxes","navigation"
"https://kraftboxpack.com/product/kraft-eyelash-packaging-boxes/","https://kraftboxpack.com/product-category/kraft-gift-specialty-boxes/","Kraft Gift & Specialty Boxes","navigation"
"https://kraftboxpack.com/product/kraft-eyelash-packaging-boxes/","https://kraftboxpack.com/product-category/kraft-packaging-boxes/","Kraft Packaging Boxes","navigation"
"https://kraftboxpack.com/product/kraft-eyelash-packaging-boxes/","https://kraftboxpack.com/product-category/kraft-packaging-boxes/karft-cosmetic-boxes/","Kraft Cosmetic Boxes","navigation"
"https://kraftboxpack.com/product/kraft-eyelash-packaging-boxes/","https://kraftboxpack.com/product-category/kraft-wrapping-accessories/","Kraft Wrapping & Accessories","navigation"
"https://kraftboxpack.com/product/kraft-eyelash-packaging-boxes/","https://kraftboxpack.com/product/kraft-beard-oil-boxes/","Kraft Beard Oil Boxes","related-product"
"https://kraftboxpack.com/product/kraft-eyelash-packaging-boxes/","https://kraftboxpack.com/product/kraft-candle-sleeve-boxes/","Kraft Candle Sleeve Boxes","related-product"
"https://kraftboxpack.com/product/kraft-eyelash-packaging-boxes/","https://kraftboxpack.com/product/kraft-lip-balm-packaging-boxes/","Kraft Lip Balm Packaging Boxes","related-product"
"https://kraftboxpack.com/product/kraft-eyelash-packaging-boxes/","https://kraftboxpack.com/product/kraft-makeup-palette-boxes/","Kraft Makeup Palette Boxes","product-grid"
"https://kraftboxpack.com/product/kraft-eyelash-packaging-boxes/","https://kraftboxpack.com/product/kraft-perfume-boxes/","Kraft Perfume Boxes","product-grid"
"https://kraftboxpack.com/product/kraft-eyelash-packaging-boxes/","https://kraftboxpack.com/product/kraft-skincare-boxes/","Kraft Skincare Boxes","product-grid"
"https://kraftboxpack.com/product/kraft-eyelash-packaging-boxes/","https://kraftboxpack.com/product/kraft-soap-sleeve-boxes/","Kraft Soap Sleeve Boxes","product-grid"
"https://kraftboxpack.com/product/kraft-eyelash-packaging-boxes/","https://kraftboxpack.com/product/kraft-wax-melt-boxes/","Kraft Wax Melt Boxes","product-grid"
"https://kraftboxpack.com/product/kraft-eyelash-packaging-boxes/","https://kraftboxpack.com/products/","Search products","contextual"
"https://kraftboxpack.com/product/kraft-eyelash-packaging-boxes/","https://kraftboxpack.com/refund_returns/","Refund and Returns Policy","navigation"
"https://kraftboxpack.com/product/kraft-eyelash-packaging-boxes/","https://kraftboxpack.com/terms-conditions/","Terms & Conditions","navigation"
"https://kraftboxpack.com/product/kraft-favor-boxes/","https://kraftboxpack.com/","","navigation"
"https://kraftboxpack.com/product/kraft-favor-boxes/","https://kraftboxpack.com/about-us/","About Us","navigation"
"https://kraftboxpack.com/product/kraft-favor-boxes/","https://kraftboxpack.com/contact-us/","Contact Us","navigation"
"https://kraftboxpack.com/product/kraft-favor-boxes/","https://kraftboxpack.com/get-a-quote/","Get a Quote","contextual"
"https://kraftboxpack.com/product/kraft-favor-boxes/","https://kraftboxpack.com/privacy-policy/","Privacy Policy","navigation"
"https://kraftboxpack.com/product/kraft-favor-boxes/","https://kraftboxpack.com/product-category/colored-kraft-boxes/","Colored Kraft Boxes","navigation"
"https://kraftboxpack.com/product/kraft-favor-boxes/","https://kraftboxpack.com/product-category/kraft-gift-specialty-boxes/","Kraft Gift & Specialty Boxes","navigation"
"https://kraftboxpack.com/product/kraft-favor-boxes/","https://kraftboxpack.com/product-category/kraft-packaging-boxes/","Kraft Packaging Boxes","navigation"
"https://kraftboxpack.com/product/kraft-favor-boxes/","https://kraftboxpack.com/product-category/kraft-wrapping-accessories/","Kraft Wrapping & Accessories","navigation"
"https://kraftboxpack.com/product/kraft-favor-boxes/","https://kraftboxpack.com/product/kraft-food-boxes/","Kraft Food Boxes","related-product"
"https://kraftboxpack.com/product/kraft-favor-boxes/","https://kraftboxpack.com/product/kraft-gable-boxes/","Kraft Gable Boxes","related-product"
"https://kraftboxpack.com/product/kraft-favor-boxes/","https://kraftboxpack.com/product/kraft-mailer-boxes/","Kraft Mailer Boxes","related-product"
"https://kraftboxpack.com/product/kraft-favor-boxes/","https://kraftboxpack.com/product/kraft-paper-treat-bags/","Kraft Paper Treat Bags","product-grid"
"https://kraftboxpack.com/product/kraft-favor-boxes/","https://kraftboxpack.com/product/kraft-paperboard-boxes/","Kraft Paperboard Boxes","product-grid"
"https://kraftboxpack.com/product/kraft-favor-boxes/","https://kraftboxpack.com/product/kraft-pizza-boxes/","Kraft Pizza Boxes","product-grid"
"https://kraftboxpack.com/product/kraft-favor-boxes/","https://kraftboxpack.com/product/kraft-shipping-boxes/","Kraft Shipping Boxes","product-grid"
"https://kraftboxpack.com/product/kraft-favor-boxes/","https://kraftboxpack.com/product/kraft-shoe-boxes/","Kraft Shoe Boxes","product-grid"
"https://kraftboxpack.com/product/kraft-favor-boxes/","https://kraftboxpack.com/product/kraft-storage-boxes/","Kraft Storage Boxes","contextual"
"https://kraftboxpack.com/product/kraft-favor-boxes/","https://kraftboxpack.com/products/","Search products","contextual"
"https://kraftboxpack.com/product/kraft-favor-boxes/","https://kraftboxpack.com/refund_returns/","Refund and Returns Policy","navigation"
"https://kraftboxpack.com/product/kraft-favor-boxes/","https://kraftboxpack.com/terms-conditions/","Terms & Conditions","navigation"
"https://kraftboxpack.com/product/kraft-first-aid-kit-boxes/","https://kraftboxpack.com/","","navigation"
"https://kraftboxpack.com/product/kraft-first-aid-kit-boxes/","https://kraftboxpack.com/about-us/","About Us","navigation"
"https://kraftboxpack.com/product/kraft-first-aid-kit-boxes/","https://kraftboxpack.com/contact-us/","Contact Us","navigation"
"https://kraftboxpack.com/product/kraft-first-aid-kit-boxes/","https://kraftboxpack.com/get-a-quote/","Get a Quote","contextual"
"https://kraftboxpack.com/product/kraft-first-aid-kit-boxes/","https://kraftboxpack.com/privacy-policy/","Privacy Policy","navigation"
"https://kraftboxpack.com/product/kraft-first-aid-kit-boxes/","https://kraftboxpack.com/product-category/colored-kraft-boxes/","Colored Kraft Boxes","navigation"
"https://kraftboxpack.com/product/kraft-first-aid-kit-boxes/","https://kraftboxpack.com/product-category/kraft-gift-specialty-boxes/","Kraft Gift & Specialty Boxes","navigation"
"https://kraftboxpack.com/product/kraft-first-aid-kit-boxes/","https://kraftboxpack.com/product-category/kraft-packaging-boxes/","Kraft Packaging Boxes","navigation"
"https://kraftboxpack.com/product/kraft-first-aid-kit-boxes/","https://kraftboxpack.com/product-category/kraft-pharma-boxes/","Kraft Pharma boxes","navigation"
"https://kraftboxpack.com/product/kraft-first-aid-kit-boxes/","https://kraftboxpack.com/product-category/kraft-wrapping-accessories/","Kraft Wrapping & Accessories","navigation"
"https://kraftboxpack.com/product/kraft-first-aid-kit-boxes/","https://kraftboxpack.com/product/kraft-medicine-packaging-boxes/","Kraft Medicine Packaging Boxes","related-product"
"https://kraftboxpack.com/product/kraft-first-aid-kit-boxes/","https://kraftboxpack.com/product/kraft-ppe-packaging-boxes/","Kraft PPE Packaging Boxes","related-product"
"https://kraftboxpack.com/product/kraft-first-aid-kit-boxes/","https://kraftboxpack.com/product/kraft-supplement-boxes/","Kraft Supplement Boxes","contextual"
"https://kraftboxpack.com/product/kraft-first-aid-kit-boxes/","https://kraftboxpack.com/product/kraft-syrup-packaging-boxes/","Kraft Syrup Packaging Boxes","product-grid"
"https://kraftboxpack.com/product/kraft-first-aid-kit-boxes/","https://kraftboxpack.com/product/kraft-vitamin-packaging-boxes/","Kraft Vitamin Packaging Boxes","product-grid"
"https://kraftboxpack.com/product/kraft-first-aid-kit-boxes/","https://kraftboxpack.com/products/","Search products","contextual"
"https://kraftboxpack.com/product/kraft-first-aid-kit-boxes/","https://kraftboxpack.com/refund_returns/","Refund and Returns Policy","navigation"
"https://kraftboxpack.com/product/kraft-first-aid-kit-boxes/","https://kraftboxpack.com/terms-conditions/","Terms & Conditions","navigation"
"https://kraftboxpack.com/product/kraft-flip-top-rigid-boxes/","https://kraftboxpack.com/","","navigation"
"https://kraftboxpack.com/product/kraft-flip-top-rigid-boxes/","https://kraftboxpack.com/about-us/","About Us","navigation"
"https://kraftboxpack.com/product/kraft-flip-top-rigid-boxes/","https://kraftboxpack.com/contact-us/","Contact Us","navigation"
"https://kraftboxpack.com/product/kraft-flip-top-rigid-boxes/","https://kraftboxpack.com/get-a-quote/","Get a Quote","contextual"
"https://kraftboxpack.com/product/kraft-flip-top-rigid-boxes/","https://kraftboxpack.com/privacy-policy/","Privacy Policy","navigation"
"https://kraftboxpack.com/product/kraft-flip-top-rigid-boxes/","https://kraftboxpack.com/product-category/colored-kraft-boxes/","Colored Kraft Boxes","navigation"
"https://kraftboxpack.com/product/kraft-flip-top-rigid-boxes/","https://kraftboxpack.com/product-category/kraft-gift-specialty-boxes/","Kraft Gift & Specialty Boxes","navigation"
"https://kraftboxpack.com/product/kraft-flip-top-rigid-boxes/","https://kraftboxpack.com/product-category/kraft-gift-specialty-boxes/custom-gift-boxes/","Custom Gift Boxes","navigation"
"https://kraftboxpack.com/product/kraft-flip-top-rigid-boxes/","https://kraftboxpack.com/product-category/kraft-packaging-boxes/","Kraft Packaging Boxes","navigation"
"https://kraftboxpack.com/product/kraft-flip-top-rigid-boxes/","https://kraftboxpack.com/product-category/kraft-wrapping-accessories/","Kraft Wrapping & Accessories","navigation"
"https://kraftboxpack.com/product/kraft-flip-top-rigid-boxes/","https://kraftboxpack.com/product/kraft-flower-boxes/","Kraft Flower Boxes","related-product"
"https://kraftboxpack.com/product/kraft-flip-top-rigid-boxes/","https://kraftboxpack.com/product/kraft-gift-card-boxes/","Kraft Gift Card Boxes","related-product"
"https://kraftboxpack.com/product/kraft-flip-top-rigid-boxes/","https://kraftboxpack.com/product/kraft-gift-hamper-boxes/","Kraft Gift Hamper Boxes","related-product"
"https://kraftboxpack.com/product/kraft-flip-top-rigid-boxes/","https://kraftboxpack.com/product/kraft-giveaway-packaging-boxes/","Kraft Giveaway Packaging Boxes","product-grid"
"https://kraftboxpack.com/product/kraft-flip-top-rigid-boxes/","https://kraftboxpack.com/product/kraft-heart-shaped-boxes/","Kraft Heart Shaped Boxes","product-grid"
"https://kraftboxpack.com/product/kraft-flip-top-rigid-boxes/","https://kraftboxpack.com/product/kraft-influencer-boxes/","Kraft Influencer Boxes","product-grid"
"https://kraftboxpack.com/product/kraft-flip-top-rigid-boxes/","https://kraftboxpack.com/product/kraft-invitation-boxes/","Kraft Invitation Boxes","product-grid"
"https://kraftboxpack.com/product/kraft-flip-top-rigid-boxes/","https://kraftboxpack.com/product/kraft-lid-base-rigid-boxes/","Kraft Lid & Base Rigid Boxes","contextual"
"https://kraftboxpack.com/product/kraft-flip-top-rigid-boxes/","https://kraftboxpack.com/products/","Search products","contextual"
"https://kraftboxpack.com/product/kraft-flip-top-rigid-boxes/","https://kraftboxpack.com/refund_returns/","Refund and Returns Policy","navigation"
"https://kraftboxpack.com/product/kraft-flip-top-rigid-boxes/","https://kraftboxpack.com/terms-conditions/","Terms & Conditions","navigation"
"https://kraftboxpack.com/product/kraft-flower-boxes/","https://kraftboxpack.com/","","navigation"
"https://kraftboxpack.com/product/kraft-flower-boxes/","https://kraftboxpack.com/about-us/","About Us","navigation"
"https://kraftboxpack.com/product/kraft-flower-boxes/","https://kraftboxpack.com/contact-us/","Contact Us","navigation"
"https://kraftboxpack.com/product/kraft-flower-boxes/","https://kraftboxpack.com/get-a-quote/","Get a Quote","contextual"
"https://kraftboxpack.com/product/kraft-flower-boxes/","https://kraftboxpack.com/privacy-policy/","Privacy Policy","navigation"
"https://kraftboxpack.com/product/kraft-flower-boxes/","https://kraftboxpack.com/product-category/colored-kraft-boxes/","Colored Kraft Boxes","navigation"
"https://kraftboxpack.com/product/kraft-flower-boxes/","https://kraftboxpack.com/product-category/kraft-gift-specialty-boxes/","Kraft Gift & Specialty Boxes","navigation"
"https://kraftboxpack.com/product/kraft-flower-boxes/","https://kraftboxpack.com/product-category/kraft-gift-specialty-boxes/custom-gift-boxes/","Custom Gift Boxes","navigation"
"https://kraftboxpack.com/product/kraft-flower-boxes/","https://kraftboxpack.com/product-category/kraft-packaging-boxes/","Kraft Packaging Boxes","navigation"
"https://kraftboxpack.com/product/kraft-flower-boxes/","https://kraftboxpack.com/product-category/kraft-wrapping-accessories/","Kraft Wrapping & Accessories","navigation"
"https://kraftboxpack.com/product/kraft-flower-boxes/","https://kraftboxpack.com/product/kraft-candy-favor-boxes/","Kraft Candy Favor Boxes","contextual"
"https://kraftboxpack.com/product/kraft-flower-boxes/","https://kraftboxpack.com/product/kraft-gift-card-boxes/","Kraft Gift Card Boxes","related-product"
"https://kraftboxpack.com/product/kraft-flower-boxes/","https://kraftboxpack.com/product/kraft-gift-hamper-boxes/","Kraft Gift Hamper Boxes","related-product"
"https://kraftboxpack.com/product/kraft-flower-boxes/","https://kraftboxpack.com/product/kraft-giveaway-packaging-boxes/","Kraft Giveaway Packaging Boxes","related-product"
"https://kraftboxpack.com/product/kraft-flower-boxes/","https://kraftboxpack.com/product/kraft-heart-shaped-boxes/","Kraft Heart Shaped Boxes","product-grid"
"https://kraftboxpack.com/product/kraft-flower-boxes/","https://kraftboxpack.com/product/kraft-influencer-boxes/","Kraft Influencer Boxes","product-grid"
"https://kraftboxpack.com/product/kraft-flower-boxes/","https://kraftboxpack.com/product/kraft-invitation-boxes/","Kraft Invitation Boxes","product-grid"
"https://kraftboxpack.com/product/kraft-flower-boxes/","https://kraftboxpack.com/product/kraft-lid-base-rigid-boxes/","Kraft Lid & Base Rigid Boxes","product-grid"
"https://kraftboxpack.com/product/kraft-flower-boxes/","https://kraftboxpack.com/product/kraft-liquor-gift-boxes/","Kraft Liquor Gift Boxes","product-grid"
"https://kraftboxpack.com/product/kraft-flower-boxes/","https://kraftboxpack.com/products/","Search products","contextual"
"https://kraftboxpack.com/product/kraft-flower-boxes/","https://kraftboxpack.com/refund_returns/","Refund and Returns Policy","navigation"
"https://kraftboxpack.com/product/kraft-flower-boxes/","https://kraftboxpack.com/terms-conditions/","Terms & Conditions","navigation"
"https://kraftboxpack.com/product/kraft-food-boxes/","https://kraftboxpack.com/","","navigation"
"https://kraftboxpack.com/product/kraft-food-boxes/","https://kraftboxpack.com/about-us/","About Us","navigation"
"https://kraftboxpack.com/product/kraft-food-boxes/","https://kraftboxpack.com/contact-us/","Contact Us","navigation"
"https://kraftboxpack.com/product/kraft-food-boxes/","https://kraftboxpack.com/get-a-quote/","Get a Quote","contextual"
"https://kraftboxpack.com/product/kraft-food-boxes/","https://kraftboxpack.com/privacy-policy/","Privacy Policy","navigation"
"https://kraftboxpack.com/product/kraft-food-boxes/","https://kraftboxpack.com/product-category/colored-kraft-boxes/","Colored Kraft Boxes","navigation"
"https://kraftboxpack.com/product/kraft-food-boxes/","https://kraftboxpack.com/product-category/kraft-gift-specialty-boxes/","Kraft Gift & Specialty Boxes","navigation"
"https://kraftboxpack.com/product/kraft-food-boxes/","https://kraftboxpack.com/product-category/kraft-packaging-boxes/","Kraft Packaging Boxes","navigation"
"https://kraftboxpack.com/product/kraft-food-boxes/","https://kraftboxpack.com/product-category/kraft-wrapping-accessories/","Kraft Wrapping & Accessories","navigation"
"https://kraftboxpack.com/product/kraft-food-boxes/","https://kraftboxpack.com/product/kraft-gable-boxes/","Kraft Gable Boxes","contextual"
"https://kraftboxpack.com/product/kraft-food-boxes/","https://kraftboxpack.com/product/kraft-mailer-boxes/","Kraft Mailer Boxes","related-product"
"https://kraftboxpack.com/product/kraft-food-boxes/","https://kraftboxpack.com/product/kraft-paper-treat-bags/","Kraft Paper Treat Bags","related-product"
"https://kraftboxpack.com/product/kraft-food-boxes/","https://kraftboxpack.com/product/kraft-paperboard-boxes/","Kraft Paperboard Boxes","product-grid"
"https://kraftboxpack.com/product/kraft-food-boxes/","https://kraftboxpack.com/product/kraft-pizza-boxes/","Kraft Pizza Boxes","product-grid"
"https://kraftboxpack.com/product/kraft-food-boxes/","https://kraftboxpack.com/product/kraft-shipping-boxes/","Kraft Shipping Boxes","product-grid"
"https://kraftboxpack.com/product/kraft-food-boxes/","https://kraftboxpack.com/product/kraft-shoe-boxes/","Kraft Shoe Boxes","product-grid"
"https://kraftboxpack.com/product/kraft-food-boxes/","https://kraftboxpack.com/product/kraft-storage-boxes/","Kraft Storage Boxes","product-grid"
"https://kraftboxpack.com/product/kraft-food-boxes/","https://kraftboxpack.com/products/","Search products","contextual"
"https://kraftboxpack.com/product/kraft-food-boxes/","https://kraftboxpack.com/refund_returns/","Refund and Returns Policy","navigation"
"https://kraftboxpack.com/product/kraft-food-boxes/","https://kraftboxpack.com/terms-conditions/","Terms & Conditions","navigation"
"https://kraftboxpack.com/product/kraft-frozen-food-boxes/","https://kraftboxpack.com/","","navigation"
"https://kraftboxpack.com/product/kraft-frozen-food-boxes/","https://kraftboxpack.com/about-us/","About Us","navigation"
"https://kraftboxpack.com/product/kraft-frozen-food-boxes/","https://kraftboxpack.com/contact-us/","Contact Us","navigation"
"https://kraftboxpack.com/product/kraft-frozen-food-boxes/","https://kraftboxpack.com/get-a-quote/","Get a Quote","contextual"
"https://kraftboxpack.com/product/kraft-frozen-food-boxes/","https://kraftboxpack.com/privacy-policy/","Privacy Policy","navigation"
"https://kraftboxpack.com/product/kraft-frozen-food-boxes/","https://kraftboxpack.com/product-category/colored-kraft-boxes/","Colored Kraft Boxes","navigation"
"https://kraftboxpack.com/product/kraft-frozen-food-boxes/","https://kraftboxpack.com/product-category/kraft-food-packaging/","Kraft Food Packaging","navigation"
"https://kraftboxpack.com/product/kraft-frozen-food-boxes/","https://kraftboxpack.com/product-category/kraft-gift-specialty-boxes/","Kraft Gift & Specialty Boxes","navigation"
"https://kraftboxpack.com/product/kraft-frozen-food-boxes/","https://kraftboxpack.com/product-category/kraft-packaging-boxes/","Kraft Packaging Boxes","navigation"
"https://kraftboxpack.com/product/kraft-frozen-food-boxes/","https://kraftboxpack.com/product-category/kraft-wrapping-accessories/","Kraft Wrapping & Accessories","navigation"
"https://kraftboxpack.com/product/kraft-frozen-food-boxes/","https://kraftboxpack.com/product/kraft-fruit-packaging-boxes/","Kraft Fruit Packaging Boxes","related-product"
"https://kraftboxpack.com/product/kraft-frozen-food-boxes/","https://kraftboxpack.com/product/kraft-granola-bar-boxes/","Kraft Granola Bar Boxes","related-product"
"https://kraftboxpack.com/product/kraft-frozen-food-boxes/","https://kraftboxpack.com/product/kraft-juice-bottle-carriers/","Kraft Juice Bottle Carriers","related-product"
"https://kraftboxpack.com/product/kraft-frozen-food-boxes/","https://kraftboxpack.com/product/kraft-macaron-packaging-boxes/","Kraft Macaron Packaging Boxes","product-grid"
"https://kraftboxpack.com/product/kraft-frozen-food-boxes/","https://kraftboxpack.com/product/kraft-meat-packaging-boxes/","Kraft Meat Packaging Boxes","product-grid"
"https://kraftboxpack.com/product/kraft-frozen-food-boxes/","https://kraftboxpack.com/product/kraft-milk-bottle-carriers/","Kraft Milk Bottle Carriers","product-grid"
"https://kraftboxpack.com/product/kraft-frozen-food-boxes/","https://kraftboxpack.com/product/kraft-muffin-packaging-boxes/","Kraft Muffin Packaging Boxes","product-grid"
"https://kraftboxpack.com/product/kraft-frozen-food-boxes/","https://kraftboxpack.com/product/kraft-noodle-packaging-boxes/","Kraft Noodle Packaging Boxes","product-grid"
"https://kraftboxpack.com/product/kraft-frozen-food-boxes/","https://kraftboxpack.com/product/kraft-salad-boxes/","Kraft Salad Boxes","contextual"
"https://kraftboxpack.com/product/kraft-frozen-food-boxes/","https://kraftboxpack.com/products/","Search products","contextual"
"https://kraftboxpack.com/product/kraft-frozen-food-boxes/","https://kraftboxpack.com/refund_returns/","Refund and Returns Policy","navigation"
"https://kraftboxpack.com/product/kraft-frozen-food-boxes/","https://kraftboxpack.com/terms-conditions/","Terms & Conditions","navigation"
"https://kraftboxpack.com/product/kraft-fruit-packaging-boxes/","https://kraftboxpack.com/","","navigation"
"https://kraftboxpack.com/product/kraft-fruit-packaging-boxes/","https://kraftboxpack.com/about-us/","About Us","navigation"
"https://kraftboxpack.com/product/kraft-fruit-packaging-boxes/","https://kraftboxpack.com/contact-us/","Contact Us","navigation"
"https://kraftboxpack.com/product/kraft-fruit-packaging-boxes/","https://kraftboxpack.com/get-a-quote/","Get a Quote","contextual"
"https://kraftboxpack.com/product/kraft-fruit-packaging-boxes/","https://kraftboxpack.com/privacy-policy/","Privacy Policy","navigation"
"https://kraftboxpack.com/product/kraft-fruit-packaging-boxes/","https://kraftboxpack.com/product-category/colored-kraft-boxes/","Colored Kraft Boxes","navigation"
"https://kraftboxpack.com/product/kraft-fruit-packaging-boxes/","https://kraftboxpack.com/product-category/kraft-food-packaging/","Kraft Food Packaging","navigation"
"https://kraftboxpack.com/product/kraft-fruit-packaging-boxes/","https://kraftboxpack.com/product-category/kraft-gift-specialty-boxes/","Kraft Gift & Specialty Boxes","navigation"
"https://kraftboxpack.com/product/kraft-fruit-packaging-boxes/","https://kraftboxpack.com/product-category/kraft-packaging-boxes/","Kraft Packaging Boxes","navigation"
"https://kraftboxpack.com/product/kraft-fruit-packaging-boxes/","https://kraftboxpack.com/product-category/kraft-wrapping-accessories/","Kraft Wrapping & Accessories","navigation"
"https://kraftboxpack.com/product/kraft-fruit-packaging-boxes/","https://kraftboxpack.com/product/kraft-granola-bar-boxes/","Kraft Granola Bar Boxes","related-product"
"https://kraftboxpack.com/product/kraft-fruit-packaging-boxes/","https://kraftboxpack.com/product/kraft-juice-bottle-carriers/","Kraft Juice Bottle Carriers","related-product"
"https://kraftboxpack.com/product/kraft-fruit-packaging-boxes/","https://kraftboxpack.com/product/kraft-macaron-packaging-boxes/","Kraft Macaron Packaging Boxes","related-product"
"https://kraftboxpack.com/product/kraft-fruit-packaging-boxes/","https://kraftboxpack.com/product/kraft-meat-packaging-boxes/","Kraft Meat Packaging Boxes","product-grid"
"https://kraftboxpack.com/product/kraft-fruit-packaging-boxes/","https://kraftboxpack.com/product/kraft-milk-bottle-carriers/","Kraft Milk Bottle Carriers","product-grid"
"https://kraftboxpack.com/product/kraft-fruit-packaging-boxes/","https://kraftboxpack.com/product/kraft-muffin-packaging-boxes/","Kraft Muffin Packaging Boxes","product-grid"
"https://kraftboxpack.com/product/kraft-fruit-packaging-boxes/","https://kraftboxpack.com/product/kraft-noodle-packaging-boxes/","Kraft Noodle Packaging Boxes","product-grid"
"https://kraftboxpack.com/product/kraft-fruit-packaging-boxes/","https://kraftboxpack.com/product/kraft-pastry-boxes/","Kraft Pastry Boxes","product-grid"
"https://kraftboxpack.com/product/kraft-fruit-packaging-boxes/","https://kraftboxpack.com/product/kraft-seafood-boxes/","Kraft Seafood Boxes","contextual"
"https://kraftboxpack.com/product/kraft-fruit-packaging-boxes/","https://kraftboxpack.com/products/","Search products","contextual"
"https://kraftboxpack.com/product/kraft-fruit-packaging-boxes/","https://kraftboxpack.com/refund_returns/","Refund and Returns Policy","navigation"
"https://kraftboxpack.com/product/kraft-fruit-packaging-boxes/","https://kraftboxpack.com/terms-conditions/","Terms & Conditions","navigation"
"https://kraftboxpack.com/product/kraft-gable-boxes/","https://kraftboxpack.com/","","navigation"
"https://kraftboxpack.com/product/kraft-gable-boxes/","https://kraftboxpack.com/about-us/","About Us","navigation"
"https://kraftboxpack.com/product/kraft-gable-boxes/","https://kraftboxpack.com/contact-us/","Contact Us","navigation"
"https://kraftboxpack.com/product/kraft-gable-boxes/","https://kraftboxpack.com/get-a-quote/","Get a Quote","contextual"
"https://kraftboxpack.com/product/kraft-gable-boxes/","https://kraftboxpack.com/privacy-policy/","Privacy Policy","navigation"
"https://kraftboxpack.com/product/kraft-gable-boxes/","https://kraftboxpack.com/product-category/colored-kraft-boxes/","Colored Kraft Boxes","navigation"
"https://kraftboxpack.com/product/kraft-gable-boxes/","https://kraftboxpack.com/product-category/kraft-gift-specialty-boxes/","Kraft Gift & Specialty Boxes","navigation"
"https://kraftboxpack.com/product/kraft-gable-boxes/","https://kraftboxpack.com/product-category/kraft-packaging-boxes/","Kraft Packaging Boxes","navigation"
"https://kraftboxpack.com/product/kraft-gable-boxes/","https://kraftboxpack.com/product-category/kraft-wrapping-accessories/","Kraft Wrapping & Accessories","navigation"
"https://kraftboxpack.com/product/kraft-gable-boxes/","https://kraftboxpack.com/product/kraft-cake-boxes/","Kraft Cake Boxes","contextual"
"https://kraftboxpack.com/product/kraft-gable-boxes/","https://kraftboxpack.com/product/kraft-mailer-boxes/","Kraft Mailer Boxes","related-product"
"https://kraftboxpack.com/product/kraft-gable-boxes/","https://kraftboxpack.com/product/kraft-paper-treat-bags/","Kraft Paper Treat Bags","related-product"
"https://kraftboxpack.com/product/kraft-gable-boxes/","https://kraftboxpack.com/product/kraft-paperboard-boxes/","Kraft Paperboard Boxes","related-product"
"https://kraftboxpack.com/product/kraft-gable-boxes/","https://kraftboxpack.com/product/kraft-pizza-boxes/","Kraft Pizza Boxes","product-grid"
"https://kraftboxpack.com/product/kraft-gable-boxes/","https://kraftboxpack.com/product/kraft-shipping-boxes/","Kraft Shipping Boxes","product-grid"
"https://kraftboxpack.com/product/kraft-gable-boxes/","https://kraftboxpack.com/product/kraft-shoe-boxes/","Kraft Shoe Boxes","product-grid"
"https://kraftboxpack.com/product/kraft-gable-boxes/","https://kraftboxpack.com/product/kraft-storage-boxes/","Kraft Storage Boxes","product-grid"
"https://kraftboxpack.com/product/kraft-gable-boxes/","https://kraftboxpack.com/product/kraft-take-out-boxes/","Kraft Take Out Boxes","product-grid"
"https://kraftboxpack.com/product/kraft-gable-boxes/","https://kraftboxpack.com/products/","Search products","contextual"
"https://kraftboxpack.com/product/kraft-gable-boxes/","https://kraftboxpack.com/refund_returns/","Refund and Returns Policy","navigation"
"https://kraftboxpack.com/product/kraft-gable-boxes/","https://kraftboxpack.com/terms-conditions/","Terms & Conditions","navigation"
"https://kraftboxpack.com/product/kraft-gift-boxes-with-lids/","https://kraftboxpack.com/","","navigation"
"https://kraftboxpack.com/product/kraft-gift-boxes-with-lids/","https://kraftboxpack.com/about-us/","About Us","navigation"
"https://kraftboxpack.com/product/kraft-gift-boxes-with-lids/","https://kraftboxpack.com/contact-us/","Contact Us","navigation"
"https://kraftboxpack.com/product/kraft-gift-boxes-with-lids/","https://kraftboxpack.com/get-a-quote/","Get a Quote","contextual"
"https://kraftboxpack.com/product/kraft-gift-boxes-with-lids/","https://kraftboxpack.com/privacy-policy/","Privacy Policy","navigation"
"https://kraftboxpack.com/product/kraft-gift-boxes-with-lids/","https://kraftboxpack.com/product-category/colored-kraft-boxes/","Colored Kraft Boxes","navigation"
"https://kraftboxpack.com/product/kraft-gift-boxes-with-lids/","https://kraftboxpack.com/product-category/kraft-gift-specialty-boxes/","Kraft Gift & Specialty Boxes","navigation"
"https://kraftboxpack.com/product/kraft-gift-boxes-with-lids/","https://kraftboxpack.com/product-category/kraft-packaging-boxes/","Kraft Packaging Boxes","navigation"
"https://kraftboxpack.com/product/kraft-gift-boxes-with-lids/","https://kraftboxpack.com/product-category/kraft-wrapping-accessories/","Kraft Wrapping & Accessories","navigation"
"https://kraftboxpack.com/product/kraft-gift-boxes-with-lids/","https://kraftboxpack.com/product/kraft-jewelry-boxes/","Kraft Jewelry Boxes","related-product"
"https://kraftboxpack.com/product/kraft-gift-boxes-with-lids/","https://kraftboxpack.com/product/kraft-necklace-box/","Kraft Necklace Box","related-product"
"https://kraftboxpack.com/product/kraft-gift-boxes-with-lids/","https://kraftboxpack.com/product/kraft-paper-gift-boxes/","Kraft Paper Gift Boxes","related-product"
"https://kraftboxpack.com/product/kraft-gift-boxes-with-lids/","https://kraftboxpack.com/product/kraft-pillow-boxes/","Kraft Pillow Boxes","product-grid"
"https://kraftboxpack.com/product/kraft-gift-boxes-with-lids/","https://kraftboxpack.com/product/kraft-round-boxes/","Kraft Round Boxes","product-grid"
"https://kraftboxpack.com/product/kraft-gift-boxes-with-lids/","https://kraftboxpack.com/product/large-kraft-gift-boxes/","Large Kraft Gift Boxes","product-grid"
"https://kraftboxpack.com/product/kraft-gift-boxes-with-lids/","https://kraftboxpack.com/product/mini-kraft-boxes/","Mini Kraft Boxes","contextual"
"https://kraftboxpack.com/product/kraft-gift-boxes-with-lids/","https://kraftboxpack.com/product/small-kraft-boxes/","Small Kraft Boxes","product-grid"
"https://kraftboxpack.com/product/kraft-gift-boxes-with-lids/","https://kraftboxpack.com/products/","Search products","contextual"
"https://kraftboxpack.com/product/kraft-gift-boxes-with-lids/","https://kraftboxpack.com/refund_returns/","Refund and Returns Policy","navigation"
"https://kraftboxpack.com/product/kraft-gift-boxes-with-lids/","https://kraftboxpack.com/terms-conditions/","Terms & Conditions","navigation"
"https://kraftboxpack.com/product/kraft-gift-card-boxes/","https://kraftboxpack.com/","","navigation"
"https://kraftboxpack.com/product/kraft-gift-card-boxes/","https://kraftboxpack.com/about-us/","About Us","navigation"
"https://kraftboxpack.com/product/kraft-gift-card-boxes/","https://kraftboxpack.com/contact-us/","Contact Us","navigation"
"https://kraftboxpack.com/product/kraft-gift-card-boxes/","https://kraftboxpack.com/get-a-quote/","Get a Quote","contextual"
"https://kraftboxpack.com/product/kraft-gift-card-boxes/","https://kraftboxpack.com/privacy-policy/","Privacy Policy","navigation"
"https://kraftboxpack.com/product/kraft-gift-card-boxes/","https://kraftboxpack.com/product-category/colored-kraft-boxes/","Colored Kraft Boxes","navigation"
"https://kraftboxpack.com/product/kraft-gift-card-boxes/","https://kraftboxpack.com/product-category/kraft-gift-specialty-boxes/","Kraft Gift & Specialty Boxes","navigation"
"https://kraftboxpack.com/product/kraft-gift-card-boxes/","https://kraftboxpack.com/product-category/kraft-gift-specialty-boxes/custom-gift-boxes/","Custom Gift Boxes","navigation"
"https://kraftboxpack.com/product/kraft-gift-card-boxes/","https://kraftboxpack.com/product-category/kraft-packaging-boxes/","Kraft Packaging Boxes","navigation"
"https://kraftboxpack.com/product/kraft-gift-card-boxes/","https://kraftboxpack.com/product-category/kraft-wrapping-accessories/","Kraft Wrapping & Accessories","navigation"
"https://kraftboxpack.com/product/kraft-gift-card-boxes/","https://kraftboxpack.com/product/kraft-gift-hamper-boxes/","Kraft Gift Hamper Boxes","related-product"
"https://kraftboxpack.com/product/kraft-gift-card-boxes/","https://kraftboxpack.com/product/kraft-giveaway-packaging-boxes/","Kraft Giveaway Packaging Boxes","related-product"
"https://kraftboxpack.com/product/kraft-gift-card-boxes/","https://kraftboxpack.com/product/kraft-heart-shaped-boxes/","Kraft Heart Shaped Boxes","related-product"
"https://kraftboxpack.com/product/kraft-gift-card-boxes/","https://kraftboxpack.com/product/kraft-influencer-boxes/","Kraft Influencer Boxes","product-grid"
"https://kraftboxpack.com/product/kraft-gift-card-boxes/","https://kraftboxpack.com/product/kraft-invitation-boxes/","Kraft Invitation Boxes","contextual"
"https://kraftboxpack.com/product/kraft-gift-card-boxes/","https://kraftboxpack.com/product/kraft-lid-base-rigid-boxes/","Kraft Lid & Base Rigid Boxes","product-grid"
"https://kraftboxpack.com/product/kraft-gift-card-boxes/","https://kraftboxpack.com/product/kraft-liquor-gift-boxes/","Kraft Liquor Gift Boxes","product-grid"
"https://kraftboxpack.com/product/kraft-gift-card-boxes/","https://kraftboxpack.com/product/kraft-luxury-magnet-boxes/","Kraft Luxury Magnet Boxes","product-grid"
"https://kraftboxpack.com/product/kraft-gift-card-boxes/","https://kraftboxpack.com/products/","Search products","contextual"
"https://kraftboxpack.com/product/kraft-gift-card-boxes/","https://kraftboxpack.com/refund_returns/","Refund and Returns Policy","navigation"
"https://kraftboxpack.com/product/kraft-gift-card-boxes/","https://kraftboxpack.com/terms-conditions/","Terms & Conditions","navigation"
"https://kraftboxpack.com/product/kraft-gift-hamper-boxes/","https://kraftboxpack.com/","","navigation"
"https://kraftboxpack.com/product/kraft-gift-hamper-boxes/","https://kraftboxpack.com/about-us/","About Us","navigation"
"https://kraftboxpack.com/product/kraft-gift-hamper-boxes/","https://kraftboxpack.com/contact-us/","Contact Us","navigation"
"https://kraftboxpack.com/product/kraft-gift-hamper-boxes/","https://kraftboxpack.com/get-a-quote/","Get a Quote","contextual"
"https://kraftboxpack.com/product/kraft-gift-hamper-boxes/","https://kraftboxpack.com/privacy-policy/","Privacy Policy","navigation"
"https://kraftboxpack.com/product/kraft-gift-hamper-boxes/","https://kraftboxpack.com/product-category/colored-kraft-boxes/","Colored Kraft Boxes","navigation"
"https://kraftboxpack.com/product/kraft-gift-hamper-boxes/","https://kraftboxpack.com/product-category/kraft-gift-specialty-boxes/","Kraft Gift & Specialty Boxes","navigation"
"https://kraftboxpack.com/product/kraft-gift-hamper-boxes/","https://kraftboxpack.com/product-category/kraft-gift-specialty-boxes/custom-gift-boxes/","Custom Gift Boxes","navigation"
"https://kraftboxpack.com/product/kraft-gift-hamper-boxes/","https://kraftboxpack.com/product-category/kraft-packaging-boxes/","Kraft Packaging Boxes","navigation"
"https://kraftboxpack.com/product/kraft-gift-hamper-boxes/","https://kraftboxpack.com/product-category/kraft-wrapping-accessories/","Kraft Wrapping & Accessories","navigation"
"https://kraftboxpack.com/product/kraft-gift-hamper-boxes/","https://kraftboxpack.com/product/kraft-giveaway-packaging-boxes/","Kraft Giveaway Packaging Boxes","related-product"
"https://kraftboxpack.com/product/kraft-gift-hamper-boxes/","https://kraftboxpack.com/product/kraft-heart-shaped-boxes/","Kraft Heart Shaped Boxes","related-product"
"https://kraftboxpack.com/product/kraft-gift-hamper-boxes/","https://kraftboxpack.com/product/kraft-influencer-boxes/","Kraft Influencer Boxes","related-product"
"https://kraftboxpack.com/product/kraft-gift-hamper-boxes/","https://kraftboxpack.com/product/kraft-invitation-boxes/","Kraft Invitation Boxes","product-grid"
"https://kraftboxpack.com/product/kraft-gift-hamper-boxes/","https://kraftboxpack.com/product/kraft-lid-base-rigid-boxes/","Kraft Lid & Base Rigid Boxes","product-grid"
"https://kraftboxpack.com/product/kraft-gift-hamper-boxes/","https://kraftboxpack.com/product/kraft-liquor-gift-boxes/","Kraft Liquor Gift Boxes","product-grid"
"https://kraftboxpack.com/product/kraft-gift-hamper-boxes/","https://kraftboxpack.com/product/kraft-luxury-magnet-boxes/","Kraft Luxury Magnet Boxes","contextual"
"https://kraftboxpack.com/product/kraft-gift-hamper-boxes/","https://kraftboxpack.com/product/kraft-marketing-kit-boxes/","Kraft Marketing Kit Boxes","product-grid"
"https://kraftboxpack.com/product/kraft-gift-hamper-boxes/","https://kraftboxpack.com/products/","Search products","contextual"
"https://kraftboxpack.com/product/kraft-gift-hamper-boxes/","https://kraftboxpack.com/refund_returns/","Refund and Returns Policy","navigation"
"https://kraftboxpack.com/product/kraft-gift-hamper-boxes/","https://kraftboxpack.com/terms-conditions/","Terms & Conditions","navigation"
"https://kraftboxpack.com/product/kraft-giveaway-packaging-boxes/","https://kraftboxpack.com/","","navigation"
"https://kraftboxpack.com/product/kraft-giveaway-packaging-boxes/","https://kraftboxpack.com/about-us/","About Us","navigation"
"https://kraftboxpack.com/product/kraft-giveaway-packaging-boxes/","https://kraftboxpack.com/contact-us/","Contact Us","navigation"
"https://kraftboxpack.com/product/kraft-giveaway-packaging-boxes/","https://kraftboxpack.com/get-a-quote/","Get a Quote","contextual"
"https://kraftboxpack.com/product/kraft-giveaway-packaging-boxes/","https://kraftboxpack.com/privacy-policy/","Privacy Policy","navigation"
"https://kraftboxpack.com/product/kraft-giveaway-packaging-boxes/","https://kraftboxpack.com/product-category/colored-kraft-boxes/","Colored Kraft Boxes","navigation"
"https://kraftboxpack.com/product/kraft-giveaway-packaging-boxes/","https://kraftboxpack.com/product-category/kraft-gift-specialty-boxes/","Kraft Gift & Specialty Boxes","navigation"
"https://kraftboxpack.com/product/kraft-giveaway-packaging-boxes/","https://kraftboxpack.com/product-category/kraft-gift-specialty-boxes/custom-gift-boxes/","Custom Gift Boxes","navigation"
"https://kraftboxpack.com/product/kraft-giveaway-packaging-boxes/","https://kraftboxpack.com/product-category/kraft-packaging-boxes/","Kraft Packaging Boxes","navigation"
"https://kraftboxpack.com/product/kraft-giveaway-packaging-boxes/","https://kraftboxpack.com/product-category/kraft-wrapping-accessories/","Kraft Wrapping & Accessories","navigation"
"https://kraftboxpack.com/product/kraft-giveaway-packaging-boxes/","https://kraftboxpack.com/product/kraft-heart-shaped-boxes/","Kraft Heart Shaped Boxes","related-product"
"https://kraftboxpack.com/product/kraft-giveaway-packaging-boxes/","https://kraftboxpack.com/product/kraft-influencer-boxes/","Kraft Influencer Boxes","related-product"
"https://kraftboxpack.com/product/kraft-giveaway-packaging-boxes/","https://kraftboxpack.com/product/kraft-invitation-boxes/","Kraft Invitation Boxes","related-product"
"https://kraftboxpack.com/product/kraft-giveaway-packaging-boxes/","https://kraftboxpack.com/product/kraft-lid-base-rigid-boxes/","Kraft Lid & Base Rigid Boxes","product-grid"
"https://kraftboxpack.com/product/kraft-giveaway-packaging-boxes/","https://kraftboxpack.com/product/kraft-liquor-gift-boxes/","Kraft Liquor Gift Boxes","product-grid"
"https://kraftboxpack.com/product/kraft-giveaway-packaging-boxes/","https://kraftboxpack.com/product/kraft-luxury-magnet-boxes/","Kraft Luxury Magnet Boxes","product-grid"
"https://kraftboxpack.com/product/kraft-giveaway-packaging-boxes/","https://kraftboxpack.com/product/kraft-marketing-kit-boxes/","Kraft Marketing Kit Boxes","product-grid"
"https://kraftboxpack.com/product/kraft-giveaway-packaging-boxes/","https://kraftboxpack.com/product/kraft-pillow-gift-boxes/","Kraft Pillow Gift Boxes","product-grid"
"https://kraftboxpack.com/product/kraft-giveaway-packaging-boxes/","https://kraftboxpack.com/products/","Search products","contextual"
"https://kraftboxpack.com/product/kraft-giveaway-packaging-boxes/","https://kraftboxpack.com/refund_returns/","Refund and Returns Policy","navigation"
"https://kraftboxpack.com/product/kraft-giveaway-packaging-boxes/","https://kraftboxpack.com/terms-conditions/","Terms & Conditions","navigation"
"https://kraftboxpack.com/product/kraft-granola-bar-boxes/","https://kraftboxpack.com/","","navigation"
"https://kraftboxpack.com/product/kraft-granola-bar-boxes/","https://kraftboxpack.com/about-us/","About Us","navigation"
"https://kraftboxpack.com/product/kraft-granola-bar-boxes/","https://kraftboxpack.com/contact-us/","Contact Us","navigation"
"https://kraftboxpack.com/product/kraft-granola-bar-boxes/","https://kraftboxpack.com/get-a-quote/","Get a Quote","contextual"
"https://kraftboxpack.com/product/kraft-granola-bar-boxes/","https://kraftboxpack.com/privacy-policy/","Privacy Policy","navigation"
"https://kraftboxpack.com/product/kraft-granola-bar-boxes/","https://kraftboxpack.com/product-category/colored-kraft-boxes/","Colored Kraft Boxes","navigation"
"https://kraftboxpack.com/product/kraft-granola-bar-boxes/","https://kraftboxpack.com/product-category/kraft-food-packaging/","Kraft Food Packaging","navigation"
"https://kraftboxpack.com/product/kraft-granola-bar-boxes/","https://kraftboxpack.com/product-category/kraft-gift-specialty-boxes/","Kraft Gift & Specialty Boxes","navigation"
"https://kraftboxpack.com/product/kraft-granola-bar-boxes/","https://kraftboxpack.com/product-category/kraft-packaging-boxes/","Kraft Packaging Boxes","navigation"
"https://kraftboxpack.com/product/kraft-granola-bar-boxes/","https://kraftboxpack.com/product-category/kraft-wrapping-accessories/","Kraft Wrapping & Accessories","navigation"
"https://kraftboxpack.com/product/kraft-granola-bar-boxes/","https://kraftboxpack.com/product/kraft-coffee-packaging-boxes/","Kraft Coffee Packaging Boxes","contextual"
"https://kraftboxpack.com/product/kraft-granola-bar-boxes/","https://kraftboxpack.com/product/kraft-juice-bottle-carriers/","Kraft Juice Bottle Carriers","related-product"
"https://kraftboxpack.com/product/kraft-granola-bar-boxes/","https://kraftboxpack.com/product/kraft-macaron-packaging-boxes/","Kraft Macaron Packaging Boxes","related-product"
"https://kraftboxpack.com/product/kraft-granola-bar-boxes/","https://kraftboxpack.com/product/kraft-meat-packaging-boxes/","Kraft Meat Packaging Boxes","related-product"
"https://kraftboxpack.com/product/kraft-granola-bar-boxes/","https://kraftboxpack.com/product/kraft-milk-bottle-carriers/","Kraft Milk Bottle Carriers","product-grid"
"https://kraftboxpack.com/product/kraft-granola-bar-boxes/","https://kraftboxpack.com/product/kraft-muffin-packaging-boxes/","Kraft Muffin Packaging Boxes","product-grid"
"https://kraftboxpack.com/product/kraft-granola-bar-boxes/","https://kraftboxpack.com/product/kraft-noodle-packaging-boxes/","Kraft Noodle Packaging Boxes","product-grid"
"https://kraftboxpack.com/product/kraft-granola-bar-boxes/","https://kraftboxpack.com/product/kraft-pastry-boxes/","Kraft Pastry Boxes","product-grid"
"https://kraftboxpack.com/product/kraft-granola-bar-boxes/","https://kraftboxpack.com/product/kraft-popcorn-packaging-boxes/","Kraft Popcorn Packaging Boxes","product-grid"
"https://kraftboxpack.com/product/kraft-granola-bar-boxes/","https://kraftboxpack.com/products/","Search products","contextual"
"https://kraftboxpack.com/product/kraft-granola-bar-boxes/","https://kraftboxpack.com/refund_returns/","Refund and Returns Policy","navigation"
"https://kraftboxpack.com/product/kraft-granola-bar-boxes/","https://kraftboxpack.com/terms-conditions/","Terms & Conditions","navigation"
"https://kraftboxpack.com/product/kraft-hanging-display-boxes/","https://kraftboxpack.com/","","navigation"
"https://kraftboxpack.com/product/kraft-hanging-display-boxes/","https://kraftboxpack.com/about-us/","About Us","navigation"
"https://kraftboxpack.com/product/kraft-hanging-display-boxes/","https://kraftboxpack.com/contact-us/","Contact Us","navigation"
"https://kraftboxpack.com/product/kraft-hanging-display-boxes/","https://kraftboxpack.com/get-a-quote/","Get a Quote","contextual"
"https://kraftboxpack.com/product/kraft-hanging-display-boxes/","https://kraftboxpack.com/privacy-policy/","Privacy Policy","navigation"
"https://kraftboxpack.com/product/kraft-hanging-display-boxes/","https://kraftboxpack.com/product-category/colored-kraft-boxes/","Colored Kraft Boxes","navigation"
"https://kraftboxpack.com/product/kraft-hanging-display-boxes/","https://kraftboxpack.com/product-category/kraft-display-packaging/","Kraft Display Packaging","navigation"
"https://kraftboxpack.com/product/kraft-hanging-display-boxes/","https://kraftboxpack.com/product-category/kraft-gift-specialty-boxes/","Kraft Gift & Specialty Boxes","navigation"
"https://kraftboxpack.com/product/kraft-hanging-display-boxes/","https://kraftboxpack.com/product-category/kraft-packaging-boxes/","Kraft Packaging Boxes","navigation"
"https://kraftboxpack.com/product/kraft-hanging-display-boxes/","https://kraftboxpack.com/product-category/kraft-wrapping-accessories/","Kraft Wrapping & Accessories","navigation"
"https://kraftboxpack.com/product/kraft-hanging-display-boxes/","https://kraftboxpack.com/product/kraft-pop-display-boxes/","Kraft POP Display Boxes","contextual"
"https://kraftboxpack.com/product/kraft-hanging-display-boxes/","https://kraftboxpack.com/product/kraft-retail-display-trays/","Kraft Retail Display Trays","related-product"
"https://kraftboxpack.com/product/kraft-hanging-display-boxes/","https://kraftboxpack.com/product/kraft-shelf-ready-packaging/","Kraft Shelf Ready Packaging","related-product"
"https://kraftboxpack.com/product/kraft-hanging-display-boxes/","https://kraftboxpack.com/products/","Search products","contextual"
"https://kraftboxpack.com/product/kraft-hanging-display-boxes/","https://kraftboxpack.com/refund_returns/","Refund and Returns Policy","navigation"
"https://kraftboxpack.com/product/kraft-hanging-display-boxes/","https://kraftboxpack.com/terms-conditions/","Terms & Conditions","navigation"
"https://kraftboxpack.com/product/kraft-heart-shaped-boxes/","https://kraftboxpack.com/","","navigation"
"https://kraftboxpack.com/product/kraft-heart-shaped-boxes/","https://kraftboxpack.com/about-us/","About Us","navigation"
"https://kraftboxpack.com/product/kraft-heart-shaped-boxes/","https://kraftboxpack.com/contact-us/","Contact Us","navigation"
"https://kraftboxpack.com/product/kraft-heart-shaped-boxes/","https://kraftboxpack.com/get-a-quote/","Get a Quote","contextual"
"https://kraftboxpack.com/product/kraft-heart-shaped-boxes/","https://kraftboxpack.com/privacy-policy/","Privacy Policy","navigation"
"https://kraftboxpack.com/product/kraft-heart-shaped-boxes/","https://kraftboxpack.com/product-category/colored-kraft-boxes/","Colored Kraft Boxes","navigation"
"https://kraftboxpack.com/product/kraft-heart-shaped-boxes/","https://kraftboxpack.com/product-category/kraft-gift-specialty-boxes/","Kraft Gift & Specialty Boxes","navigation"
"https://kraftboxpack.com/product/kraft-heart-shaped-boxes/","https://kraftboxpack.com/product-category/kraft-gift-specialty-boxes/custom-gift-boxes/","Custom Gift Boxes","navigation"
"https://kraftboxpack.com/product/kraft-heart-shaped-boxes/","https://kraftboxpack.com/product-category/kraft-packaging-boxes/","Kraft Packaging Boxes","navigation"
"https://kraftboxpack.com/product/kraft-heart-shaped-boxes/","https://kraftboxpack.com/product-category/kraft-wrapping-accessories/","Kraft Wrapping & Accessories","navigation"
"https://kraftboxpack.com/product/kraft-heart-shaped-boxes/","https://kraftboxpack.com/product/kraft-influencer-boxes/","Kraft Influencer Boxes","related-product"
"https://kraftboxpack.com/product/kraft-heart-shaped-boxes/","https://kraftboxpack.com/product/kraft-invitation-boxes/","Kraft Invitation Boxes","related-product"
"https://kraftboxpack.com/product/kraft-heart-shaped-boxes/","https://kraftboxpack.com/product/kraft-lid-base-rigid-boxes/","Kraft Lid & Base Rigid Boxes","related-product"
"https://kraftboxpack.com/product/kraft-heart-shaped-boxes/","https://kraftboxpack.com/product/kraft-liquor-gift-boxes/","Kraft Liquor Gift Boxes","product-grid"
"https://kraftboxpack.com/product/kraft-heart-shaped-boxes/","https://kraftboxpack.com/product/kraft-luxury-magnet-boxes/","Kraft Luxury Magnet Boxes","product-grid"
"https://kraftboxpack.com/product/kraft-heart-shaped-boxes/","https://kraftboxpack.com/product/kraft-marketing-kit-boxes/","Kraft Marketing Kit Boxes","product-grid"
"https://kraftboxpack.com/product/kraft-heart-shaped-boxes/","https://kraftboxpack.com/product/kraft-pillow-gift-boxes/","Kraft Pillow Gift Boxes","product-grid"
"https://kraftboxpack.com/product/kraft-heart-shaped-boxes/","https://kraftboxpack.com/product/kraft-pr-packaging-boxes/","Kraft PR Packaging Boxes","product-grid"
"https://kraftboxpack.com/product/kraft-heart-shaped-boxes/","https://kraftboxpack.com/product/kraft-ribbon-closure-boxes/","Kraft Ribbon Closure Boxes","contextual"
"https://kraftboxpack.com/product/kraft-heart-shaped-boxes/","https://kraftboxpack.com/products/","Search products","contextual"
"https://kraftboxpack.com/product/kraft-heart-shaped-boxes/","https://kraftboxpack.com/refund_returns/","Refund and Returns Policy","navigation"
"https://kraftboxpack.com/product/kraft-heart-shaped-boxes/","https://kraftboxpack.com/terms-conditions/","Terms & Conditions","navigation"
"https://kraftboxpack.com/product/kraft-heavy-duty-storage-boxes/","https://kraftboxpack.com/","","navigation"
"https://kraftboxpack.com/product/kraft-heavy-duty-storage-boxes/","https://kraftboxpack.com/about-us/","About Us","navigation"
"https://kraftboxpack.com/product/kraft-heavy-duty-storage-boxes/","https://kraftboxpack.com/contact-us/","Contact Us","navigation"
"https://kraftboxpack.com/product/kraft-heavy-duty-storage-boxes/","https://kraftboxpack.com/get-a-quote/","Get a Quote","contextual"
"https://kraftboxpack.com/product/kraft-heavy-duty-storage-boxes/","https://kraftboxpack.com/privacy-policy/","Privacy Policy","navigation"
"https://kraftboxpack.com/product/kraft-heavy-duty-storage-boxes/","https://kraftboxpack.com/product-category/colored-kraft-boxes/","Colored Kraft Boxes","navigation"
"https://kraftboxpack.com/product/kraft-heavy-duty-storage-boxes/","https://kraftboxpack.com/product-category/kraft-gift-specialty-boxes/","Kraft Gift & Specialty Boxes","navigation"
"https://kraftboxpack.com/product/kraft-heavy-duty-storage-boxes/","https://kraftboxpack.com/product-category/kraft-industrial-packaging/","Kraft Industrial Packaging","navigation"
"https://kraftboxpack.com/product/kraft-heavy-duty-storage-boxes/","https://kraftboxpack.com/product-category/kraft-packaging-boxes/","Kraft Packaging Boxes","navigation"
"https://kraftboxpack.com/product/kraft-heavy-duty-storage-boxes/","https://kraftboxpack.com/product-category/kraft-wrapping-accessories/","Kraft Wrapping & Accessories","navigation"
"https://kraftboxpack.com/product/kraft-heavy-duty-storage-boxes/","https://kraftboxpack.com/product/kraft-bulk-shipping-crates/","Kraft Bulk Shipping Crates","contextual"
"https://kraftboxpack.com/product/kraft-heavy-duty-storage-boxes/","https://kraftboxpack.com/product/kraft-chemical-safe-boxes/","Kraft Chemical Safe Boxes","related-product"
"https://kraftboxpack.com/product/kraft-heavy-duty-storage-boxes/","https://kraftboxpack.com/product/kraft-eco-friendly-compostable-boxes/","Kraft Eco Friendly Compostable Boxes","related-product"
"https://kraftboxpack.com/product/kraft-heavy-duty-storage-boxes/","https://kraftboxpack.com/product/kraft-industrial-parts-boxes/","Kraft Industrial Parts Boxes","product-grid"
"https://kraftboxpack.com/product/kraft-heavy-duty-storage-boxes/","https://kraftboxpack.com/product/kraft-insulated-cold-boxes/","Kraft Insulated Cold Boxes","product-grid"
"https://kraftboxpack.com/product/kraft-heavy-duty-storage-boxes/","https://kraftboxpack.com/product/kraft-recycled-kraft-boxes/","Kraft Recycled Kraft Boxes","product-grid"
"https://kraftboxpack.com/product/kraft-heavy-duty-storage-boxes/","https://kraftboxpack.com/products/","Search products","contextual"
"https://kraftboxpack.com/product/kraft-heavy-duty-storage-boxes/","https://kraftboxpack.com/refund_returns/","Refund and Returns Policy","navigation"
"https://kraftboxpack.com/product/kraft-heavy-duty-storage-boxes/","https://kraftboxpack.com/terms-conditions/","Terms & Conditions","navigation"
"https://kraftboxpack.com/product/kraft-hexagon-boxes/","https://kraftboxpack.com/","","navigation"
"https://kraftboxpack.com/product/kraft-hexagon-boxes/","https://kraftboxpack.com/about-us/","About Us","navigation"
"https://kraftboxpack.com/product/kraft-hexagon-boxes/","https://kraftboxpack.com/contact-us/","Contact Us","navigation"
"https://kraftboxpack.com/product/kraft-hexagon-boxes/","https://kraftboxpack.com/get-a-quote/","Get a Quote","contextual"
"https://kraftboxpack.com/product/kraft-hexagon-boxes/","https://kraftboxpack.com/privacy-policy/","Privacy Policy","navigation"
"https://kraftboxpack.com/product/kraft-hexagon-boxes/","https://kraftboxpack.com/product-category/colored-kraft-boxes/","Colored Kraft Boxes","navigation"
"https://kraftboxpack.com/product/kraft-hexagon-boxes/","https://kraftboxpack.com/product-category/kraft-gift-specialty-boxes/","Kraft Gift & Specialty Boxes","navigation"
"https://kraftboxpack.com/product/kraft-hexagon-boxes/","https://kraftboxpack.com/product-category/kraft-luxury-packaging/","Kraft Luxury Packaging","navigation"
"https://kraftboxpack.com/product/kraft-hexagon-boxes/","https://kraftboxpack.com/product-category/kraft-packaging-boxes/","Kraft Packaging Boxes","navigation"
"https://kraftboxpack.com/product/kraft-hexagon-boxes/","https://kraftboxpack.com/product-category/kraft-wrapping-accessories/","Kraft Wrapping & Accessories","navigation"
"https://kraftboxpack.com/product/kraft-hexagon-boxes/","https://kraftboxpack.com/product/kraft-cylindrical-boxes/","Kraft Cylindrical Boxes","contextual"
"https://kraftboxpack.com/product/kraft-hexagon-boxes/","https://kraftboxpack.com/product/kraft-magnetic-closure-boxes/","Kraft Magnetic Closure Boxes","related-product"
"https://kraftboxpack.com/product/kraft-hexagon-boxes/","https://kraftboxpack.com/product/kraft-octagon-boxes/","Kraft Octagon Boxes","related-product"
"https://kraftboxpack.com/product/kraft-hexagon-boxes/","https://kraftboxpack.com/product/kraft-pyramid-boxes/","Kraft Pyramid Boxes","related-product"
"https://kraftboxpack.com/product/kraft-hexagon-boxes/","https://kraftboxpack.com/product/kraft-rigid-boxes/","Kraft Rigid Boxes","product-grid"
"https://kraftboxpack.com/product/kraft-hexagon-boxes/","https://kraftboxpack.com/product/kraft-triangle-boxes/","Kraft Triangle Boxes","product-grid"
"https://kraftboxpack.com/product/kraft-hexagon-boxes/","https://kraftboxpack.com/product/kraft-tube-packaging/","Kraft Tube Packaging","product-grid"
"https://kraftboxpack.com/product/kraft-hexagon-boxes/","https://kraftboxpack.com/products/","Search products","contextual"
"https://kraftboxpack.com/product/kraft-hexagon-boxes/","https://kraftboxpack.com/refund_returns/","Refund and Returns Policy","navigation"
"https://kraftboxpack.com/product/kraft-hexagon-boxes/","https://kraftboxpack.com/terms-conditions/","Terms & Conditions","navigation"
"https://kraftboxpack.com/product/kraft-industrial-parts-boxes/","https://kraftboxpack.com/","","navigation"
"https://kraftboxpack.com/product/kraft-industrial-parts-boxes/","https://kraftboxpack.com/about-us/","About Us","navigation"
"https://kraftboxpack.com/product/kraft-industrial-parts-boxes/","https://kraftboxpack.com/contact-us/","Contact Us","navigation"
"https://kraftboxpack.com/product/kraft-industrial-parts-boxes/","https://kraftboxpack.com/get-a-quote/","Get a Quote","contextual"
"https://kraftboxpack.com/product/kraft-industrial-parts-boxes/","https://kraftboxpack.com/privacy-policy/","Privacy Policy","navigation"
"https://kraftboxpack.com/product/kraft-industrial-parts-boxes/","https://kraftboxpack.com/product-category/colored-kraft-boxes/","Colored Kraft Boxes","navigation"
"https://kraftboxpack.com/product/kraft-industrial-parts-boxes/","https://kraftboxpack.com/product-category/kraft-gift-specialty-boxes/","Kraft Gift & Specialty Boxes","navigation"
"https://kraftboxpack.com/product/kraft-industrial-parts-boxes/","https://kraftboxpack.com/product-category/kraft-industrial-packaging/","Kraft Industrial Packaging","navigation"
"https://kraftboxpack.com/product/kraft-industrial-parts-boxes/","https://kraftboxpack.com/product-category/kraft-packaging-boxes/","Kraft Packaging Boxes","navigation"
"https://kraftboxpack.com/product/kraft-industrial-parts-boxes/","https://kraftboxpack.com/product-category/kraft-wrapping-accessories/","Kraft Wrapping & Accessories","navigation"
"https://kraftboxpack.com/product/kraft-industrial-parts-boxes/","https://kraftboxpack.com/product/kraft-bulk-shipping-crates/","Kraft Bulk Shipping Crates","contextual"
"https://kraftboxpack.com/product/kraft-industrial-parts-boxes/","https://kraftboxpack.com/product/kraft-chemical-safe-boxes/","Kraft Chemical Safe Boxes","related-product"
"https://kraftboxpack.com/product/kraft-industrial-parts-boxes/","https://kraftboxpack.com/product/kraft-eco-friendly-compostable-boxes/","Kraft Eco Friendly Compostable Boxes","related-product"
"https://kraftboxpack.com/product/kraft-industrial-parts-boxes/","https://kraftboxpack.com/product/kraft-heavy-duty-storage-boxes/","Kraft Heavy Duty Storage Boxes","product-grid"
"https://kraftboxpack.com/product/kraft-industrial-parts-boxes/","https://kraftboxpack.com/product/kraft-insulated-cold-boxes/","Kraft Insulated Cold Boxes","product-grid"
"https://kraftboxpack.com/product/kraft-industrial-parts-boxes/","https://kraftboxpack.com/product/kraft-recycled-kraft-boxes/","Kraft Recycled Kraft Boxes","product-grid"
"https://kraftboxpack.com/product/kraft-industrial-parts-boxes/","https://kraftboxpack.com/products/","Search products","contextual"
"https://kraftboxpack.com/product/kraft-industrial-parts-boxes/","https://kraftboxpack.com/refund_returns/","Refund and Returns Policy","navigation"
"https://kraftboxpack.com/product/kraft-industrial-parts-boxes/","https://kraftboxpack.com/terms-conditions/","Terms & Conditions","navigation"
"https://kraftboxpack.com/product/kraft-influencer-boxes/","https://kraftboxpack.com/","","navigation"
"https://kraftboxpack.com/product/kraft-influencer-boxes/","https://kraftboxpack.com/about-us/","About Us","navigation"
"https://kraftboxpack.com/product/kraft-influencer-boxes/","https://kraftboxpack.com/contact-us/","Contact Us","navigation"
"https://kraftboxpack.com/product/kraft-influencer-boxes/","https://kraftboxpack.com/get-a-quote/","Get a Quote","contextual"
"https://kraftboxpack.com/product/kraft-influencer-boxes/","https://kraftboxpack.com/privacy-policy/","Privacy Policy","navigation"
"https://kraftboxpack.com/product/kraft-influencer-boxes/","https://kraftboxpack.com/product-category/colored-kraft-boxes/","Colored Kraft Boxes","navigation"
"https://kraftboxpack.com/product/kraft-influencer-boxes/","https://kraftboxpack.com/product-category/kraft-gift-specialty-boxes/","Kraft Gift & Specialty Boxes","navigation"
"https://kraftboxpack.com/product/kraft-influencer-boxes/","https://kraftboxpack.com/product-category/kraft-gift-specialty-boxes/custom-gift-boxes/","Custom Gift Boxes","navigation"
"https://kraftboxpack.com/product/kraft-influencer-boxes/","https://kraftboxpack.com/product-category/kraft-packaging-boxes/","Kraft Packaging Boxes","navigation"
"https://kraftboxpack.com/product/kraft-influencer-boxes/","https://kraftboxpack.com/product-category/kraft-wrapping-accessories/","Kraft Wrapping & Accessories","navigation"
"https://kraftboxpack.com/product/kraft-influencer-boxes/","https://kraftboxpack.com/product/kraft-invitation-boxes/","Kraft Invitation Boxes","related-product"
"https://kraftboxpack.com/product/kraft-influencer-boxes/","https://kraftboxpack.com/product/kraft-lid-base-rigid-boxes/","Kraft Lid & Base Rigid Boxes","related-product"
"https://kraftboxpack.com/product/kraft-influencer-boxes/","https://kraftboxpack.com/product/kraft-liquor-gift-boxes/","Kraft Liquor Gift Boxes","related-product"
"https://kraftboxpack.com/product/kraft-influencer-boxes/","https://kraftboxpack.com/product/kraft-luxury-magnet-boxes/","Kraft Luxury Magnet Boxes","product-grid"
"https://kraftboxpack.com/product/kraft-influencer-boxes/","https://kraftboxpack.com/product/kraft-marketing-kit-boxes/","Kraft Marketing Kit Boxes","contextual"
"https://kraftboxpack.com/product/kraft-influencer-boxes/","https://kraftboxpack.com/product/kraft-pillow-gift-boxes/","Kraft Pillow Gift Boxes","product-grid"
"https://kraftboxpack.com/product/kraft-influencer-boxes/","https://kraftboxpack.com/product/kraft-pr-packaging-boxes/","Kraft PR Packaging Boxes","product-grid"
"https://kraftboxpack.com/product/kraft-influencer-boxes/","https://kraftboxpack.com/product/kraft-promotional-boxes/","Kraft Promotional Boxes","product-grid"
"https://kraftboxpack.com/product/kraft-influencer-boxes/","https://kraftboxpack.com/products/","Search products","contextual"
"https://kraftboxpack.com/product/kraft-influencer-boxes/","https://kraftboxpack.com/refund_returns/","Refund and Returns Policy","navigation"
"https://kraftboxpack.com/product/kraft-influencer-boxes/","https://kraftboxpack.com/terms-conditions/","Terms & Conditions","navigation"
"https://kraftboxpack.com/product/kraft-insulated-cold-boxes/","https://kraftboxpack.com/","","navigation"
"https://kraftboxpack.com/product/kraft-insulated-cold-boxes/","https://kraftboxpack.com/about-us/","About Us","navigation"
"https://kraftboxpack.com/product/kraft-insulated-cold-boxes/","https://kraftboxpack.com/contact-us/","Contact Us","navigation"
"https://kraftboxpack.com/product/kraft-insulated-cold-boxes/","https://kraftboxpack.com/get-a-quote/","Get a Quote","contextual"
"https://kraftboxpack.com/product/kraft-insulated-cold-boxes/","https://kraftboxpack.com/privacy-policy/","Privacy Policy","navigation"
"https://kraftboxpack.com/product/kraft-insulated-cold-boxes/","https://kraftboxpack.com/product-category/colored-kraft-boxes/","Colored Kraft Boxes","navigation"
"https://kraftboxpack.com/product/kraft-insulated-cold-boxes/","https://kraftboxpack.com/product-category/kraft-gift-specialty-boxes/","Kraft Gift & Specialty Boxes","navigation"
"https://kraftboxpack.com/product/kraft-insulated-cold-boxes/","https://kraftboxpack.com/product-category/kraft-industrial-packaging/","Kraft Industrial Packaging","navigation"
"https://kraftboxpack.com/product/kraft-insulated-cold-boxes/","https://kraftboxpack.com/product-category/kraft-packaging-boxes/","Kraft Packaging Boxes","navigation"
"https://kraftboxpack.com/product/kraft-insulated-cold-boxes/","https://kraftboxpack.com/product-category/kraft-wrapping-accessories/","Kraft Wrapping & Accessories","navigation"
"https://kraftboxpack.com/product/kraft-insulated-cold-boxes/","https://kraftboxpack.com/product/kraft-bulk-shipping-crates/","Kraft Bulk Shipping Crates","related-product"
"https://kraftboxpack.com/product/kraft-insulated-cold-boxes/","https://kraftboxpack.com/product/kraft-chemical-safe-boxes/","Kraft Chemical Safe Boxes","related-product"
"https://kraftboxpack.com/product/kraft-insulated-cold-boxes/","https://kraftboxpack.com/product/kraft-eco-friendly-compostable-boxes/","Kraft Eco Friendly Compostable Boxes","related-product"
"https://kraftboxpack.com/product/kraft-insulated-cold-boxes/","https://kraftboxpack.com/product/kraft-heavy-duty-storage-boxes/","Kraft Heavy Duty Storage Boxes","product-grid"
"https://kraftboxpack.com/product/kraft-insulated-cold-boxes/","https://kraftboxpack.com/product/kraft-industrial-parts-boxes/","Kraft Industrial Parts Boxes","product-grid"
"https://kraftboxpack.com/product/kraft-insulated-cold-boxes/","https://kraftboxpack.com/product/kraft-recycled-kraft-boxes/","Kraft Recycled Kraft Boxes","product-grid"
"https://kraftboxpack.com/product/kraft-insulated-cold-boxes/","https://kraftboxpack.com/product/kraft-thermal-kraft-boxes/","Kraft Thermal Kraft Boxes","contextual"
"https://kraftboxpack.com/product/kraft-insulated-cold-boxes/","https://kraftboxpack.com/products/","Search products","contextual"
"https://kraftboxpack.com/product/kraft-insulated-cold-boxes/","https://kraftboxpack.com/refund_returns/","Refund and Returns Policy","navigation"
"https://kraftboxpack.com/product/kraft-insulated-cold-boxes/","https://kraftboxpack.com/terms-conditions/","Terms & Conditions","navigation"
"https://kraftboxpack.com/product/kraft-invitation-boxes/","https://kraftboxpack.com/","","navigation"
"https://kraftboxpack.com/product/kraft-invitation-boxes/","https://kraftboxpack.com/about-us/","About Us","navigation"
"https://kraftboxpack.com/product/kraft-invitation-boxes/","https://kraftboxpack.com/contact-us/","Contact Us","navigation"
"https://kraftboxpack.com/product/kraft-invitation-boxes/","https://kraftboxpack.com/get-a-quote/","Get a Quote","contextual"
"https://kraftboxpack.com/product/kraft-invitation-boxes/","https://kraftboxpack.com/privacy-policy/","Privacy Policy","navigation"
"https://kraftboxpack.com/product/kraft-invitation-boxes/","https://kraftboxpack.com/product-category/colored-kraft-boxes/","Colored Kraft Boxes","navigation"
"https://kraftboxpack.com/product/kraft-invitation-boxes/","https://kraftboxpack.com/product-category/kraft-gift-specialty-boxes/","Kraft Gift & Specialty Boxes","navigation"
"https://kraftboxpack.com/product/kraft-invitation-boxes/","https://kraftboxpack.com/product-category/kraft-gift-specialty-boxes/custom-gift-boxes/","Custom Gift Boxes","navigation"
"https://kraftboxpack.com/product/kraft-invitation-boxes/","https://kraftboxpack.com/product-category/kraft-packaging-boxes/","Kraft Packaging Boxes","navigation"
"https://kraftboxpack.com/product/kraft-invitation-boxes/","https://kraftboxpack.com/product-category/kraft-wrapping-accessories/","Kraft Wrapping & Accessories","navigation"
"https://kraftboxpack.com/product/kraft-invitation-boxes/","https://kraftboxpack.com/product/kraft-lid-base-rigid-boxes/","Kraft Lid & Base Rigid Boxes","related-product"
"https://kraftboxpack.com/product/kraft-invitation-boxes/","https://kraftboxpack.com/product/kraft-liquor-gift-boxes/","Kraft Liquor Gift Boxes","related-product"
"https://kraftboxpack.com/product/kraft-invitation-boxes/","https://kraftboxpack.com/product/kraft-luxury-magnet-boxes/","Kraft Luxury Magnet Boxes","related-product"
"https://kraftboxpack.com/product/kraft-invitation-boxes/","https://kraftboxpack.com/product/kraft-marketing-kit-boxes/","Kraft Marketing Kit Boxes","product-grid"
"https://kraftboxpack.com/product/kraft-invitation-boxes/","https://kraftboxpack.com/product/kraft-pillow-gift-boxes/","Kraft Pillow Gift Boxes","product-grid"
"https://kraftboxpack.com/product/kraft-invitation-boxes/","https://kraftboxpack.com/product/kraft-pr-packaging-boxes/","Kraft PR Packaging Boxes","product-grid"
"https://kraftboxpack.com/product/kraft-invitation-boxes/","https://kraftboxpack.com/product/kraft-promotional-boxes/","Kraft Promotional Boxes","product-grid"
"https://kraftboxpack.com/product/kraft-invitation-boxes/","https://kraftboxpack.com/product/kraft-rectangular-gift-boxes/","Kraft Rectangular Gift Boxes","product-grid"
"https://kraftboxpack.com/product/kraft-invitation-boxes/","https://kraftboxpack.com/product/kraft-round-gift-containers/","Kraft Round Gift Containers","contextual"
"https://kraftboxpack.com/product/kraft-invitation-boxes/","https://kraftboxpack.com/products/","Search products","contextual"
"https://kraftboxpack.com/product/kraft-invitation-boxes/","https://kraftboxpack.com/refund_returns/","Refund and Returns Policy","navigation"
"https://kraftboxpack.com/product/kraft-invitation-boxes/","https://kraftboxpack.com/terms-conditions/","Terms & Conditions","navigation"
"https://kraftboxpack.com/product/kraft-jewelry-boxes/","https://kraftboxpack.com/","","navigation"
"https://kraftboxpack.com/product/kraft-jewelry-boxes/","https://kraftboxpack.com/about-us/","About Us","navigation"
"https://kraftboxpack.com/product/kraft-jewelry-boxes/","https://kraftboxpack.com/contact-us/","Contact Us","navigation"
"https://kraftboxpack.com/product/kraft-jewelry-boxes/","https://kraftboxpack.com/get-a-quote/","Get a Quote","contextual"
"https://kraftboxpack.com/product/kraft-jewelry-boxes/","https://kraftboxpack.com/privacy-policy/","Privacy Policy","navigation"
"https://kraftboxpack.com/product/kraft-jewelry-boxes/","https://kraftboxpack.com/product-category/colored-kraft-boxes/","Colored Kraft Boxes","navigation"
"https://kraftboxpack.com/product/kraft-jewelry-boxes/","https://kraftboxpack.com/product-category/kraft-gift-specialty-boxes/","Kraft Gift & Specialty Boxes","navigation"
"https://kraftboxpack.com/product/kraft-jewelry-boxes/","https://kraftboxpack.com/product-category/kraft-packaging-boxes/","Kraft Packaging Boxes","navigation"
"https://kraftboxpack.com/product/kraft-jewelry-boxes/","https://kraftboxpack.com/product-category/kraft-wrapping-accessories/","Kraft Wrapping & Accessories","navigation"
"https://kraftboxpack.com/product/kraft-jewelry-boxes/","https://kraftboxpack.com/product/kraft-box-with-window/","Kraft Box with Window","product-grid"
"https://kraftboxpack.com/product/kraft-jewelry-boxes/","https://kraftboxpack.com/product/kraft-necklace-box/","Kraft Necklace Box","related-product"
"https://kraftboxpack.com/product/kraft-jewelry-boxes/","https://kraftboxpack.com/product/kraft-paper-gift-boxes/","Kraft Paper Gift Boxes","contextual"
"https://kraftboxpack.com/product/kraft-jewelry-boxes/","https://kraftboxpack.com/product/kraft-pillow-boxes/","Kraft Pillow Boxes","related-product"
"https://kraftboxpack.com/product/kraft-jewelry-boxes/","https://kraftboxpack.com/product/kraft-round-boxes/","Kraft Round Boxes","product-grid"
"https://kraftboxpack.com/product/kraft-jewelry-boxes/","https://kraftboxpack.com/product/large-kraft-gift-boxes/","Large Kraft Gift Boxes","product-grid"
"https://kraftboxpack.com/product/kraft-jewelry-boxes/","https://kraftboxpack.com/product/mini-kraft-boxes/","Mini Kraft Boxes","product-grid"
"https://kraftboxpack.com/product/kraft-jewelry-boxes/","https://kraftboxpack.com/product/small-kraft-boxes/","Small Kraft Boxes","product-grid"
"https://kraftboxpack.com/product/kraft-jewelry-boxes/","https://kraftboxpack.com/products/","Search products","contextual"
"https://kraftboxpack.com/product/kraft-jewelry-boxes/","https://kraftboxpack.com/refund_returns/","Refund and Returns Policy","navigation"
"https://kraftboxpack.com/product/kraft-jewelry-boxes/","https://kraftboxpack.com/terms-conditions/","Terms & Conditions","navigation"
"https://kraftboxpack.com/product/kraft-jewelry-insert-boxes/","https://kraftboxpack.com/","","navigation"
"https://kraftboxpack.com/product/kraft-jewelry-insert-boxes/","https://kraftboxpack.com/about-us/","About Us","navigation"
"https://kraftboxpack.com/product/kraft-jewelry-insert-boxes/","https://kraftboxpack.com/contact-us/","Contact Us","navigation"
"https://kraftboxpack.com/product/kraft-jewelry-insert-boxes/","https://kraftboxpack.com/get-a-quote/","Get a Quote","contextual"
"https://kraftboxpack.com/product/kraft-jewelry-insert-boxes/","https://kraftboxpack.com/privacy-policy/","Privacy Policy","navigation"
"https://kraftboxpack.com/product/kraft-jewelry-insert-boxes/","https://kraftboxpack.com/product-category/colored-kraft-boxes/","Colored Kraft Boxes","navigation"
"https://kraftboxpack.com/product/kraft-jewelry-insert-boxes/","https://kraftboxpack.com/product-category/jewelry-accessories-boxes/","Jewelry & Accessories Boxes","navigation"
"https://kraftboxpack.com/product/kraft-jewelry-insert-boxes/","https://kraftboxpack.com/product-category/kraft-gift-specialty-boxes/","Kraft Gift & Specialty Boxes","navigation"
"https://kraftboxpack.com/product/kraft-jewelry-insert-boxes/","https://kraftboxpack.com/product-category/kraft-packaging-boxes/","Kraft Packaging Boxes","navigation"
"https://kraftboxpack.com/product/kraft-jewelry-insert-boxes/","https://kraftboxpack.com/product-category/kraft-wrapping-accessories/","Kraft Wrapping & Accessories","navigation"
"https://kraftboxpack.com/product/kraft-jewelry-insert-boxes/","https://kraftboxpack.com/product/kraft-bracelet-packaging-boxes/","Kraft Bracelet Packaging Boxes","related-product"
"https://kraftboxpack.com/product/kraft-jewelry-insert-boxes/","https://kraftboxpack.com/product/kraft-earring-packaging-boxes/","Kraft Earring Packaging Boxes","contextual"
"https://kraftboxpack.com/product/kraft-jewelry-insert-boxes/","https://kraftboxpack.com/product/kraft-ring-packaging-boxes/","Kraft Ring Packaging Boxes","related-product"
"https://kraftboxpack.com/product/kraft-jewelry-insert-boxes/","https://kraftboxpack.com/product/kraft-watch-packaging-boxes/","Kraft Watch Packaging Boxes","product-grid"
"https://kraftboxpack.com/product/kraft-jewelry-insert-boxes/","https://kraftboxpack.com/products/","Search products","contextual"
"https://kraftboxpack.com/product/kraft-jewelry-insert-boxes/","https://kraftboxpack.com/refund_returns/","Refund and Returns Policy","navigation"
"https://kraftboxpack.com/product/kraft-jewelry-insert-boxes/","https://kraftboxpack.com/terms-conditions/","Terms & Conditions","navigation"
"https://kraftboxpack.com/product/kraft-juice-bottle-carriers/","https://kraftboxpack.com/","","navigation"
"https://kraftboxpack.com/product/kraft-juice-bottle-carriers/","https://kraftboxpack.com/about-us/","About Us","navigation"
"https://kraftboxpack.com/product/kraft-juice-bottle-carriers/","https://kraftboxpack.com/contact-us/","Contact Us","navigation"
"https://kraftboxpack.com/product/kraft-juice-bottle-carriers/","https://kraftboxpack.com/get-a-quote/","Get a Quote","contextual"
"https://kraftboxpack.com/product/kraft-juice-bottle-carriers/","https://kraftboxpack.com/privacy-policy/","Privacy Policy","navigation"
"https://kraftboxpack.com/product/kraft-juice-bottle-carriers/","https://kraftboxpack.com/product-category/colored-kraft-boxes/","Colored Kraft Boxes","navigation"
"https://kraftboxpack.com/product/kraft-juice-bottle-carriers/","https://kraftboxpack.com/product-category/kraft-food-packaging/","Kraft Food Packaging","navigation"
"https://kraftboxpack.com/product/kraft-juice-bottle-carriers/","https://kraftboxpack.com/product-category/kraft-gift-specialty-boxes/","Kraft Gift & Specialty Boxes","navigation"
"https://kraftboxpack.com/product/kraft-juice-bottle-carriers/","https://kraftboxpack.com/product-category/kraft-packaging-boxes/","Kraft Packaging Boxes","navigation"
"https://kraftboxpack.com/product/kraft-juice-bottle-carriers/","https://kraftboxpack.com/product-category/kraft-wrapping-accessories/","Kraft Wrapping & Accessories","navigation"
"https://kraftboxpack.com/product/kraft-juice-bottle-carriers/","https://kraftboxpack.com/product/kraft-egg-cartons/","Kraft Egg Cartons","contextual"
"https://kraftboxpack.com/product/kraft-juice-bottle-carriers/","https://kraftboxpack.com/product/kraft-macaron-packaging-boxes/","Kraft Macaron Packaging Boxes","related-product"
"https://kraftboxpack.com/product/kraft-juice-bottle-carriers/","https://kraftboxpack.com/product/kraft-meat-packaging-boxes/","Kraft Meat Packaging Boxes","related-product"
"https://kraftboxpack.com/product/kraft-juice-bottle-carriers/","https://kraftboxpack.com/product/kraft-milk-bottle-carriers/","Kraft Milk Bottle Carriers","related-product"
"https://kraftboxpack.com/product/kraft-juice-bottle-carriers/","https://kraftboxpack.com/product/kraft-muffin-packaging-boxes/","Kraft Muffin Packaging Boxes","product-grid"
"https://kraftboxpack.com/product/kraft-juice-bottle-carriers/","https://kraftboxpack.com/product/kraft-noodle-packaging-boxes/","Kraft Noodle Packaging Boxes","product-grid"
"https://kraftboxpack.com/product/kraft-juice-bottle-carriers/","https://kraftboxpack.com/product/kraft-pastry-boxes/","Kraft Pastry Boxes","product-grid"
"https://kraftboxpack.com/product/kraft-juice-bottle-carriers/","https://kraftboxpack.com/product/kraft-popcorn-packaging-boxes/","Kraft Popcorn Packaging Boxes","product-grid"
"https://kraftboxpack.com/product/kraft-juice-bottle-carriers/","https://kraftboxpack.com/product/kraft-salad-boxes/","Kraft Salad Boxes","product-grid"
"https://kraftboxpack.com/product/kraft-juice-bottle-carriers/","https://kraftboxpack.com/products/","Search products","contextual"
"https://kraftboxpack.com/product/kraft-juice-bottle-carriers/","https://kraftboxpack.com/refund_returns/","Refund and Returns Policy","navigation"
"https://kraftboxpack.com/product/kraft-juice-bottle-carriers/","https://kraftboxpack.com/terms-conditions/","Terms & Conditions","navigation"
"https://kraftboxpack.com/product/kraft-keychain-packaging-boxes/","https://kraftboxpack.com/","","navigation"
"https://kraftboxpack.com/product/kraft-keychain-packaging-boxes/","https://kraftboxpack.com/about-us/","About Us","navigation"
"https://kraftboxpack.com/product/kraft-keychain-packaging-boxes/","https://kraftboxpack.com/contact-us/","Contact Us","navigation"
"https://kraftboxpack.com/product/kraft-keychain-packaging-boxes/","https://kraftboxpack.com/get-a-quote/","Get a Quote","contextual"
"https://kraftboxpack.com/product/kraft-keychain-packaging-boxes/","https://kraftboxpack.com/privacy-policy/","Privacy Policy","navigation"
"https://kraftboxpack.com/product/kraft-keychain-packaging-boxes/","https://kraftboxpack.com/product-category/colored-kraft-boxes/","Colored Kraft Boxes","navigation"
"https://kraftboxpack.com/product/kraft-keychain-packaging-boxes/","https://kraftboxpack.com/product-category/kraft-electronics-boxes/","Kraft Electronics Boxes","navigation"
"https://kraftboxpack.com/product/kraft-keychain-packaging-boxes/","https://kraftboxpack.com/product-category/kraft-gift-specialty-boxes/","Kraft Gift & Specialty Boxes","navigation"
"https://kraftboxpack.com/product/kraft-keychain-packaging-boxes/","https://kraftboxpack.com/product-category/kraft-packaging-boxes/","Kraft Packaging Boxes","navigation"
"https://kraftboxpack.com/product/kraft-keychain-packaging-boxes/","https://kraftboxpack.com/product-category/kraft-wrapping-accessories/","Kraft Wrapping & Accessories","navigation"
"https://kraftboxpack.com/product/kraft-keychain-packaging-boxes/","https://kraftboxpack.com/product/kraft-badge-packaging-boxes/","Kraft Badge Packaging Boxes","contextual"
"https://kraftboxpack.com/product/kraft-keychain-packaging-boxes/","https://kraftboxpack.com/product/kraft-notebook-packaging/","Kraft Notebook Packaging","related-product"
"https://kraftboxpack.com/product/kraft-keychain-packaging-boxes/","https://kraftboxpack.com/product/kraft-pen-packaging-boxes/","Kraft Pen Packaging Boxes","related-product"
"https://kraftboxpack.com/product/kraft-keychain-packaging-boxes/","https://kraftboxpack.com/product/kraft-pencil-packaging-boxes/","Kraft Pencil Packaging Boxes","product-grid"
"https://kraftboxpack.com/product/kraft-keychain-packaging-boxes/","https://kraftboxpack.com/product/kraft-stationery-boxes/","Kraft Stationery Boxes","product-grid"
"https://kraftboxpack.com/product/kraft-keychain-packaging-boxes/","https://kraftboxpack.com/products/","Search products","contextual"
"https://kraftboxpack.com/product/kraft-keychain-packaging-boxes/","https://kraftboxpack.com/refund_returns/","Refund and Returns Policy","navigation"
"https://kraftboxpack.com/product/kraft-keychain-packaging-boxes/","https://kraftboxpack.com/terms-conditions/","Terms & Conditions","navigation"
"https://kraftboxpack.com/product/kraft-lid-base-rigid-boxes/","https://kraftboxpack.com/","","navigation"
"https://kraftboxpack.com/product/kraft-lid-base-rigid-boxes/","https://kraftboxpack.com/about-us/","About Us","navigation"
"https://kraftboxpack.com/product/kraft-lid-base-rigid-boxes/","https://kraftboxpack.com/contact-us/","Contact Us","navigation"
"https://kraftboxpack.com/product/kraft-lid-base-rigid-boxes/","https://kraftboxpack.com/get-a-quote/","Get a Quote","contextual"
"https://kraftboxpack.com/product/kraft-lid-base-rigid-boxes/","https://kraftboxpack.com/privacy-policy/","Privacy Policy","navigation"
"https://kraftboxpack.com/product/kraft-lid-base-rigid-boxes/","https://kraftboxpack.com/product-category/colored-kraft-boxes/","Colored Kraft Boxes","navigation"
"https://kraftboxpack.com/product/kraft-lid-base-rigid-boxes/","https://kraftboxpack.com/product-category/kraft-gift-specialty-boxes/","Kraft Gift & Specialty Boxes","navigation"
"https://kraftboxpack.com/product/kraft-lid-base-rigid-boxes/","https://kraftboxpack.com/product-category/kraft-gift-specialty-boxes/custom-gift-boxes/","Custom Gift Boxes","navigation"
"https://kraftboxpack.com/product/kraft-lid-base-rigid-boxes/","https://kraftboxpack.com/product-category/kraft-packaging-boxes/","Kraft Packaging Boxes","navigation"
"https://kraftboxpack.com/product/kraft-lid-base-rigid-boxes/","https://kraftboxpack.com/product-category/kraft-wrapping-accessories/","Kraft Wrapping & Accessories","navigation"
"https://kraftboxpack.com/product/kraft-lid-base-rigid-boxes/","https://kraftboxpack.com/product/kraft-drawer-gift-boxes/","Kraft Drawer Gift Boxes","contextual"
"https://kraftboxpack.com/product/kraft-lid-base-rigid-boxes/","https://kraftboxpack.com/product/kraft-liquor-gift-boxes/","Kraft Liquor Gift Boxes","related-product"
"https://kraftboxpack.com/product/kraft-lid-base-rigid-boxes/","https://kraftboxpack.com/product/kraft-luxury-magnet-boxes/","Kraft Luxury Magnet Boxes","related-product"
"https://kraftboxpack.com/product/kraft-lid-base-rigid-boxes/","https://kraftboxpack.com/product/kraft-marketing-kit-boxes/","Kraft Marketing Kit Boxes","related-product"
"https://kraftboxpack.com/product/kraft-lid-base-rigid-boxes/","https://kraftboxpack.com/product/kraft-pillow-gift-boxes/","Kraft Pillow Gift Boxes","product-grid"
"https://kraftboxpack.com/product/kraft-lid-base-rigid-boxes/","https://kraftboxpack.com/product/kraft-pr-packaging-boxes/","Kraft PR Packaging Boxes","product-grid"
"https://kraftboxpack.com/product/kraft-lid-base-rigid-boxes/","https://kraftboxpack.com/product/kraft-promotional-boxes/","Kraft Promotional Boxes","product-grid"
"https://kraftboxpack.com/product/kraft-lid-base-rigid-boxes/","https://kraftboxpack.com/product/kraft-rectangular-gift-boxes/","Kraft Rectangular Gift Boxes","product-grid"
"https://kraftboxpack.com/product/kraft-lid-base-rigid-boxes/","https://kraftboxpack.com/product/kraft-ribbon-closure-boxes/","Kraft Ribbon Closure Boxes","product-grid"
"https://kraftboxpack.com/product/kraft-lid-base-rigid-boxes/","https://kraftboxpack.com/products/","Search products","contextual"
"https://kraftboxpack.com/product/kraft-lid-base-rigid-boxes/","https://kraftboxpack.com/refund_returns/","Refund and Returns Policy","navigation"
"https://kraftboxpack.com/product/kraft-lid-base-rigid-boxes/","https://kraftboxpack.com/terms-conditions/","Terms & Conditions","navigation"
"https://kraftboxpack.com/product/kraft-lip-balm-packaging-boxes/","https://kraftboxpack.com/","","navigation"
"https://kraftboxpack.com/product/kraft-lip-balm-packaging-boxes/","https://kraftboxpack.com/about-us/","About Us","navigation"
"https://kraftboxpack.com/product/kraft-lip-balm-packaging-boxes/","https://kraftboxpack.com/contact-us/","Contact Us","navigation"
"https://kraftboxpack.com/product/kraft-lip-balm-packaging-boxes/","https://kraftboxpack.com/get-a-quote/","Get a Quote","contextual"
"https://kraftboxpack.com/product/kraft-lip-balm-packaging-boxes/","https://kraftboxpack.com/privacy-policy/","Privacy Policy","navigation"
"https://kraftboxpack.com/product/kraft-lip-balm-packaging-boxes/","https://kraftboxpack.com/product-category/colored-kraft-boxes/","Colored Kraft Boxes","navigation"
"https://kraftboxpack.com/product/kraft-lip-balm-packaging-boxes/","https://kraftboxpack.com/product-category/kraft-gift-specialty-boxes/","Kraft Gift & Specialty Boxes","navigation"
"https://kraftboxpack.com/product/kraft-lip-balm-packaging-boxes/","https://kraftboxpack.com/product-category/kraft-packaging-boxes/","Kraft Packaging Boxes","navigation"
"https://kraftboxpack.com/product/kraft-lip-balm-packaging-boxes/","https://kraftboxpack.com/product-category/kraft-packaging-boxes/karft-cosmetic-boxes/","Kraft Cosmetic Boxes","navigation"
"https://kraftboxpack.com/product/kraft-lip-balm-packaging-boxes/","https://kraftboxpack.com/product-category/kraft-wrapping-accessories/","Kraft Wrapping & Accessories","navigation"
"https://kraftboxpack.com/product/kraft-lip-balm-packaging-boxes/","https://kraftboxpack.com/product/kraft-beard-oil-boxes/","Kraft Beard Oil Boxes","related-product"
"https://kraftboxpack.com/product/kraft-lip-balm-packaging-boxes/","https://kraftboxpack.com/product/kraft-candle-sleeve-boxes/","Kraft Candle Sleeve Boxes","related-product"
"https://kraftboxpack.com/product/kraft-lip-balm-packaging-boxes/","https://kraftboxpack.com/product/kraft-eyelash-packaging-boxes/","Kraft Eyelash Packaging Boxes","related-product"
"https://kraftboxpack.com/product/kraft-lip-balm-packaging-boxes/","https://kraftboxpack.com/product/kraft-makeup-palette-boxes/","Kraft Makeup Palette Boxes","product-grid"
"https://kraftboxpack.com/product/kraft-lip-balm-packaging-boxes/","https://kraftboxpack.com/product/kraft-perfume-boxes/","Kraft Perfume Boxes","product-grid"
"https://kraftboxpack.com/product/kraft-lip-balm-packaging-boxes/","https://kraftboxpack.com/product/kraft-skincare-boxes/","Kraft Skincare Boxes","product-grid"
"https://kraftboxpack.com/product/kraft-lip-balm-packaging-boxes/","https://kraftboxpack.com/product/kraft-soap-sleeve-boxes/","Kraft Soap Sleeve Boxes","contextual"
"https://kraftboxpack.com/product/kraft-lip-balm-packaging-boxes/","https://kraftboxpack.com/product/kraft-wax-melt-boxes/","Kraft Wax Melt Boxes","product-grid"
"https://kraftboxpack.com/product/kraft-lip-balm-packaging-boxes/","https://kraftboxpack.com/products/","Search products","contextual"
"https://kraftboxpack.com/product/kraft-lip-balm-packaging-boxes/","https://kraftboxpack.com/refund_returns/","Refund and Returns Policy","navigation"
"https://kraftboxpack.com/product/kraft-lip-balm-packaging-boxes/","https://kraftboxpack.com/terms-conditions/","Terms & Conditions","navigation"
"https://kraftboxpack.com/product/kraft-liquor-gift-boxes/","https://kraftboxpack.com/","","navigation"
"https://kraftboxpack.com/product/kraft-liquor-gift-boxes/","https://kraftboxpack.com/about-us/","About Us","navigation"
"https://kraftboxpack.com/product/kraft-liquor-gift-boxes/","https://kraftboxpack.com/contact-us/","Contact Us","navigation"
"https://kraftboxpack.com/product/kraft-liquor-gift-boxes/","https://kraftboxpack.com/get-a-quote/","Get a Quote","contextual"
"https://kraftboxpack.com/product/kraft-liquor-gift-boxes/","https://kraftboxpack.com/privacy-policy/","Privacy Policy","navigation"
"https://kraftboxpack.com/product/kraft-liquor-gift-boxes/","https://kraftboxpack.com/product-category/colored-kraft-boxes/","Colored Kraft Boxes","navigation"
"https://kraftboxpack.com/product/kraft-liquor-gift-boxes/","https://kraftboxpack.com/product-category/kraft-gift-specialty-boxes/","Kraft Gift & Specialty Boxes","navigation"
"https://kraftboxpack.com/product/kraft-liquor-gift-boxes/","https://kraftboxpack.com/product-category/kraft-gift-specialty-boxes/custom-gift-boxes/","Custom Gift Boxes","navigation"
"https://kraftboxpack.com/product/kraft-liquor-gift-boxes/","https://kraftboxpack.com/product-category/kraft-packaging-boxes/","Kraft Packaging Boxes","navigation"
"https://kraftboxpack.com/product/kraft-liquor-gift-boxes/","https://kraftboxpack.com/product-category/kraft-wrapping-accessories/","Kraft Wrapping & Accessories","navigation"
"https://kraftboxpack.com/product/kraft-liquor-gift-boxes/","https://kraftboxpack.com/product/kraft-gift-hamper-boxes/","Kraft Gift Hamper Boxes","contextual"
"https://kraftboxpack.com/product/kraft-liquor-gift-boxes/","https://kraftboxpack.com/product/kraft-luxury-magnet-boxes/","Kraft Luxury Magnet Boxes","related-product"
"https://kraftboxpack.com/product/kraft-liquor-gift-boxes/","https://kraftboxpack.com/product/kraft-marketing-kit-boxes/","Kraft Marketing Kit Boxes","related-product"
"https://kraftboxpack.com/product/kraft-liquor-gift-boxes/","https://kraftboxpack.com/product/kraft-pillow-gift-boxes/","Kraft Pillow Gift Boxes","related-product"
"https://kraftboxpack.com/product/kraft-liquor-gift-boxes/","https://kraftboxpack.com/product/kraft-pr-packaging-boxes/","Kraft PR Packaging Boxes","product-grid"
"https://kraftboxpack.com/product/kraft-liquor-gift-boxes/","https://kraftboxpack.com/product/kraft-promotional-boxes/","Kraft Promotional Boxes","product-grid"
"https://kraftboxpack.com/product/kraft-liquor-gift-boxes/","https://kraftboxpack.com/product/kraft-rectangular-gift-boxes/","Kraft Rectangular Gift Boxes","product-grid"
"https://kraftboxpack.com/product/kraft-liquor-gift-boxes/","https://kraftboxpack.com/product/kraft-ribbon-closure-boxes/","Kraft Ribbon Closure Boxes","product-grid"
"https://kraftboxpack.com/product/kraft-liquor-gift-boxes/","https://kraftboxpack.com/product/kraft-round-gift-containers/","Kraft Round Gift Containers","product-grid"
"https://kraftboxpack.com/product/kraft-liquor-gift-boxes/","https://kraftboxpack.com/products/","Search products","contextual"
"https://kraftboxpack.com/product/kraft-liquor-gift-boxes/","https://kraftboxpack.com/refund_returns/","Refund and Returns Policy","navigation"
"https://kraftboxpack.com/product/kraft-liquor-gift-boxes/","https://kraftboxpack.com/terms-conditions/","Terms & Conditions","navigation"
"https://kraftboxpack.com/product/kraft-luxury-magnet-boxes/","https://kraftboxpack.com/","","navigation"
"https://kraftboxpack.com/product/kraft-luxury-magnet-boxes/","https://kraftboxpack.com/about-us/","About Us","navigation"
"https://kraftboxpack.com/product/kraft-luxury-magnet-boxes/","https://kraftboxpack.com/contact-us/","Contact Us","navigation"
"https://kraftboxpack.com/product/kraft-luxury-magnet-boxes/","https://kraftboxpack.com/get-a-quote/","Get a Quote","contextual"
"https://kraftboxpack.com/product/kraft-luxury-magnet-boxes/","https://kraftboxpack.com/privacy-policy/","Privacy Policy","navigation"
"https://kraftboxpack.com/product/kraft-luxury-magnet-boxes/","https://kraftboxpack.com/product-category/colored-kraft-boxes/","Colored Kraft Boxes","navigation"
"https://kraftboxpack.com/product/kraft-luxury-magnet-boxes/","https://kraftboxpack.com/product-category/kraft-gift-specialty-boxes/","Kraft Gift & Specialty Boxes","navigation"
"https://kraftboxpack.com/product/kraft-luxury-magnet-boxes/","https://kraftboxpack.com/product-category/kraft-gift-specialty-boxes/custom-gift-boxes/","Custom Gift Boxes","navigation"
"https://kraftboxpack.com/product/kraft-luxury-magnet-boxes/","https://kraftboxpack.com/product-category/kraft-packaging-boxes/","Kraft Packaging Boxes","navigation"
"https://kraftboxpack.com/product/kraft-luxury-magnet-boxes/","https://kraftboxpack.com/product-category/kraft-wrapping-accessories/","Kraft Wrapping & Accessories","navigation"
"https://kraftboxpack.com/product/kraft-luxury-magnet-boxes/","https://kraftboxpack.com/product/kraft-gift-hamper-boxes/","Kraft Gift Hamper Boxes","contextual"
"https://kraftboxpack.com/product/kraft-luxury-magnet-boxes/","https://kraftboxpack.com/product/kraft-marketing-kit-boxes/","Kraft Marketing Kit Boxes","related-product"
"https://kraftboxpack.com/product/kraft-luxury-magnet-boxes/","https://kraftboxpack.com/product/kraft-pillow-gift-boxes/","Kraft Pillow Gift Boxes","related-product"
"https://kraftboxpack.com/product/kraft-luxury-magnet-boxes/","https://kraftboxpack.com/product/kraft-pr-packaging-boxes/","Kraft PR Packaging Boxes","related-product"
"https://kraftboxpack.com/product/kraft-luxury-magnet-boxes/","https://kraftboxpack.com/product/kraft-promotional-boxes/","Kraft Promotional Boxes","product-grid"
"https://kraftboxpack.com/product/kraft-luxury-magnet-boxes/","https://kraftboxpack.com/product/kraft-rectangular-gift-boxes/","Kraft Rectangular Gift Boxes","product-grid"
"https://kraftboxpack.com/product/kraft-luxury-magnet-boxes/","https://kraftboxpack.com/product/kraft-ribbon-closure-boxes/","Kraft Ribbon Closure Boxes","product-grid"
"https://kraftboxpack.com/product/kraft-luxury-magnet-boxes/","https://kraftboxpack.com/product/kraft-round-gift-containers/","Kraft Round Gift Containers","product-grid"
"https://kraftboxpack.com/product/kraft-luxury-magnet-boxes/","https://kraftboxpack.com/product/kraft-shoulder-boxes/","Kraft Shoulder Boxes","product-grid"
"https://kraftboxpack.com/product/kraft-luxury-magnet-boxes/","https://kraftboxpack.com/products/","Search products","contextual"
"https://kraftboxpack.com/product/kraft-luxury-magnet-boxes/","https://kraftboxpack.com/refund_returns/","Refund and Returns Policy","navigation"
"https://kraftboxpack.com/product/kraft-luxury-magnet-boxes/","https://kraftboxpack.com/terms-conditions/","Terms & Conditions","navigation"
"https://kraftboxpack.com/product/kraft-macaron-packaging-boxes/","https://kraftboxpack.com/","","navigation"
"https://kraftboxpack.com/product/kraft-macaron-packaging-boxes/","https://kraftboxpack.com/about-us/","About Us","navigation"
"https://kraftboxpack.com/product/kraft-macaron-packaging-boxes/","https://kraftboxpack.com/contact-us/","Contact Us","navigation"
"https://kraftboxpack.com/product/kraft-macaron-packaging-boxes/","https://kraftboxpack.com/get-a-quote/","Get a Quote","contextual"
"https://kraftboxpack.com/product/kraft-macaron-packaging-boxes/","https://kraftboxpack.com/privacy-policy/","Privacy Policy","navigation"
"https://kraftboxpack.com/product/kraft-macaron-packaging-boxes/","https://kraftboxpack.com/product-category/colored-kraft-boxes/","Colored Kraft Boxes","navigation"
"https://kraftboxpack.com/product/kraft-macaron-packaging-boxes/","https://kraftboxpack.com/product-category/kraft-food-packaging/","Kraft Food Packaging","navigation"
"https://kraftboxpack.com/product/kraft-macaron-packaging-boxes/","https://kraftboxpack.com/product-category/kraft-gift-specialty-boxes/","Kraft Gift & Specialty Boxes","navigation"
"https://kraftboxpack.com/product/kraft-macaron-packaging-boxes/","https://kraftboxpack.com/product-category/kraft-packaging-boxes/","Kraft Packaging Boxes","navigation"
"https://kraftboxpack.com/product/kraft-macaron-packaging-boxes/","https://kraftboxpack.com/product-category/kraft-wrapping-accessories/","Kraft Wrapping & Accessories","navigation"
"https://kraftboxpack.com/product/kraft-macaron-packaging-boxes/","https://kraftboxpack.com/product/kraft-meat-packaging-boxes/","Kraft Meat Packaging Boxes","related-product"
"https://kraftboxpack.com/product/kraft-macaron-packaging-boxes/","https://kraftboxpack.com/product/kraft-milk-bottle-carriers/","Kraft Milk Bottle Carriers","related-product"
"https://kraftboxpack.com/product/kraft-macaron-packaging-boxes/","https://kraftboxpack.com/product/kraft-muffin-packaging-boxes/","Kraft Muffin Packaging Boxes","contextual"
"https://kraftboxpack.com/product/kraft-macaron-packaging-boxes/","https://kraftboxpack.com/product/kraft-noodle-packaging-boxes/","Kraft Noodle Packaging Boxes","product-grid"
"https://kraftboxpack.com/product/kraft-macaron-packaging-boxes/","https://kraftboxpack.com/product/kraft-pastry-boxes/","Kraft Pastry Boxes","product-grid"
"https://kraftboxpack.com/product/kraft-macaron-packaging-boxes/","https://kraftboxpack.com/product/kraft-popcorn-packaging-boxes/","Kraft Popcorn Packaging Boxes","product-grid"
"https://kraftboxpack.com/product/kraft-macaron-packaging-boxes/","https://kraftboxpack.com/product/kraft-salad-boxes/","Kraft Salad Boxes","product-grid"
"https://kraftboxpack.com/product/kraft-macaron-packaging-boxes/","https://kraftboxpack.com/product/kraft-sandwich-wedge-boxes/","Kraft Sandwich Wedge Boxes","product-grid"
"https://kraftboxpack.com/product/kraft-macaron-packaging-boxes/","https://kraftboxpack.com/products/","Search products","contextual"
"https://kraftboxpack.com/product/kraft-macaron-packaging-boxes/","https://kraftboxpack.com/refund_returns/","Refund and Returns Policy","navigation"
"https://kraftboxpack.com/product/kraft-macaron-packaging-boxes/","https://kraftboxpack.com/terms-conditions/","Terms & Conditions","navigation"
"https://kraftboxpack.com/product/kraft-magnetic-closure-boxes/","https://kraftboxpack.com/","","navigation"
"https://kraftboxpack.com/product/kraft-magnetic-closure-boxes/","https://kraftboxpack.com/about-us/","About Us","navigation"
"https://kraftboxpack.com/product/kraft-magnetic-closure-boxes/","https://kraftboxpack.com/contact-us/","Contact Us","navigation"
"https://kraftboxpack.com/product/kraft-magnetic-closure-boxes/","https://kraftboxpack.com/get-a-quote/","Get a Quote","contextual"
"https://kraftboxpack.com/product/kraft-magnetic-closure-boxes/","https://kraftboxpack.com/privacy-policy/","Privacy Policy","navigation"
"https://kraftboxpack.com/product/kraft-magnetic-closure-boxes/","https://kraftboxpack.com/product-category/colored-kraft-boxes/","Colored Kraft Boxes","navigation"
"https://kraftboxpack.com/product/kraft-magnetic-closure-boxes/","https://kraftboxpack.com/product-category/kraft-gift-specialty-boxes/","Kraft Gift & Specialty Boxes","navigation"
"https://kraftboxpack.com/product/kraft-magnetic-closure-boxes/","https://kraftboxpack.com/product-category/kraft-luxury-packaging/","Kraft Luxury Packaging","navigation"
"https://kraftboxpack.com/product/kraft-magnetic-closure-boxes/","https://kraftboxpack.com/product-category/kraft-packaging-boxes/","Kraft Packaging Boxes","navigation"
"https://kraftboxpack.com/product/kraft-magnetic-closure-boxes/","https://kraftboxpack.com/product-category/kraft-wrapping-accessories/","Kraft Wrapping & Accessories","navigation"
"https://kraftboxpack.com/product/kraft-magnetic-closure-boxes/","https://kraftboxpack.com/product/kraft-cylindrical-boxes/","No image Kraft Cylindrical Boxes","related-product"
"https://kraftboxpack.com/product/kraft-magnetic-closure-boxes/","https://kraftboxpack.com/product/kraft-hexagon-boxes/","Kraft Hexagon Boxes","related-product"
"https://kraftboxpack.com/product/kraft-magnetic-closure-boxes/","https://kraftboxpack.com/product/kraft-octagon-boxes/","Kraft Octagon Boxes","related-product"
"https://kraftboxpack.com/product/kraft-magnetic-closure-boxes/","https://kraftboxpack.com/product/kraft-pyramid-boxes/","Kraft Pyramid Boxes","related-product"
"https://kraftboxpack.com/product/kraft-magnetic-closure-boxes/","https://kraftboxpack.com/product/kraft-rigid-boxes/","Kraft Rigid Boxes","contextual"
"https://kraftboxpack.com/product/kraft-magnetic-closure-boxes/","https://kraftboxpack.com/product/kraft-triangle-boxes/","Kraft Triangle Boxes","product-grid"
"https://kraftboxpack.com/product/kraft-magnetic-closure-boxes/","https://kraftboxpack.com/product/kraft-tube-packaging/","Kraft Tube Packaging","product-grid"
"https://kraftboxpack.com/product/kraft-magnetic-closure-boxes/","https://kraftboxpack.com/products/","Search products","contextual"
"https://kraftboxpack.com/product/kraft-magnetic-closure-boxes/","https://kraftboxpack.com/refund_returns/","Refund and Returns Policy","navigation"
"https://kraftboxpack.com/product/kraft-magnetic-closure-boxes/","https://kraftboxpack.com/terms-conditions/","Terms & Conditions","navigation"
"https://kraftboxpack.com/product/kraft-mailer-boxes/","https://kraftboxpack.com/","","navigation"
"https://kraftboxpack.com/product/kraft-mailer-boxes/","https://kraftboxpack.com/about-us/","About Us","navigation"
"https://kraftboxpack.com/product/kraft-mailer-boxes/","https://kraftboxpack.com/contact-us/","Contact Us","navigation"
"https://kraftboxpack.com/product/kraft-mailer-boxes/","https://kraftboxpack.com/get-a-quote/","Get a Quote","contextual"
"https://kraftboxpack.com/product/kraft-mailer-boxes/","https://kraftboxpack.com/privacy-policy/","Privacy Policy","navigation"
"https://kraftboxpack.com/product/kraft-mailer-boxes/","https://kraftboxpack.com/product-category/colored-kraft-boxes/","Colored Kraft Boxes","navigation"
"https://kraftboxpack.com/product/kraft-mailer-boxes/","https://kraftboxpack.com/product-category/kraft-gift-specialty-boxes/","Kraft Gift & Specialty Boxes","navigation"
"https://kraftboxpack.com/product/kraft-mailer-boxes/","https://kraftboxpack.com/product-category/kraft-packaging-boxes/","Kraft Packaging Boxes","navigation"
"https://kraftboxpack.com/product/kraft-mailer-boxes/","https://kraftboxpack.com/product-category/kraft-wrapping-accessories/","Kraft Wrapping & Accessories","navigation"
"https://kraftboxpack.com/product/kraft-mailer-boxes/","https://kraftboxpack.com/product/kraft-bakery-boxes/","Kraft Bakery Boxes","contextual"
"https://kraftboxpack.com/product/kraft-mailer-boxes/","https://kraftboxpack.com/product/kraft-paper-treat-bags/","Kraft Paper Treat Bags","related-product"
"https://kraftboxpack.com/product/kraft-mailer-boxes/","https://kraftboxpack.com/product/kraft-paperboard-boxes/","Kraft Paperboard Boxes","related-product"
"https://kraftboxpack.com/product/kraft-mailer-boxes/","https://kraftboxpack.com/product/kraft-pizza-boxes/","Kraft Pizza Boxes","related-product"
"https://kraftboxpack.com/product/kraft-mailer-boxes/","https://kraftboxpack.com/product/kraft-shipping-boxes/","Kraft Shipping Boxes","product-grid"
"https://kraftboxpack.com/product/kraft-mailer-boxes/","https://kraftboxpack.com/product/kraft-shoe-boxes/","Kraft Shoe Boxes","product-grid"
"https://kraftboxpack.com/product/kraft-mailer-boxes/","https://kraftboxpack.com/product/kraft-storage-boxes/","Kraft Storage Boxes","product-grid"
"https://kraftboxpack.com/product/kraft-mailer-boxes/","https://kraftboxpack.com/product/kraft-take-out-boxes/","Kraft Take Out Boxes","product-grid"
"https://kraftboxpack.com/product/kraft-mailer-boxes/","https://kraftboxpack.com/product/kraft-treat-boxes/","Kraft Treat Boxes","product-grid"
"https://kraftboxpack.com/product/kraft-mailer-boxes/","https://kraftboxpack.com/products/","Search products","contextual"
"https://kraftboxpack.com/product/kraft-mailer-boxes/","https://kraftboxpack.com/refund_returns/","Refund and Returns Policy","navigation"
"https://kraftboxpack.com/product/kraft-mailer-boxes/","https://kraftboxpack.com/terms-conditions/","Terms & Conditions","navigation"
"https://kraftboxpack.com/product/kraft-makeup-palette-boxes/","https://kraftboxpack.com/","","navigation"
"https://kraftboxpack.com/product/kraft-makeup-palette-boxes/","https://kraftboxpack.com/about-us/","About Us","navigation"
"https://kraftboxpack.com/product/kraft-makeup-palette-boxes/","https://kraftboxpack.com/contact-us/","Contact Us","navigation"
"https://kraftboxpack.com/product/kraft-makeup-palette-boxes/","https://kraftboxpack.com/get-a-quote/","Get a Quote","contextual"
"https://kraftboxpack.com/product/kraft-makeup-palette-boxes/","https://kraftboxpack.com/privacy-policy/","Privacy Policy","navigation"
"https://kraftboxpack.com/product/kraft-makeup-palette-boxes/","https://kraftboxpack.com/product-category/colored-kraft-boxes/","Colored Kraft Boxes","navigation"
"https://kraftboxpack.com/product/kraft-makeup-palette-boxes/","https://kraftboxpack.com/product-category/kraft-gift-specialty-boxes/","Kraft Gift & Specialty Boxes","navigation"
"https://kraftboxpack.com/product/kraft-makeup-palette-boxes/","https://kraftboxpack.com/product-category/kraft-packaging-boxes/","Kraft Packaging Boxes","navigation"
"https://kraftboxpack.com/product/kraft-makeup-palette-boxes/","https://kraftboxpack.com/product-category/kraft-packaging-boxes/karft-cosmetic-boxes/","Kraft Cosmetic Boxes","navigation"
"https://kraftboxpack.com/product/kraft-makeup-palette-boxes/","https://kraftboxpack.com/product-category/kraft-wrapping-accessories/","Kraft Wrapping & Accessories","navigation"
"https://kraftboxpack.com/product/kraft-makeup-palette-boxes/","https://kraftboxpack.com/product/kraft-beard-oil-boxes/","Kraft Beard Oil Boxes","related-product"
"https://kraftboxpack.com/product/kraft-makeup-palette-boxes/","https://kraftboxpack.com/product/kraft-candle-sleeve-boxes/","Kraft Candle Sleeve Boxes","related-product"
"https://kraftboxpack.com/product/kraft-makeup-palette-boxes/","https://kraftboxpack.com/product/kraft-eyelash-packaging-boxes/","Kraft Eyelash Packaging Boxes","contextual"
"https://kraftboxpack.com/product/kraft-makeup-palette-boxes/","https://kraftboxpack.com/product/kraft-lip-balm-packaging-boxes/","Kraft Lip Balm Packaging Boxes","product-grid"
"https://kraftboxpack.com/product/kraft-makeup-palette-boxes/","https://kraftboxpack.com/product/kraft-perfume-boxes/","Kraft Perfume Boxes","product-grid"
"https://kraftboxpack.com/product/kraft-makeup-palette-boxes/","https://kraftboxpack.com/product/kraft-skincare-boxes/","Kraft Skincare Boxes","product-grid"
"https://kraftboxpack.com/product/kraft-makeup-palette-boxes/","https://kraftboxpack.com/product/kraft-soap-sleeve-boxes/","Kraft Soap Sleeve Boxes","product-grid"
"https://kraftboxpack.com/product/kraft-makeup-palette-boxes/","https://kraftboxpack.com/product/kraft-wax-melt-boxes/","Kraft Wax Melt Boxes","product-grid"
"https://kraftboxpack.com/product/kraft-makeup-palette-boxes/","https://kraftboxpack.com/products/","Search products","contextual"
"https://kraftboxpack.com/product/kraft-makeup-palette-boxes/","https://kraftboxpack.com/refund_returns/","Refund and Returns Policy","navigation"
"https://kraftboxpack.com/product/kraft-makeup-palette-boxes/","https://kraftboxpack.com/terms-conditions/","Terms & Conditions","navigation"
"https://kraftboxpack.com/product/kraft-marketing-kit-boxes/","https://kraftboxpack.com/","","navigation"
"https://kraftboxpack.com/product/kraft-marketing-kit-boxes/","https://kraftboxpack.com/about-us/","About Us","navigation"
"https://kraftboxpack.com/product/kraft-marketing-kit-boxes/","https://kraftboxpack.com/contact-us/","Contact Us","navigation"
"https://kraftboxpack.com/product/kraft-marketing-kit-boxes/","https://kraftboxpack.com/get-a-quote/","Get a Quote","contextual"
"https://kraftboxpack.com/product/kraft-marketing-kit-boxes/","https://kraftboxpack.com/privacy-policy/","Privacy Policy","navigation"
"https://kraftboxpack.com/product/kraft-marketing-kit-boxes/","https://kraftboxpack.com/product-category/colored-kraft-boxes/","Colored Kraft Boxes","navigation"
"https://kraftboxpack.com/product/kraft-marketing-kit-boxes/","https://kraftboxpack.com/product-category/kraft-gift-specialty-boxes/","Kraft Gift & Specialty Boxes","navigation"
"https://kraftboxpack.com/product/kraft-marketing-kit-boxes/","https://kraftboxpack.com/product-category/kraft-gift-specialty-boxes/custom-gift-boxes/","Custom Gift Boxes","navigation"
"https://kraftboxpack.com/product/kraft-marketing-kit-boxes/","https://kraftboxpack.com/product-category/kraft-packaging-boxes/","Kraft Packaging Boxes","navigation"
"https://kraftboxpack.com/product/kraft-marketing-kit-boxes/","https://kraftboxpack.com/product-category/kraft-wrapping-accessories/","Kraft Wrapping & Accessories","navigation"
"https://kraftboxpack.com/product/kraft-marketing-kit-boxes/","https://kraftboxpack.com/product/kraft-pillow-gift-boxes/","Kraft Pillow Gift Boxes","related-product"
"https://kraftboxpack.com/product/kraft-marketing-kit-boxes/","https://kraftboxpack.com/product/kraft-pr-packaging-boxes/","Kraft PR Packaging Boxes","related-product"
"https://kraftboxpack.com/product/kraft-marketing-kit-boxes/","https://kraftboxpack.com/product/kraft-promotional-boxes/","Kraft Promotional Boxes","contextual"
"https://kraftboxpack.com/product/kraft-marketing-kit-boxes/","https://kraftboxpack.com/product/kraft-rectangular-gift-boxes/","Kraft Rectangular Gift Boxes","product-grid"
"https://kraftboxpack.com/product/kraft-marketing-kit-boxes/","https://kraftboxpack.com/product/kraft-ribbon-closure-boxes/","Kraft Ribbon Closure Boxes","product-grid"
"https://kraftboxpack.com/product/kraft-marketing-kit-boxes/","https://kraftboxpack.com/product/kraft-round-gift-containers/","Kraft Round Gift Containers","product-grid"
"https://kraftboxpack.com/product/kraft-marketing-kit-boxes/","https://kraftboxpack.com/product/kraft-shoulder-boxes/","Kraft Shoulder Boxes","product-grid"
"https://kraftboxpack.com/product/kraft-marketing-kit-boxes/","https://kraftboxpack.com/product/kraft-square-gift-boxes/","Kraft Square Gift Boxes","product-grid"
"https://kraftboxpack.com/product/kraft-marketing-kit-boxes/","https://kraftboxpack.com/products/","Search products","contextual"
"https://kraftboxpack.com/product/kraft-marketing-kit-boxes/","https://kraftboxpack.com/refund_returns/","Refund and Returns Policy","navigation"
"https://kraftboxpack.com/product/kraft-marketing-kit-boxes/","https://kraftboxpack.com/terms-conditions/","Terms & Conditions","navigation"
"https://kraftboxpack.com/product/kraft-mascara-boxes/","https://kraftboxpack.com/","","navigation"
"https://kraftboxpack.com/product/kraft-mascara-boxes/","https://kraftboxpack.com/about-us/","About Us","navigation"
"https://kraftboxpack.com/product/kraft-mascara-boxes/","https://kraftboxpack.com/contact-us/","Contact Us","navigation"
"https://kraftboxpack.com/product/kraft-mascara-boxes/","https://kraftboxpack.com/get-a-quote/","Get a Quote","contextual"
"https://kraftboxpack.com/product/kraft-mascara-boxes/","https://kraftboxpack.com/privacy-policy/","Privacy Policy","navigation"
"https://kraftboxpack.com/product/kraft-mascara-boxes/","https://kraftboxpack.com/product-category/colored-kraft-boxes/","Colored Kraft Boxes","navigation"
"https://kraftboxpack.com/product/kraft-mascara-boxes/","https://kraftboxpack.com/product-category/kraft-cosmetic-boxes/","Kraft Cosmetic Boxes","navigation"
"https://kraftboxpack.com/product/kraft-mascara-boxes/","https://kraftboxpack.com/product-category/kraft-gift-specialty-boxes/","Kraft Gift & Specialty Boxes","navigation"
"https://kraftboxpack.com/product/kraft-mascara-boxes/","https://kraftboxpack.com/product-category/kraft-packaging-boxes/","Kraft Packaging Boxes","navigation"
"https://kraftboxpack.com/product/kraft-mascara-boxes/","https://kraftboxpack.com/product-category/kraft-packaging-boxes/karft-cosmetic-boxes/","Kraft Cosmetic Boxes","contextual"
"https://kraftboxpack.com/product/kraft-mascara-boxes/","https://kraftboxpack.com/product-category/kraft-wrapping-accessories/","Kraft Wrapping & Accessories","navigation"
"https://kraftboxpack.com/product/kraft-mascara-boxes/","https://kraftboxpack.com/product/kraft-beauty-kit-boxes/","Kraft Beauty Kit Boxes","related-product"
"https://kraftboxpack.com/product/kraft-mascara-boxes/","https://kraftboxpack.com/product/kraft-lip-balm-packaging-boxes/","Kraft Lip Balm Packaging Boxes","contextual"
"https://kraftboxpack.com/product/kraft-mascara-boxes/","https://kraftboxpack.com/products/","Search products","contextual"
"https://kraftboxpack.com/product/kraft-mascara-boxes/","https://kraftboxpack.com/refund_returns/","Refund and Returns Policy","navigation"
"https://kraftboxpack.com/product/kraft-mascara-boxes/","https://kraftboxpack.com/terms-conditions/","Terms & Conditions","navigation"
"https://kraftboxpack.com/product/kraft-meat-packaging-boxes/","https://kraftboxpack.com/","","navigation"
"https://kraftboxpack.com/product/kraft-meat-packaging-boxes/","https://kraftboxpack.com/about-us/","About Us","navigation"
"https://kraftboxpack.com/product/kraft-meat-packaging-boxes/","https://kraftboxpack.com/contact-us/","Contact Us","navigation"
"https://kraftboxpack.com/product/kraft-meat-packaging-boxes/","https://kraftboxpack.com/get-a-quote/","Get a Quote","contextual"
"https://kraftboxpack.com/product/kraft-meat-packaging-boxes/","https://kraftboxpack.com/privacy-policy/","Privacy Policy","navigation"
"https://kraftboxpack.com/product/kraft-meat-packaging-boxes/","https://kraftboxpack.com/product-category/colored-kraft-boxes/","Colored Kraft Boxes","navigation"
"https://kraftboxpack.com/product/kraft-meat-packaging-boxes/","https://kraftboxpack.com/product-category/kraft-food-packaging/","Kraft Food Packaging","navigation"
"https://kraftboxpack.com/product/kraft-meat-packaging-boxes/","https://kraftboxpack.com/product-category/kraft-gift-specialty-boxes/","Kraft Gift & Specialty Boxes","navigation"
"https://kraftboxpack.com/product/kraft-meat-packaging-boxes/","https://kraftboxpack.com/product-category/kraft-packaging-boxes/","Kraft Packaging Boxes","navigation"
"https://kraftboxpack.com/product/kraft-meat-packaging-boxes/","https://kraftboxpack.com/product-category/kraft-wrapping-accessories/","Kraft Wrapping & Accessories","navigation"
"https://kraftboxpack.com/product/kraft-meat-packaging-boxes/","https://kraftboxpack.com/product/kraft-frozen-food-boxes/","Kraft Frozen Food Boxes","contextual"
"https://kraftboxpack.com/product/kraft-meat-packaging-boxes/","https://kraftboxpack.com/product/kraft-milk-bottle-carriers/","Kraft Milk Bottle Carriers","related-product"
"https://kraftboxpack.com/product/kraft-meat-packaging-boxes/","https://kraftboxpack.com/product/kraft-muffin-packaging-boxes/","Kraft Muffin Packaging Boxes","related-product"
"https://kraftboxpack.com/product/kraft-meat-packaging-boxes/","https://kraftboxpack.com/product/kraft-noodle-packaging-boxes/","Kraft Noodle Packaging Boxes","related-product"
"https://kraftboxpack.com/product/kraft-meat-packaging-boxes/","https://kraftboxpack.com/product/kraft-pastry-boxes/","Kraft Pastry Boxes","product-grid"
"https://kraftboxpack.com/product/kraft-meat-packaging-boxes/","https://kraftboxpack.com/product/kraft-popcorn-packaging-boxes/","Kraft Popcorn Packaging Boxes","product-grid"
"https://kraftboxpack.com/product/kraft-meat-packaging-boxes/","https://kraftboxpack.com/product/kraft-salad-boxes/","Kraft Salad Boxes","product-grid"
"https://kraftboxpack.com/product/kraft-meat-packaging-boxes/","https://kraftboxpack.com/product/kraft-sandwich-wedge-boxes/","Kraft Sandwich Wedge Boxes","product-grid"
"https://kraftboxpack.com/product/kraft-meat-packaging-boxes/","https://kraftboxpack.com/product/kraft-seafood-boxes/","Kraft Seafood Boxes","product-grid"
"https://kraftboxpack.com/product/kraft-meat-packaging-boxes/","https://kraftboxpack.com/products/","Search products","contextual"
"https://kraftboxpack.com/product/kraft-meat-packaging-boxes/","https://kraftboxpack.com/refund_returns/","Refund and Returns Policy","navigation"
"https://kraftboxpack.com/product/kraft-meat-packaging-boxes/","https://kraftboxpack.com/terms-conditions/","Terms & Conditions","navigation"
"https://kraftboxpack.com/product/kraft-medicine-packaging-boxes/","https://kraftboxpack.com/","","navigation"
"https://kraftboxpack.com/product/kraft-medicine-packaging-boxes/","https://kraftboxpack.com/about-us/","About Us","navigation"
"https://kraftboxpack.com/product/kraft-medicine-packaging-boxes/","https://kraftboxpack.com/contact-us/","Contact Us","navigation"
"https://kraftboxpack.com/product/kraft-medicine-packaging-boxes/","https://kraftboxpack.com/get-a-quote/","Get a Quote","contextual"
"https://kraftboxpack.com/product/kraft-medicine-packaging-boxes/","https://kraftboxpack.com/privacy-policy/","Privacy Policy","navigation"
"https://kraftboxpack.com/product/kraft-medicine-packaging-boxes/","https://kraftboxpack.com/product-category/colored-kraft-boxes/","Colored Kraft Boxes","navigation"
"https://kraftboxpack.com/product/kraft-medicine-packaging-boxes/","https://kraftboxpack.com/product-category/kraft-gift-specialty-boxes/","Kraft Gift & Specialty Boxes","navigation"
"https://kraftboxpack.com/product/kraft-medicine-packaging-boxes/","https://kraftboxpack.com/product-category/kraft-packaging-boxes/","Kraft Packaging Boxes","navigation"
"https://kraftboxpack.com/product/kraft-medicine-packaging-boxes/","https://kraftboxpack.com/product-category/kraft-pharma-boxes/","Kraft Pharma boxes","navigation"
"https://kraftboxpack.com/product/kraft-medicine-packaging-boxes/","https://kraftboxpack.com/product-category/kraft-wrapping-accessories/","Kraft Wrapping & Accessories","navigation"
"https://kraftboxpack.com/product/kraft-medicine-packaging-boxes/","https://kraftboxpack.com/product/kraft-first-aid-kit-boxes/","Kraft First Aid Kit Boxes","related-product"
"https://kraftboxpack.com/product/kraft-medicine-packaging-boxes/","https://kraftboxpack.com/product/kraft-ppe-packaging-boxes/","Kraft PPE Packaging Boxes","related-product"
"https://kraftboxpack.com/product/kraft-medicine-packaging-boxes/","https://kraftboxpack.com/product/kraft-supplement-boxes/","Kraft Supplement Boxes","related-product"
"https://kraftboxpack.com/product/kraft-medicine-packaging-boxes/","https://kraftboxpack.com/product/kraft-syrup-packaging-boxes/","Kraft Syrup Packaging Boxes","product-grid"
"https://kraftboxpack.com/product/kraft-medicine-packaging-boxes/","https://kraftboxpack.com/product/kraft-vitamin-packaging-boxes/","Kraft Vitamin Packaging Boxes","contextual"
"https://kraftboxpack.com/product/kraft-medicine-packaging-boxes/","https://kraftboxpack.com/products/","Search products","contextual"
"https://kraftboxpack.com/product/kraft-medicine-packaging-boxes/","https://kraftboxpack.com/refund_returns/","Refund and Returns Policy","navigation"
"https://kraftboxpack.com/product/kraft-medicine-packaging-boxes/","https://kraftboxpack.com/terms-conditions/","Terms & Conditions","navigation"
"https://kraftboxpack.com/product/kraft-milk-bottle-carriers/","https://kraftboxpack.com/","","navigation"
"https://kraftboxpack.com/product/kraft-milk-bottle-carriers/","https://kraftboxpack.com/about-us/","About Us","navigation"
"https://kraftboxpack.com/product/kraft-milk-bottle-carriers/","https://kraftboxpack.com/contact-us/","Contact Us","navigation"
"https://kraftboxpack.com/product/kraft-milk-bottle-carriers/","https://kraftboxpack.com/get-a-quote/","Get a Quote","contextual"
"https://kraftboxpack.com/product/kraft-milk-bottle-carriers/","https://kraftboxpack.com/privacy-policy/","Privacy Policy","navigation"
"https://kraftboxpack.com/product/kraft-milk-bottle-carriers/","https://kraftboxpack.com/product-category/colored-kraft-boxes/","Colored Kraft Boxes","navigation"
"https://kraftboxpack.com/product/kraft-milk-bottle-carriers/","https://kraftboxpack.com/product-category/kraft-food-packaging/","Kraft Food Packaging","navigation"
"https://kraftboxpack.com/product/kraft-milk-bottle-carriers/","https://kraftboxpack.com/product-category/kraft-gift-specialty-boxes/","Kraft Gift & Specialty Boxes","navigation"
"https://kraftboxpack.com/product/kraft-milk-bottle-carriers/","https://kraftboxpack.com/product-category/kraft-packaging-boxes/","Kraft Packaging Boxes","navigation"
"https://kraftboxpack.com/product/kraft-milk-bottle-carriers/","https://kraftboxpack.com/product-category/kraft-wrapping-accessories/","Kraft Wrapping & Accessories","navigation"
"https://kraftboxpack.com/product/kraft-milk-bottle-carriers/","https://kraftboxpack.com/product/kraft-juice-bottle-carriers/","Kraft Juice Bottle Carriers","contextual"
"https://kraftboxpack.com/product/kraft-milk-bottle-carriers/","https://kraftboxpack.com/product/kraft-muffin-packaging-boxes/","Kraft Muffin Packaging Boxes","related-product"
"https://kraftboxpack.com/product/kraft-milk-bottle-carriers/","https://kraftboxpack.com/product/kraft-noodle-packaging-boxes/","Kraft Noodle Packaging Boxes","related-product"
"https://kraftboxpack.com/product/kraft-milk-bottle-carriers/","https://kraftboxpack.com/product/kraft-pastry-boxes/","Kraft Pastry Boxes","related-product"
"https://kraftboxpack.com/product/kraft-milk-bottle-carriers/","https://kraftboxpack.com/product/kraft-popcorn-packaging-boxes/","Kraft Popcorn Packaging Boxes","product-grid"
"https://kraftboxpack.com/product/kraft-milk-bottle-carriers/","https://kraftboxpack.com/product/kraft-salad-boxes/","Kraft Salad Boxes","product-grid"
"https://kraftboxpack.com/product/kraft-milk-bottle-carriers/","https://kraftboxpack.com/product/kraft-sandwich-wedge-boxes/","Kraft Sandwich Wedge Boxes","product-grid"
"https://kraftboxpack.com/product/kraft-milk-bottle-carriers/","https://kraftboxpack.com/product/kraft-seafood-boxes/","Kraft Seafood Boxes","product-grid"
"https://kraftboxpack.com/product/kraft-milk-bottle-carriers/","https://kraftboxpack.com/product/kraft-snack-packaging-boxes/","Kraft Snack Packaging Boxes","product-grid"
"https://kraftboxpack.com/product/kraft-milk-bottle-carriers/","https://kraftboxpack.com/products/","Search products","contextual"
"https://kraftboxpack.com/product/kraft-milk-bottle-carriers/","https://kraftboxpack.com/refund_returns/","Refund and Returns Policy","navigation"
"https://kraftboxpack.com/product/kraft-milk-bottle-carriers/","https://kraftboxpack.com/terms-conditions/","Terms & Conditions","navigation"
"https://kraftboxpack.com/product/kraft-minimalist-boxes/","https://kraftboxpack.com/","","navigation"
"https://kraftboxpack.com/product/kraft-minimalist-boxes/","https://kraftboxpack.com/about-us/","About Us","navigation"
"https://kraftboxpack.com/product/kraft-minimalist-boxes/","https://kraftboxpack.com/contact-us/","Contact Us","navigation"
"https://kraftboxpack.com/product/kraft-minimalist-boxes/","https://kraftboxpack.com/get-a-quote/","Get a Quote","contextual"
"https://kraftboxpack.com/product/kraft-minimalist-boxes/","https://kraftboxpack.com/privacy-policy/","Privacy Policy","navigation"
"https://kraftboxpack.com/product/kraft-minimalist-boxes/","https://kraftboxpack.com/product-category/colored-kraft-boxes/","Colored Kraft Boxes","navigation"
"https://kraftboxpack.com/product/kraft-minimalist-boxes/","https://kraftboxpack.com/product-category/kraft-gift-specialty-boxes/","Kraft Gift & Specialty Boxes","navigation"
"https://kraftboxpack.com/product/kraft-minimalist-boxes/","https://kraftboxpack.com/product-category/kraft-packaging-boxes/","Kraft Packaging Boxes","navigation"
"https://kraftboxpack.com/product/kraft-minimalist-boxes/","https://kraftboxpack.com/product-category/kraft-wrapping-accessories/","Kraft Wrapping & Accessories","navigation"
"https://kraftboxpack.com/product/kraft-minimalist-boxes/","https://kraftboxpack.com/product/black-kraft-boxes/","Black Kraft Boxes","contextual"
"https://kraftboxpack.com/product/kraft-minimalist-boxes/","https://kraftboxpack.com/product/brown-kraft-boxes/","Brown Kraft Boxes","related-product"
"https://kraftboxpack.com/product/kraft-minimalist-boxes/","https://kraftboxpack.com/product/colored-kraft-paper/","Colored Kraft Paper","related-product"
"https://kraftboxpack.com/product/kraft-minimalist-boxes/","https://kraftboxpack.com/product/kraft-boxes-with-lid/","Kraft Boxes With Lid","product-grid"
"https://kraftboxpack.com/product/kraft-minimalist-boxes/","https://kraftboxpack.com/product/kraft-thermal-kraft-boxes/","Kraft Thermal Kraft Boxes","product-grid"
"https://kraftboxpack.com/product/kraft-minimalist-boxes/","https://kraftboxpack.com/products/","Search products","contextual"
"https://kraftboxpack.com/product/kraft-minimalist-boxes/","https://kraftboxpack.com/refund_returns/","Refund and Returns Policy","navigation"
"https://kraftboxpack.com/product/kraft-minimalist-boxes/","https://kraftboxpack.com/terms-conditions/","Terms & Conditions","navigation"
"https://kraftboxpack.com/product/kraft-muffin-packaging-boxes/","https://kraftboxpack.com/","","navigation"
"https://kraftboxpack.com/product/kraft-muffin-packaging-boxes/","https://kraftboxpack.com/about-us/","About Us","navigation"
"https://kraftboxpack.com/product/kraft-muffin-packaging-boxes/","https://kraftboxpack.com/contact-us/","Contact Us","navigation"
"https://kraftboxpack.com/product/kraft-muffin-packaging-boxes/","https://kraftboxpack.com/get-a-quote/","Get a Quote","contextual"
"https://kraftboxpack.com/product/kraft-muffin-packaging-boxes/","https://kraftboxpack.com/privacy-policy/","Privacy Policy","navigation"
"https://kraftboxpack.com/product/kraft-muffin-packaging-boxes/","https://kraftboxpack.com/product-category/colored-kraft-boxes/","Colored Kraft Boxes","navigation"
"https://kraftboxpack.com/product/kraft-muffin-packaging-boxes/","https://kraftboxpack.com/product-category/kraft-food-packaging/","Kraft Food Packaging","navigation"
"https://kraftboxpack.com/product/kraft-muffin-packaging-boxes/","https://kraftboxpack.com/product-category/kraft-gift-specialty-boxes/","Kraft Gift & Specialty Boxes","navigation"
"https://kraftboxpack.com/product/kraft-muffin-packaging-boxes/","https://kraftboxpack.com/product-category/kraft-packaging-boxes/","Kraft Packaging Boxes","navigation"
"https://kraftboxpack.com/product/kraft-muffin-packaging-boxes/","https://kraftboxpack.com/product-category/kraft-wrapping-accessories/","Kraft Wrapping & Accessories","navigation"
"https://kraftboxpack.com/product/kraft-muffin-packaging-boxes/","https://kraftboxpack.com/product/kraft-donut-packaging-boxes/","Kraft Donut Packaging Boxes","contextual"
"https://kraftboxpack.com/product/kraft-muffin-packaging-boxes/","https://kraftboxpack.com/product/kraft-noodle-packaging-boxes/","Kraft Noodle Packaging Boxes","related-product"
"https://kraftboxpack.com/product/kraft-muffin-packaging-boxes/","https://kraftboxpack.com/product/kraft-pastry-boxes/","Kraft Pastry Boxes","related-product"
"https://kraftboxpack.com/product/kraft-muffin-packaging-boxes/","https://kraftboxpack.com/product/kraft-popcorn-packaging-boxes/","Kraft Popcorn Packaging Boxes","related-product"
"https://kraftboxpack.com/product/kraft-muffin-packaging-boxes/","https://kraftboxpack.com/product/kraft-salad-boxes/","Kraft Salad Boxes","product-grid"
"https://kraftboxpack.com/product/kraft-muffin-packaging-boxes/","https://kraftboxpack.com/product/kraft-sandwich-wedge-boxes/","Kraft Sandwich Wedge Boxes","product-grid"
"https://kraftboxpack.com/product/kraft-muffin-packaging-boxes/","https://kraftboxpack.com/product/kraft-seafood-boxes/","Kraft Seafood Boxes","product-grid"
"https://kraftboxpack.com/product/kraft-muffin-packaging-boxes/","https://kraftboxpack.com/product/kraft-snack-packaging-boxes/","Kraft Snack Packaging Boxes","product-grid"
"https://kraftboxpack.com/product/kraft-muffin-packaging-boxes/","https://kraftboxpack.com/product/kraft-sushi-packaging-boxes/","Kraft Sushi Packaging Boxes","product-grid"
"https://kraftboxpack.com/product/kraft-muffin-packaging-boxes/","https://kraftboxpack.com/products/","Search products","contextual"
"https://kraftboxpack.com/product/kraft-muffin-packaging-boxes/","https://kraftboxpack.com/refund_returns/","Refund and Returns Policy","navigation"
"https://kraftboxpack.com/product/kraft-muffin-packaging-boxes/","https://kraftboxpack.com/terms-conditions/","Terms & Conditions","navigation"
"https://kraftboxpack.com/product/kraft-necklace-box/","https://kraftboxpack.com/","","navigation"
"https://kraftboxpack.com/product/kraft-necklace-box/","https://kraftboxpack.com/about-us/","About Us","navigation"
"https://kraftboxpack.com/product/kraft-necklace-box/","https://kraftboxpack.com/contact-us/","Contact Us","navigation"
"https://kraftboxpack.com/product/kraft-necklace-box/","https://kraftboxpack.com/get-a-quote/","Get a Quote","contextual"
"https://kraftboxpack.com/product/kraft-necklace-box/","https://kraftboxpack.com/privacy-policy/","Privacy Policy","navigation"
"https://kraftboxpack.com/product/kraft-necklace-box/","https://kraftboxpack.com/product-category/colored-kraft-boxes/","Colored Kraft Boxes","navigation"
"https://kraftboxpack.com/product/kraft-necklace-box/","https://kraftboxpack.com/product-category/kraft-gift-specialty-boxes/","Kraft Gift & Specialty Boxes","navigation"
"https://kraftboxpack.com/product/kraft-necklace-box/","https://kraftboxpack.com/product-category/kraft-packaging-boxes/","Kraft Packaging Boxes","navigation"
"https://kraftboxpack.com/product/kraft-necklace-box/","https://kraftboxpack.com/product-category/kraft-wrapping-accessories/","Kraft Wrapping & Accessories","navigation"
"https://kraftboxpack.com/product/kraft-necklace-box/","https://kraftboxpack.com/product/kraft-box-with-window/","Kraft Box with Window","product-grid"
"https://kraftboxpack.com/product/kraft-necklace-box/","https://kraftboxpack.com/product/kraft-candle-boxes/","Kraft Candle Boxes","product-grid"
"https://kraftboxpack.com/product/kraft-necklace-box/","https://kraftboxpack.com/product/kraft-candy-boxes/","Kraft candy Boxes","contextual"
"https://kraftboxpack.com/product/kraft-necklace-box/","https://kraftboxpack.com/product/kraft-paper-gift-boxes/","Kraft Paper Gift Boxes","related-product"
"https://kraftboxpack.com/product/kraft-necklace-box/","https://kraftboxpack.com/product/kraft-pillow-boxes/","Kraft Pillow Boxes","related-product"
"https://kraftboxpack.com/product/kraft-necklace-box/","https://kraftboxpack.com/product/kraft-round-boxes/","Kraft Round Boxes","related-product"
"https://kraftboxpack.com/product/kraft-necklace-box/","https://kraftboxpack.com/product/large-kraft-gift-boxes/","Large Kraft Gift Boxes","product-grid"
"https://kraftboxpack.com/product/kraft-necklace-box/","https://kraftboxpack.com/product/mini-kraft-boxes/","Mini Kraft Boxes","product-grid"
"https://kraftboxpack.com/product/kraft-necklace-box/","https://kraftboxpack.com/product/small-kraft-boxes/","Small Kraft Boxes","product-grid"
"https://kraftboxpack.com/product/kraft-necklace-box/","https://kraftboxpack.com/products/","Search products","contextual"
"https://kraftboxpack.com/product/kraft-necklace-box/","https://kraftboxpack.com/refund_returns/","Refund and Returns Policy","navigation"
"https://kraftboxpack.com/product/kraft-necklace-box/","https://kraftboxpack.com/terms-conditions/","Terms & Conditions","navigation"
"https://kraftboxpack.com/product/kraft-noodle-packaging-boxes/","https://kraftboxpack.com/","","navigation"
"https://kraftboxpack.com/product/kraft-noodle-packaging-boxes/","https://kraftboxpack.com/about-us/","About Us","navigation"
"https://kraftboxpack.com/product/kraft-noodle-packaging-boxes/","https://kraftboxpack.com/contact-us/","Contact Us","navigation"
"https://kraftboxpack.com/product/kraft-noodle-packaging-boxes/","https://kraftboxpack.com/get-a-quote/","Get a Quote","contextual"
"https://kraftboxpack.com/product/kraft-noodle-packaging-boxes/","https://kraftboxpack.com/privacy-policy/","Privacy Policy","navigation"
"https://kraftboxpack.com/product/kraft-noodle-packaging-boxes/","https://kraftboxpack.com/product-category/colored-kraft-boxes/","Colored Kraft Boxes","navigation"
"https://kraftboxpack.com/product/kraft-noodle-packaging-boxes/","https://kraftboxpack.com/product-category/kraft-food-packaging/","Kraft Food Packaging","navigation"
"https://kraftboxpack.com/product/kraft-noodle-packaging-boxes/","https://kraftboxpack.com/product-category/kraft-gift-specialty-boxes/","Kraft Gift & Specialty Boxes","navigation"
"https://kraftboxpack.com/product/kraft-noodle-packaging-boxes/","https://kraftboxpack.com/product-category/kraft-packaging-boxes/","Kraft Packaging Boxes","navigation"
"https://kraftboxpack.com/product/kraft-noodle-packaging-boxes/","https://kraftboxpack.com/product-category/kraft-wrapping-accessories/","Kraft Wrapping & Accessories","navigation"
"https://kraftboxpack.com/product/kraft-noodle-packaging-boxes/","https://kraftboxpack.com/product/kraft-pastry-boxes/","Kraft Pastry Boxes","related-product"
"https://kraftboxpack.com/product/kraft-noodle-packaging-boxes/","https://kraftboxpack.com/product/kraft-popcorn-packaging-boxes/","Kraft Popcorn Packaging Boxes","related-product"
"https://kraftboxpack.com/product/kraft-noodle-packaging-boxes/","https://kraftboxpack.com/product/kraft-salad-boxes/","Kraft Salad Boxes","related-product"
"https://kraftboxpack.com/product/kraft-noodle-packaging-boxes/","https://kraftboxpack.com/product/kraft-sandwich-wedge-boxes/","Kraft Sandwich Wedge Boxes","product-grid"
"https://kraftboxpack.com/product/kraft-noodle-packaging-boxes/","https://kraftboxpack.com/product/kraft-seafood-boxes/","Kraft Seafood Boxes","product-grid"
"https://kraftboxpack.com/product/kraft-noodle-packaging-boxes/","https://kraftboxpack.com/product/kraft-snack-packaging-boxes/","Kraft Snack Packaging Boxes","product-grid"
"https://kraftboxpack.com/product/kraft-noodle-packaging-boxes/","https://kraftboxpack.com/product/kraft-sushi-packaging-boxes/","Kraft Sushi Packaging Boxes","contextual"
"https://kraftboxpack.com/product/kraft-noodle-packaging-boxes/","https://kraftboxpack.com/product/kraft-tea-packaging-boxes/","Kraft Tea Packaging Boxes","product-grid"
"https://kraftboxpack.com/product/kraft-noodle-packaging-boxes/","https://kraftboxpack.com/products/","Search products","contextual"
"https://kraftboxpack.com/product/kraft-noodle-packaging-boxes/","https://kraftboxpack.com/refund_returns/","Refund and Returns Policy","navigation"
"https://kraftboxpack.com/product/kraft-noodle-packaging-boxes/","https://kraftboxpack.com/terms-conditions/","Terms & Conditions","navigation"
"https://kraftboxpack.com/product/kraft-notebook-packaging/","https://kraftboxpack.com/","","navigation"
"https://kraftboxpack.com/product/kraft-notebook-packaging/","https://kraftboxpack.com/about-us/","About Us","navigation"
"https://kraftboxpack.com/product/kraft-notebook-packaging/","https://kraftboxpack.com/contact-us/","Contact Us","navigation"
"https://kraftboxpack.com/product/kraft-notebook-packaging/","https://kraftboxpack.com/get-a-quote/","Get a Quote","contextual"
"https://kraftboxpack.com/product/kraft-notebook-packaging/","https://kraftboxpack.com/privacy-policy/","Privacy Policy","navigation"
"https://kraftboxpack.com/product/kraft-notebook-packaging/","https://kraftboxpack.com/product-category/colored-kraft-boxes/","Colored Kraft Boxes","navigation"
"https://kraftboxpack.com/product/kraft-notebook-packaging/","https://kraftboxpack.com/product-category/kraft-electronics-boxes/","Kraft Electronics Boxes","navigation"
"https://kraftboxpack.com/product/kraft-notebook-packaging/","https://kraftboxpack.com/product-category/kraft-gift-specialty-boxes/","Kraft Gift & Specialty Boxes","navigation"
"https://kraftboxpack.com/product/kraft-notebook-packaging/","https://kraftboxpack.com/product-category/kraft-packaging-boxes/","Kraft Packaging Boxes","navigation"
"https://kraftboxpack.com/product/kraft-notebook-packaging/","https://kraftboxpack.com/product-category/kraft-wrapping-accessories/","Kraft Wrapping & Accessories","navigation"
"https://kraftboxpack.com/product/kraft-notebook-packaging/","https://kraftboxpack.com/product/kraft-badge-packaging-boxes/","Kraft Badge Packaging Boxes","related-product"
"https://kraftboxpack.com/product/kraft-notebook-packaging/","https://kraftboxpack.com/product/kraft-keychain-packaging-boxes/","Kraft Keychain Packaging Boxes","related-product"
"https://kraftboxpack.com/product/kraft-notebook-packaging/","https://kraftboxpack.com/product/kraft-pen-packaging-boxes/","Kraft Pen Packaging Boxes","related-product"
"https://kraftboxpack.com/product/kraft-notebook-packaging/","https://kraftboxpack.com/product/kraft-pencil-packaging-boxes/","Kraft Pencil Packaging Boxes","product-grid"
"https://kraftboxpack.com/product/kraft-notebook-packaging/","https://kraftboxpack.com/product/kraft-stationery-boxes/","Kraft Stationery Boxes","contextual"
"https://kraftboxpack.com/product/kraft-notebook-packaging/","https://kraftboxpack.com/products/","Search products","contextual"
"https://kraftboxpack.com/product/kraft-notebook-packaging/","https://kraftboxpack.com/refund_returns/","Refund and Returns Policy","navigation"
"https://kraftboxpack.com/product/kraft-notebook-packaging/","https://kraftboxpack.com/terms-conditions/","Terms & Conditions","navigation"
"https://kraftboxpack.com/product/kraft-octagon-boxes/","https://kraftboxpack.com/","","navigation"
"https://kraftboxpack.com/product/kraft-octagon-boxes/","https://kraftboxpack.com/about-us/","About Us","navigation"
"https://kraftboxpack.com/product/kraft-octagon-boxes/","https://kraftboxpack.com/contact-us/","Contact Us","navigation"
"https://kraftboxpack.com/product/kraft-octagon-boxes/","https://kraftboxpack.com/get-a-quote/","Get a Quote","contextual"
"https://kraftboxpack.com/product/kraft-octagon-boxes/","https://kraftboxpack.com/privacy-policy/","Privacy Policy","navigation"
"https://kraftboxpack.com/product/kraft-octagon-boxes/","https://kraftboxpack.com/product-category/colored-kraft-boxes/","Colored Kraft Boxes","navigation"
"https://kraftboxpack.com/product/kraft-octagon-boxes/","https://kraftboxpack.com/product-category/kraft-gift-specialty-boxes/","Kraft Gift & Specialty Boxes","navigation"
"https://kraftboxpack.com/product/kraft-octagon-boxes/","https://kraftboxpack.com/product-category/kraft-luxury-packaging/","Kraft Luxury Packaging","navigation"
"https://kraftboxpack.com/product/kraft-octagon-boxes/","https://kraftboxpack.com/product-category/kraft-packaging-boxes/","Kraft Packaging Boxes","navigation"
"https://kraftboxpack.com/product/kraft-octagon-boxes/","https://kraftboxpack.com/product-category/kraft-wrapping-accessories/","Kraft Wrapping & Accessories","navigation"
"https://kraftboxpack.com/product/kraft-octagon-boxes/","https://kraftboxpack.com/product/kraft-cylindrical-boxes/","No image Kraft Cylindrical Boxes","related-product"
"https://kraftboxpack.com/product/kraft-octagon-boxes/","https://kraftboxpack.com/product/kraft-hexagon-boxes/","Kraft Hexagon Boxes","related-product"
"https://kraftboxpack.com/product/kraft-octagon-boxes/","https://kraftboxpack.com/product/kraft-magnetic-closure-boxes/","Kraft Magnetic Closure Boxes","related-product"
"https://kraftboxpack.com/product/kraft-octagon-boxes/","https://kraftboxpack.com/product/kraft-pyramid-boxes/","Kraft Pyramid Boxes","related-product"
"https://kraftboxpack.com/product/kraft-octagon-boxes/","https://kraftboxpack.com/product/kraft-rigid-boxes/","Kraft Rigid Boxes","product-grid"
"https://kraftboxpack.com/product/kraft-octagon-boxes/","https://kraftboxpack.com/product/kraft-triangle-boxes/","Kraft Triangle Boxes","contextual"
"https://kraftboxpack.com/product/kraft-octagon-boxes/","https://kraftboxpack.com/product/kraft-tube-packaging/","Kraft Tube Packaging","product-grid"
"https://kraftboxpack.com/product/kraft-octagon-boxes/","https://kraftboxpack.com/products/","Search products","contextual"
"https://kraftboxpack.com/product/kraft-octagon-boxes/","https://kraftboxpack.com/refund_returns/","Refund and Returns Policy","navigation"
"https://kraftboxpack.com/product/kraft-octagon-boxes/","https://kraftboxpack.com/terms-conditions/","Terms & Conditions","navigation"
"https://kraftboxpack.com/product/kraft-paper-boxes/","https://kraftboxpack.com/","","navigation"
"https://kraftboxpack.com/product/kraft-paper-boxes/","https://kraftboxpack.com/about-us/","About Us","navigation"
"https://kraftboxpack.com/product/kraft-paper-boxes/","https://kraftboxpack.com/contact-us/","Contact Us","navigation"
"https://kraftboxpack.com/product/kraft-paper-boxes/","https://kraftboxpack.com/get-a-quote/","Get a Quote","contextual"
"https://kraftboxpack.com/product/kraft-paper-boxes/","https://kraftboxpack.com/privacy-policy/","Privacy Policy","navigation"
"https://kraftboxpack.com/product/kraft-paper-boxes/","https://kraftboxpack.com/product-category/colored-kraft-boxes/","Colored Kraft Boxes","navigation"
"https://kraftboxpack.com/product/kraft-paper-boxes/","https://kraftboxpack.com/product-category/kraft-gift-specialty-boxes/","Kraft Gift & Specialty Boxes","navigation"
"https://kraftboxpack.com/product/kraft-paper-boxes/","https://kraftboxpack.com/product-category/kraft-packaging-boxes/","Kraft Packaging Boxes","navigation"
"https://kraftboxpack.com/product/kraft-paper-boxes/","https://kraftboxpack.com/product-category/kraft-wrapping-accessories/","Kraft Wrapping & Accessories","navigation"
"https://kraftboxpack.com/product/kraft-paper-boxes/","https://kraftboxpack.com/product/kraft-boxes-for-gifts/","Kraft Boxes For Gifts","related-product"
"https://kraftboxpack.com/product/kraft-paper-boxes/","https://kraftboxpack.com/product/kraft-paper-dispenser-boxes/","Kraft Paper Dispenser Boxes","contextual"
"https://kraftboxpack.com/product/kraft-paper-boxes/","https://kraftboxpack.com/product/kraft-paper-gift-wrapping/","Kraft Paper Gift Wrapping","related-product"
"https://kraftboxpack.com/product/kraft-paper-boxes/","https://kraftboxpack.com/product/kraft-paper-packaging/","Kraft Paper Packaging","product-grid"
"https://kraftboxpack.com/product/kraft-paper-boxes/","https://kraftboxpack.com/products/","Search products","contextual"
"https://kraftboxpack.com/product/kraft-paper-boxes/","https://kraftboxpack.com/refund_returns/","Refund and Returns Policy","navigation"
"https://kraftboxpack.com/product/kraft-paper-boxes/","https://kraftboxpack.com/terms-conditions/","Terms & Conditions","navigation"
"https://kraftboxpack.com/product/kraft-paper-dispenser-boxes/","https://kraftboxpack.com/","","navigation"
"https://kraftboxpack.com/product/kraft-paper-dispenser-boxes/","https://kraftboxpack.com/about-us/","About Us","navigation"
"https://kraftboxpack.com/product/kraft-paper-dispenser-boxes/","https://kraftboxpack.com/contact-us/","Contact Us","navigation"
"https://kraftboxpack.com/product/kraft-paper-dispenser-boxes/","https://kraftboxpack.com/get-a-quote/","Get a Quote","contextual"
"https://kraftboxpack.com/product/kraft-paper-dispenser-boxes/","https://kraftboxpack.com/privacy-policy/","Privacy Policy","navigation"
"https://kraftboxpack.com/product/kraft-paper-dispenser-boxes/","https://kraftboxpack.com/product-category/colored-kraft-boxes/","Colored Kraft Boxes","navigation"
"https://kraftboxpack.com/product/kraft-paper-dispenser-boxes/","https://kraftboxpack.com/product-category/kraft-gift-specialty-boxes/","Kraft Gift & Specialty Boxes","navigation"
"https://kraftboxpack.com/product/kraft-paper-dispenser-boxes/","https://kraftboxpack.com/product-category/kraft-packaging-boxes/","Kraft Packaging Boxes","navigation"
"https://kraftboxpack.com/product/kraft-paper-dispenser-boxes/","https://kraftboxpack.com/product-category/kraft-wrapping-accessories/","Kraft Wrapping & Accessories","navigation"
"https://kraftboxpack.com/product/kraft-paper-dispenser-boxes/","https://kraftboxpack.com/product/kraft-boxes-for-gifts/","Kraft Boxes For Gifts","related-product"
"https://kraftboxpack.com/product/kraft-paper-dispenser-boxes/","https://kraftboxpack.com/product/kraft-paper-boxes/","Kraft Paper Boxes","related-product"
"https://kraftboxpack.com/product/kraft-paper-dispenser-boxes/","https://kraftboxpack.com/product/kraft-paper-gift-wrapping/","Kraft Paper Gift Wrapping","related-product"
"https://kraftboxpack.com/product/kraft-paper-dispenser-boxes/","https://kraftboxpack.com/product/kraft-paper-packaging/","Kraft Paper Packaging","contextual"
"https://kraftboxpack.com/product/kraft-paper-dispenser-boxes/","https://kraftboxpack.com/products/","Search products","contextual"
"https://kraftboxpack.com/product/kraft-paper-dispenser-boxes/","https://kraftboxpack.com/refund_returns/","Refund and Returns Policy","navigation"
"https://kraftboxpack.com/product/kraft-paper-dispenser-boxes/","https://kraftboxpack.com/terms-conditions/","Terms & Conditions","navigation"
"https://kraftboxpack.com/product/kraft-paper-gift-boxes/","https://kraftboxpack.com/","","navigation"
"https://kraftboxpack.com/product/kraft-paper-gift-boxes/","https://kraftboxpack.com/about-us/","About Us","navigation"
"https://kraftboxpack.com/product/kraft-paper-gift-boxes/","https://kraftboxpack.com/contact-us/","Contact Us","navigation"
"https://kraftboxpack.com/product/kraft-paper-gift-boxes/","https://kraftboxpack.com/get-a-quote/","Get a Quote","contextual"
"https://kraftboxpack.com/product/kraft-paper-gift-boxes/","https://kraftboxpack.com/privacy-policy/","Privacy Policy","navigation"
"https://kraftboxpack.com/product/kraft-paper-gift-boxes/","https://kraftboxpack.com/product-category/colored-kraft-boxes/","Colored Kraft Boxes","navigation"
"https://kraftboxpack.com/product/kraft-paper-gift-boxes/","https://kraftboxpack.com/product-category/kraft-gift-specialty-boxes/","Kraft Gift & Specialty Boxes","navigation"
"https://kraftboxpack.com/product/kraft-paper-gift-boxes/","https://kraftboxpack.com/product-category/kraft-packaging-boxes/","Kraft Packaging Boxes","navigation"
"https://kraftboxpack.com/product/kraft-paper-gift-boxes/","https://kraftboxpack.com/product-category/kraft-wrapping-accessories/","Kraft Wrapping & Accessories","navigation"
"https://kraftboxpack.com/product/kraft-paper-gift-boxes/","https://kraftboxpack.com/product/kraft-box-with-window/","Kraft Box with Window","product-grid"
"https://kraftboxpack.com/product/kraft-paper-gift-boxes/","https://kraftboxpack.com/product/kraft-candle-boxes/","Kraft Candle Boxes","product-grid"
"https://kraftboxpack.com/product/kraft-paper-gift-boxes/","https://kraftboxpack.com/product/kraft-candy-boxes/","Kraft Candy Boxes","product-grid"
"https://kraftboxpack.com/product/kraft-paper-gift-boxes/","https://kraftboxpack.com/product/kraft-paper-gift-boxes/","Kraft Paper Gift Boxes","contextual"
"https://kraftboxpack.com/product/kraft-paper-gift-boxes/","https://kraftboxpack.com/product/kraft-pillow-boxes/","Kraft Pillow Boxes","related-product"
"https://kraftboxpack.com/product/kraft-paper-gift-boxes/","https://kraftboxpack.com/product/kraft-round-boxes/","Kraft Round Boxes","related-product"
"https://kraftboxpack.com/product/kraft-paper-gift-boxes/","https://kraftboxpack.com/product/large-kraft-gift-boxes/","Large Kraft Gift Boxes","related-product"
"https://kraftboxpack.com/product/kraft-paper-gift-boxes/","https://kraftboxpack.com/product/mini-kraft-boxes/","Mini Kraft Boxes","product-grid"
"https://kraftboxpack.com/product/kraft-paper-gift-boxes/","https://kraftboxpack.com/product/small-kraft-boxes/","Small Kraft Boxes","product-grid"
"https://kraftboxpack.com/product/kraft-paper-gift-boxes/","https://kraftboxpack.com/products/","Search products","contextual"
"https://kraftboxpack.com/product/kraft-paper-gift-boxes/","https://kraftboxpack.com/refund_returns/","Refund and Returns Policy","navigation"
"https://kraftboxpack.com/product/kraft-paper-gift-boxes/","https://kraftboxpack.com/terms-conditions/","Terms & Conditions","navigation"
"https://kraftboxpack.com/product/kraft-paper-gift-wrapping/","https://kraftboxpack.com/","","navigation"
"https://kraftboxpack.com/product/kraft-paper-gift-wrapping/","https://kraftboxpack.com/about-us/","About Us","navigation"
"https://kraftboxpack.com/product/kraft-paper-gift-wrapping/","https://kraftboxpack.com/contact-us/","Contact Us","navigation"
"https://kraftboxpack.com/product/kraft-paper-gift-wrapping/","https://kraftboxpack.com/get-a-quote/","Get a Quote","contextual"
"https://kraftboxpack.com/product/kraft-paper-gift-wrapping/","https://kraftboxpack.com/privacy-policy/","Privacy Policy","navigation"
"https://kraftboxpack.com/product/kraft-paper-gift-wrapping/","https://kraftboxpack.com/product-category/colored-kraft-boxes/","Colored Kraft Boxes","navigation"
"https://kraftboxpack.com/product/kraft-paper-gift-wrapping/","https://kraftboxpack.com/product-category/kraft-gift-specialty-boxes/","Kraft Gift & Specialty Boxes","navigation"
"https://kraftboxpack.com/product/kraft-paper-gift-wrapping/","https://kraftboxpack.com/product-category/kraft-packaging-boxes/","Kraft Packaging Boxes","navigation"
"https://kraftboxpack.com/product/kraft-paper-gift-wrapping/","https://kraftboxpack.com/product-category/kraft-wrapping-accessories/","Kraft Wrapping & Accessories","navigation"
"https://kraftboxpack.com/product/kraft-paper-gift-wrapping/","https://kraftboxpack.com/product/kraft-boxes-for-gifts/","Kraft Boxes For Gifts","related-product"
"https://kraftboxpack.com/product/kraft-paper-gift-wrapping/","https://kraftboxpack.com/product/kraft-paper-boxes/","Kraft Paper Boxes","related-product"
"https://kraftboxpack.com/product/kraft-paper-gift-wrapping/","https://kraftboxpack.com/product/kraft-paper-dispenser-boxes/","Kraft Paper Dispenser Boxes","related-product"
"https://kraftboxpack.com/product/kraft-paper-gift-wrapping/","https://kraftboxpack.com/product/kraft-paper-packaging/","Kraft Paper Packaging","contextual"
"https://kraftboxpack.com/product/kraft-paper-gift-wrapping/","https://kraftboxpack.com/products/","Search products","contextual"
"https://kraftboxpack.com/product/kraft-paper-gift-wrapping/","https://kraftboxpack.com/refund_returns/","Refund and Returns Policy","navigation"
"https://kraftboxpack.com/product/kraft-paper-gift-wrapping/","https://kraftboxpack.com/terms-conditions/","Terms & Conditions","navigation"
"https://kraftboxpack.com/product/kraft-paper-packaging/","https://kraftboxpack.com/","","navigation"
"https://kraftboxpack.com/product/kraft-paper-packaging/","https://kraftboxpack.com/about-us/","About Us","navigation"
"https://kraftboxpack.com/product/kraft-paper-packaging/","https://kraftboxpack.com/contact-us/","Contact Us","navigation"
"https://kraftboxpack.com/product/kraft-paper-packaging/","https://kraftboxpack.com/get-a-quote/","Get a Quote","contextual"
"https://kraftboxpack.com/product/kraft-paper-packaging/","https://kraftboxpack.com/privacy-policy/","Privacy Policy","navigation"
"https://kraftboxpack.com/product/kraft-paper-packaging/","https://kraftboxpack.com/product-category/colored-kraft-boxes/","Colored Kraft Boxes","navigation"
"https://kraftboxpack.com/product/kraft-paper-packaging/","https://kraftboxpack.com/product-category/kraft-gift-specialty-boxes/","Kraft Gift & Specialty Boxes","navigation"
"https://kraftboxpack.com/product/kraft-paper-packaging/","https://kraftboxpack.com/product-category/kraft-packaging-boxes/","Kraft Packaging Boxes","navigation"
"https://kraftboxpack.com/product/kraft-paper-packaging/","https://kraftboxpack.com/product-category/kraft-wrapping-accessories/","Kraft Wrapping & Accessories","navigation"
"https://kraftboxpack.com/product/kraft-paper-packaging/","https://kraftboxpack.com/product/kraft-boxes-for-gifts/","Kraft Boxes For Gifts","related-product"
"https://kraftboxpack.com/product/kraft-paper-packaging/","https://kraftboxpack.com/product/kraft-paper-boxes/","Kraft Paper Boxes","related-product"
"https://kraftboxpack.com/product/kraft-paper-packaging/","https://kraftboxpack.com/product/kraft-paper-dispenser-boxes/","Kraft Paper Dispenser Boxes","contextual"
"https://kraftboxpack.com/product/kraft-paper-packaging/","https://kraftboxpack.com/product/kraft-paper-gift-wrapping/","Kraft Paper Gift Wrapping","product-grid"
"https://kraftboxpack.com/product/kraft-paper-packaging/","https://kraftboxpack.com/products/","Search products","contextual"
"https://kraftboxpack.com/product/kraft-paper-packaging/","https://kraftboxpack.com/refund_returns/","Refund and Returns Policy","navigation"
"https://kraftboxpack.com/product/kraft-paper-packaging/","https://kraftboxpack.com/terms-conditions/","Terms & Conditions","navigation"
"https://kraftboxpack.com/product/kraft-paper-treat-bags/","https://kraftboxpack.com/","","navigation"
"https://kraftboxpack.com/product/kraft-paper-treat-bags/","https://kraftboxpack.com/about-us/","About Us","navigation"
"https://kraftboxpack.com/product/kraft-paper-treat-bags/","https://kraftboxpack.com/contact-us/","Contact Us","navigation"
"https://kraftboxpack.com/product/kraft-paper-treat-bags/","https://kraftboxpack.com/get-a-quote/","Get a Quote","contextual"
"https://kraftboxpack.com/product/kraft-paper-treat-bags/","https://kraftboxpack.com/privacy-policy/","Privacy Policy","navigation"
"https://kraftboxpack.com/product/kraft-paper-treat-bags/","https://kraftboxpack.com/product-category/colored-kraft-boxes/","Colored Kraft Boxes","navigation"
"https://kraftboxpack.com/product/kraft-paper-treat-bags/","https://kraftboxpack.com/product-category/kraft-gift-specialty-boxes/","Kraft Gift & Specialty Boxes","navigation"
"https://kraftboxpack.com/product/kraft-paper-treat-bags/","https://kraftboxpack.com/product-category/kraft-packaging-boxes/","Kraft Packaging Boxes","navigation"
"https://kraftboxpack.com/product/kraft-paper-treat-bags/","https://kraftboxpack.com/product-category/kraft-wrapping-accessories/","Kraft Wrapping & Accessories","navigation"
"https://kraftboxpack.com/product/kraft-paper-treat-bags/","https://kraftboxpack.com/product/custom-kraft-bags/","Custom Kraft Bags","product-grid"
"https://kraftboxpack.com/product/kraft-paper-treat-bags/","https://kraftboxpack.com/product/kraft-cookie-boxes/","Kraft Cookie Boxes","contextual"
"https://kraftboxpack.com/product/kraft-paper-treat-bags/","https://kraftboxpack.com/product/kraft-paperboard-boxes/","Kraft Paperboard Boxes","related-product"
"https://kraftboxpack.com/product/kraft-paper-treat-bags/","https://kraftboxpack.com/product/kraft-pizza-boxes/","Kraft Pizza Boxes","related-product"
"https://kraftboxpack.com/product/kraft-paper-treat-bags/","https://kraftboxpack.com/product/kraft-shipping-boxes/","Kraft Shipping Boxes","related-product"
"https://kraftboxpack.com/product/kraft-paper-treat-bags/","https://kraftboxpack.com/product/kraft-shoe-boxes/","Kraft Shoe Boxes","product-grid"
"https://kraftboxpack.com/product/kraft-paper-treat-bags/","https://kraftboxpack.com/product/kraft-storage-boxes/","Kraft Storage Boxes","product-grid"
"https://kraftboxpack.com/product/kraft-paper-treat-bags/","https://kraftboxpack.com/product/kraft-take-out-boxes/","Kraft Take Out Boxes","product-grid"
"https://kraftboxpack.com/product/kraft-paper-treat-bags/","https://kraftboxpack.com/product/kraft-treat-boxes/","Kraft Treat Boxes","product-grid"
"https://kraftboxpack.com/product/kraft-paper-treat-bags/","https://kraftboxpack.com/products/","Search products","contextual"
"https://kraftboxpack.com/product/kraft-paper-treat-bags/","https://kraftboxpack.com/refund_returns/","Refund and Returns Policy","navigation"
"https://kraftboxpack.com/product/kraft-paper-treat-bags/","https://kraftboxpack.com/terms-conditions/","Terms & Conditions","navigation"
"https://kraftboxpack.com/product/kraft-paperboard-boxes/","https://kraftboxpack.com/","","navigation"
"https://kraftboxpack.com/product/kraft-paperboard-boxes/","https://kraftboxpack.com/about-us/","About Us","navigation"
"https://kraftboxpack.com/product/kraft-paperboard-boxes/","https://kraftboxpack.com/contact-us/","Contact Us","navigation"
"https://kraftboxpack.com/product/kraft-paperboard-boxes/","https://kraftboxpack.com/get-a-quote/","Get a Quote","contextual"
"https://kraftboxpack.com/product/kraft-paperboard-boxes/","https://kraftboxpack.com/privacy-policy/","Privacy Policy","navigation"
"https://kraftboxpack.com/product/kraft-paperboard-boxes/","https://kraftboxpack.com/product-category/colored-kraft-boxes/","Colored Kraft Boxes","navigation"
"https://kraftboxpack.com/product/kraft-paperboard-boxes/","https://kraftboxpack.com/product-category/kraft-gift-specialty-boxes/","Kraft Gift & Specialty Boxes","navigation"
"https://kraftboxpack.com/product/kraft-paperboard-boxes/","https://kraftboxpack.com/product-category/kraft-packaging-boxes/","Kraft Packaging Boxes","navigation"
"https://kraftboxpack.com/product/kraft-paperboard-boxes/","https://kraftboxpack.com/product-category/kraft-wrapping-accessories/","Kraft Wrapping & Accessories","navigation"
"https://kraftboxpack.com/product/kraft-paperboard-boxes/","https://kraftboxpack.com/product/custom-kraft-bags/","Custom Kraft Bags","product-grid"
"https://kraftboxpack.com/product/kraft-paperboard-boxes/","https://kraftboxpack.com/product/kraft-bakery-bags/","Kraft Bakery Bags","product-grid"
"https://kraftboxpack.com/product/kraft-paperboard-boxes/","https://kraftboxpack.com/product/kraft-dispenser-boxes/","Kraft Dispenser Boxes","contextual"
"https://kraftboxpack.com/product/kraft-paperboard-boxes/","https://kraftboxpack.com/product/kraft-pizza-boxes/","Kraft Pizza Boxes","related-product"
"https://kraftboxpack.com/product/kraft-paperboard-boxes/","https://kraftboxpack.com/product/kraft-shipping-boxes/","Kraft Shipping Boxes","related-product"
"https://kraftboxpack.com/product/kraft-paperboard-boxes/","https://kraftboxpack.com/product/kraft-shoe-boxes/","Kraft Shoe Boxes","related-product"
"https://kraftboxpack.com/product/kraft-paperboard-boxes/","https://kraftboxpack.com/product/kraft-storage-boxes/","Kraft Storage Boxes","product-grid"
"https://kraftboxpack.com/product/kraft-paperboard-boxes/","https://kraftboxpack.com/product/kraft-take-out-boxes/","Kraft Take Out Boxes","product-grid"
"https://kraftboxpack.com/product/kraft-paperboard-boxes/","https://kraftboxpack.com/product/kraft-treat-boxes/","Kraft Treat Boxes","product-grid"
"https://kraftboxpack.com/product/kraft-paperboard-boxes/","https://kraftboxpack.com/products/","Search products","contextual"
"https://kraftboxpack.com/product/kraft-paperboard-boxes/","https://kraftboxpack.com/refund_returns/","Refund and Returns Policy","navigation"
"https://kraftboxpack.com/product/kraft-paperboard-boxes/","https://kraftboxpack.com/terms-conditions/","Terms & Conditions","navigation"
"https://kraftboxpack.com/product/kraft-pastry-boxes/","https://kraftboxpack.com/","","navigation"
"https://kraftboxpack.com/product/kraft-pastry-boxes/","https://kraftboxpack.com/about-us/","About Us","navigation"
"https://kraftboxpack.com/product/kraft-pastry-boxes/","https://kraftboxpack.com/contact-us/","Contact Us","navigation"
"https://kraftboxpack.com/product/kraft-pastry-boxes/","https://kraftboxpack.com/get-a-quote/","Get a Quote","contextual"
"https://kraftboxpack.com/product/kraft-pastry-boxes/","https://kraftboxpack.com/privacy-policy/","Privacy Policy","navigation"
"https://kraftboxpack.com/product/kraft-pastry-boxes/","https://kraftboxpack.com/product-category/colored-kraft-boxes/","Colored Kraft Boxes","navigation"
"https://kraftboxpack.com/product/kraft-pastry-boxes/","https://kraftboxpack.com/product-category/kraft-food-packaging/","Kraft Food Packaging","navigation"
"https://kraftboxpack.com/product/kraft-pastry-boxes/","https://kraftboxpack.com/product-category/kraft-gift-specialty-boxes/","Kraft Gift & Specialty Boxes","navigation"
"https://kraftboxpack.com/product/kraft-pastry-boxes/","https://kraftboxpack.com/product-category/kraft-packaging-boxes/","Kraft Packaging Boxes","navigation"
"https://kraftboxpack.com/product/kraft-pastry-boxes/","https://kraftboxpack.com/product-category/kraft-wrapping-accessories/","Kraft Wrapping & Accessories","navigation"
"https://kraftboxpack.com/product/kraft-pastry-boxes/","https://kraftboxpack.com/product/kraft-chocolate-packaging-boxes/","Kraft Chocolate Packaging Boxes","contextual"
"https://kraftboxpack.com/product/kraft-pastry-boxes/","https://kraftboxpack.com/product/kraft-popcorn-packaging-boxes/","Kraft Popcorn Packaging Boxes","related-product"
"https://kraftboxpack.com/product/kraft-pastry-boxes/","https://kraftboxpack.com/product/kraft-salad-boxes/","Kraft Salad Boxes","related-product"
"https://kraftboxpack.com/product/kraft-pastry-boxes/","https://kraftboxpack.com/product/kraft-sandwich-wedge-boxes/","Kraft Sandwich Wedge Boxes","related-product"
"https://kraftboxpack.com/product/kraft-pastry-boxes/","https://kraftboxpack.com/product/kraft-seafood-boxes/","Kraft Seafood Boxes","product-grid"
"https://kraftboxpack.com/product/kraft-pastry-boxes/","https://kraftboxpack.com/product/kraft-snack-packaging-boxes/","Kraft Snack Packaging Boxes","product-grid"
"https://kraftboxpack.com/product/kraft-pastry-boxes/","https://kraftboxpack.com/product/kraft-sushi-packaging-boxes/","Kraft Sushi Packaging Boxes","product-grid"
"https://kraftboxpack.com/product/kraft-pastry-boxes/","https://kraftboxpack.com/product/kraft-tea-packaging-boxes/","Kraft Tea Packaging Boxes","product-grid"
"https://kraftboxpack.com/product/kraft-pastry-boxes/","https://kraftboxpack.com/product/kraft-vegetable-packaging-boxes/","Kraft Vegetable Packaging Boxes","product-grid"
"https://kraftboxpack.com/product/kraft-pastry-boxes/","https://kraftboxpack.com/products/","Search products","contextual"
"https://kraftboxpack.com/product/kraft-pastry-boxes/","https://kraftboxpack.com/refund_returns/","Refund and Returns Policy","navigation"
"https://kraftboxpack.com/product/kraft-pastry-boxes/","https://kraftboxpack.com/terms-conditions/","Terms & Conditions","navigation"
"https://kraftboxpack.com/product/kraft-pen-packaging-boxes/","https://kraftboxpack.com/","","navigation"
"https://kraftboxpack.com/product/kraft-pen-packaging-boxes/","https://kraftboxpack.com/about-us/","About Us","navigation"
"https://kraftboxpack.com/product/kraft-pen-packaging-boxes/","https://kraftboxpack.com/contact-us/","Contact Us","navigation"
"https://kraftboxpack.com/product/kraft-pen-packaging-boxes/","https://kraftboxpack.com/get-a-quote/","Get a Quote","contextual"
"https://kraftboxpack.com/product/kraft-pen-packaging-boxes/","https://kraftboxpack.com/privacy-policy/","Privacy Policy","navigation"
"https://kraftboxpack.com/product/kraft-pen-packaging-boxes/","https://kraftboxpack.com/product-category/colored-kraft-boxes/","Colored Kraft Boxes","navigation"
"https://kraftboxpack.com/product/kraft-pen-packaging-boxes/","https://kraftboxpack.com/product-category/kraft-electronics-boxes/","Kraft Electronics Boxes","navigation"
"https://kraftboxpack.com/product/kraft-pen-packaging-boxes/","https://kraftboxpack.com/product-category/kraft-gift-specialty-boxes/","Kraft Gift & Specialty Boxes","navigation"
"https://kraftboxpack.com/product/kraft-pen-packaging-boxes/","https://kraftboxpack.com/product-category/kraft-packaging-boxes/","Kraft Packaging Boxes","navigation"
"https://kraftboxpack.com/product/kraft-pen-packaging-boxes/","https://kraftboxpack.com/product-category/kraft-wrapping-accessories/","Kraft Wrapping & Accessories","navigation"
"https://kraftboxpack.com/product/kraft-pen-packaging-boxes/","https://kraftboxpack.com/product/kraft-badge-packaging-boxes/","Kraft Badge Packaging Boxes","contextual"
"https://kraftboxpack.com/product/kraft-pen-packaging-boxes/","https://kraftboxpack.com/product/kraft-keychain-packaging-boxes/","Kraft Keychain Packaging Boxes","related-product"
"https://kraftboxpack.com/product/kraft-pen-packaging-boxes/","https://kraftboxpack.com/product/kraft-notebook-packaging/","Kraft Notebook Packaging","related-product"
"https://kraftboxpack.com/product/kraft-pen-packaging-boxes/","https://kraftboxpack.com/product/kraft-pencil-packaging-boxes/","Kraft Pencil Packaging Boxes","product-grid"
"https://kraftboxpack.com/product/kraft-pen-packaging-boxes/","https://kraftboxpack.com/product/kraft-stationery-boxes/","Kraft Stationery Boxes","product-grid"
"https://kraftboxpack.com/product/kraft-pen-packaging-boxes/","https://kraftboxpack.com/products/","Search products","contextual"
"https://kraftboxpack.com/product/kraft-pen-packaging-boxes/","https://kraftboxpack.com/refund_returns/","Refund and Returns Policy","navigation"
"https://kraftboxpack.com/product/kraft-pen-packaging-boxes/","https://kraftboxpack.com/terms-conditions/","Terms & Conditions","navigation"
"https://kraftboxpack.com/product/kraft-pencil-packaging-boxes/","https://kraftboxpack.com/","","navigation"
"https://kraftboxpack.com/product/kraft-pencil-packaging-boxes/","https://kraftboxpack.com/about-us/","About Us","navigation"
"https://kraftboxpack.com/product/kraft-pencil-packaging-boxes/","https://kraftboxpack.com/contact-us/","Contact Us","navigation"
"https://kraftboxpack.com/product/kraft-pencil-packaging-boxes/","https://kraftboxpack.com/get-a-quote/","Get a Quote","contextual"
"https://kraftboxpack.com/product/kraft-pencil-packaging-boxes/","https://kraftboxpack.com/privacy-policy/","Privacy Policy","navigation"
"https://kraftboxpack.com/product/kraft-pencil-packaging-boxes/","https://kraftboxpack.com/product-category/colored-kraft-boxes/","Colored Kraft Boxes","navigation"
"https://kraftboxpack.com/product/kraft-pencil-packaging-boxes/","https://kraftboxpack.com/product-category/kraft-electronics-boxes/","Kraft Electronics Boxes","navigation"
"https://kraftboxpack.com/product/kraft-pencil-packaging-boxes/","https://kraftboxpack.com/product-category/kraft-gift-specialty-boxes/","Kraft Gift & Specialty Boxes","navigation"
"https://kraftboxpack.com/product/kraft-pencil-packaging-boxes/","https://kraftboxpack.com/product-category/kraft-packaging-boxes/","Kraft Packaging Boxes","navigation"
"https://kraftboxpack.com/product/kraft-pencil-packaging-boxes/","https://kraftboxpack.com/product-category/kraft-wrapping-accessories/","Kraft Wrapping & Accessories","navigation"
"https://kraftboxpack.com/product/kraft-pencil-packaging-boxes/","https://kraftboxpack.com/product/kraft-badge-packaging-boxes/","Kraft Badge Packaging Boxes","related-product"
"https://kraftboxpack.com/product/kraft-pencil-packaging-boxes/","https://kraftboxpack.com/product/kraft-keychain-packaging-boxes/","Kraft Keychain Packaging Boxes","related-product"
"https://kraftboxpack.com/product/kraft-pencil-packaging-boxes/","https://kraftboxpack.com/product/kraft-notebook-packaging/","Kraft Notebook Packaging","contextual"
"https://kraftboxpack.com/product/kraft-pencil-packaging-boxes/","https://kraftboxpack.com/product/kraft-pen-packaging-boxes/","Kraft Pen Packaging Boxes","product-grid"
"https://kraftboxpack.com/product/kraft-pencil-packaging-boxes/","https://kraftboxpack.com/product/kraft-stationery-boxes/","Kraft Stationery Boxes","product-grid"
"https://kraftboxpack.com/product/kraft-pencil-packaging-boxes/","https://kraftboxpack.com/products/","Search products","contextual"
"https://kraftboxpack.com/product/kraft-pencil-packaging-boxes/","https://kraftboxpack.com/refund_returns/","Refund and Returns Policy","navigation"
"https://kraftboxpack.com/product/kraft-pencil-packaging-boxes/","https://kraftboxpack.com/terms-conditions/","Terms & Conditions","navigation"
"https://kraftboxpack.com/product/kraft-perfume-boxes/","https://kraftboxpack.com/","","navigation"
"https://kraftboxpack.com/product/kraft-perfume-boxes/","https://kraftboxpack.com/about-us/","About Us","navigation"
"https://kraftboxpack.com/product/kraft-perfume-boxes/","https://kraftboxpack.com/contact-us/","Contact Us","navigation"
"https://kraftboxpack.com/product/kraft-perfume-boxes/","https://kraftboxpack.com/get-a-quote/","Get a Quote","contextual"
"https://kraftboxpack.com/product/kraft-perfume-boxes/","https://kraftboxpack.com/privacy-policy/","Privacy Policy","navigation"
"https://kraftboxpack.com/product/kraft-perfume-boxes/","https://kraftboxpack.com/product-category/colored-kraft-boxes/","Colored Kraft Boxes","navigation"
"https://kraftboxpack.com/product/kraft-perfume-boxes/","https://kraftboxpack.com/product-category/kraft-gift-specialty-boxes/","Kraft Gift & Specialty Boxes","navigation"
"https://kraftboxpack.com/product/kraft-perfume-boxes/","https://kraftboxpack.com/product-category/kraft-packaging-boxes/","Kraft Packaging Boxes","navigation"
"https://kraftboxpack.com/product/kraft-perfume-boxes/","https://kraftboxpack.com/product-category/kraft-packaging-boxes/karft-cosmetic-boxes/","Kraft Cosmetic Boxes","navigation"
"https://kraftboxpack.com/product/kraft-perfume-boxes/","https://kraftboxpack.com/product-category/kraft-wrapping-accessories/","Kraft Wrapping & Accessories","navigation"
"https://kraftboxpack.com/product/kraft-perfume-boxes/","https://kraftboxpack.com/product/kraft-beard-oil-boxes/","Kraft Beard Oil Boxes","related-product"
"https://kraftboxpack.com/product/kraft-perfume-boxes/","https://kraftboxpack.com/product/kraft-candle-sleeve-boxes/","Kraft Candle Sleeve Boxes","related-product"
"https://kraftboxpack.com/product/kraft-perfume-boxes/","https://kraftboxpack.com/product/kraft-eyelash-packaging-boxes/","Kraft Eyelash Packaging Boxes","related-product"
"https://kraftboxpack.com/product/kraft-perfume-boxes/","https://kraftboxpack.com/product/kraft-lip-balm-packaging-boxes/","Kraft Lip Balm Packaging Boxes","product-grid"
"https://kraftboxpack.com/product/kraft-perfume-boxes/","https://kraftboxpack.com/product/kraft-makeup-palette-boxes/","Kraft Makeup Palette Boxes","product-grid"
"https://kraftboxpack.com/product/kraft-perfume-boxes/","https://kraftboxpack.com/product/kraft-skincare-boxes/","Kraft Skincare Boxes","contextual"
"https://kraftboxpack.com/product/kraft-perfume-boxes/","https://kraftboxpack.com/product/kraft-soap-sleeve-boxes/","Kraft Soap Sleeve Boxes","product-grid"
"https://kraftboxpack.com/product/kraft-perfume-boxes/","https://kraftboxpack.com/product/kraft-wax-melt-boxes/","Kraft Wax Melt Boxes","product-grid"
"https://kraftboxpack.com/product/kraft-perfume-boxes/","https://kraftboxpack.com/products/","Search products","contextual"
"https://kraftboxpack.com/product/kraft-perfume-boxes/","https://kraftboxpack.com/refund_returns/","Refund and Returns Policy","navigation"
"https://kraftboxpack.com/product/kraft-perfume-boxes/","https://kraftboxpack.com/terms-conditions/","Terms & Conditions","navigation"
"https://kraftboxpack.com/product/kraft-photo-frame-boxes/","https://kraftboxpack.com/","","navigation"
"https://kraftboxpack.com/product/kraft-photo-frame-boxes/","https://kraftboxpack.com/about-us/","About Us","navigation"
"https://kraftboxpack.com/product/kraft-photo-frame-boxes/","https://kraftboxpack.com/contact-us/","Contact Us","navigation"
"https://kraftboxpack.com/product/kraft-photo-frame-boxes/","https://kraftboxpack.com/get-a-quote/","Get a Quote","contextual"
"https://kraftboxpack.com/product/kraft-photo-frame-boxes/","https://kraftboxpack.com/privacy-policy/","Privacy Policy","navigation"
"https://kraftboxpack.com/product/kraft-photo-frame-boxes/","https://kraftboxpack.com/product-category/colored-kraft-boxes/","Colored Kraft Boxes","navigation"
"https://kraftboxpack.com/product/kraft-photo-frame-boxes/","https://kraftboxpack.com/product-category/kraft-art-boxes/","Kraft Art Boxes","navigation"
"https://kraftboxpack.com/product/kraft-photo-frame-boxes/","https://kraftboxpack.com/product-category/kraft-gift-specialty-boxes/","Kraft Gift & Specialty Boxes","navigation"
"https://kraftboxpack.com/product/kraft-photo-frame-boxes/","https://kraftboxpack.com/product-category/kraft-packaging-boxes/","Kraft Packaging Boxes","navigation"
"https://kraftboxpack.com/product/kraft-photo-frame-boxes/","https://kraftboxpack.com/product-category/kraft-wrapping-accessories/","Kraft Wrapping & Accessories","navigation"
"https://kraftboxpack.com/product/kraft-photo-frame-boxes/","https://kraftboxpack.com/product/kraft-art-supply-packaging/","Kraft Art Supply Packaging","related-product"
"https://kraftboxpack.com/product/kraft-photo-frame-boxes/","https://kraftboxpack.com/product/kraft-brochure-packaging-boxes/","Kraft Brochure Packaging Boxes","related-product"
"https://kraftboxpack.com/product/kraft-photo-frame-boxes/","https://kraftboxpack.com/product/kraft-calendar-boxes/","Kraft Calendar Boxes","related-product"
"https://kraftboxpack.com/product/kraft-photo-frame-boxes/","https://kraftboxpack.com/product/kraft-cd-dvd-packaging/","Kraft CD/DVD Packaging","product-grid"
"https://kraftboxpack.com/product/kraft-photo-frame-boxes/","https://kraftboxpack.com/product/kraft-certificate-boxes/","Kraft Certificate Boxes","product-grid"
"https://kraftboxpack.com/product/kraft-photo-frame-boxes/","https://kraftboxpack.com/product/kraft-document-mailers/","Kraft Document Mailers","product-grid"
"https://kraftboxpack.com/product/kraft-photo-frame-boxes/","https://kraftboxpack.com/products/","Search products","contextual"
"https://kraftboxpack.com/product/kraft-photo-frame-boxes/","https://kraftboxpack.com/refund_returns/","Refund and Returns Policy","navigation"
"https://kraftboxpack.com/product/kraft-photo-frame-boxes/","https://kraftboxpack.com/terms-conditions/","Terms & Conditions","navigation"
"https://kraftboxpack.com/product/kraft-pillow-boxes/","https://kraftboxpack.com/","","navigation"
"https://kraftboxpack.com/product/kraft-pillow-boxes/","https://kraftboxpack.com/about-us/","About Us","navigation"
"https://kraftboxpack.com/product/kraft-pillow-boxes/","https://kraftboxpack.com/contact-us/","Contact Us","navigation"
"https://kraftboxpack.com/product/kraft-pillow-boxes/","https://kraftboxpack.com/get-a-quote/","Get a Quote","contextual"
"https://kraftboxpack.com/product/kraft-pillow-boxes/","https://kraftboxpack.com/privacy-policy/","Privacy Policy","navigation"
"https://kraftboxpack.com/product/kraft-pillow-boxes/","https://kraftboxpack.com/product-category/colored-kraft-boxes/","Colored Kraft Boxes","navigation"
"https://kraftboxpack.com/product/kraft-pillow-boxes/","https://kraftboxpack.com/product-category/kraft-gift-specialty-boxes/","Kraft Gift & Specialty Boxes","navigation"
"https://kraftboxpack.com/product/kraft-pillow-boxes/","https://kraftboxpack.com/product-category/kraft-packaging-boxes/","Kraft Packaging Boxes","navigation"
"https://kraftboxpack.com/product/kraft-pillow-boxes/","https://kraftboxpack.com/product-category/kraft-wrapping-accessories/","Kraft Wrapping & Accessories","navigation"
"https://kraftboxpack.com/product/kraft-pillow-boxes/","https://kraftboxpack.com/product/kraft-box-with-window/","Kraft Box with Window","product-grid"
"https://kraftboxpack.com/product/kraft-pillow-boxes/","https://kraftboxpack.com/product/kraft-candle-boxes/","Kraft Candle Boxes","product-grid"
"https://kraftboxpack.com/product/kraft-pillow-boxes/","https://kraftboxpack.com/product/kraft-candy-boxes/","Kraft Candy Boxes","product-grid"
"https://kraftboxpack.com/product/kraft-pillow-boxes/","https://kraftboxpack.com/product/kraft-cupcake-boxes/","Kraft Cupcake Boxes","product-grid"
"https://kraftboxpack.com/product/kraft-pillow-boxes/","https://kraftboxpack.com/product/kraft-round-boxes/","Kraft Round Boxes","related-product"
"https://kraftboxpack.com/product/kraft-pillow-boxes/","https://kraftboxpack.com/product/large-kraft-gift-boxes/","Large Kraft Gift Boxes","contextual"
"https://kraftboxpack.com/product/kraft-pillow-boxes/","https://kraftboxpack.com/product/mini-kraft-boxes/","Mini Kraft Boxes","related-product"
"https://kraftboxpack.com/product/kraft-pillow-boxes/","https://kraftboxpack.com/product/small-kraft-boxes/","Small Kraft Boxes","product-grid"
"https://kraftboxpack.com/product/kraft-pillow-boxes/","https://kraftboxpack.com/products/","Search products","contextual"
"https://kraftboxpack.com/product/kraft-pillow-boxes/","https://kraftboxpack.com/refund_returns/","Refund and Returns Policy","navigation"
"https://kraftboxpack.com/product/kraft-pillow-boxes/","https://kraftboxpack.com/terms-conditions/","Terms & Conditions","navigation"
"https://kraftboxpack.com/product/kraft-pillow-gift-boxes/","https://kraftboxpack.com/","","navigation"
"https://kraftboxpack.com/product/kraft-pillow-gift-boxes/","https://kraftboxpack.com/about-us/","About Us","navigation"
"https://kraftboxpack.com/product/kraft-pillow-gift-boxes/","https://kraftboxpack.com/contact-us/","Contact Us","navigation"
"https://kraftboxpack.com/product/kraft-pillow-gift-boxes/","https://kraftboxpack.com/get-a-quote/","Get a Quote","contextual"
"https://kraftboxpack.com/product/kraft-pillow-gift-boxes/","https://kraftboxpack.com/privacy-policy/","Privacy Policy","navigation"
"https://kraftboxpack.com/product/kraft-pillow-gift-boxes/","https://kraftboxpack.com/product-category/colored-kraft-boxes/","Colored Kraft Boxes","navigation"
"https://kraftboxpack.com/product/kraft-pillow-gift-boxes/","https://kraftboxpack.com/product-category/kraft-gift-specialty-boxes/","Kraft Gift & Specialty Boxes","navigation"
"https://kraftboxpack.com/product/kraft-pillow-gift-boxes/","https://kraftboxpack.com/product-category/kraft-gift-specialty-boxes/custom-gift-boxes/","Custom Gift Boxes","navigation"
"https://kraftboxpack.com/product/kraft-pillow-gift-boxes/","https://kraftboxpack.com/product-category/kraft-packaging-boxes/","Kraft Packaging Boxes","navigation"
"https://kraftboxpack.com/product/kraft-pillow-gift-boxes/","https://kraftboxpack.com/product-category/kraft-wrapping-accessories/","Kraft Wrapping & Accessories","navigation"
"https://kraftboxpack.com/product/kraft-pillow-gift-boxes/","https://kraftboxpack.com/product/kraft-heart-shaped-boxes/","Kraft Heart Shaped Boxes","contextual"
"https://kraftboxpack.com/product/kraft-pillow-gift-boxes/","https://kraftboxpack.com/product/kraft-pr-packaging-boxes/","Kraft PR Packaging Boxes","related-product"
"https://kraftboxpack.com/product/kraft-pillow-gift-boxes/","https://kraftboxpack.com/product/kraft-promotional-boxes/","Kraft Promotional Boxes","related-product"
"https://kraftboxpack.com/product/kraft-pillow-gift-boxes/","https://kraftboxpack.com/product/kraft-rectangular-gift-boxes/","Kraft Rectangular Gift Boxes","related-product"
"https://kraftboxpack.com/product/kraft-pillow-gift-boxes/","https://kraftboxpack.com/product/kraft-ribbon-closure-boxes/","Kraft Ribbon Closure Boxes","product-grid"
"https://kraftboxpack.com/product/kraft-pillow-gift-boxes/","https://kraftboxpack.com/product/kraft-round-gift-containers/","Kraft Round Gift Containers","product-grid"
"https://kraftboxpack.com/product/kraft-pillow-gift-boxes/","https://kraftboxpack.com/product/kraft-shoulder-boxes/","Kraft Shoulder Boxes","product-grid"
"https://kraftboxpack.com/product/kraft-pillow-gift-boxes/","https://kraftboxpack.com/product/kraft-square-gift-boxes/","Kraft Square Gift Boxes","product-grid"
"https://kraftboxpack.com/product/kraft-pillow-gift-boxes/","https://kraftboxpack.com/product/kraft-subscription-boxes/","Kraft Subscription Boxes","product-grid"
"https://kraftboxpack.com/product/kraft-pillow-gift-boxes/","https://kraftboxpack.com/products/","Search products","contextual"
"https://kraftboxpack.com/product/kraft-pillow-gift-boxes/","https://kraftboxpack.com/refund_returns/","Refund and Returns Policy","navigation"
"https://kraftboxpack.com/product/kraft-pillow-gift-boxes/","https://kraftboxpack.com/terms-conditions/","Terms & Conditions","navigation"
"https://kraftboxpack.com/product/kraft-pizza-boxes/","https://kraftboxpack.com/","","navigation"
"https://kraftboxpack.com/product/kraft-pizza-boxes/","https://kraftboxpack.com/about-us/","About Us","navigation"
"https://kraftboxpack.com/product/kraft-pizza-boxes/","https://kraftboxpack.com/contact-us/","Contact Us","navigation"
"https://kraftboxpack.com/product/kraft-pizza-boxes/","https://kraftboxpack.com/get-a-quote/","Get a Quote","contextual"
"https://kraftboxpack.com/product/kraft-pizza-boxes/","https://kraftboxpack.com/privacy-policy/","Privacy Policy","navigation"
"https://kraftboxpack.com/product/kraft-pizza-boxes/","https://kraftboxpack.com/product-category/colored-kraft-boxes/","Colored Kraft Boxes","navigation"
"https://kraftboxpack.com/product/kraft-pizza-boxes/","https://kraftboxpack.com/product-category/kraft-gift-specialty-boxes/","Kraft Gift & Specialty Boxes","navigation"
"https://kraftboxpack.com/product/kraft-pizza-boxes/","https://kraftboxpack.com/product-category/kraft-packaging-boxes/","Kraft Packaging Boxes","navigation"
"https://kraftboxpack.com/product/kraft-pizza-boxes/","https://kraftboxpack.com/product-category/kraft-wrapping-accessories/","Kraft Wrapping & Accessories","navigation"
"https://kraftboxpack.com/product/kraft-pizza-boxes/","https://kraftboxpack.com/product/custom-kraft-bags/","Custom Kraft Bags","product-grid"
"https://kraftboxpack.com/product/kraft-pizza-boxes/","https://kraftboxpack.com/product/kraft-bakery-bags/","Kraft Bakery Bags","product-grid"
"https://kraftboxpack.com/product/kraft-pizza-boxes/","https://kraftboxpack.com/product/kraft-bakery-boxes/","Kraft Bakery Boxes","product-grid"
"https://kraftboxpack.com/product/kraft-pizza-boxes/","https://kraftboxpack.com/product/kraft-cookie-boxes/","Kraft Cookie Boxes","contextual"
"https://kraftboxpack.com/product/kraft-pizza-boxes/","https://kraftboxpack.com/product/kraft-shipping-boxes/","Kraft Shipping Boxes","related-product"
"https://kraftboxpack.com/product/kraft-pizza-boxes/","https://kraftboxpack.com/product/kraft-shoe-boxes/","Kraft Shoe Boxes","related-product"
"https://kraftboxpack.com/product/kraft-pizza-boxes/","https://kraftboxpack.com/product/kraft-storage-boxes/","Kraft Storage Boxes","related-product"
"https://kraftboxpack.com/product/kraft-pizza-boxes/","https://kraftboxpack.com/product/kraft-take-out-boxes/","Kraft Take Out Boxes","product-grid"
"https://kraftboxpack.com/product/kraft-pizza-boxes/","https://kraftboxpack.com/product/kraft-treat-boxes/","Kraft Treat Boxes","product-grid"
"https://kraftboxpack.com/product/kraft-pizza-boxes/","https://kraftboxpack.com/products/","Search products","contextual"
"https://kraftboxpack.com/product/kraft-pizza-boxes/","https://kraftboxpack.com/refund_returns/","Refund and Returns Policy","navigation"
"https://kraftboxpack.com/product/kraft-pizza-boxes/","https://kraftboxpack.com/terms-conditions/","Terms & Conditions","navigation"
"https://kraftboxpack.com/product/kraft-pop-display-boxes/","https://kraftboxpack.com/","","navigation"
"https://kraftboxpack.com/product/kraft-pop-display-boxes/","https://kraftboxpack.com/about-us/","About Us","navigation"
"https://kraftboxpack.com/product/kraft-pop-display-boxes/","https://kraftboxpack.com/contact-us/","Contact Us","navigation"
"https://kraftboxpack.com/product/kraft-pop-display-boxes/","https://kraftboxpack.com/get-a-quote/","Get a Quote","contextual"
"https://kraftboxpack.com/product/kraft-pop-display-boxes/","https://kraftboxpack.com/privacy-policy/","Privacy Policy","navigation"
"https://kraftboxpack.com/product/kraft-pop-display-boxes/","https://kraftboxpack.com/product-category/colored-kraft-boxes/","Colored Kraft Boxes","navigation"
"https://kraftboxpack.com/product/kraft-pop-display-boxes/","https://kraftboxpack.com/product-category/kraft-display-packaging/","Kraft Display Packaging","navigation"
"https://kraftboxpack.com/product/kraft-pop-display-boxes/","https://kraftboxpack.com/product-category/kraft-gift-specialty-boxes/","Kraft Gift & Specialty Boxes","navigation"
"https://kraftboxpack.com/product/kraft-pop-display-boxes/","https://kraftboxpack.com/product-category/kraft-packaging-boxes/","Kraft Packaging Boxes","navigation"
"https://kraftboxpack.com/product/kraft-pop-display-boxes/","https://kraftboxpack.com/product-category/kraft-wrapping-accessories/","Kraft Wrapping & Accessories","navigation"
"https://kraftboxpack.com/product/kraft-pop-display-boxes/","https://kraftboxpack.com/product/kraft-hanging-display-boxes/","Kraft Hanging Display Boxes","related-product"
"https://kraftboxpack.com/product/kraft-pop-display-boxes/","https://kraftboxpack.com/product/kraft-retail-display-trays/","Kraft Retail Display Trays","related-product"
"https://kraftboxpack.com/product/kraft-pop-display-boxes/","https://kraftboxpack.com/product/kraft-shelf-ready-packaging/","Kraft Shelf Ready Packaging","related-product"
"https://kraftboxpack.com/product/kraft-pop-display-boxes/","https://kraftboxpack.com/products/","Search products","contextual"
"https://kraftboxpack.com/product/kraft-pop-display-boxes/","https://kraftboxpack.com/refund_returns/","Refund and Returns Policy","navigation"
"https://kraftboxpack.com/product/kraft-pop-display-boxes/","https://kraftboxpack.com/terms-conditions/","Terms & Conditions","navigation"
"https://kraftboxpack.com/product/kraft-popcorn-packaging-boxes/","https://kraftboxpack.com/","","navigation"
"https://kraftboxpack.com/product/kraft-popcorn-packaging-boxes/","https://kraftboxpack.com/about-us/","About Us","navigation"
"https://kraftboxpack.com/product/kraft-popcorn-packaging-boxes/","https://kraftboxpack.com/contact-us/","Contact Us","navigation"
"https://kraftboxpack.com/product/kraft-popcorn-packaging-boxes/","https://kraftboxpack.com/get-a-quote/","Get a Quote","contextual"
"https://kraftboxpack.com/product/kraft-popcorn-packaging-boxes/","https://kraftboxpack.com/privacy-policy/","Privacy Policy","navigation"
"https://kraftboxpack.com/product/kraft-popcorn-packaging-boxes/","https://kraftboxpack.com/product-category/colored-kraft-boxes/","Colored Kraft Boxes","navigation"
"https://kraftboxpack.com/product/kraft-popcorn-packaging-boxes/","https://kraftboxpack.com/product-category/kraft-food-packaging/","Kraft Food Packaging","navigation"
"https://kraftboxpack.com/product/kraft-popcorn-packaging-boxes/","https://kraftboxpack.com/product-category/kraft-gift-specialty-boxes/","Kraft Gift & Specialty Boxes","navigation"
"https://kraftboxpack.com/product/kraft-popcorn-packaging-boxes/","https://kraftboxpack.com/product-category/kraft-packaging-boxes/","Kraft Packaging Boxes","navigation"
"https://kraftboxpack.com/product/kraft-popcorn-packaging-boxes/","https://kraftboxpack.com/product-category/kraft-wrapping-accessories/","Kraft Wrapping & Accessories","navigation"
"https://kraftboxpack.com/product/kraft-popcorn-packaging-boxes/","https://kraftboxpack.com/product/kraft-brownie-packaging-boxes/","Kraft Brownie Packaging Boxes","product-grid"
"https://kraftboxpack.com/product/kraft-popcorn-packaging-boxes/","https://kraftboxpack.com/product/kraft-salad-boxes/","Kraft Salad Boxes","related-product"
"https://kraftboxpack.com/product/kraft-popcorn-packaging-boxes/","https://kraftboxpack.com/product/kraft-sandwich-wedge-boxes/","Kraft Sandwich Wedge Boxes","related-product"
"https://kraftboxpack.com/product/kraft-popcorn-packaging-boxes/","https://kraftboxpack.com/product/kraft-seafood-boxes/","Kraft Seafood Boxes","related-product"
"https://kraftboxpack.com/product/kraft-popcorn-packaging-boxes/","https://kraftboxpack.com/product/kraft-snack-packaging-boxes/","Kraft Snack Packaging Boxes","contextual"
"https://kraftboxpack.com/product/kraft-popcorn-packaging-boxes/","https://kraftboxpack.com/product/kraft-sushi-packaging-boxes/","Kraft Sushi Packaging Boxes","product-grid"
"https://kraftboxpack.com/product/kraft-popcorn-packaging-boxes/","https://kraftboxpack.com/product/kraft-tea-packaging-boxes/","Kraft Tea Packaging Boxes","product-grid"
"https://kraftboxpack.com/product/kraft-popcorn-packaging-boxes/","https://kraftboxpack.com/product/kraft-vegetable-packaging-boxes/","Kraft Vegetable Packaging Boxes","product-grid"
"https://kraftboxpack.com/product/kraft-popcorn-packaging-boxes/","https://kraftboxpack.com/products/","Search products","contextual"
"https://kraftboxpack.com/product/kraft-popcorn-packaging-boxes/","https://kraftboxpack.com/refund_returns/","Refund and Returns Policy","navigation"
"https://kraftboxpack.com/product/kraft-popcorn-packaging-boxes/","https://kraftboxpack.com/terms-conditions/","Terms & Conditions","navigation"
"https://kraftboxpack.com/product/kraft-ppe-packaging-boxes/","https://kraftboxpack.com/","","navigation"
"https://kraftboxpack.com/product/kraft-ppe-packaging-boxes/","https://kraftboxpack.com/about-us/","About Us","navigation"
"https://kraftboxpack.com/product/kraft-ppe-packaging-boxes/","https://kraftboxpack.com/contact-us/","Contact Us","navigation"
"https://kraftboxpack.com/product/kraft-ppe-packaging-boxes/","https://kraftboxpack.com/get-a-quote/","Get a Quote","contextual"
"https://kraftboxpack.com/product/kraft-ppe-packaging-boxes/","https://kraftboxpack.com/privacy-policy/","Privacy Policy","navigation"
"https://kraftboxpack.com/product/kraft-ppe-packaging-boxes/","https://kraftboxpack.com/product-category/colored-kraft-boxes/","Colored Kraft Boxes","navigation"
"https://kraftboxpack.com/product/kraft-ppe-packaging-boxes/","https://kraftboxpack.com/product-category/kraft-gift-specialty-boxes/","Kraft Gift & Specialty Boxes","navigation"
"https://kraftboxpack.com/product/kraft-ppe-packaging-boxes/","https://kraftboxpack.com/product-category/kraft-packaging-boxes/","Kraft Packaging Boxes","navigation"
"https://kraftboxpack.com/product/kraft-ppe-packaging-boxes/","https://kraftboxpack.com/product-category/kraft-pharma-boxes/","Kraft Pharma boxes","navigation"
"https://kraftboxpack.com/product/kraft-ppe-packaging-boxes/","https://kraftboxpack.com/product-category/kraft-wrapping-accessories/","Kraft Wrapping & Accessories","navigation"
"https://kraftboxpack.com/product/kraft-ppe-packaging-boxes/","https://kraftboxpack.com/product/kraft-first-aid-kit-boxes/","Kraft First Aid Kit Boxes","related-product"
"https://kraftboxpack.com/product/kraft-ppe-packaging-boxes/","https://kraftboxpack.com/product/kraft-medicine-packaging-boxes/","Kraft Medicine Packaging Boxes","related-product"
"https://kraftboxpack.com/product/kraft-ppe-packaging-boxes/","https://kraftboxpack.com/product/kraft-supplement-boxes/","Kraft Supplement Boxes","related-product"
"https://kraftboxpack.com/product/kraft-ppe-packaging-boxes/","https://kraftboxpack.com/product/kraft-syrup-packaging-boxes/","Kraft Syrup Packaging Boxes","product-grid"
"https://kraftboxpack.com/product/kraft-ppe-packaging-boxes/","https://kraftboxpack.com/product/kraft-vitamin-packaging-boxes/","Kraft Vitamin Packaging Boxes","product-grid"
"https://kraftboxpack.com/product/kraft-ppe-packaging-boxes/","https://kraftboxpack.com/products/","Search products","contextual"
"https://kraftboxpack.com/product/kraft-ppe-packaging-boxes/","https://kraftboxpack.com/refund_returns/","Refund and Returns Policy","navigation"
"https://kraftboxpack.com/product/kraft-ppe-packaging-boxes/","https://kraftboxpack.com/terms-conditions/","Terms & Conditions","navigation"
"https://kraftboxpack.com/product/kraft-pr-packaging-boxes/","https://kraftboxpack.com/","","navigation"
"https://kraftboxpack.com/product/kraft-pr-packaging-boxes/","https://kraftboxpack.com/about-us/","About Us","navigation"
"https://kraftboxpack.com/product/kraft-pr-packaging-boxes/","https://kraftboxpack.com/contact-us/","Contact Us","navigation"
"https://kraftboxpack.com/product/kraft-pr-packaging-boxes/","https://kraftboxpack.com/get-a-quote/","Get a Quote","contextual"
"https://kraftboxpack.com/product/kraft-pr-packaging-boxes/","https://kraftboxpack.com/privacy-policy/","Privacy Policy","navigation"
"https://kraftboxpack.com/product/kraft-pr-packaging-boxes/","https://kraftboxpack.com/product-category/colored-kraft-boxes/","Colored Kraft Boxes","navigation"
"https://kraftboxpack.com/product/kraft-pr-packaging-boxes/","https://kraftboxpack.com/product-category/kraft-gift-specialty-boxes/","Kraft Gift & Specialty Boxes","navigation"
"https://kraftboxpack.com/product/kraft-pr-packaging-boxes/","https://kraftboxpack.com/product-category/kraft-gift-specialty-boxes/custom-gift-boxes/","Custom Gift Boxes","navigation"
"https://kraftboxpack.com/product/kraft-pr-packaging-boxes/","https://kraftboxpack.com/product-category/kraft-packaging-boxes/","Kraft Packaging Boxes","navigation"
"https://kraftboxpack.com/product/kraft-pr-packaging-boxes/","https://kraftboxpack.com/product-category/kraft-wrapping-accessories/","Kraft Wrapping & Accessories","navigation"
"https://kraftboxpack.com/product/kraft-pr-packaging-boxes/","https://kraftboxpack.com/product/kraft-bouquet-boxes/","Kraft Bouquet Boxes","product-grid"
"https://kraftboxpack.com/product/kraft-pr-packaging-boxes/","https://kraftboxpack.com/product/kraft-promotional-boxes/","Kraft Promotional Boxes","related-product"
"https://kraftboxpack.com/product/kraft-pr-packaging-boxes/","https://kraftboxpack.com/product/kraft-rectangular-gift-boxes/","Kraft Rectangular Gift Boxes","related-product"
"https://kraftboxpack.com/product/kraft-pr-packaging-boxes/","https://kraftboxpack.com/product/kraft-ribbon-closure-boxes/","Kraft Ribbon Closure Boxes","related-product"
"https://kraftboxpack.com/product/kraft-pr-packaging-boxes/","https://kraftboxpack.com/product/kraft-round-gift-containers/","Kraft Round Gift Containers","product-grid"
"https://kraftboxpack.com/product/kraft-pr-packaging-boxes/","https://kraftboxpack.com/product/kraft-shoulder-boxes/","Kraft Shoulder Boxes","product-grid"
"https://kraftboxpack.com/product/kraft-pr-packaging-boxes/","https://kraftboxpack.com/product/kraft-square-gift-boxes/","Kraft Square Gift Boxes","product-grid"
"https://kraftboxpack.com/product/kraft-pr-packaging-boxes/","https://kraftboxpack.com/product/kraft-subscription-boxes/","Kraft Subscription Boxes","contextual"
"https://kraftboxpack.com/product/kraft-pr-packaging-boxes/","https://kraftboxpack.com/products/","Search products","contextual"
"https://kraftboxpack.com/product/kraft-pr-packaging-boxes/","https://kraftboxpack.com/refund_returns/","Refund and Returns Policy","navigation"
"https://kraftboxpack.com/product/kraft-pr-packaging-boxes/","https://kraftboxpack.com/terms-conditions/","Terms & Conditions","navigation"
"https://kraftboxpack.com/product/kraft-promotional-boxes/","https://kraftboxpack.com/","","navigation"
"https://kraftboxpack.com/product/kraft-promotional-boxes/","https://kraftboxpack.com/about-us/","About Us","navigation"
"https://kraftboxpack.com/product/kraft-promotional-boxes/","https://kraftboxpack.com/contact-us/","Contact Us","navigation"
"https://kraftboxpack.com/product/kraft-promotional-boxes/","https://kraftboxpack.com/get-a-quote/","Get a Quote","contextual"
"https://kraftboxpack.com/product/kraft-promotional-boxes/","https://kraftboxpack.com/privacy-policy/","Privacy Policy","navigation"
"https://kraftboxpack.com/product/kraft-promotional-boxes/","https://kraftboxpack.com/product-category/colored-kraft-boxes/","Colored Kraft Boxes","navigation"
"https://kraftboxpack.com/product/kraft-promotional-boxes/","https://kraftboxpack.com/product-category/kraft-gift-specialty-boxes/","Kraft Gift & Specialty Boxes","navigation"
"https://kraftboxpack.com/product/kraft-promotional-boxes/","https://kraftboxpack.com/product-category/kraft-gift-specialty-boxes/custom-gift-boxes/","Custom Gift Boxes","navigation"
"https://kraftboxpack.com/product/kraft-promotional-boxes/","https://kraftboxpack.com/product-category/kraft-packaging-boxes/","Kraft Packaging Boxes","navigation"
"https://kraftboxpack.com/product/kraft-promotional-boxes/","https://kraftboxpack.com/product-category/kraft-wrapping-accessories/","Kraft Wrapping & Accessories","navigation"
"https://kraftboxpack.com/product/kraft-promotional-boxes/","https://kraftboxpack.com/product/kraft-bouquet-boxes/","Kraft Bouquet Boxes","product-grid"
"https://kraftboxpack.com/product/kraft-promotional-boxes/","https://kraftboxpack.com/product/kraft-candy-favor-boxes/","Kraft Candy Favor Boxes","product-grid"
"https://kraftboxpack.com/product/kraft-promotional-boxes/","https://kraftboxpack.com/product/kraft-giveaway-packaging-boxes/","Kraft Giveaway Packaging Boxes","contextual"
"https://kraftboxpack.com/product/kraft-promotional-boxes/","https://kraftboxpack.com/product/kraft-rectangular-gift-boxes/","Kraft Rectangular Gift Boxes","related-product"
"https://kraftboxpack.com/product/kraft-promotional-boxes/","https://kraftboxpack.com/product/kraft-ribbon-closure-boxes/","Kraft Ribbon Closure Boxes","related-product"
"https://kraftboxpack.com/product/kraft-promotional-boxes/","https://kraftboxpack.com/product/kraft-round-gift-containers/","Kraft Round Gift Containers","related-product"
"https://kraftboxpack.com/product/kraft-promotional-boxes/","https://kraftboxpack.com/product/kraft-shoulder-boxes/","Kraft Shoulder Boxes","product-grid"
"https://kraftboxpack.com/product/kraft-promotional-boxes/","https://kraftboxpack.com/product/kraft-square-gift-boxes/","Kraft Square Gift Boxes","product-grid"
"https://kraftboxpack.com/product/kraft-promotional-boxes/","https://kraftboxpack.com/product/kraft-subscription-boxes/","Kraft Subscription Boxes","product-grid"
"https://kraftboxpack.com/product/kraft-promotional-boxes/","https://kraftboxpack.com/products/","Search products","contextual"
"https://kraftboxpack.com/product/kraft-promotional-boxes/","https://kraftboxpack.com/refund_returns/","Refund and Returns Policy","navigation"
"https://kraftboxpack.com/product/kraft-promotional-boxes/","https://kraftboxpack.com/terms-conditions/","Terms & Conditions","navigation"
"https://kraftboxpack.com/product/kraft-puzzle-packaging-boxes/","https://kraftboxpack.com/","","navigation"
"https://kraftboxpack.com/product/kraft-puzzle-packaging-boxes/","https://kraftboxpack.com/about-us/","About Us","navigation"
"https://kraftboxpack.com/product/kraft-puzzle-packaging-boxes/","https://kraftboxpack.com/contact-us/","Contact Us","navigation"
"https://kraftboxpack.com/product/kraft-puzzle-packaging-boxes/","https://kraftboxpack.com/get-a-quote/","Get a Quote","contextual"
"https://kraftboxpack.com/product/kraft-puzzle-packaging-boxes/","https://kraftboxpack.com/privacy-policy/","Privacy Policy","navigation"
"https://kraftboxpack.com/product/kraft-puzzle-packaging-boxes/","https://kraftboxpack.com/product-category/colored-kraft-boxes/","Colored Kraft Boxes","navigation"
"https://kraftboxpack.com/product/kraft-puzzle-packaging-boxes/","https://kraftboxpack.com/product-category/kraft-gift-specialty-boxes/","Kraft Gift & Specialty Boxes","navigation"
"https://kraftboxpack.com/product/kraft-puzzle-packaging-boxes/","https://kraftboxpack.com/product-category/kraft-packaging-boxes/","Kraft Packaging Boxes","navigation"
"https://kraftboxpack.com/product/kraft-puzzle-packaging-boxes/","https://kraftboxpack.com/product-category/kraft-toy-packaging/","Kraft Toy Packaging","navigation"
"https://kraftboxpack.com/product/kraft-puzzle-packaging-boxes/","https://kraftboxpack.com/product-category/kraft-wrapping-accessories/","Kraft Wrapping & Accessories","navigation"
"https://kraftboxpack.com/product/kraft-puzzle-packaging-boxes/","https://kraftboxpack.com/product/kraft-baby-product-boxes/","Kraft Baby Product Boxes","related-product"
"https://kraftboxpack.com/product/kraft-puzzle-packaging-boxes/","https://kraftboxpack.com/product/kraft-board-game-packaging-boxes/","Kraft Board Game Packaging Boxes","related-product"
"https://kraftboxpack.com/product/kraft-puzzle-packaging-boxes/","https://kraftboxpack.com/product/kraft-toy-packaging-boxes/","Kraft Toy Packaging Boxes","contextual"
"https://kraftboxpack.com/product/kraft-puzzle-packaging-boxes/","https://kraftboxpack.com/products/","Search products","contextual"
"https://kraftboxpack.com/product/kraft-puzzle-packaging-boxes/","https://kraftboxpack.com/refund_returns/","Refund and Returns Policy","navigation"
"https://kraftboxpack.com/product/kraft-puzzle-packaging-boxes/","https://kraftboxpack.com/terms-conditions/","Terms & Conditions","navigation"
"https://kraftboxpack.com/product/kraft-pyramid-boxes/","https://kraftboxpack.com/","","navigation"
"https://kraftboxpack.com/product/kraft-pyramid-boxes/","https://kraftboxpack.com/about-us/","About Us","navigation"
"https://kraftboxpack.com/product/kraft-pyramid-boxes/","https://kraftboxpack.com/contact-us/","Contact Us","navigation"
"https://kraftboxpack.com/product/kraft-pyramid-boxes/","https://kraftboxpack.com/get-a-quote/","Get a Quote","contextual"
"https://kraftboxpack.com/product/kraft-pyramid-boxes/","https://kraftboxpack.com/privacy-policy/","Privacy Policy","navigation"
"https://kraftboxpack.com/product/kraft-pyramid-boxes/","https://kraftboxpack.com/product-category/colored-kraft-boxes/","Colored Kraft Boxes","navigation"
"https://kraftboxpack.com/product/kraft-pyramid-boxes/","https://kraftboxpack.com/product-category/kraft-gift-specialty-boxes/","Kraft Gift & Specialty Boxes","navigation"
"https://kraftboxpack.com/product/kraft-pyramid-boxes/","https://kraftboxpack.com/product-category/kraft-luxury-packaging/","Kraft Luxury Packaging","navigation"
"https://kraftboxpack.com/product/kraft-pyramid-boxes/","https://kraftboxpack.com/product-category/kraft-packaging-boxes/","Kraft Packaging Boxes","navigation"
"https://kraftboxpack.com/product/kraft-pyramid-boxes/","https://kraftboxpack.com/product-category/kraft-wrapping-accessories/","Kraft Wrapping & Accessories","navigation"
"https://kraftboxpack.com/product/kraft-pyramid-boxes/","https://kraftboxpack.com/product/kraft-cylindrical-boxes/","No image Kraft Cylindrical Boxes","related-product"
"https://kraftboxpack.com/product/kraft-pyramid-boxes/","https://kraftboxpack.com/product/kraft-hexagon-boxes/","Kraft Hexagon Boxes","related-product"
"https://kraftboxpack.com/product/kraft-pyramid-boxes/","https://kraftboxpack.com/product/kraft-magnetic-closure-boxes/","Kraft Magnetic Closure Boxes","related-product"
"https://kraftboxpack.com/product/kraft-pyramid-boxes/","https://kraftboxpack.com/product/kraft-octagon-boxes/","Kraft Octagon Boxes","contextual"
"https://kraftboxpack.com/product/kraft-pyramid-boxes/","https://kraftboxpack.com/product/kraft-rigid-boxes/","Kraft Rigid Boxes","product-grid"
"https://kraftboxpack.com/product/kraft-pyramid-boxes/","https://kraftboxpack.com/product/kraft-triangle-boxes/","Kraft Triangle Boxes","product-grid"
"https://kraftboxpack.com/product/kraft-pyramid-boxes/","https://kraftboxpack.com/product/kraft-tube-packaging/","Kraft Tube Packaging","product-grid"
"https://kraftboxpack.com/product/kraft-pyramid-boxes/","https://kraftboxpack.com/products/","Search products","contextual"
"https://kraftboxpack.com/product/kraft-pyramid-boxes/","https://kraftboxpack.com/refund_returns/","Refund and Returns Policy","navigation"
"https://kraftboxpack.com/product/kraft-pyramid-boxes/","https://kraftboxpack.com/terms-conditions/","Terms & Conditions","navigation"
"https://kraftboxpack.com/product/kraft-rectangular-gift-boxes/","https://kraftboxpack.com/","","navigation"
"https://kraftboxpack.com/product/kraft-rectangular-gift-boxes/","https://kraftboxpack.com/about-us/","About Us","navigation"
"https://kraftboxpack.com/product/kraft-rectangular-gift-boxes/","https://kraftboxpack.com/contact-us/","Contact Us","navigation"
"https://kraftboxpack.com/product/kraft-rectangular-gift-boxes/","https://kraftboxpack.com/get-a-quote/","Get a Quote","contextual"
"https://kraftboxpack.com/product/kraft-rectangular-gift-boxes/","https://kraftboxpack.com/privacy-policy/","Privacy Policy","navigation"
"https://kraftboxpack.com/product/kraft-rectangular-gift-boxes/","https://kraftboxpack.com/product-category/colored-kraft-boxes/","Colored Kraft Boxes","navigation"
"https://kraftboxpack.com/product/kraft-rectangular-gift-boxes/","https://kraftboxpack.com/product-category/kraft-gift-specialty-boxes/","Kraft Gift & Specialty Boxes","navigation"
"https://kraftboxpack.com/product/kraft-rectangular-gift-boxes/","https://kraftboxpack.com/product-category/kraft-gift-specialty-boxes/custom-gift-boxes/","Custom Gift Boxes","navigation"
"https://kraftboxpack.com/product/kraft-rectangular-gift-boxes/","https://kraftboxpack.com/product-category/kraft-packaging-boxes/","Kraft Packaging Boxes","navigation"
"https://kraftboxpack.com/product/kraft-rectangular-gift-boxes/","https://kraftboxpack.com/product-category/kraft-wrapping-accessories/","Kraft Wrapping & Accessories","navigation"
"https://kraftboxpack.com/product/kraft-rectangular-gift-boxes/","https://kraftboxpack.com/product/kraft-bouquet-boxes/","Kraft Bouquet Boxes","product-grid"
"https://kraftboxpack.com/product/kraft-rectangular-gift-boxes/","https://kraftboxpack.com/product/kraft-candy-favor-boxes/","Kraft Candy Favor Boxes","product-grid"
"https://kraftboxpack.com/product/kraft-rectangular-gift-boxes/","https://kraftboxpack.com/product/kraft-drawer-gift-boxes/","Kraft Drawer Gift Boxes","product-grid"
"https://kraftboxpack.com/product/kraft-rectangular-gift-boxes/","https://kraftboxpack.com/product/kraft-ribbon-closure-boxes/","Kraft Ribbon Closure Boxes","related-product"
"https://kraftboxpack.com/product/kraft-rectangular-gift-boxes/","https://kraftboxpack.com/product/kraft-round-gift-containers/","Kraft Round Gift Containers","related-product"
"https://kraftboxpack.com/product/kraft-rectangular-gift-boxes/","https://kraftboxpack.com/product/kraft-shoulder-boxes/","Kraft Shoulder Boxes","related-product"
"https://kraftboxpack.com/product/kraft-rectangular-gift-boxes/","https://kraftboxpack.com/product/kraft-square-gift-boxes/","Kraft Square Gift Boxes","contextual"
"https://kraftboxpack.com/product/kraft-rectangular-gift-boxes/","https://kraftboxpack.com/product/kraft-subscription-boxes/","Kraft Subscription Boxes","product-grid"
"https://kraftboxpack.com/product/kraft-rectangular-gift-boxes/","https://kraftboxpack.com/products/","Search products","contextual"
"https://kraftboxpack.com/product/kraft-rectangular-gift-boxes/","https://kraftboxpack.com/refund_returns/","Refund and Returns Policy","navigation"
"https://kraftboxpack.com/product/kraft-rectangular-gift-boxes/","https://kraftboxpack.com/terms-conditions/","Terms & Conditions","navigation"
"https://kraftboxpack.com/product/kraft-recycled-kraft-boxes/","https://kraftboxpack.com/","","navigation"
"https://kraftboxpack.com/product/kraft-recycled-kraft-boxes/","https://kraftboxpack.com/about-us/","About Us","navigation"
"https://kraftboxpack.com/product/kraft-recycled-kraft-boxes/","https://kraftboxpack.com/contact-us/","Contact Us","navigation"
"https://kraftboxpack.com/product/kraft-recycled-kraft-boxes/","https://kraftboxpack.com/get-a-quote/","Get a Quote","contextual"
"https://kraftboxpack.com/product/kraft-recycled-kraft-boxes/","https://kraftboxpack.com/privacy-policy/","Privacy Policy","navigation"
"https://kraftboxpack.com/product/kraft-recycled-kraft-boxes/","https://kraftboxpack.com/product-category/colored-kraft-boxes/","Colored Kraft Boxes","navigation"
"https://kraftboxpack.com/product/kraft-recycled-kraft-boxes/","https://kraftboxpack.com/product-category/kraft-gift-specialty-boxes/","Kraft Gift & Specialty Boxes","navigation"
"https://kraftboxpack.com/product/kraft-recycled-kraft-boxes/","https://kraftboxpack.com/product-category/kraft-industrial-packaging/","Kraft Industrial Packaging","navigation"
"https://kraftboxpack.com/product/kraft-recycled-kraft-boxes/","https://kraftboxpack.com/product-category/kraft-packaging-boxes/","Kraft Packaging Boxes","navigation"
"https://kraftboxpack.com/product/kraft-recycled-kraft-boxes/","https://kraftboxpack.com/product-category/kraft-wrapping-accessories/","Kraft Wrapping & Accessories","navigation"
"https://kraftboxpack.com/product/kraft-recycled-kraft-boxes/","https://kraftboxpack.com/product/kraft-bulk-shipping-crates/","Kraft Bulk Shipping Crates","related-product"
"https://kraftboxpack.com/product/kraft-recycled-kraft-boxes/","https://kraftboxpack.com/product/kraft-chemical-safe-boxes/","Kraft Chemical Safe Boxes","related-product"
"https://kraftboxpack.com/product/kraft-recycled-kraft-boxes/","https://kraftboxpack.com/product/kraft-eco-friendly-compostable-boxes/","Kraft Eco Friendly Compostable Boxes","related-product"
"https://kraftboxpack.com/product/kraft-recycled-kraft-boxes/","https://kraftboxpack.com/product/kraft-heavy-duty-storage-boxes/","Kraft Heavy Duty Storage Boxes","product-grid"
"https://kraftboxpack.com/product/kraft-recycled-kraft-boxes/","https://kraftboxpack.com/product/kraft-industrial-parts-boxes/","Kraft Industrial Parts Boxes","product-grid"
"https://kraftboxpack.com/product/kraft-recycled-kraft-boxes/","https://kraftboxpack.com/product/kraft-insulated-cold-boxes/","Kraft Insulated Cold Boxes","contextual"
"https://kraftboxpack.com/product/kraft-recycled-kraft-boxes/","https://kraftboxpack.com/products/","Search products","contextual"
"https://kraftboxpack.com/product/kraft-recycled-kraft-boxes/","https://kraftboxpack.com/refund_returns/","Refund and Returns Policy","navigation"
"https://kraftboxpack.com/product/kraft-recycled-kraft-boxes/","https://kraftboxpack.com/terms-conditions/","Terms & Conditions","navigation"
"https://kraftboxpack.com/product/kraft-retail-display-trays/","https://kraftboxpack.com/","","navigation"
"https://kraftboxpack.com/product/kraft-retail-display-trays/","https://kraftboxpack.com/about-us/","About Us","navigation"
"https://kraftboxpack.com/product/kraft-retail-display-trays/","https://kraftboxpack.com/contact-us/","Contact Us","navigation"
"https://kraftboxpack.com/product/kraft-retail-display-trays/","https://kraftboxpack.com/get-a-quote/","Get a Quote","contextual"
"https://kraftboxpack.com/product/kraft-retail-display-trays/","https://kraftboxpack.com/privacy-policy/","Privacy Policy","navigation"
"https://kraftboxpack.com/product/kraft-retail-display-trays/","https://kraftboxpack.com/product-category/colored-kraft-boxes/","Colored Kraft Boxes","navigation"
"https://kraftboxpack.com/product/kraft-retail-display-trays/","https://kraftboxpack.com/product-category/kraft-display-packaging/","Kraft Display Packaging","navigation"
"https://kraftboxpack.com/product/kraft-retail-display-trays/","https://kraftboxpack.com/product-category/kraft-gift-specialty-boxes/","Kraft Gift & Specialty Boxes","navigation"
"https://kraftboxpack.com/product/kraft-retail-display-trays/","https://kraftboxpack.com/product-category/kraft-packaging-boxes/","Kraft Packaging Boxes","navigation"
"https://kraftboxpack.com/product/kraft-retail-display-trays/","https://kraftboxpack.com/product-category/kraft-wrapping-accessories/","Kraft Wrapping & Accessories","navigation"
"https://kraftboxpack.com/product/kraft-retail-display-trays/","https://kraftboxpack.com/product/kraft-display-boxes/","Kraft Counter Display Stands","contextual"
"https://kraftboxpack.com/product/kraft-retail-display-trays/","https://kraftboxpack.com/product/kraft-hanging-display-boxes/","Kraft Hanging Display Boxes","related-product"
"https://kraftboxpack.com/product/kraft-retail-display-trays/","https://kraftboxpack.com/product/kraft-pop-display-boxes/","Kraft POP Display Boxes","related-product"
"https://kraftboxpack.com/product/kraft-retail-display-trays/","https://kraftboxpack.com/product/kraft-shelf-ready-packaging/","Kraft Shelf Ready Packaging","related-product"
"https://kraftboxpack.com/product/kraft-retail-display-trays/","https://kraftboxpack.com/products/","Search products","contextual"
"https://kraftboxpack.com/product/kraft-retail-display-trays/","https://kraftboxpack.com/refund_returns/","Refund and Returns Policy","navigation"
"https://kraftboxpack.com/product/kraft-retail-display-trays/","https://kraftboxpack.com/terms-conditions/","Terms & Conditions","navigation"
"https://kraftboxpack.com/product/kraft-ribbon-closure-boxes/","https://kraftboxpack.com/","","navigation"
"https://kraftboxpack.com/product/kraft-ribbon-closure-boxes/","https://kraftboxpack.com/about-us/","About Us","navigation"
"https://kraftboxpack.com/product/kraft-ribbon-closure-boxes/","https://kraftboxpack.com/contact-us/","Contact Us","navigation"
"https://kraftboxpack.com/product/kraft-ribbon-closure-boxes/","https://kraftboxpack.com/get-a-quote/","Get a Quote","contextual"
"https://kraftboxpack.com/product/kraft-ribbon-closure-boxes/","https://kraftboxpack.com/privacy-policy/","Privacy Policy","navigation"
"https://kraftboxpack.com/product/kraft-ribbon-closure-boxes/","https://kraftboxpack.com/product-category/colored-kraft-boxes/","Colored Kraft Boxes","navigation"
"https://kraftboxpack.com/product/kraft-ribbon-closure-boxes/","https://kraftboxpack.com/product-category/kraft-gift-specialty-boxes/","Kraft Gift & Specialty Boxes","navigation"
"https://kraftboxpack.com/product/kraft-ribbon-closure-boxes/","https://kraftboxpack.com/product-category/kraft-gift-specialty-boxes/custom-gift-boxes/","Custom Gift Boxes","navigation"
"https://kraftboxpack.com/product/kraft-ribbon-closure-boxes/","https://kraftboxpack.com/product-category/kraft-packaging-boxes/","Kraft Packaging Boxes","navigation"
"https://kraftboxpack.com/product/kraft-ribbon-closure-boxes/","https://kraftboxpack.com/product-category/kraft-wrapping-accessories/","Kraft Wrapping & Accessories","navigation"
"https://kraftboxpack.com/product/kraft-ribbon-closure-boxes/","https://kraftboxpack.com/product/kraft-bouquet-boxes/","Kraft Bouquet Boxes","product-grid"
"https://kraftboxpack.com/product/kraft-ribbon-closure-boxes/","https://kraftboxpack.com/product/kraft-candy-favor-boxes/","Kraft Candy Favor Boxes","product-grid"
"https://kraftboxpack.com/product/kraft-ribbon-closure-boxes/","https://kraftboxpack.com/product/kraft-drawer-gift-boxes/","Kraft Drawer Gift Boxes","product-grid"
"https://kraftboxpack.com/product/kraft-ribbon-closure-boxes/","https://kraftboxpack.com/product/kraft-event-favor-boxes/","Kraft Event Favor Boxes","product-grid"
"https://kraftboxpack.com/product/kraft-ribbon-closure-boxes/","https://kraftboxpack.com/product/kraft-round-gift-containers/","Kraft Round Gift Containers","related-product"
"https://kraftboxpack.com/product/kraft-ribbon-closure-boxes/","https://kraftboxpack.com/product/kraft-shoulder-boxes/","Kraft Shoulder Boxes","contextual"
"https://kraftboxpack.com/product/kraft-ribbon-closure-boxes/","https://kraftboxpack.com/product/kraft-square-gift-boxes/","Kraft Square Gift Boxes","related-product"
"https://kraftboxpack.com/product/kraft-ribbon-closure-boxes/","https://kraftboxpack.com/product/kraft-subscription-boxes/","Kraft Subscription Boxes","product-grid"
"https://kraftboxpack.com/product/kraft-ribbon-closure-boxes/","https://kraftboxpack.com/products/","Search products","contextual"
"https://kraftboxpack.com/product/kraft-ribbon-closure-boxes/","https://kraftboxpack.com/refund_returns/","Refund and Returns Policy","navigation"
"https://kraftboxpack.com/product/kraft-ribbon-closure-boxes/","https://kraftboxpack.com/terms-conditions/","Terms & Conditions","navigation"
"https://kraftboxpack.com/product/kraft-rigid-boxes/","https://kraftboxpack.com/","","navigation"
"https://kraftboxpack.com/product/kraft-rigid-boxes/","https://kraftboxpack.com/about-us/","About Us","navigation"
"https://kraftboxpack.com/product/kraft-rigid-boxes/","https://kraftboxpack.com/contact-us/","Contact Us","navigation"
"https://kraftboxpack.com/product/kraft-rigid-boxes/","https://kraftboxpack.com/get-a-quote/","Get a Quote","contextual"
"https://kraftboxpack.com/product/kraft-rigid-boxes/","https://kraftboxpack.com/privacy-policy/","Privacy Policy","navigation"
"https://kraftboxpack.com/product/kraft-rigid-boxes/","https://kraftboxpack.com/product-category/colored-kraft-boxes/","Colored Kraft Boxes","navigation"
"https://kraftboxpack.com/product/kraft-rigid-boxes/","https://kraftboxpack.com/product-category/kraft-gift-specialty-boxes/","Kraft Gift & Specialty Boxes","navigation"
"https://kraftboxpack.com/product/kraft-rigid-boxes/","https://kraftboxpack.com/product-category/kraft-luxury-packaging/","Kraft Luxury Packaging","navigation"
"https://kraftboxpack.com/product/kraft-rigid-boxes/","https://kraftboxpack.com/product-category/kraft-packaging-boxes/","Kraft Packaging Boxes","navigation"
"https://kraftboxpack.com/product/kraft-rigid-boxes/","https://kraftboxpack.com/product-category/kraft-wrapping-accessories/","Kraft Wrapping & Accessories","navigation"
"https://kraftboxpack.com/product/kraft-rigid-boxes/","https://kraftboxpack.com/product/kraft-cylindrical-boxes/","No image Kraft Cylindrical Boxes","related-product"
"https://kraftboxpack.com/product/kraft-rigid-boxes/","https://kraftboxpack.com/product/kraft-hexagon-boxes/","Kraft Hexagon Boxes","related-product"
"https://kraftboxpack.com/product/kraft-rigid-boxes/","https://kraftboxpack.com/product/kraft-magnetic-closure-boxes/","Kraft Magnetic Closure Boxes","contextual"
"https://kraftboxpack.com/product/kraft-rigid-boxes/","https://kraftboxpack.com/product/kraft-octagon-boxes/","Kraft Octagon Boxes","related-product"
"https://kraftboxpack.com/product/kraft-rigid-boxes/","https://kraftboxpack.com/product/kraft-pyramid-boxes/","Kraft Pyramid Boxes","product-grid"
"https://kraftboxpack.com/product/kraft-rigid-boxes/","https://kraftboxpack.com/product/kraft-triangle-boxes/","Kraft Triangle Boxes","product-grid"
"https://kraftboxpack.com/product/kraft-rigid-boxes/","https://kraftboxpack.com/product/kraft-tube-packaging/","Kraft Tube Packaging","product-grid"
"https://kraftboxpack.com/product/kraft-rigid-boxes/","https://kraftboxpack.com/products/","Search products","contextual"
"https://kraftboxpack.com/product/kraft-rigid-boxes/","https://kraftboxpack.com/refund_returns/","Refund and Returns Policy","navigation"
"https://kraftboxpack.com/product/kraft-rigid-boxes/","https://kraftboxpack.com/terms-conditions/","Terms & Conditions","navigation"
"https://kraftboxpack.com/product/kraft-ring-packaging-boxes/","https://kraftboxpack.com/","","navigation"
"https://kraftboxpack.com/product/kraft-ring-packaging-boxes/","https://kraftboxpack.com/about-us/","About Us","navigation"
"https://kraftboxpack.com/product/kraft-ring-packaging-boxes/","https://kraftboxpack.com/contact-us/","Contact Us","navigation"
"https://kraftboxpack.com/product/kraft-ring-packaging-boxes/","https://kraftboxpack.com/get-a-quote/","Get a Quote","contextual"
"https://kraftboxpack.com/product/kraft-ring-packaging-boxes/","https://kraftboxpack.com/privacy-policy/","Privacy Policy","navigation"
"https://kraftboxpack.com/product/kraft-ring-packaging-boxes/","https://kraftboxpack.com/product-category/colored-kraft-boxes/","Colored Kraft Boxes","navigation"
"https://kraftboxpack.com/product/kraft-ring-packaging-boxes/","https://kraftboxpack.com/product-category/jewelry-accessories-boxes/","Jewelry & Accessories Boxes","navigation"
"https://kraftboxpack.com/product/kraft-ring-packaging-boxes/","https://kraftboxpack.com/product-category/kraft-gift-specialty-boxes/","Kraft Gift & Specialty Boxes","navigation"
"https://kraftboxpack.com/product/kraft-ring-packaging-boxes/","https://kraftboxpack.com/product-category/kraft-packaging-boxes/","Kraft Packaging Boxes","navigation"
"https://kraftboxpack.com/product/kraft-ring-packaging-boxes/","https://kraftboxpack.com/product-category/kraft-wrapping-accessories/","Kraft Wrapping & Accessories","navigation"
"https://kraftboxpack.com/product/kraft-ring-packaging-boxes/","https://kraftboxpack.com/product/kraft-bracelet-packaging-boxes/","Kraft Bracelet Packaging Boxes","related-product"
"https://kraftboxpack.com/product/kraft-ring-packaging-boxes/","https://kraftboxpack.com/product/kraft-earring-packaging-boxes/","Kraft Earring Packaging Boxes","related-product"
"https://kraftboxpack.com/product/kraft-ring-packaging-boxes/","https://kraftboxpack.com/product/kraft-jewelry-insert-boxes/","Kraft Jewelry Insert Boxes","related-product"
"https://kraftboxpack.com/product/kraft-ring-packaging-boxes/","https://kraftboxpack.com/product/kraft-watch-packaging-boxes/","Kraft Watch Packaging Boxes","contextual"
"https://kraftboxpack.com/product/kraft-ring-packaging-boxes/","https://kraftboxpack.com/products/","Search products","contextual"
"https://kraftboxpack.com/product/kraft-ring-packaging-boxes/","https://kraftboxpack.com/refund_returns/","Refund and Returns Policy","navigation"
"https://kraftboxpack.com/product/kraft-ring-packaging-boxes/","https://kraftboxpack.com/terms-conditions/","Terms & Conditions","navigation"
"https://kraftboxpack.com/product/kraft-round-boxes/","https://kraftboxpack.com/","","navigation"
"https://kraftboxpack.com/product/kraft-round-boxes/","https://kraftboxpack.com/about-us/","About Us","navigation"
"https://kraftboxpack.com/product/kraft-round-boxes/","https://kraftboxpack.com/contact-us/","Contact Us","navigation"
"https://kraftboxpack.com/product/kraft-round-boxes/","https://kraftboxpack.com/get-a-quote/","Get a Quote","contextual"
"https://kraftboxpack.com/product/kraft-round-boxes/","https://kraftboxpack.com/privacy-policy/","Privacy Policy","navigation"
"https://kraftboxpack.com/product/kraft-round-boxes/","https://kraftboxpack.com/product-category/colored-kraft-boxes/","Colored Kraft Boxes","navigation"
"https://kraftboxpack.com/product/kraft-round-boxes/","https://kraftboxpack.com/product-category/kraft-gift-specialty-boxes/","Kraft Gift & Specialty Boxes","navigation"
"https://kraftboxpack.com/product/kraft-round-boxes/","https://kraftboxpack.com/product-category/kraft-packaging-boxes/","Kraft Packaging Boxes","navigation"
"https://kraftboxpack.com/product/kraft-round-boxes/","https://kraftboxpack.com/product-category/kraft-wrapping-accessories/","Kraft Wrapping & Accessories","navigation"
"https://kraftboxpack.com/product/kraft-round-boxes/","https://kraftboxpack.com/product/kraft-box-with-window/","Kraft Box with Window","contextual"
"https://kraftboxpack.com/product/kraft-round-boxes/","https://kraftboxpack.com/product/kraft-candle-boxes/","Kraft Candle Boxes","product-grid"
"https://kraftboxpack.com/product/kraft-round-boxes/","https://kraftboxpack.com/product/kraft-candy-boxes/","Kraft Candy Boxes","product-grid"
"https://kraftboxpack.com/product/kraft-round-boxes/","https://kraftboxpack.com/product/kraft-cupcake-boxes/","Kraft Cupcake Boxes","product-grid"
"https://kraftboxpack.com/product/kraft-round-boxes/","https://kraftboxpack.com/product/kraft-display-boxes/","Kraft Display Boxes","product-grid"
"https://kraftboxpack.com/product/kraft-round-boxes/","https://kraftboxpack.com/product/large-kraft-gift-boxes/","Large Kraft Gift Boxes","related-product"
"https://kraftboxpack.com/product/kraft-round-boxes/","https://kraftboxpack.com/product/mini-kraft-boxes/","Mini Kraft Boxes","related-product"
"https://kraftboxpack.com/product/kraft-round-boxes/","https://kraftboxpack.com/product/small-kraft-boxes/","Small Kraft Boxes","related-product"
"https://kraftboxpack.com/product/kraft-round-boxes/","https://kraftboxpack.com/products/","Search products","contextual"
"https://kraftboxpack.com/product/kraft-round-boxes/","https://kraftboxpack.com/refund_returns/","Refund and Returns Policy","navigation"
"https://kraftboxpack.com/product/kraft-round-boxes/","https://kraftboxpack.com/terms-conditions/","Terms & Conditions","navigation"
"https://kraftboxpack.com/product/kraft-round-gift-containers/","https://kraftboxpack.com/","","navigation"
"https://kraftboxpack.com/product/kraft-round-gift-containers/","https://kraftboxpack.com/about-us/","About Us","navigation"
"https://kraftboxpack.com/product/kraft-round-gift-containers/","https://kraftboxpack.com/contact-us/","Contact Us","navigation"
"https://kraftboxpack.com/product/kraft-round-gift-containers/","https://kraftboxpack.com/get-a-quote/","Get a Quote","contextual"
"https://kraftboxpack.com/product/kraft-round-gift-containers/","https://kraftboxpack.com/privacy-policy/","Privacy Policy","navigation"
"https://kraftboxpack.com/product/kraft-round-gift-containers/","https://kraftboxpack.com/product-category/colored-kraft-boxes/","Colored Kraft Boxes","navigation"
"https://kraftboxpack.com/product/kraft-round-gift-containers/","https://kraftboxpack.com/product-category/kraft-gift-specialty-boxes/","Kraft Gift & Specialty Boxes","navigation"
"https://kraftboxpack.com/product/kraft-round-gift-containers/","https://kraftboxpack.com/product-category/kraft-gift-specialty-boxes/custom-gift-boxes/","Custom Gift Boxes","navigation"
"https://kraftboxpack.com/product/kraft-round-gift-containers/","https://kraftboxpack.com/product-category/kraft-packaging-boxes/","Kraft Packaging Boxes","navigation"
"https://kraftboxpack.com/product/kraft-round-gift-containers/","https://kraftboxpack.com/product-category/kraft-wrapping-accessories/","Kraft Wrapping & Accessories","navigation"
"https://kraftboxpack.com/product/kraft-round-gift-containers/","https://kraftboxpack.com/product/kraft-bouquet-boxes/","Kraft Bouquet Boxes","product-grid"
"https://kraftboxpack.com/product/kraft-round-gift-containers/","https://kraftboxpack.com/product/kraft-candy-favor-boxes/","Kraft Candy Favor Boxes","product-grid"
"https://kraftboxpack.com/product/kraft-round-gift-containers/","https://kraftboxpack.com/product/kraft-drawer-gift-boxes/","Kraft Drawer Gift Boxes","product-grid"
"https://kraftboxpack.com/product/kraft-round-gift-containers/","https://kraftboxpack.com/product/kraft-event-favor-boxes/","Kraft Event Favor Boxes","product-grid"
"https://kraftboxpack.com/product/kraft-round-gift-containers/","https://kraftboxpack.com/product/kraft-flip-top-rigid-boxes/","Kraft Flip Top Rigid Boxes","product-grid"
"https://kraftboxpack.com/product/kraft-round-gift-containers/","https://kraftboxpack.com/product/kraft-rectangular-gift-boxes/","Kraft Rectangular Gift Boxes","contextual"
"https://kraftboxpack.com/product/kraft-round-gift-containers/","https://kraftboxpack.com/product/kraft-shoulder-boxes/","Kraft Shoulder Boxes","related-product"
"https://kraftboxpack.com/product/kraft-round-gift-containers/","https://kraftboxpack.com/product/kraft-square-gift-boxes/","Kraft Square Gift Boxes","related-product"
"https://kraftboxpack.com/product/kraft-round-gift-containers/","https://kraftboxpack.com/product/kraft-subscription-boxes/","Kraft Subscription Boxes","related-product"
"https://kraftboxpack.com/product/kraft-round-gift-containers/","https://kraftboxpack.com/products/","Search products","contextual"
"https://kraftboxpack.com/product/kraft-round-gift-containers/","https://kraftboxpack.com/refund_returns/","Refund and Returns Policy","navigation"
"https://kraftboxpack.com/product/kraft-round-gift-containers/","https://kraftboxpack.com/terms-conditions/","Terms & Conditions","navigation"
"https://kraftboxpack.com/product/kraft-salad-boxes/","https://kraftboxpack.com/","","navigation"
"https://kraftboxpack.com/product/kraft-salad-boxes/","https://kraftboxpack.com/about-us/","About Us","navigation"
"https://kraftboxpack.com/product/kraft-salad-boxes/","https://kraftboxpack.com/contact-us/","Contact Us","navigation"
"https://kraftboxpack.com/product/kraft-salad-boxes/","https://kraftboxpack.com/get-a-quote/","Get a Quote","contextual"
"https://kraftboxpack.com/product/kraft-salad-boxes/","https://kraftboxpack.com/privacy-policy/","Privacy Policy","navigation"
"https://kraftboxpack.com/product/kraft-salad-boxes/","https://kraftboxpack.com/product-category/colored-kraft-boxes/","Colored Kraft Boxes","navigation"
"https://kraftboxpack.com/product/kraft-salad-boxes/","https://kraftboxpack.com/product-category/kraft-food-packaging/","Kraft Food Packaging","navigation"
"https://kraftboxpack.com/product/kraft-salad-boxes/","https://kraftboxpack.com/product-category/kraft-gift-specialty-boxes/","Kraft Gift & Specialty Boxes","navigation"
"https://kraftboxpack.com/product/kraft-salad-boxes/","https://kraftboxpack.com/product-category/kraft-packaging-boxes/","Kraft Packaging Boxes","navigation"
"https://kraftboxpack.com/product/kraft-salad-boxes/","https://kraftboxpack.com/product-category/kraft-wrapping-accessories/","Kraft Wrapping & Accessories","navigation"
"https://kraftboxpack.com/product/kraft-salad-boxes/","https://kraftboxpack.com/product/kraft-brownie-packaging-boxes/","Kraft Brownie Packaging Boxes","product-grid"
"https://kraftboxpack.com/product/kraft-salad-boxes/","https://kraftboxpack.com/product/kraft-chocolate-packaging-boxes/","Kraft Chocolate Packaging Boxes","product-grid"
"https://kraftboxpack.com/product/kraft-salad-boxes/","https://kraftboxpack.com/product/kraft-sandwich-wedge-boxes/","Kraft Sandwich Wedge Boxes","related-product"
"https://kraftboxpack.com/product/kraft-salad-boxes/","https://kraftboxpack.com/product/kraft-seafood-boxes/","Kraft Seafood Boxes","related-product"
"https://kraftboxpack.com/product/kraft-salad-boxes/","https://kraftboxpack.com/product/kraft-snack-packaging-boxes/","Kraft Snack Packaging Boxes","related-product"
"https://kraftboxpack.com/product/kraft-salad-boxes/","https://kraftboxpack.com/product/kraft-sushi-packaging-boxes/","Kraft Sushi Packaging Boxes","contextual"
"https://kraftboxpack.com/product/kraft-salad-boxes/","https://kraftboxpack.com/product/kraft-tea-packaging-boxes/","Kraft Tea Packaging Boxes","product-grid"
"https://kraftboxpack.com/product/kraft-salad-boxes/","https://kraftboxpack.com/product/kraft-vegetable-packaging-boxes/","Kraft Vegetable Packaging Boxes","product-grid"
"https://kraftboxpack.com/product/kraft-salad-boxes/","https://kraftboxpack.com/products/","Search products","contextual"
"https://kraftboxpack.com/product/kraft-salad-boxes/","https://kraftboxpack.com/refund_returns/","Refund and Returns Policy","navigation"
"https://kraftboxpack.com/product/kraft-salad-boxes/","https://kraftboxpack.com/terms-conditions/","Terms & Conditions","navigation"
"https://kraftboxpack.com/product/kraft-sandwich-wedge-boxes/","https://kraftboxpack.com/","","navigation"
"https://kraftboxpack.com/product/kraft-sandwich-wedge-boxes/","https://kraftboxpack.com/about-us/","About Us","navigation"
"https://kraftboxpack.com/product/kraft-sandwich-wedge-boxes/","https://kraftboxpack.com/contact-us/","Contact Us","navigation"
"https://kraftboxpack.com/product/kraft-sandwich-wedge-boxes/","https://kraftboxpack.com/get-a-quote/","Get a Quote","contextual"
"https://kraftboxpack.com/product/kraft-sandwich-wedge-boxes/","https://kraftboxpack.com/privacy-policy/","Privacy Policy","navigation"
"https://kraftboxpack.com/product/kraft-sandwich-wedge-boxes/","https://kraftboxpack.com/product-category/colored-kraft-boxes/","Colored Kraft Boxes","navigation"
"https://kraftboxpack.com/product/kraft-sandwich-wedge-boxes/","https://kraftboxpack.com/product-category/kraft-food-packaging/","Kraft Food Packaging","navigation"
"https://kraftboxpack.com/product/kraft-sandwich-wedge-boxes/","https://kraftboxpack.com/product-category/kraft-gift-specialty-boxes/","Kraft Gift & Specialty Boxes","navigation"
"https://kraftboxpack.com/product/kraft-sandwich-wedge-boxes/","https://kraftboxpack.com/product-category/kraft-packaging-boxes/","Kraft Packaging Boxes","navigation"
"https://kraftboxpack.com/product/kraft-sandwich-wedge-boxes/","https://kraftboxpack.com/product-category/kraft-wrapping-accessories/","Kraft Wrapping & Accessories","navigation"
"https://kraftboxpack.com/product/kraft-sandwich-wedge-boxes/","https://kraftboxpack.com/product/kraft-brownie-packaging-boxes/","Kraft Brownie Packaging Boxes","contextual"
"https://kraftboxpack.com/product/kraft-sandwich-wedge-boxes/","https://kraftboxpack.com/product/kraft-chocolate-packaging-boxes/","Kraft Chocolate Packaging Boxes","product-grid"
"https://kraftboxpack.com/product/kraft-sandwich-wedge-boxes/","https://kraftboxpack.com/product/kraft-coffee-packaging-boxes/","No image Kraft Coffee Packaging Boxes","product-grid"
"https://kraftboxpack.com/product/kraft-sandwich-wedge-boxes/","https://kraftboxpack.com/product/kraft-seafood-boxes/","Kraft Seafood Boxes","related-product"
"https://kraftboxpack.com/product/kraft-sandwich-wedge-boxes/","https://kraftboxpack.com/product/kraft-snack-packaging-boxes/","Kraft Snack Packaging Boxes","related-product"
"https://kraftboxpack.com/product/kraft-sandwich-wedge-boxes/","https://kraftboxpack.com/product/kraft-sushi-packaging-boxes/","Kraft Sushi Packaging Boxes","related-product"
"https://kraftboxpack.com/product/kraft-sandwich-wedge-boxes/","https://kraftboxpack.com/product/kraft-tea-packaging-boxes/","Kraft Tea Packaging Boxes","product-grid"
"https://kraftboxpack.com/product/kraft-sandwich-wedge-boxes/","https://kraftboxpack.com/product/kraft-vegetable-packaging-boxes/","Kraft Vegetable Packaging Boxes","product-grid"
"https://kraftboxpack.com/product/kraft-sandwich-wedge-boxes/","https://kraftboxpack.com/products/","Search products","contextual"
"https://kraftboxpack.com/product/kraft-sandwich-wedge-boxes/","https://kraftboxpack.com/refund_returns/","Refund and Returns Policy","navigation"
"https://kraftboxpack.com/product/kraft-sandwich-wedge-boxes/","https://kraftboxpack.com/terms-conditions/","Terms & Conditions","navigation"
"https://kraftboxpack.com/product/kraft-scarf-boxes/","https://kraftboxpack.com/","","navigation"
"https://kraftboxpack.com/product/kraft-scarf-boxes/","https://kraftboxpack.com/about-us/","About Us","navigation"
"https://kraftboxpack.com/product/kraft-scarf-boxes/","https://kraftboxpack.com/contact-us/","Contact Us","navigation"
"https://kraftboxpack.com/product/kraft-scarf-boxes/","https://kraftboxpack.com/get-a-quote/","Get a Quote","contextual"
"https://kraftboxpack.com/product/kraft-scarf-boxes/","https://kraftboxpack.com/privacy-policy/","Privacy Policy","navigation"
"https://kraftboxpack.com/product/kraft-scarf-boxes/","https://kraftboxpack.com/product-category/colored-kraft-boxes/","Colored Kraft Boxes","navigation"
"https://kraftboxpack.com/product/kraft-scarf-boxes/","https://kraftboxpack.com/product-category/kraft-apparel-boxes/","Kraft Apparel Boxes","navigation"
"https://kraftboxpack.com/product/kraft-scarf-boxes/","https://kraftboxpack.com/product-category/kraft-gift-specialty-boxes/","Kraft Gift & Specialty Boxes","navigation"
"https://kraftboxpack.com/product/kraft-scarf-boxes/","https://kraftboxpack.com/product-category/kraft-packaging-boxes/","Kraft Packaging Boxes","navigation"
"https://kraftboxpack.com/product/kraft-scarf-boxes/","https://kraftboxpack.com/product-category/kraft-wrapping-accessories/","Kraft Wrapping & Accessories","navigation"
"https://kraftboxpack.com/product/kraft-scarf-boxes/","https://kraftboxpack.com/product/kraft-apparel-packaging-boxes/","Kraft Apparel Packaging Boxes","related-product"
"https://kraftboxpack.com/product/kraft-scarf-boxes/","https://kraftboxpack.com/product/kraft-belt-packaging-boxes/","Kraft Belt Packaging Boxes","related-product"
"https://kraftboxpack.com/product/kraft-scarf-boxes/","https://kraftboxpack.com/product/kraft-sock-packaging-boxes/","Kraft Sock Packaging Boxes","related-product"
"https://kraftboxpack.com/product/kraft-scarf-boxes/","https://kraftboxpack.com/product/kraft-t-shirt-boxes/","Kraft T Shirt Boxes","product-grid"
"https://kraftboxpack.com/product/kraft-scarf-boxes/","https://kraftboxpack.com/product/kraft-underwear-packaging-boxes/","Kraft Underwear Packaging Boxes","product-grid"
"https://kraftboxpack.com/product/kraft-scarf-boxes/","https://kraftboxpack.com/products/","Search products","contextual"
"https://kraftboxpack.com/product/kraft-scarf-boxes/","https://kraftboxpack.com/refund_returns/","Refund and Returns Policy","navigation"
"https://kraftboxpack.com/product/kraft-scarf-boxes/","https://kraftboxpack.com/terms-conditions/","Terms & Conditions","navigation"
"https://kraftboxpack.com/product/kraft-seafood-boxes/","https://kraftboxpack.com/","","navigation"
"https://kraftboxpack.com/product/kraft-seafood-boxes/","https://kraftboxpack.com/about-us/","About Us","navigation"
"https://kraftboxpack.com/product/kraft-seafood-boxes/","https://kraftboxpack.com/contact-us/","Contact Us","navigation"
"https://kraftboxpack.com/product/kraft-seafood-boxes/","https://kraftboxpack.com/get-a-quote/","Get a Quote","contextual"
"https://kraftboxpack.com/product/kraft-seafood-boxes/","https://kraftboxpack.com/privacy-policy/","Privacy Policy","navigation"
"https://kraftboxpack.com/product/kraft-seafood-boxes/","https://kraftboxpack.com/product-category/colored-kraft-boxes/","Colored Kraft Boxes","navigation"
"https://kraftboxpack.com/product/kraft-seafood-boxes/","https://kraftboxpack.com/product-category/kraft-food-packaging/","Kraft Food Packaging","navigation"
"https://kraftboxpack.com/product/kraft-seafood-boxes/","https://kraftboxpack.com/product-category/kraft-gift-specialty-boxes/","Kraft Gift & Specialty Boxes","navigation"
"https://kraftboxpack.com/product/kraft-seafood-boxes/","https://kraftboxpack.com/product-category/kraft-packaging-boxes/","Kraft Packaging Boxes","navigation"
"https://kraftboxpack.com/product/kraft-seafood-boxes/","https://kraftboxpack.com/product-category/kraft-wrapping-accessories/","Kraft Wrapping & Accessories","navigation"
"https://kraftboxpack.com/product/kraft-seafood-boxes/","https://kraftboxpack.com/product/kraft-brownie-packaging-boxes/","Kraft Brownie Packaging Boxes","product-grid"
"https://kraftboxpack.com/product/kraft-seafood-boxes/","https://kraftboxpack.com/product/kraft-chocolate-packaging-boxes/","Kraft Chocolate Packaging Boxes","product-grid"
"https://kraftboxpack.com/product/kraft-seafood-boxes/","https://kraftboxpack.com/product/kraft-coffee-packaging-boxes/","No image Kraft Coffee Packaging Boxes","product-grid"
"https://kraftboxpack.com/product/kraft-seafood-boxes/","https://kraftboxpack.com/product/kraft-donut-packaging-boxes/","Kraft Donut Packaging Boxes","product-grid"
"https://kraftboxpack.com/product/kraft-seafood-boxes/","https://kraftboxpack.com/product/kraft-meat-packaging-boxes/","Kraft Meat Packaging Boxes","contextual"
"https://kraftboxpack.com/product/kraft-seafood-boxes/","https://kraftboxpack.com/product/kraft-snack-packaging-boxes/","Kraft Snack Packaging Boxes","related-product"
"https://kraftboxpack.com/product/kraft-seafood-boxes/","https://kraftboxpack.com/product/kraft-sushi-packaging-boxes/","Kraft Sushi Packaging Boxes","related-product"
"https://kraftboxpack.com/product/kraft-seafood-boxes/","https://kraftboxpack.com/product/kraft-tea-packaging-boxes/","Kraft Tea Packaging Boxes","related-product"
"https://kraftboxpack.com/product/kraft-seafood-boxes/","https://kraftboxpack.com/product/kraft-vegetable-packaging-boxes/","Kraft Vegetable Packaging Boxes","product-grid"
"https://kraftboxpack.com/product/kraft-seafood-boxes/","https://kraftboxpack.com/products/","Search products","contextual"
"https://kraftboxpack.com/product/kraft-seafood-boxes/","https://kraftboxpack.com/refund_returns/","Refund and Returns Policy","navigation"
"https://kraftboxpack.com/product/kraft-seafood-boxes/","https://kraftboxpack.com/terms-conditions/","Terms & Conditions","navigation"
"https://kraftboxpack.com/product/kraft-shelf-ready-packaging/","https://kraftboxpack.com/","","navigation"
"https://kraftboxpack.com/product/kraft-shelf-ready-packaging/","https://kraftboxpack.com/about-us/","About Us","navigation"
"https://kraftboxpack.com/product/kraft-shelf-ready-packaging/","https://kraftboxpack.com/contact-us/","Contact Us","navigation"
"https://kraftboxpack.com/product/kraft-shelf-ready-packaging/","https://kraftboxpack.com/get-a-quote/","Get a Quote","contextual"
"https://kraftboxpack.com/product/kraft-shelf-ready-packaging/","https://kraftboxpack.com/privacy-policy/","Privacy Policy","navigation"
"https://kraftboxpack.com/product/kraft-shelf-ready-packaging/","https://kraftboxpack.com/product-category/colored-kraft-boxes/","Colored Kraft Boxes","navigation"
"https://kraftboxpack.com/product/kraft-shelf-ready-packaging/","https://kraftboxpack.com/product-category/kraft-display-packaging/","Kraft Display Packaging","navigation"
"https://kraftboxpack.com/product/kraft-shelf-ready-packaging/","https://kraftboxpack.com/product-category/kraft-gift-specialty-boxes/","Kraft Gift & Specialty Boxes","navigation"
"https://kraftboxpack.com/product/kraft-shelf-ready-packaging/","https://kraftboxpack.com/product-category/kraft-packaging-boxes/","Kraft Packaging Boxes","navigation"
"https://kraftboxpack.com/product/kraft-shelf-ready-packaging/","https://kraftboxpack.com/product-category/kraft-wrapping-accessories/","Kraft Wrapping & Accessories","navigation"
"https://kraftboxpack.com/product/kraft-shelf-ready-packaging/","https://kraftboxpack.com/product/kraft-hanging-display-boxes/","Kraft Hanging Display Boxes","related-product"
"https://kraftboxpack.com/product/kraft-shelf-ready-packaging/","https://kraftboxpack.com/product/kraft-pop-display-boxes/","Kraft POP Display Boxes","related-product"
"https://kraftboxpack.com/product/kraft-shelf-ready-packaging/","https://kraftboxpack.com/product/kraft-retail-display-trays/","Kraft Retail Display Trays","related-product"
"https://kraftboxpack.com/product/kraft-shelf-ready-packaging/","https://kraftboxpack.com/products/","Search products","contextual"
"https://kraftboxpack.com/product/kraft-shelf-ready-packaging/","https://kraftboxpack.com/refund_returns/","Refund and Returns Policy","navigation"
"https://kraftboxpack.com/product/kraft-shelf-ready-packaging/","https://kraftboxpack.com/terms-conditions/","Terms & Conditions","navigation"
"https://kraftboxpack.com/product/kraft-shipping-boxes/","https://kraftboxpack.com/","","navigation"
"https://kraftboxpack.com/product/kraft-shipping-boxes/","https://kraftboxpack.com/about-us/","About Us","navigation"
"https://kraftboxpack.com/product/kraft-shipping-boxes/","https://kraftboxpack.com/contact-us/","Contact Us","navigation"
"https://kraftboxpack.com/product/kraft-shipping-boxes/","https://kraftboxpack.com/get-a-quote/","Get a Quote","contextual"
"https://kraftboxpack.com/product/kraft-shipping-boxes/","https://kraftboxpack.com/privacy-policy/","Privacy Policy","navigation"
"https://kraftboxpack.com/product/kraft-shipping-boxes/","https://kraftboxpack.com/product-category/colored-kraft-boxes/","Colored Kraft Boxes","navigation"
"https://kraftboxpack.com/product/kraft-shipping-boxes/","https://kraftboxpack.com/product-category/kraft-gift-specialty-boxes/","Kraft Gift & Specialty Boxes","navigation"
"https://kraftboxpack.com/product/kraft-shipping-boxes/","https://kraftboxpack.com/product-category/kraft-packaging-boxes/","Kraft Packaging Boxes","navigation"
"https://kraftboxpack.com/product/kraft-shipping-boxes/","https://kraftboxpack.com/product-category/kraft-wrapping-accessories/","Kraft Wrapping & Accessories","navigation"
"https://kraftboxpack.com/product/kraft-shipping-boxes/","https://kraftboxpack.com/product/custom-kraft-bags/","Custom Kraft Bags","product-grid"
"https://kraftboxpack.com/product/kraft-shipping-boxes/","https://kraftboxpack.com/product/kraft-bakery-bags/","Kraft Bakery Bags","product-grid"
"https://kraftboxpack.com/product/kraft-shipping-boxes/","https://kraftboxpack.com/product/kraft-bakery-boxes/","Kraft Bakery Boxes","product-grid"
"https://kraftboxpack.com/product/kraft-shipping-boxes/","https://kraftboxpack.com/product/kraft-cake-boxes/","Kraft Cake Boxes","product-grid"
"https://kraftboxpack.com/product/kraft-shipping-boxes/","https://kraftboxpack.com/product/kraft-cardboard-boxes/","Kraft Cardboard Boxes","contextual"
"https://kraftboxpack.com/product/kraft-shipping-boxes/","https://kraftboxpack.com/product/kraft-shoe-boxes/","Kraft Shoe Boxes","related-product"
"https://kraftboxpack.com/product/kraft-shipping-boxes/","https://kraftboxpack.com/product/kraft-storage-boxes/","Kraft Storage Boxes","related-product"
"https://kraftboxpack.com/product/kraft-shipping-boxes/","https://kraftboxpack.com/product/kraft-take-out-boxes/","Kraft Take Out Boxes","related-product"
"https://kraftboxpack.com/product/kraft-shipping-boxes/","https://kraftboxpack.com/product/kraft-treat-boxes/","Kraft Treat Boxes","product-grid"
"https://kraftboxpack.com/product/kraft-shipping-boxes/","https://kraftboxpack.com/products/","Search products","contextual"
"https://kraftboxpack.com/product/kraft-shipping-boxes/","https://kraftboxpack.com/refund_returns/","Refund and Returns Policy","navigation"
"https://kraftboxpack.com/product/kraft-shipping-boxes/","https://kraftboxpack.com/terms-conditions/","Terms & Conditions","navigation"
"https://kraftboxpack.com/product/kraft-shoe-boxes/","https://kraftboxpack.com/","","navigation"
"https://kraftboxpack.com/product/kraft-shoe-boxes/","https://kraftboxpack.com/about-us/","About Us","navigation"
"https://kraftboxpack.com/product/kraft-shoe-boxes/","https://kraftboxpack.com/contact-us/","Contact Us","navigation"
"https://kraftboxpack.com/product/kraft-shoe-boxes/","https://kraftboxpack.com/get-a-quote/","Get a Quote","contextual"
"https://kraftboxpack.com/product/kraft-shoe-boxes/","https://kraftboxpack.com/privacy-policy/","Privacy Policy","navigation"
"https://kraftboxpack.com/product/kraft-shoe-boxes/","https://kraftboxpack.com/product-category/colored-kraft-boxes/","Colored Kraft Boxes","navigation"
"https://kraftboxpack.com/product/kraft-shoe-boxes/","https://kraftboxpack.com/product-category/kraft-gift-specialty-boxes/","Kraft Gift & Specialty Boxes","navigation"
"https://kraftboxpack.com/product/kraft-shoe-boxes/","https://kraftboxpack.com/product-category/kraft-packaging-boxes/","Kraft Packaging Boxes","navigation"
"https://kraftboxpack.com/product/kraft-shoe-boxes/","https://kraftboxpack.com/product-category/kraft-wrapping-accessories/","Kraft Wrapping & Accessories","navigation"
"https://kraftboxpack.com/product/kraft-shoe-boxes/","https://kraftboxpack.com/product/custom-kraft-bags/","Custom Kraft Bags","product-grid"
"https://kraftboxpack.com/product/kraft-shoe-boxes/","https://kraftboxpack.com/product/kraft-bakery-bags/","Kraft Bakery Bags","product-grid"
"https://kraftboxpack.com/product/kraft-shoe-boxes/","https://kraftboxpack.com/product/kraft-bakery-boxes/","Kraft Bakery Boxes","product-grid"
"https://kraftboxpack.com/product/kraft-shoe-boxes/","https://kraftboxpack.com/product/kraft-cake-boxes/","Kraft Cake Boxes","product-grid"
"https://kraftboxpack.com/product/kraft-shoe-boxes/","https://kraftboxpack.com/product/kraft-cardboard-boxes/","Kraft Cardboard Boxes","product-grid"
"https://kraftboxpack.com/product/kraft-shoe-boxes/","https://kraftboxpack.com/product/kraft-mailer-boxes/","Kraft Mailer Boxes","contextual"
"https://kraftboxpack.com/product/kraft-shoe-boxes/","https://kraftboxpack.com/product/kraft-storage-boxes/","Kraft Storage Boxes","related-product"
"https://kraftboxpack.com/product/kraft-shoe-boxes/","https://kraftboxpack.com/product/kraft-take-out-boxes/","Kraft Take Out Boxes","related-product"
"https://kraftboxpack.com/product/kraft-shoe-boxes/","https://kraftboxpack.com/product/kraft-treat-boxes/","Kraft Treat Boxes","related-product"
"https://kraftboxpack.com/product/kraft-shoe-boxes/","https://kraftboxpack.com/products/","Search products","contextual"
"https://kraftboxpack.com/product/kraft-shoe-boxes/","https://kraftboxpack.com/refund_returns/","Refund and Returns Policy","navigation"
"https://kraftboxpack.com/product/kraft-shoe-boxes/","https://kraftboxpack.com/terms-conditions/","Terms & Conditions","navigation"
"https://kraftboxpack.com/product/kraft-shoulder-boxes/","https://kraftboxpack.com/","","navigation"
"https://kraftboxpack.com/product/kraft-shoulder-boxes/","https://kraftboxpack.com/about-us/","About Us","navigation"
"https://kraftboxpack.com/product/kraft-shoulder-boxes/","https://kraftboxpack.com/contact-us/","Contact Us","navigation"
"https://kraftboxpack.com/product/kraft-shoulder-boxes/","https://kraftboxpack.com/get-a-quote/","Get a Quote","contextual"
"https://kraftboxpack.com/product/kraft-shoulder-boxes/","https://kraftboxpack.com/privacy-policy/","Privacy Policy","navigation"
"https://kraftboxpack.com/product/kraft-shoulder-boxes/","https://kraftboxpack.com/product-category/colored-kraft-boxes/","Colored Kraft Boxes","navigation"
"https://kraftboxpack.com/product/kraft-shoulder-boxes/","https://kraftboxpack.com/product-category/kraft-gift-specialty-boxes/","Kraft Gift & Specialty Boxes","navigation"
"https://kraftboxpack.com/product/kraft-shoulder-boxes/","https://kraftboxpack.com/product-category/kraft-gift-specialty-boxes/custom-gift-boxes/","Custom Gift Boxes","navigation"
"https://kraftboxpack.com/product/kraft-shoulder-boxes/","https://kraftboxpack.com/product-category/kraft-packaging-boxes/","Kraft Packaging Boxes","navigation"
"https://kraftboxpack.com/product/kraft-shoulder-boxes/","https://kraftboxpack.com/product-category/kraft-wrapping-accessories/","Kraft Wrapping & Accessories","navigation"
"https://kraftboxpack.com/product/kraft-shoulder-boxes/","https://kraftboxpack.com/product/kraft-bouquet-boxes/","Kraft Bouquet Boxes","related-product"
"https://kraftboxpack.com/product/kraft-shoulder-boxes/","https://kraftboxpack.com/product/kraft-candy-favor-boxes/","Kraft Candy Favor Boxes","product-grid"
"https://kraftboxpack.com/product/kraft-shoulder-boxes/","https://kraftboxpack.com/product/kraft-drawer-gift-boxes/","Kraft Drawer Gift Boxes","product-grid"
"https://kraftboxpack.com/product/kraft-shoulder-boxes/","https://kraftboxpack.com/product/kraft-event-favor-boxes/","Kraft Event Favor Boxes","product-grid"
"https://kraftboxpack.com/product/kraft-shoulder-boxes/","https://kraftboxpack.com/product/kraft-flip-top-rigid-boxes/","Kraft Flip Top Rigid Boxes","contextual"
"https://kraftboxpack.com/product/kraft-shoulder-boxes/","https://kraftboxpack.com/product/kraft-flower-boxes/","Kraft Flower Boxes","product-grid"
"https://kraftboxpack.com/product/kraft-shoulder-boxes/","https://kraftboxpack.com/product/kraft-square-gift-boxes/","Kraft Square Gift Boxes","related-product"
"https://kraftboxpack.com/product/kraft-shoulder-boxes/","https://kraftboxpack.com/product/kraft-subscription-boxes/","Kraft Subscription Boxes","related-product"
"https://kraftboxpack.com/product/kraft-shoulder-boxes/","https://kraftboxpack.com/products/","Search products","contextual"
"https://kraftboxpack.com/product/kraft-shoulder-boxes/","https://kraftboxpack.com/refund_returns/","Refund and Returns Policy","navigation"
"https://kraftboxpack.com/product/kraft-shoulder-boxes/","https://kraftboxpack.com/terms-conditions/","Terms & Conditions","navigation"
"https://kraftboxpack.com/product/kraft-skincare-boxes/","https://kraftboxpack.com/","","navigation"
"https://kraftboxpack.com/product/kraft-skincare-boxes/","https://kraftboxpack.com/about-us/","About Us","navigation"
"https://kraftboxpack.com/product/kraft-skincare-boxes/","https://kraftboxpack.com/contact-us/","Contact Us","navigation"
"https://kraftboxpack.com/product/kraft-skincare-boxes/","https://kraftboxpack.com/get-a-quote/","Get a Quote","contextual"
"https://kraftboxpack.com/product/kraft-skincare-boxes/","https://kraftboxpack.com/privacy-policy/","Privacy Policy","navigation"
"https://kraftboxpack.com/product/kraft-skincare-boxes/","https://kraftboxpack.com/product-category/colored-kraft-boxes/","Colored Kraft Boxes","navigation"
"https://kraftboxpack.com/product/kraft-skincare-boxes/","https://kraftboxpack.com/product-category/kraft-gift-specialty-boxes/","Kraft Gift & Specialty Boxes","navigation"
"https://kraftboxpack.com/product/kraft-skincare-boxes/","https://kraftboxpack.com/product-category/kraft-packaging-boxes/","Kraft Packaging Boxes","navigation"
"https://kraftboxpack.com/product/kraft-skincare-boxes/","https://kraftboxpack.com/product-category/kraft-packaging-boxes/karft-cosmetic-boxes/","Kraft Cosmetic Boxes","navigation"
"https://kraftboxpack.com/product/kraft-skincare-boxes/","https://kraftboxpack.com/product-category/kraft-wrapping-accessories/","Kraft Wrapping & Accessories","navigation"
"https://kraftboxpack.com/product/kraft-skincare-boxes/","https://kraftboxpack.com/product/kraft-beard-oil-boxes/","Kraft Beard Oil Boxes","related-product"
"https://kraftboxpack.com/product/kraft-skincare-boxes/","https://kraftboxpack.com/product/kraft-candle-sleeve-boxes/","Kraft Candle Sleeve Boxes","related-product"
"https://kraftboxpack.com/product/kraft-skincare-boxes/","https://kraftboxpack.com/product/kraft-eyelash-packaging-boxes/","Kraft Eyelash Packaging Boxes","related-product"
"https://kraftboxpack.com/product/kraft-skincare-boxes/","https://kraftboxpack.com/product/kraft-lip-balm-packaging-boxes/","Kraft Lip Balm Packaging Boxes","product-grid"
"https://kraftboxpack.com/product/kraft-skincare-boxes/","https://kraftboxpack.com/product/kraft-makeup-palette-boxes/","Kraft Makeup Palette Boxes","product-grid"
"https://kraftboxpack.com/product/kraft-skincare-boxes/","https://kraftboxpack.com/product/kraft-perfume-boxes/","Kraft Perfume Boxes","contextual"
"https://kraftboxpack.com/product/kraft-skincare-boxes/","https://kraftboxpack.com/product/kraft-soap-sleeve-boxes/","Kraft Soap Sleeve Boxes","product-grid"
"https://kraftboxpack.com/product/kraft-skincare-boxes/","https://kraftboxpack.com/product/kraft-wax-melt-boxes/","Kraft Wax Melt Boxes","product-grid"
"https://kraftboxpack.com/product/kraft-skincare-boxes/","https://kraftboxpack.com/products/","Search products","contextual"
"https://kraftboxpack.com/product/kraft-skincare-boxes/","https://kraftboxpack.com/refund_returns/","Refund and Returns Policy","navigation"
"https://kraftboxpack.com/product/kraft-skincare-boxes/","https://kraftboxpack.com/terms-conditions/","Terms & Conditions","navigation"
"https://kraftboxpack.com/product/kraft-snack-packaging-boxes/","https://kraftboxpack.com/","","navigation"
"https://kraftboxpack.com/product/kraft-snack-packaging-boxes/","https://kraftboxpack.com/about-us/","About Us","navigation"
"https://kraftboxpack.com/product/kraft-snack-packaging-boxes/","https://kraftboxpack.com/contact-us/","Contact Us","navigation"
"https://kraftboxpack.com/product/kraft-snack-packaging-boxes/","https://kraftboxpack.com/get-a-quote/","Get a Quote","contextual"
"https://kraftboxpack.com/product/kraft-snack-packaging-boxes/","https://kraftboxpack.com/privacy-policy/","Privacy Policy","navigation"
"https://kraftboxpack.com/product/kraft-snack-packaging-boxes/","https://kraftboxpack.com/product-category/colored-kraft-boxes/","Colored Kraft Boxes","navigation"
"https://kraftboxpack.com/product/kraft-snack-packaging-boxes/","https://kraftboxpack.com/product-category/kraft-food-packaging/","Kraft Food Packaging","navigation"
"https://kraftboxpack.com/product/kraft-snack-packaging-boxes/","https://kraftboxpack.com/product-category/kraft-gift-specialty-boxes/","Kraft Gift & Specialty Boxes","navigation"
"https://kraftboxpack.com/product/kraft-snack-packaging-boxes/","https://kraftboxpack.com/product-category/kraft-packaging-boxes/","Kraft Packaging Boxes","navigation"
"https://kraftboxpack.com/product/kraft-snack-packaging-boxes/","https://kraftboxpack.com/product-category/kraft-wrapping-accessories/","Kraft Wrapping & Accessories","navigation"
"https://kraftboxpack.com/product/kraft-snack-packaging-boxes/","https://kraftboxpack.com/product/kraft-brownie-packaging-boxes/","Kraft Brownie Packaging Boxes","product-grid"
"https://kraftboxpack.com/product/kraft-snack-packaging-boxes/","https://kraftboxpack.com/product/kraft-chocolate-packaging-boxes/","Kraft Chocolate Packaging Boxes","product-grid"
"https://kraftboxpack.com/product/kraft-snack-packaging-boxes/","https://kraftboxpack.com/product/kraft-coffee-packaging-boxes/","No image Kraft Coffee Packaging Boxes","product-grid"
"https://kraftboxpack.com/product/kraft-snack-packaging-boxes/","https://kraftboxpack.com/product/kraft-donut-packaging-boxes/","Kraft Donut Packaging Boxes","product-grid"
"https://kraftboxpack.com/product/kraft-snack-packaging-boxes/","https://kraftboxpack.com/product/kraft-egg-cartons/","Kraft Egg Cartons","product-grid"
"https://kraftboxpack.com/product/kraft-snack-packaging-boxes/","https://kraftboxpack.com/product/kraft-granola-bar-boxes/","Kraft Granola Bar Boxes","contextual"
"https://kraftboxpack.com/product/kraft-snack-packaging-boxes/","https://kraftboxpack.com/product/kraft-sushi-packaging-boxes/","Kraft Sushi Packaging Boxes","related-product"
"https://kraftboxpack.com/product/kraft-snack-packaging-boxes/","https://kraftboxpack.com/product/kraft-tea-packaging-boxes/","Kraft Tea Packaging Boxes","related-product"
"https://kraftboxpack.com/product/kraft-snack-packaging-boxes/","https://kraftboxpack.com/product/kraft-vegetable-packaging-boxes/","Kraft Vegetable Packaging Boxes","related-product"
"https://kraftboxpack.com/product/kraft-snack-packaging-boxes/","https://kraftboxpack.com/products/","Search products","contextual"
"https://kraftboxpack.com/product/kraft-snack-packaging-boxes/","https://kraftboxpack.com/refund_returns/","Refund and Returns Policy","navigation"
"https://kraftboxpack.com/product/kraft-snack-packaging-boxes/","https://kraftboxpack.com/terms-conditions/","Terms & Conditions","navigation"
"https://kraftboxpack.com/product/kraft-soap-sleeve-boxes/","https://kraftboxpack.com/","","navigation"
"https://kraftboxpack.com/product/kraft-soap-sleeve-boxes/","https://kraftboxpack.com/about-us/","About Us","navigation"
"https://kraftboxpack.com/product/kraft-soap-sleeve-boxes/","https://kraftboxpack.com/contact-us/","Contact Us","navigation"
"https://kraftboxpack.com/product/kraft-soap-sleeve-boxes/","https://kraftboxpack.com/get-a-quote/","Get a Quote","contextual"
"https://kraftboxpack.com/product/kraft-soap-sleeve-boxes/","https://kraftboxpack.com/privacy-policy/","Privacy Policy","navigation"
"https://kraftboxpack.com/product/kraft-soap-sleeve-boxes/","https://kraftboxpack.com/product-category/colored-kraft-boxes/","Colored Kraft Boxes","navigation"
"https://kraftboxpack.com/product/kraft-soap-sleeve-boxes/","https://kraftboxpack.com/product-category/kraft-gift-specialty-boxes/","Kraft Gift & Specialty Boxes","navigation"
"https://kraftboxpack.com/product/kraft-soap-sleeve-boxes/","https://kraftboxpack.com/product-category/kraft-packaging-boxes/","Kraft Packaging Boxes","navigation"
"https://kraftboxpack.com/product/kraft-soap-sleeve-boxes/","https://kraftboxpack.com/product-category/kraft-packaging-boxes/karft-cosmetic-boxes/","Kraft Cosmetic Boxes","navigation"
"https://kraftboxpack.com/product/kraft-soap-sleeve-boxes/","https://kraftboxpack.com/product-category/kraft-wrapping-accessories/","Kraft Wrapping & Accessories","navigation"
"https://kraftboxpack.com/product/kraft-soap-sleeve-boxes/","https://kraftboxpack.com/product/kraft-beard-oil-boxes/","Kraft Beard Oil Boxes","related-product"
"https://kraftboxpack.com/product/kraft-soap-sleeve-boxes/","https://kraftboxpack.com/product/kraft-candle-sleeve-boxes/","Kraft Candle Sleeve Boxes","related-product"
"https://kraftboxpack.com/product/kraft-soap-sleeve-boxes/","https://kraftboxpack.com/product/kraft-eyelash-packaging-boxes/","Kraft Eyelash Packaging Boxes","related-product"
"https://kraftboxpack.com/product/kraft-soap-sleeve-boxes/","https://kraftboxpack.com/product/kraft-lip-balm-packaging-boxes/","Kraft Lip Balm Packaging Boxes","product-grid"
"https://kraftboxpack.com/product/kraft-soap-sleeve-boxes/","https://kraftboxpack.com/product/kraft-makeup-palette-boxes/","Kraft Makeup Palette Boxes","product-grid"
"https://kraftboxpack.com/product/kraft-soap-sleeve-boxes/","https://kraftboxpack.com/product/kraft-perfume-boxes/","Kraft Perfume Boxes","product-grid"
"https://kraftboxpack.com/product/kraft-soap-sleeve-boxes/","https://kraftboxpack.com/product/kraft-skincare-boxes/","Kraft Skincare Boxes","product-grid"
"https://kraftboxpack.com/product/kraft-soap-sleeve-boxes/","https://kraftboxpack.com/product/kraft-wax-melt-boxes/","Kraft Wax Melt Boxes","product-grid"
"https://kraftboxpack.com/product/kraft-soap-sleeve-boxes/","https://kraftboxpack.com/products/","Search products","contextual"
"https://kraftboxpack.com/product/kraft-soap-sleeve-boxes/","https://kraftboxpack.com/refund_returns/","Refund and Returns Policy","navigation"
"https://kraftboxpack.com/product/kraft-soap-sleeve-boxes/","https://kraftboxpack.com/terms-conditions/","Terms & Conditions","navigation"
"https://kraftboxpack.com/product/kraft-sock-packaging-boxes/","https://kraftboxpack.com/","","navigation"
"https://kraftboxpack.com/product/kraft-sock-packaging-boxes/","https://kraftboxpack.com/about-us/","About Us","navigation"
"https://kraftboxpack.com/product/kraft-sock-packaging-boxes/","https://kraftboxpack.com/contact-us/","Contact Us","navigation"
"https://kraftboxpack.com/product/kraft-sock-packaging-boxes/","https://kraftboxpack.com/get-a-quote/","Get a Quote","contextual"
"https://kraftboxpack.com/product/kraft-sock-packaging-boxes/","https://kraftboxpack.com/privacy-policy/","Privacy Policy","navigation"
"https://kraftboxpack.com/product/kraft-sock-packaging-boxes/","https://kraftboxpack.com/product-category/colored-kraft-boxes/","Colored Kraft Boxes","navigation"
"https://kraftboxpack.com/product/kraft-sock-packaging-boxes/","https://kraftboxpack.com/product-category/kraft-apparel-boxes/","Kraft Apparel Boxes","navigation"
"https://kraftboxpack.com/product/kraft-sock-packaging-boxes/","https://kraftboxpack.com/product-category/kraft-gift-specialty-boxes/","Kraft Gift & Specialty Boxes","navigation"
"https://kraftboxpack.com/product/kraft-sock-packaging-boxes/","https://kraftboxpack.com/product-category/kraft-packaging-boxes/","Kraft Packaging Boxes","navigation"
"https://kraftboxpack.com/product/kraft-sock-packaging-boxes/","https://kraftboxpack.com/product-category/kraft-wrapping-accessories/","Kraft Wrapping & Accessories","navigation"
"https://kraftboxpack.com/product/kraft-sock-packaging-boxes/","https://kraftboxpack.com/product/kraft-apparel-packaging-boxes/","Kraft Apparel Packaging Boxes","related-product"
"https://kraftboxpack.com/product/kraft-sock-packaging-boxes/","https://kraftboxpack.com/product/kraft-belt-packaging-boxes/","Kraft Belt Packaging Boxes","contextual"
"https://kraftboxpack.com/product/kraft-sock-packaging-boxes/","https://kraftboxpack.com/product/kraft-scarf-boxes/","Kraft Scarf Boxes","related-product"
"https://kraftboxpack.com/product/kraft-sock-packaging-boxes/","https://kraftboxpack.com/product/kraft-t-shirt-boxes/","Kraft T Shirt Boxes","product-grid"
"https://kraftboxpack.com/product/kraft-sock-packaging-boxes/","https://kraftboxpack.com/product/kraft-underwear-packaging-boxes/","Kraft Underwear Packaging Boxes","product-grid"
"https://kraftboxpack.com/product/kraft-sock-packaging-boxes/","https://kraftboxpack.com/products/","Search products","contextual"
"https://kraftboxpack.com/product/kraft-sock-packaging-boxes/","https://kraftboxpack.com/refund_returns/","Refund and Returns Policy","navigation"
"https://kraftboxpack.com/product/kraft-sock-packaging-boxes/","https://kraftboxpack.com/terms-conditions/","Terms & Conditions","navigation"
"https://kraftboxpack.com/product/kraft-square-gift-boxes/","https://kraftboxpack.com/","","navigation"
"https://kraftboxpack.com/product/kraft-square-gift-boxes/","https://kraftboxpack.com/about-us/","About Us","navigation"
"https://kraftboxpack.com/product/kraft-square-gift-boxes/","https://kraftboxpack.com/contact-us/","Contact Us","navigation"
"https://kraftboxpack.com/product/kraft-square-gift-boxes/","https://kraftboxpack.com/get-a-quote/","Get a Quote","contextual"
"https://kraftboxpack.com/product/kraft-square-gift-boxes/","https://kraftboxpack.com/privacy-policy/","Privacy Policy","navigation"
"https://kraftboxpack.com/product/kraft-square-gift-boxes/","https://kraftboxpack.com/product-category/colored-kraft-boxes/","Colored Kraft Boxes","navigation"
"https://kraftboxpack.com/product/kraft-square-gift-boxes/","https://kraftboxpack.com/product-category/kraft-gift-specialty-boxes/","Kraft Gift & Specialty Boxes","navigation"
"https://kraftboxpack.com/product/kraft-square-gift-boxes/","https://kraftboxpack.com/product-category/kraft-gift-specialty-boxes/custom-gift-boxes/","Custom Gift Boxes","navigation"
"https://kraftboxpack.com/product/kraft-square-gift-boxes/","https://kraftboxpack.com/product-category/kraft-packaging-boxes/","Kraft Packaging Boxes","navigation"
"https://kraftboxpack.com/product/kraft-square-gift-boxes/","https://kraftboxpack.com/product-category/kraft-wrapping-accessories/","Kraft Wrapping & Accessories","navigation"
"https://kraftboxpack.com/product/kraft-square-gift-boxes/","https://kraftboxpack.com/product/kraft-bouquet-boxes/","Kraft Bouquet Boxes","related-product"
"https://kraftboxpack.com/product/kraft-square-gift-boxes/","https://kraftboxpack.com/product/kraft-candy-favor-boxes/","Kraft Candy Favor Boxes","related-product"
"https://kraftboxpack.com/product/kraft-square-gift-boxes/","https://kraftboxpack.com/product/kraft-drawer-gift-boxes/","Kraft Drawer Gift Boxes","product-grid"
"https://kraftboxpack.com/product/kraft-square-gift-boxes/","https://kraftboxpack.com/product/kraft-event-favor-boxes/","Kraft Event Favor Boxes","product-grid"
"https://kraftboxpack.com/product/kraft-square-gift-boxes/","https://kraftboxpack.com/product/kraft-flip-top-rigid-boxes/","Kraft Flip Top Rigid Boxes","product-grid"
"https://kraftboxpack.com/product/kraft-square-gift-boxes/","https://kraftboxpack.com/product/kraft-flower-boxes/","Kraft Flower Boxes","product-grid"
"https://kraftboxpack.com/product/kraft-square-gift-boxes/","https://kraftboxpack.com/product/kraft-gift-card-boxes/","Kraft Gift Card Boxes","product-grid"
"https://kraftboxpack.com/product/kraft-square-gift-boxes/","https://kraftboxpack.com/product/kraft-pillow-gift-boxes/","Kraft Pillow Gift Boxes","contextual"
"https://kraftboxpack.com/product/kraft-square-gift-boxes/","https://kraftboxpack.com/product/kraft-subscription-boxes/","Kraft Subscription Boxes","related-product"
"https://kraftboxpack.com/product/kraft-square-gift-boxes/","https://kraftboxpack.com/products/","Search products","contextual"
"https://kraftboxpack.com/product/kraft-square-gift-boxes/","https://kraftboxpack.com/refund_returns/","Refund and Returns Policy","navigation"
"https://kraftboxpack.com/product/kraft-square-gift-boxes/","https://kraftboxpack.com/terms-conditions/","Terms & Conditions","navigation"
"https://kraftboxpack.com/product/kraft-stationery-boxes/","https://kraftboxpack.com/","","navigation"
"https://kraftboxpack.com/product/kraft-stationery-boxes/","https://kraftboxpack.com/about-us/","About Us","navigation"
"https://kraftboxpack.com/product/kraft-stationery-boxes/","https://kraftboxpack.com/contact-us/","Contact Us","navigation"
"https://kraftboxpack.com/product/kraft-stationery-boxes/","https://kraftboxpack.com/get-a-quote/","Get a Quote","contextual"
"https://kraftboxpack.com/product/kraft-stationery-boxes/","https://kraftboxpack.com/privacy-policy/","Privacy Policy","navigation"
"https://kraftboxpack.com/product/kraft-stationery-boxes/","https://kraftboxpack.com/product-category/colored-kraft-boxes/","Colored Kraft Boxes","navigation"
"https://kraftboxpack.com/product/kraft-stationery-boxes/","https://kraftboxpack.com/product-category/kraft-electronics-boxes/","Kraft Electronics Boxes","navigation"
"https://kraftboxpack.com/product/kraft-stationery-boxes/","https://kraftboxpack.com/product-category/kraft-gift-specialty-boxes/","Kraft Gift & Specialty Boxes","navigation"
"https://kraftboxpack.com/product/kraft-stationery-boxes/","https://kraftboxpack.com/product-category/kraft-packaging-boxes/","Kraft Packaging Boxes","navigation"
"https://kraftboxpack.com/product/kraft-stationery-boxes/","https://kraftboxpack.com/product-category/kraft-wrapping-accessories/","Kraft Wrapping & Accessories","navigation"
"https://kraftboxpack.com/product/kraft-stationery-boxes/","https://kraftboxpack.com/product/kraft-badge-packaging-boxes/","Kraft Badge Packaging Boxes","related-product"
"https://kraftboxpack.com/product/kraft-stationery-boxes/","https://kraftboxpack.com/product/kraft-keychain-packaging-boxes/","Kraft Keychain Packaging Boxes","related-product"
"https://kraftboxpack.com/product/kraft-stationery-boxes/","https://kraftboxpack.com/product/kraft-notebook-packaging/","Kraft Notebook Packaging","related-product"
"https://kraftboxpack.com/product/kraft-stationery-boxes/","https://kraftboxpack.com/product/kraft-pen-packaging-boxes/","Kraft Pen Packaging Boxes","contextual"
"https://kraftboxpack.com/product/kraft-stationery-boxes/","https://kraftboxpack.com/product/kraft-pencil-packaging-boxes/","Kraft Pencil Packaging Boxes","product-grid"
"https://kraftboxpack.com/product/kraft-stationery-boxes/","https://kraftboxpack.com/products/","Search products","contextual"
"https://kraftboxpack.com/product/kraft-stationery-boxes/","https://kraftboxpack.com/refund_returns/","Refund and Returns Policy","navigation"
"https://kraftboxpack.com/product/kraft-stationery-boxes/","https://kraftboxpack.com/terms-conditions/","Terms & Conditions","navigation"
"https://kraftboxpack.com/product/kraft-storage-boxes/","https://kraftboxpack.com/","","navigation"
"https://kraftboxpack.com/product/kraft-storage-boxes/","https://kraftboxpack.com/about-us/","About Us","navigation"
"https://kraftboxpack.com/product/kraft-storage-boxes/","https://kraftboxpack.com/contact-us/","Contact Us","navigation"
"https://kraftboxpack.com/product/kraft-storage-boxes/","https://kraftboxpack.com/get-a-quote/","Get a Quote","contextual"
"https://kraftboxpack.com/product/kraft-storage-boxes/","https://kraftboxpack.com/privacy-policy/","Privacy Policy","navigation"
"https://kraftboxpack.com/product/kraft-storage-boxes/","https://kraftboxpack.com/product-category/colored-kraft-boxes/","Colored Kraft Boxes","navigation"
"https://kraftboxpack.com/product/kraft-storage-boxes/","https://kraftboxpack.com/product-category/kraft-gift-specialty-boxes/","Kraft Gift & Specialty Boxes","navigation"
"https://kraftboxpack.com/product/kraft-storage-boxes/","https://kraftboxpack.com/product-category/kraft-packaging-boxes/","Kraft Packaging Boxes","navigation"
"https://kraftboxpack.com/product/kraft-storage-boxes/","https://kraftboxpack.com/product-category/kraft-wrapping-accessories/","Kraft Wrapping & Accessories","navigation"
"https://kraftboxpack.com/product/kraft-storage-boxes/","https://kraftboxpack.com/product/custom-kraft-bags/","Custom Kraft Bags","related-product"
"https://kraftboxpack.com/product/kraft-storage-boxes/","https://kraftboxpack.com/product/kraft-bakery-bags/","Kraft Bakery Bags","product-grid"
"https://kraftboxpack.com/product/kraft-storage-boxes/","https://kraftboxpack.com/product/kraft-bakery-boxes/","Kraft Bakery Boxes","product-grid"
"https://kraftboxpack.com/product/kraft-storage-boxes/","https://kraftboxpack.com/product/kraft-cake-boxes/","Kraft Cake Boxes","product-grid"
"https://kraftboxpack.com/product/kraft-storage-boxes/","https://kraftboxpack.com/product/kraft-cardboard-boxes/","Kraft Cardboard Boxes","product-grid"
"https://kraftboxpack.com/product/kraft-storage-boxes/","https://kraftboxpack.com/product/kraft-cookie-boxes/","Kraft Cookie Boxes","product-grid"
"https://kraftboxpack.com/product/kraft-storage-boxes/","https://kraftboxpack.com/product/kraft-corrugated-boxes/","Kraft Corrugated Boxes","contextual"
"https://kraftboxpack.com/product/kraft-storage-boxes/","https://kraftboxpack.com/product/kraft-take-out-boxes/","Kraft Take Out Boxes","related-product"
"https://kraftboxpack.com/product/kraft-storage-boxes/","https://kraftboxpack.com/product/kraft-treat-boxes/","Kraft Treat Boxes","related-product"
"https://kraftboxpack.com/product/kraft-storage-boxes/","https://kraftboxpack.com/products/","Search products","contextual"
"https://kraftboxpack.com/product/kraft-storage-boxes/","https://kraftboxpack.com/refund_returns/","Refund and Returns Policy","navigation"
"https://kraftboxpack.com/product/kraft-storage-boxes/","https://kraftboxpack.com/terms-conditions/","Terms & Conditions","navigation"
"https://kraftboxpack.com/product/kraft-subscription-boxes/","https://kraftboxpack.com/","","navigation"
"https://kraftboxpack.com/product/kraft-subscription-boxes/","https://kraftboxpack.com/about-us/","About Us","navigation"
"https://kraftboxpack.com/product/kraft-subscription-boxes/","https://kraftboxpack.com/contact-us/","Contact Us","navigation"
"https://kraftboxpack.com/product/kraft-subscription-boxes/","https://kraftboxpack.com/get-a-quote/","Get a Quote","contextual"
"https://kraftboxpack.com/product/kraft-subscription-boxes/","https://kraftboxpack.com/privacy-policy/","Privacy Policy","navigation"
"https://kraftboxpack.com/product/kraft-subscription-boxes/","https://kraftboxpack.com/product-category/colored-kraft-boxes/","Colored Kraft Boxes","navigation"
"https://kraftboxpack.com/product/kraft-subscription-boxes/","https://kraftboxpack.com/product-category/kraft-gift-specialty-boxes/","Kraft Gift & Specialty Boxes","navigation"
"https://kraftboxpack.com/product/kraft-subscription-boxes/","https://kraftboxpack.com/product-category/kraft-gift-specialty-boxes/custom-gift-boxes/","Custom Gift Boxes","navigation"
"https://kraftboxpack.com/product/kraft-subscription-boxes/","https://kraftboxpack.com/product-category/kraft-packaging-boxes/","Kraft Packaging Boxes","navigation"
"https://kraftboxpack.com/product/kraft-subscription-boxes/","https://kraftboxpack.com/product-category/kraft-wrapping-accessories/","Kraft Wrapping & Accessories","navigation"
"https://kraftboxpack.com/product/kraft-subscription-boxes/","https://kraftboxpack.com/product/kraft-bouquet-boxes/","Kraft Bouquet Boxes","contextual"
"https://kraftboxpack.com/product/kraft-subscription-boxes/","https://kraftboxpack.com/product/kraft-candy-favor-boxes/","Kraft Candy Favor Boxes","related-product"
"https://kraftboxpack.com/product/kraft-subscription-boxes/","https://kraftboxpack.com/product/kraft-drawer-gift-boxes/","Kraft Drawer Gift Boxes","related-product"
"https://kraftboxpack.com/product/kraft-subscription-boxes/","https://kraftboxpack.com/product/kraft-event-favor-boxes/","Kraft Event Favor Boxes","product-grid"
"https://kraftboxpack.com/product/kraft-subscription-boxes/","https://kraftboxpack.com/product/kraft-flip-top-rigid-boxes/","Kraft Flip Top Rigid Boxes","product-grid"
"https://kraftboxpack.com/product/kraft-subscription-boxes/","https://kraftboxpack.com/product/kraft-flower-boxes/","Kraft Flower Boxes","product-grid"
"https://kraftboxpack.com/product/kraft-subscription-boxes/","https://kraftboxpack.com/product/kraft-gift-card-boxes/","Kraft Gift Card Boxes","product-grid"
"https://kraftboxpack.com/product/kraft-subscription-boxes/","https://kraftboxpack.com/product/kraft-gift-hamper-boxes/","Kraft Gift Hamper Boxes","product-grid"
"https://kraftboxpack.com/product/kraft-subscription-boxes/","https://kraftboxpack.com/products/","Search products","contextual"
"https://kraftboxpack.com/product/kraft-subscription-boxes/","https://kraftboxpack.com/refund_returns/","Refund and Returns Policy","navigation"
"https://kraftboxpack.com/product/kraft-subscription-boxes/","https://kraftboxpack.com/terms-conditions/","Terms & Conditions","navigation"
"https://kraftboxpack.com/product/kraft-supplement-boxes/","https://kraftboxpack.com/","","navigation"
"https://kraftboxpack.com/product/kraft-supplement-boxes/","https://kraftboxpack.com/about-us/","About Us","navigation"
"https://kraftboxpack.com/product/kraft-supplement-boxes/","https://kraftboxpack.com/contact-us/","Contact Us","navigation"
"https://kraftboxpack.com/product/kraft-supplement-boxes/","https://kraftboxpack.com/get-a-quote/","Get a Quote","contextual"
"https://kraftboxpack.com/product/kraft-supplement-boxes/","https://kraftboxpack.com/privacy-policy/","Privacy Policy","navigation"
"https://kraftboxpack.com/product/kraft-supplement-boxes/","https://kraftboxpack.com/product-category/colored-kraft-boxes/","Colored Kraft Boxes","navigation"
"https://kraftboxpack.com/product/kraft-supplement-boxes/","https://kraftboxpack.com/product-category/kraft-gift-specialty-boxes/","Kraft Gift & Specialty Boxes","navigation"
"https://kraftboxpack.com/product/kraft-supplement-boxes/","https://kraftboxpack.com/product-category/kraft-packaging-boxes/","Kraft Packaging Boxes","navigation"
"https://kraftboxpack.com/product/kraft-supplement-boxes/","https://kraftboxpack.com/product-category/kraft-pharma-boxes/","Kraft Pharma boxes","navigation"
"https://kraftboxpack.com/product/kraft-supplement-boxes/","https://kraftboxpack.com/product-category/kraft-wrapping-accessories/","Kraft Wrapping & Accessories","navigation"
"https://kraftboxpack.com/product/kraft-supplement-boxes/","https://kraftboxpack.com/product/kraft-first-aid-kit-boxes/","Kraft First Aid Kit Boxes","related-product"
"https://kraftboxpack.com/product/kraft-supplement-boxes/","https://kraftboxpack.com/product/kraft-medicine-packaging-boxes/","Kraft Medicine Packaging Boxes","related-product"
"https://kraftboxpack.com/product/kraft-supplement-boxes/","https://kraftboxpack.com/product/kraft-ppe-packaging-boxes/","Kraft PPE Packaging Boxes","related-product"
"https://kraftboxpack.com/product/kraft-supplement-boxes/","https://kraftboxpack.com/product/kraft-syrup-packaging-boxes/","Kraft Syrup Packaging Boxes","product-grid"
"https://kraftboxpack.com/product/kraft-supplement-boxes/","https://kraftboxpack.com/product/kraft-vitamin-packaging-boxes/","Kraft Vitamin Packaging Boxes","contextual"
"https://kraftboxpack.com/product/kraft-supplement-boxes/","https://kraftboxpack.com/products/","Search products","contextual"
"https://kraftboxpack.com/product/kraft-supplement-boxes/","https://kraftboxpack.com/refund_returns/","Refund and Returns Policy","navigation"
"https://kraftboxpack.com/product/kraft-supplement-boxes/","https://kraftboxpack.com/terms-conditions/","Terms & Conditions","navigation"
"https://kraftboxpack.com/product/kraft-sushi-packaging-boxes/","https://kraftboxpack.com/","","navigation"
"https://kraftboxpack.com/product/kraft-sushi-packaging-boxes/","https://kraftboxpack.com/about-us/","About Us","navigation"
"https://kraftboxpack.com/product/kraft-sushi-packaging-boxes/","https://kraftboxpack.com/contact-us/","Contact Us","navigation"
"https://kraftboxpack.com/product/kraft-sushi-packaging-boxes/","https://kraftboxpack.com/get-a-quote/","Get a Quote","contextual"
"https://kraftboxpack.com/product/kraft-sushi-packaging-boxes/","https://kraftboxpack.com/privacy-policy/","Privacy Policy","navigation"
"https://kraftboxpack.com/product/kraft-sushi-packaging-boxes/","https://kraftboxpack.com/product-category/colored-kraft-boxes/","Colored Kraft Boxes","navigation"
"https://kraftboxpack.com/product/kraft-sushi-packaging-boxes/","https://kraftboxpack.com/product-category/kraft-food-packaging/","Kraft Food Packaging","navigation"
"https://kraftboxpack.com/product/kraft-sushi-packaging-boxes/","https://kraftboxpack.com/product-category/kraft-gift-specialty-boxes/","Kraft Gift & Specialty Boxes","navigation"
"https://kraftboxpack.com/product/kraft-sushi-packaging-boxes/","https://kraftboxpack.com/product-category/kraft-packaging-boxes/","Kraft Packaging Boxes","navigation"
"https://kraftboxpack.com/product/kraft-sushi-packaging-boxes/","https://kraftboxpack.com/product-category/kraft-wrapping-accessories/","Kraft Wrapping & Accessories","navigation"
"https://kraftboxpack.com/product/kraft-sushi-packaging-boxes/","https://kraftboxpack.com/product/kraft-brownie-packaging-boxes/","Kraft Brownie Packaging Boxes","related-product"
"https://kraftboxpack.com/product/kraft-sushi-packaging-boxes/","https://kraftboxpack.com/product/kraft-chocolate-packaging-boxes/","Kraft Chocolate Packaging Boxes","product-grid"
"https://kraftboxpack.com/product/kraft-sushi-packaging-boxes/","https://kraftboxpack.com/product/kraft-coffee-packaging-boxes/","No image Kraft Coffee Packaging Boxes","product-grid"
"https://kraftboxpack.com/product/kraft-sushi-packaging-boxes/","https://kraftboxpack.com/product/kraft-donut-packaging-boxes/","Kraft Donut Packaging Boxes","product-grid"
"https://kraftboxpack.com/product/kraft-sushi-packaging-boxes/","https://kraftboxpack.com/product/kraft-egg-cartons/","Kraft Egg Cartons","product-grid"
"https://kraftboxpack.com/product/kraft-sushi-packaging-boxes/","https://kraftboxpack.com/product/kraft-frozen-food-boxes/","Kraft Frozen Food Boxes","product-grid"
"https://kraftboxpack.com/product/kraft-sushi-packaging-boxes/","https://kraftboxpack.com/product/kraft-sandwich-wedge-boxes/","Kraft Sandwich Wedge Boxes","contextual"
"https://kraftboxpack.com/product/kraft-sushi-packaging-boxes/","https://kraftboxpack.com/product/kraft-tea-packaging-boxes/","Kraft Tea Packaging Boxes","related-product"
"https://kraftboxpack.com/product/kraft-sushi-packaging-boxes/","https://kraftboxpack.com/product/kraft-vegetable-packaging-boxes/","Kraft Vegetable Packaging Boxes","related-product"
"https://kraftboxpack.com/product/kraft-sushi-packaging-boxes/","https://kraftboxpack.com/products/","Search products","contextual"
"https://kraftboxpack.com/product/kraft-sushi-packaging-boxes/","https://kraftboxpack.com/refund_returns/","Refund and Returns Policy","navigation"
"https://kraftboxpack.com/product/kraft-sushi-packaging-boxes/","https://kraftboxpack.com/terms-conditions/","Terms & Conditions","navigation"
"https://kraftboxpack.com/product/kraft-syrup-packaging-boxes/","https://kraftboxpack.com/","","navigation"
"https://kraftboxpack.com/product/kraft-syrup-packaging-boxes/","https://kraftboxpack.com/about-us/","About Us","navigation"
"https://kraftboxpack.com/product/kraft-syrup-packaging-boxes/","https://kraftboxpack.com/contact-us/","Contact Us","navigation"
"https://kraftboxpack.com/product/kraft-syrup-packaging-boxes/","https://kraftboxpack.com/get-a-quote/","Get a Quote","contextual"
"https://kraftboxpack.com/product/kraft-syrup-packaging-boxes/","https://kraftboxpack.com/privacy-policy/","Privacy Policy","navigation"
"https://kraftboxpack.com/product/kraft-syrup-packaging-boxes/","https://kraftboxpack.com/product-category/colored-kraft-boxes/","Colored Kraft Boxes","navigation"
"https://kraftboxpack.com/product/kraft-syrup-packaging-boxes/","https://kraftboxpack.com/product-category/kraft-gift-specialty-boxes/","Kraft Gift & Specialty Boxes","navigation"
"https://kraftboxpack.com/product/kraft-syrup-packaging-boxes/","https://kraftboxpack.com/product-category/kraft-packaging-boxes/","Kraft Packaging Boxes","navigation"
"https://kraftboxpack.com/product/kraft-syrup-packaging-boxes/","https://kraftboxpack.com/product-category/kraft-pharma-boxes/","Kraft Pharma boxes","navigation"
"https://kraftboxpack.com/product/kraft-syrup-packaging-boxes/","https://kraftboxpack.com/product-category/kraft-wrapping-accessories/","Kraft Wrapping & Accessories","navigation"
"https://kraftboxpack.com/product/kraft-syrup-packaging-boxes/","https://kraftboxpack.com/product/kraft-first-aid-kit-boxes/","Kraft First Aid Kit Boxes","contextual"
"https://kraftboxpack.com/product/kraft-syrup-packaging-boxes/","https://kraftboxpack.com/product/kraft-medicine-packaging-boxes/","Kraft Medicine Packaging Boxes","related-product"
"https://kraftboxpack.com/product/kraft-syrup-packaging-boxes/","https://kraftboxpack.com/product/kraft-ppe-packaging-boxes/","Kraft PPE Packaging Boxes","related-product"
"https://kraftboxpack.com/product/kraft-syrup-packaging-boxes/","https://kraftboxpack.com/product/kraft-supplement-boxes/","Kraft Supplement Boxes","product-grid"
"https://kraftboxpack.com/product/kraft-syrup-packaging-boxes/","https://kraftboxpack.com/product/kraft-vitamin-packaging-boxes/","Kraft Vitamin Packaging Boxes","product-grid"
"https://kraftboxpack.com/product/kraft-syrup-packaging-boxes/","https://kraftboxpack.com/products/","Search products","contextual"
"https://kraftboxpack.com/product/kraft-syrup-packaging-boxes/","https://kraftboxpack.com/refund_returns/","Refund and Returns Policy","navigation"
"https://kraftboxpack.com/product/kraft-syrup-packaging-boxes/","https://kraftboxpack.com/terms-conditions/","Terms & Conditions","navigation"
"https://kraftboxpack.com/product/kraft-t-shirt-boxes/","https://kraftboxpack.com/","","navigation"
"https://kraftboxpack.com/product/kraft-t-shirt-boxes/","https://kraftboxpack.com/about-us/","About Us","navigation"
"https://kraftboxpack.com/product/kraft-t-shirt-boxes/","https://kraftboxpack.com/contact-us/","Contact Us","navigation"
"https://kraftboxpack.com/product/kraft-t-shirt-boxes/","https://kraftboxpack.com/get-a-quote/","Get a Quote","contextual"
"https://kraftboxpack.com/product/kraft-t-shirt-boxes/","https://kraftboxpack.com/privacy-policy/","Privacy Policy","navigation"
"https://kraftboxpack.com/product/kraft-t-shirt-boxes/","https://kraftboxpack.com/product-category/colored-kraft-boxes/","Colored Kraft Boxes","navigation"
"https://kraftboxpack.com/product/kraft-t-shirt-boxes/","https://kraftboxpack.com/product-category/kraft-apparel-boxes/","Kraft Apparel Boxes","navigation"
"https://kraftboxpack.com/product/kraft-t-shirt-boxes/","https://kraftboxpack.com/product-category/kraft-gift-specialty-boxes/","Kraft Gift & Specialty Boxes","navigation"
"https://kraftboxpack.com/product/kraft-t-shirt-boxes/","https://kraftboxpack.com/product-category/kraft-packaging-boxes/","Kraft Packaging Boxes","navigation"
"https://kraftboxpack.com/product/kraft-t-shirt-boxes/","https://kraftboxpack.com/product-category/kraft-wrapping-accessories/","Kraft Wrapping & Accessories","navigation"
"https://kraftboxpack.com/product/kraft-t-shirt-boxes/","https://kraftboxpack.com/product/kraft-apparel-packaging-boxes/","Kraft Apparel Packaging Boxes","contextual"
"https://kraftboxpack.com/product/kraft-t-shirt-boxes/","https://kraftboxpack.com/product/kraft-belt-packaging-boxes/","Kraft Belt Packaging Boxes","related-product"
"https://kraftboxpack.com/product/kraft-t-shirt-boxes/","https://kraftboxpack.com/product/kraft-scarf-boxes/","Kraft Scarf Boxes","related-product"
"https://kraftboxpack.com/product/kraft-t-shirt-boxes/","https://kraftboxpack.com/product/kraft-sock-packaging-boxes/","Kraft Sock Packaging Boxes","product-grid"
"https://kraftboxpack.com/product/kraft-t-shirt-boxes/","https://kraftboxpack.com/product/kraft-underwear-packaging-boxes/","Kraft Underwear Packaging Boxes","product-grid"
"https://kraftboxpack.com/product/kraft-t-shirt-boxes/","https://kraftboxpack.com/products/","Search products","contextual"
"https://kraftboxpack.com/product/kraft-t-shirt-boxes/","https://kraftboxpack.com/refund_returns/","Refund and Returns Policy","navigation"
"https://kraftboxpack.com/product/kraft-t-shirt-boxes/","https://kraftboxpack.com/terms-conditions/","Terms & Conditions","navigation"
"https://kraftboxpack.com/product/kraft-take-out-boxes/","https://kraftboxpack.com/","","navigation"
"https://kraftboxpack.com/product/kraft-take-out-boxes/","https://kraftboxpack.com/about-us/","About Us","navigation"
"https://kraftboxpack.com/product/kraft-take-out-boxes/","https://kraftboxpack.com/contact-us/","Contact Us","navigation"
"https://kraftboxpack.com/product/kraft-take-out-boxes/","https://kraftboxpack.com/get-a-quote/","Get a Quote","contextual"
"https://kraftboxpack.com/product/kraft-take-out-boxes/","https://kraftboxpack.com/privacy-policy/","Privacy Policy","navigation"
"https://kraftboxpack.com/product/kraft-take-out-boxes/","https://kraftboxpack.com/product-category/colored-kraft-boxes/","Colored Kraft Boxes","navigation"
"https://kraftboxpack.com/product/kraft-take-out-boxes/","https://kraftboxpack.com/product-category/kraft-gift-specialty-boxes/","Kraft Gift & Specialty Boxes","navigation"
"https://kraftboxpack.com/product/kraft-take-out-boxes/","https://kraftboxpack.com/product-category/kraft-packaging-boxes/","Kraft Packaging Boxes","navigation"
"https://kraftboxpack.com/product/kraft-take-out-boxes/","https://kraftboxpack.com/product-category/kraft-wrapping-accessories/","Kraft Wrapping & Accessories","navigation"
"https://kraftboxpack.com/product/kraft-take-out-boxes/","https://kraftboxpack.com/product/custom-kraft-bags/","Custom Kraft Bags","related-product"
"https://kraftboxpack.com/product/kraft-take-out-boxes/","https://kraftboxpack.com/product/kraft-bakery-bags/","Kraft Bakery Bags","related-product"
"https://kraftboxpack.com/product/kraft-take-out-boxes/","https://kraftboxpack.com/product/kraft-bakery-boxes/","Kraft Bakery Boxes","product-grid"
"https://kraftboxpack.com/product/kraft-take-out-boxes/","https://kraftboxpack.com/product/kraft-cake-boxes/","Kraft Cake Boxes","product-grid"
"https://kraftboxpack.com/product/kraft-take-out-boxes/","https://kraftboxpack.com/product/kraft-cardboard-boxes/","Kraft Cardboard Boxes","product-grid"
"https://kraftboxpack.com/product/kraft-take-out-boxes/","https://kraftboxpack.com/product/kraft-cookie-boxes/","Kraft Cookie Boxes","product-grid"
"https://kraftboxpack.com/product/kraft-take-out-boxes/","https://kraftboxpack.com/product/kraft-corrugated-boxes/","Kraft Corrugated Boxes","product-grid"
"https://kraftboxpack.com/product/kraft-take-out-boxes/","https://kraftboxpack.com/product/kraft-mailer-boxes/","Kraft Mailer Boxes","contextual"
"https://kraftboxpack.com/product/kraft-take-out-boxes/","https://kraftboxpack.com/product/kraft-treat-boxes/","Kraft Treat Boxes","related-product"
"https://kraftboxpack.com/product/kraft-take-out-boxes/","https://kraftboxpack.com/products/","Search products","contextual"
"https://kraftboxpack.com/product/kraft-take-out-boxes/","https://kraftboxpack.com/refund_returns/","Refund and Returns Policy","navigation"
"https://kraftboxpack.com/product/kraft-take-out-boxes/","https://kraftboxpack.com/terms-conditions/","Terms & Conditions","navigation"
"https://kraftboxpack.com/product/kraft-tea-packaging-boxes/","https://kraftboxpack.com/","","navigation"
"https://kraftboxpack.com/product/kraft-tea-packaging-boxes/","https://kraftboxpack.com/about-us/","About Us","navigation"
"https://kraftboxpack.com/product/kraft-tea-packaging-boxes/","https://kraftboxpack.com/contact-us/","Contact Us","navigation"
"https://kraftboxpack.com/product/kraft-tea-packaging-boxes/","https://kraftboxpack.com/get-a-quote/","Get a Quote","contextual"
"https://kraftboxpack.com/product/kraft-tea-packaging-boxes/","https://kraftboxpack.com/privacy-policy/","Privacy Policy","navigation"
"https://kraftboxpack.com/product/kraft-tea-packaging-boxes/","https://kraftboxpack.com/product-category/colored-kraft-boxes/","Colored Kraft Boxes","navigation"
"https://kraftboxpack.com/product/kraft-tea-packaging-boxes/","https://kraftboxpack.com/product-category/kraft-food-packaging/","Kraft Food Packaging","navigation"
"https://kraftboxpack.com/product/kraft-tea-packaging-boxes/","https://kraftboxpack.com/product-category/kraft-gift-specialty-boxes/","Kraft Gift & Specialty Boxes","navigation"
"https://kraftboxpack.com/product/kraft-tea-packaging-boxes/","https://kraftboxpack.com/product-category/kraft-packaging-boxes/","Kraft Packaging Boxes","navigation"
"https://kraftboxpack.com/product/kraft-tea-packaging-boxes/","https://kraftboxpack.com/product-category/kraft-wrapping-accessories/","Kraft Wrapping & Accessories","navigation"
"https://kraftboxpack.com/product/kraft-tea-packaging-boxes/","https://kraftboxpack.com/product/kraft-brownie-packaging-boxes/","Kraft Brownie Packaging Boxes","related-product"
"https://kraftboxpack.com/product/kraft-tea-packaging-boxes/","https://kraftboxpack.com/product/kraft-chocolate-packaging-boxes/","Kraft Chocolate Packaging Boxes","related-product"
"https://kraftboxpack.com/product/kraft-tea-packaging-boxes/","https://kraftboxpack.com/product/kraft-coffee-packaging-boxes/","Kraft Coffee Packaging Boxes","contextual"
"https://kraftboxpack.com/product/kraft-tea-packaging-boxes/","https://kraftboxpack.com/product/kraft-donut-packaging-boxes/","Kraft Donut Packaging Boxes","product-grid"
"https://kraftboxpack.com/product/kraft-tea-packaging-boxes/","https://kraftboxpack.com/product/kraft-egg-cartons/","Kraft Egg Cartons","product-grid"
"https://kraftboxpack.com/product/kraft-tea-packaging-boxes/","https://kraftboxpack.com/product/kraft-frozen-food-boxes/","Kraft Frozen Food Boxes","product-grid"
"https://kraftboxpack.com/product/kraft-tea-packaging-boxes/","https://kraftboxpack.com/product/kraft-fruit-packaging-boxes/","Kraft Fruit Packaging Boxes","product-grid"
"https://kraftboxpack.com/product/kraft-tea-packaging-boxes/","https://kraftboxpack.com/product/kraft-vegetable-packaging-boxes/","Kraft Vegetable Packaging Boxes","related-product"
"https://kraftboxpack.com/product/kraft-tea-packaging-boxes/","https://kraftboxpack.com/products/","Search products","contextual"
"https://kraftboxpack.com/product/kraft-tea-packaging-boxes/","https://kraftboxpack.com/refund_returns/","Refund and Returns Policy","navigation"
"https://kraftboxpack.com/product/kraft-tea-packaging-boxes/","https://kraftboxpack.com/terms-conditions/","Terms & Conditions","navigation"
"https://kraftboxpack.com/product/kraft-thermal-kraft-boxes/","https://kraftboxpack.com/","","navigation"
"https://kraftboxpack.com/product/kraft-thermal-kraft-boxes/","https://kraftboxpack.com/about-us/","About Us","navigation"
"https://kraftboxpack.com/product/kraft-thermal-kraft-boxes/","https://kraftboxpack.com/contact-us/","Contact Us","navigation"
"https://kraftboxpack.com/product/kraft-thermal-kraft-boxes/","https://kraftboxpack.com/get-a-quote/","Get a Quote","contextual"
"https://kraftboxpack.com/product/kraft-thermal-kraft-boxes/","https://kraftboxpack.com/privacy-policy/","Privacy Policy","navigation"
"https://kraftboxpack.com/product/kraft-thermal-kraft-boxes/","https://kraftboxpack.com/product-category/colored-kraft-boxes/","Colored Kraft Boxes","navigation"
"https://kraftboxpack.com/product/kraft-thermal-kraft-boxes/","https://kraftboxpack.com/product-category/kraft-gift-specialty-boxes/","Kraft Gift & Specialty Boxes","navigation"
"https://kraftboxpack.com/product/kraft-thermal-kraft-boxes/","https://kraftboxpack.com/product-category/kraft-packaging-boxes/","Kraft Packaging Boxes","navigation"
"https://kraftboxpack.com/product/kraft-thermal-kraft-boxes/","https://kraftboxpack.com/product-category/kraft-wrapping-accessories/","Kraft Wrapping & Accessories","navigation"
"https://kraftboxpack.com/product/kraft-thermal-kraft-boxes/","https://kraftboxpack.com/product/black-kraft-boxes/","Black Kraft Boxes","related-product"
"https://kraftboxpack.com/product/kraft-thermal-kraft-boxes/","https://kraftboxpack.com/product/brown-kraft-boxes/","Brown Kraft Boxes","related-product"
"https://kraftboxpack.com/product/kraft-thermal-kraft-boxes/","https://kraftboxpack.com/product/colored-kraft-paper/","Colored Kraft Paper","related-product"
"https://kraftboxpack.com/product/kraft-thermal-kraft-boxes/","https://kraftboxpack.com/product/kraft-boxes-with-lid/","Kraft Boxes With Lid","contextual"
"https://kraftboxpack.com/product/kraft-thermal-kraft-boxes/","https://kraftboxpack.com/product/kraft-minimalist-boxes/","Kraft Minimalist Boxes","product-grid"
"https://kraftboxpack.com/product/kraft-thermal-kraft-boxes/","https://kraftboxpack.com/products/","Search products","contextual"
"https://kraftboxpack.com/product/kraft-thermal-kraft-boxes/","https://kraftboxpack.com/refund_returns/","Refund and Returns Policy","navigation"
"https://kraftboxpack.com/product/kraft-thermal-kraft-boxes/","https://kraftboxpack.com/terms-conditions/","Terms & Conditions","navigation"
"https://kraftboxpack.com/product/kraft-toy-packaging-boxes/","https://kraftboxpack.com/","","navigation"
"https://kraftboxpack.com/product/kraft-toy-packaging-boxes/","https://kraftboxpack.com/about-us/","About Us","navigation"
"https://kraftboxpack.com/product/kraft-toy-packaging-boxes/","https://kraftboxpack.com/contact-us/","Contact Us","navigation"
"https://kraftboxpack.com/product/kraft-toy-packaging-boxes/","https://kraftboxpack.com/get-a-quote/","Get a Quote","contextual"
"https://kraftboxpack.com/product/kraft-toy-packaging-boxes/","https://kraftboxpack.com/privacy-policy/","Privacy Policy","navigation"
"https://kraftboxpack.com/product/kraft-toy-packaging-boxes/","https://kraftboxpack.com/product-category/colored-kraft-boxes/","Colored Kraft Boxes","navigation"
"https://kraftboxpack.com/product/kraft-toy-packaging-boxes/","https://kraftboxpack.com/product-category/kraft-apparel-boxes/","Kraft Apparel Boxes","contextual"
"https://kraftboxpack.com/product/kraft-toy-packaging-boxes/","https://kraftboxpack.com/product-category/kraft-gift-specialty-boxes/","Kraft Gift & Specialty Boxes","navigation"
"https://kraftboxpack.com/product/kraft-toy-packaging-boxes/","https://kraftboxpack.com/product-category/kraft-packaging-boxes/","Kraft Packaging Boxes","navigation"
"https://kraftboxpack.com/product/kraft-toy-packaging-boxes/","https://kraftboxpack.com/product-category/kraft-toy-packaging/","Kraft Toy Packaging","navigation"
"https://kraftboxpack.com/product/kraft-toy-packaging-boxes/","https://kraftboxpack.com/product-category/kraft-wrapping-accessories/","Kraft Wrapping & Accessories","navigation"
"https://kraftboxpack.com/product/kraft-toy-packaging-boxes/","https://kraftboxpack.com/product/kraft-baby-product-boxes/","Kraft Baby Product Boxes","contextual"
"https://kraftboxpack.com/product/kraft-toy-packaging-boxes/","https://kraftboxpack.com/product/kraft-board-game-packaging-boxes/","Kraft Board Game Packaging Boxes","related-product"
"https://kraftboxpack.com/product/kraft-toy-packaging-boxes/","https://kraftboxpack.com/product/kraft-puzzle-packaging-boxes/","Kraft Puzzle Packaging Boxes","related-product"
"https://kraftboxpack.com/product/kraft-toy-packaging-boxes/","https://kraftboxpack.com/products/","Search products","contextual"
"https://kraftboxpack.com/product/kraft-toy-packaging-boxes/","https://kraftboxpack.com/refund_returns/","Refund and Returns Policy","navigation"
"https://kraftboxpack.com/product/kraft-toy-packaging-boxes/","https://kraftboxpack.com/terms-conditions/","Terms & Conditions","navigation"
"https://kraftboxpack.com/product/kraft-treat-boxes/","https://kraftboxpack.com/","","navigation"
"https://kraftboxpack.com/product/kraft-treat-boxes/","https://kraftboxpack.com/about-us/","About Us","navigation"
"https://kraftboxpack.com/product/kraft-treat-boxes/","https://kraftboxpack.com/contact-us/","Contact Us","navigation"
"https://kraftboxpack.com/product/kraft-treat-boxes/","https://kraftboxpack.com/get-a-quote/","Get a Quote","contextual"
"https://kraftboxpack.com/product/kraft-treat-boxes/","https://kraftboxpack.com/privacy-policy/","Privacy Policy","navigation"
"https://kraftboxpack.com/product/kraft-treat-boxes/","https://kraftboxpack.com/product-category/colored-kraft-boxes/","Colored Kraft Boxes","navigation"
"https://kraftboxpack.com/product/kraft-treat-boxes/","https://kraftboxpack.com/product-category/kraft-gift-specialty-boxes/","Kraft Gift & Specialty Boxes","navigation"
"https://kraftboxpack.com/product/kraft-treat-boxes/","https://kraftboxpack.com/product-category/kraft-packaging-boxes/","Kraft Packaging Boxes","navigation"
"https://kraftboxpack.com/product/kraft-treat-boxes/","https://kraftboxpack.com/product-category/kraft-wrapping-accessories/","Kraft Wrapping & Accessories","navigation"
"https://kraftboxpack.com/product/kraft-treat-boxes/","https://kraftboxpack.com/product/custom-kraft-bags/","Custom Kraft Bags","related-product"
"https://kraftboxpack.com/product/kraft-treat-boxes/","https://kraftboxpack.com/product/kraft-bakery-bags/","Kraft Bakery Bags","related-product"
"https://kraftboxpack.com/product/kraft-treat-boxes/","https://kraftboxpack.com/product/kraft-bakery-boxes/","Kraft Bakery Boxes","related-product"
"https://kraftboxpack.com/product/kraft-treat-boxes/","https://kraftboxpack.com/product/kraft-cake-boxes/","Kraft Cake Boxes","product-grid"
"https://kraftboxpack.com/product/kraft-treat-boxes/","https://kraftboxpack.com/product/kraft-cardboard-boxes/","Kraft Cardboard Boxes","product-grid"
"https://kraftboxpack.com/product/kraft-treat-boxes/","https://kraftboxpack.com/product/kraft-cookie-boxes/","Kraft Cookie Boxes","product-grid"
"https://kraftboxpack.com/product/kraft-treat-boxes/","https://kraftboxpack.com/product/kraft-corrugated-boxes/","Kraft Corrugated Boxes","product-grid"
"https://kraftboxpack.com/product/kraft-treat-boxes/","https://kraftboxpack.com/product/kraft-dispenser-boxes/","Kraft Dispenser Boxes","contextual"
"https://kraftboxpack.com/product/kraft-treat-boxes/","https://kraftboxpack.com/products/","Search products","contextual"
"https://kraftboxpack.com/product/kraft-treat-boxes/","https://kraftboxpack.com/refund_returns/","Refund and Returns Policy","navigation"
"https://kraftboxpack.com/product/kraft-treat-boxes/","https://kraftboxpack.com/terms-conditions/","Terms & Conditions","navigation"
"https://kraftboxpack.com/product/kraft-triangle-boxes/","https://kraftboxpack.com/","","navigation"
"https://kraftboxpack.com/product/kraft-triangle-boxes/","https://kraftboxpack.com/about-us/","About Us","navigation"
"https://kraftboxpack.com/product/kraft-triangle-boxes/","https://kraftboxpack.com/contact-us/","Contact Us","navigation"
"https://kraftboxpack.com/product/kraft-triangle-boxes/","https://kraftboxpack.com/get-a-quote/","Get a Quote","contextual"
"https://kraftboxpack.com/product/kraft-triangle-boxes/","https://kraftboxpack.com/privacy-policy/","Privacy Policy","navigation"
"https://kraftboxpack.com/product/kraft-triangle-boxes/","https://kraftboxpack.com/product-category/colored-kraft-boxes/","Colored Kraft Boxes","navigation"
"https://kraftboxpack.com/product/kraft-triangle-boxes/","https://kraftboxpack.com/product-category/kraft-gift-specialty-boxes/","Kraft Gift & Specialty Boxes","navigation"
"https://kraftboxpack.com/product/kraft-triangle-boxes/","https://kraftboxpack.com/product-category/kraft-luxury-packaging/","Kraft Luxury Packaging","navigation"
"https://kraftboxpack.com/product/kraft-triangle-boxes/","https://kraftboxpack.com/product-category/kraft-packaging-boxes/","Kraft Packaging Boxes","navigation"
"https://kraftboxpack.com/product/kraft-triangle-boxes/","https://kraftboxpack.com/product-category/kraft-wrapping-accessories/","Kraft Wrapping & Accessories","navigation"
"https://kraftboxpack.com/product/kraft-triangle-boxes/","https://kraftboxpack.com/product/kraft-cylindrical-boxes/","No image Kraft Cylindrical Boxes","related-product"
"https://kraftboxpack.com/product/kraft-triangle-boxes/","https://kraftboxpack.com/product/kraft-hexagon-boxes/","Kraft Hexagon Boxes","contextual"
"https://kraftboxpack.com/product/kraft-triangle-boxes/","https://kraftboxpack.com/product/kraft-magnetic-closure-boxes/","Kraft Magnetic Closure Boxes","related-product"
"https://kraftboxpack.com/product/kraft-triangle-boxes/","https://kraftboxpack.com/product/kraft-octagon-boxes/","Kraft Octagon Boxes","related-product"
"https://kraftboxpack.com/product/kraft-triangle-boxes/","https://kraftboxpack.com/product/kraft-pyramid-boxes/","Kraft Pyramid Boxes","product-grid"
"https://kraftboxpack.com/product/kraft-triangle-boxes/","https://kraftboxpack.com/product/kraft-rigid-boxes/","Kraft Rigid Boxes","product-grid"
"https://kraftboxpack.com/product/kraft-triangle-boxes/","https://kraftboxpack.com/product/kraft-tube-packaging/","Kraft Tube Packaging","product-grid"
"https://kraftboxpack.com/product/kraft-triangle-boxes/","https://kraftboxpack.com/products/","Search products","contextual"
"https://kraftboxpack.com/product/kraft-triangle-boxes/","https://kraftboxpack.com/refund_returns/","Refund and Returns Policy","navigation"
"https://kraftboxpack.com/product/kraft-triangle-boxes/","https://kraftboxpack.com/terms-conditions/","Terms & Conditions","navigation"
"https://kraftboxpack.com/product/kraft-tube-packaging/","https://kraftboxpack.com/","","navigation"
"https://kraftboxpack.com/product/kraft-tube-packaging/","https://kraftboxpack.com/about-us/","About Us","navigation"
"https://kraftboxpack.com/product/kraft-tube-packaging/","https://kraftboxpack.com/contact-us/","Contact Us","navigation"
"https://kraftboxpack.com/product/kraft-tube-packaging/","https://kraftboxpack.com/get-a-quote/","Get a Quote","contextual"
"https://kraftboxpack.com/product/kraft-tube-packaging/","https://kraftboxpack.com/privacy-policy/","Privacy Policy","navigation"
"https://kraftboxpack.com/product/kraft-tube-packaging/","https://kraftboxpack.com/product-category/colored-kraft-boxes/","Colored Kraft Boxes","navigation"
"https://kraftboxpack.com/product/kraft-tube-packaging/","https://kraftboxpack.com/product-category/kraft-gift-specialty-boxes/","Kraft Gift & Specialty Boxes","navigation"
"https://kraftboxpack.com/product/kraft-tube-packaging/","https://kraftboxpack.com/product-category/kraft-luxury-packaging/","Kraft Luxury Packaging","navigation"
"https://kraftboxpack.com/product/kraft-tube-packaging/","https://kraftboxpack.com/product-category/kraft-packaging-boxes/","Kraft Packaging Boxes","navigation"
"https://kraftboxpack.com/product/kraft-tube-packaging/","https://kraftboxpack.com/product-category/kraft-wrapping-accessories/","Kraft Wrapping & Accessories","navigation"
"https://kraftboxpack.com/product/kraft-tube-packaging/","https://kraftboxpack.com/product/kraft-cylindrical-boxes/","No image Kraft Cylindrical Boxes","related-product"
"https://kraftboxpack.com/product/kraft-tube-packaging/","https://kraftboxpack.com/product/kraft-hexagon-boxes/","Kraft Hexagon Boxes","related-product"
"https://kraftboxpack.com/product/kraft-tube-packaging/","https://kraftboxpack.com/product/kraft-magnetic-closure-boxes/","Kraft Magnetic Closure Boxes","related-product"
"https://kraftboxpack.com/product/kraft-tube-packaging/","https://kraftboxpack.com/product/kraft-octagon-boxes/","Kraft Octagon Boxes","related-product"
"https://kraftboxpack.com/product/kraft-tube-packaging/","https://kraftboxpack.com/product/kraft-pyramid-boxes/","Kraft Pyramid Boxes","contextual"
"https://kraftboxpack.com/product/kraft-tube-packaging/","https://kraftboxpack.com/product/kraft-rigid-boxes/","Kraft Rigid Boxes","product-grid"
"https://kraftboxpack.com/product/kraft-tube-packaging/","https://kraftboxpack.com/product/kraft-triangle-boxes/","Kraft Triangle Boxes","product-grid"
"https://kraftboxpack.com/product/kraft-tube-packaging/","https://kraftboxpack.com/products/","Search products","contextual"
"https://kraftboxpack.com/product/kraft-tube-packaging/","https://kraftboxpack.com/refund_returns/","Refund and Returns Policy","navigation"
"https://kraftboxpack.com/product/kraft-tube-packaging/","https://kraftboxpack.com/terms-conditions/","Terms & Conditions","navigation"
"https://kraftboxpack.com/product/kraft-underwear-packaging-boxes/","https://kraftboxpack.com/","","navigation"
"https://kraftboxpack.com/product/kraft-underwear-packaging-boxes/","https://kraftboxpack.com/about-us/","About Us","navigation"
"https://kraftboxpack.com/product/kraft-underwear-packaging-boxes/","https://kraftboxpack.com/contact-us/","Contact Us","navigation"
"https://kraftboxpack.com/product/kraft-underwear-packaging-boxes/","https://kraftboxpack.com/get-a-quote/","Get a Quote","contextual"
"https://kraftboxpack.com/product/kraft-underwear-packaging-boxes/","https://kraftboxpack.com/privacy-policy/","Privacy Policy","navigation"
"https://kraftboxpack.com/product/kraft-underwear-packaging-boxes/","https://kraftboxpack.com/product-category/colored-kraft-boxes/","Colored Kraft Boxes","navigation"
"https://kraftboxpack.com/product/kraft-underwear-packaging-boxes/","https://kraftboxpack.com/product-category/kraft-apparel-boxes/","Kraft Apparel Boxes","navigation"
"https://kraftboxpack.com/product/kraft-underwear-packaging-boxes/","https://kraftboxpack.com/product-category/kraft-gift-specialty-boxes/","Kraft Gift & Specialty Boxes","navigation"
"https://kraftboxpack.com/product/kraft-underwear-packaging-boxes/","https://kraftboxpack.com/product-category/kraft-packaging-boxes/","Kraft Packaging Boxes","navigation"
"https://kraftboxpack.com/product/kraft-underwear-packaging-boxes/","https://kraftboxpack.com/product-category/kraft-wrapping-accessories/","Kraft Wrapping & Accessories","navigation"
"https://kraftboxpack.com/product/kraft-underwear-packaging-boxes/","https://kraftboxpack.com/product/kraft-apparel-packaging-boxes/","Kraft Apparel Packaging Boxes","related-product"
"https://kraftboxpack.com/product/kraft-underwear-packaging-boxes/","https://kraftboxpack.com/product/kraft-belt-packaging-boxes/","Kraft Belt Packaging Boxes","related-product"
"https://kraftboxpack.com/product/kraft-underwear-packaging-boxes/","https://kraftboxpack.com/product/kraft-scarf-boxes/","Kraft Scarf Boxes","related-product"
"https://kraftboxpack.com/product/kraft-underwear-packaging-boxes/","https://kraftboxpack.com/product/kraft-sock-packaging-boxes/","Kraft Sock Packaging Boxes","contextual"
"https://kraftboxpack.com/product/kraft-underwear-packaging-boxes/","https://kraftboxpack.com/product/kraft-t-shirt-boxes/","Kraft T Shirt Boxes","product-grid"
"https://kraftboxpack.com/product/kraft-underwear-packaging-boxes/","https://kraftboxpack.com/products/","Search products","contextual"
"https://kraftboxpack.com/product/kraft-underwear-packaging-boxes/","https://kraftboxpack.com/refund_returns/","Refund and Returns Policy","navigation"
"https://kraftboxpack.com/product/kraft-underwear-packaging-boxes/","https://kraftboxpack.com/terms-conditions/","Terms & Conditions","navigation"
"https://kraftboxpack.com/product/kraft-vegetable-packaging-boxes/","https://kraftboxpack.com/","","navigation"
"https://kraftboxpack.com/product/kraft-vegetable-packaging-boxes/","https://kraftboxpack.com/about-us/","About Us","navigation"
"https://kraftboxpack.com/product/kraft-vegetable-packaging-boxes/","https://kraftboxpack.com/contact-us/","Contact Us","navigation"
"https://kraftboxpack.com/product/kraft-vegetable-packaging-boxes/","https://kraftboxpack.com/get-a-quote/","Get a Quote","contextual"
"https://kraftboxpack.com/product/kraft-vegetable-packaging-boxes/","https://kraftboxpack.com/privacy-policy/","Privacy Policy","navigation"
"https://kraftboxpack.com/product/kraft-vegetable-packaging-boxes/","https://kraftboxpack.com/product-category/colored-kraft-boxes/","Colored Kraft Boxes","navigation"
"https://kraftboxpack.com/product/kraft-vegetable-packaging-boxes/","https://kraftboxpack.com/product-category/kraft-food-packaging/","Kraft Food Packaging","navigation"
"https://kraftboxpack.com/product/kraft-vegetable-packaging-boxes/","https://kraftboxpack.com/product-category/kraft-gift-specialty-boxes/","Kraft Gift & Specialty Boxes","navigation"
"https://kraftboxpack.com/product/kraft-vegetable-packaging-boxes/","https://kraftboxpack.com/product-category/kraft-packaging-boxes/","Kraft Packaging Boxes","navigation"
"https://kraftboxpack.com/product/kraft-vegetable-packaging-boxes/","https://kraftboxpack.com/product-category/kraft-wrapping-accessories/","Kraft Wrapping & Accessories","navigation"
"https://kraftboxpack.com/product/kraft-vegetable-packaging-boxes/","https://kraftboxpack.com/product/kraft-brownie-packaging-boxes/","Kraft Brownie Packaging Boxes","related-product"
"https://kraftboxpack.com/product/kraft-vegetable-packaging-boxes/","https://kraftboxpack.com/product/kraft-chocolate-packaging-boxes/","Kraft Chocolate Packaging Boxes","related-product"
"https://kraftboxpack.com/product/kraft-vegetable-packaging-boxes/","https://kraftboxpack.com/product/kraft-coffee-packaging-boxes/","No image Kraft Coffee Packaging Boxes","related-product"
"https://kraftboxpack.com/product/kraft-vegetable-packaging-boxes/","https://kraftboxpack.com/product/kraft-donut-packaging-boxes/","Kraft Donut Packaging Boxes","related-product"
"https://kraftboxpack.com/product/kraft-vegetable-packaging-boxes/","https://kraftboxpack.com/product/kraft-egg-cartons/","Kraft Egg Cartons","product-grid"
"https://kraftboxpack.com/product/kraft-vegetable-packaging-boxes/","https://kraftboxpack.com/product/kraft-frozen-food-boxes/","Kraft Frozen Food Boxes","product-grid"
"https://kraftboxpack.com/product/kraft-vegetable-packaging-boxes/","https://kraftboxpack.com/product/kraft-fruit-packaging-boxes/","Kraft Fruit Packaging Boxes","contextual"
"https://kraftboxpack.com/product/kraft-vegetable-packaging-boxes/","https://kraftboxpack.com/product/kraft-granola-bar-boxes/","Kraft Granola Bar Boxes","product-grid"
"https://kraftboxpack.com/product/kraft-vegetable-packaging-boxes/","https://kraftboxpack.com/products/","Search products","contextual"
"https://kraftboxpack.com/product/kraft-vegetable-packaging-boxes/","https://kraftboxpack.com/refund_returns/","Refund and Returns Policy","navigation"
"https://kraftboxpack.com/product/kraft-vegetable-packaging-boxes/","https://kraftboxpack.com/terms-conditions/","Terms & Conditions","navigation"
"https://kraftboxpack.com/product/kraft-vitamin-packaging-boxes/","https://kraftboxpack.com/","","navigation"
"https://kraftboxpack.com/product/kraft-vitamin-packaging-boxes/","https://kraftboxpack.com/about-us/","About Us","navigation"
"https://kraftboxpack.com/product/kraft-vitamin-packaging-boxes/","https://kraftboxpack.com/contact-us/","Contact Us","navigation"
"https://kraftboxpack.com/product/kraft-vitamin-packaging-boxes/","https://kraftboxpack.com/get-a-quote/","Get a Quote","contextual"
"https://kraftboxpack.com/product/kraft-vitamin-packaging-boxes/","https://kraftboxpack.com/privacy-policy/","Privacy Policy","navigation"
"https://kraftboxpack.com/product/kraft-vitamin-packaging-boxes/","https://kraftboxpack.com/product-category/colored-kraft-boxes/","Colored Kraft Boxes","navigation"
"https://kraftboxpack.com/product/kraft-vitamin-packaging-boxes/","https://kraftboxpack.com/product-category/kraft-gift-specialty-boxes/","Kraft Gift & Specialty Boxes","navigation"
"https://kraftboxpack.com/product/kraft-vitamin-packaging-boxes/","https://kraftboxpack.com/product-category/kraft-packaging-boxes/","Kraft Packaging Boxes","navigation"
"https://kraftboxpack.com/product/kraft-vitamin-packaging-boxes/","https://kraftboxpack.com/product-category/kraft-pharma-boxes/","Kraft Pharma boxes","navigation"
"https://kraftboxpack.com/product/kraft-vitamin-packaging-boxes/","https://kraftboxpack.com/product-category/kraft-wrapping-accessories/","Kraft Wrapping & Accessories","navigation"
"https://kraftboxpack.com/product/kraft-vitamin-packaging-boxes/","https://kraftboxpack.com/product/kraft-first-aid-kit-boxes/","Kraft First Aid Kit Boxes","related-product"
"https://kraftboxpack.com/product/kraft-vitamin-packaging-boxes/","https://kraftboxpack.com/product/kraft-medicine-packaging-boxes/","Kraft Medicine Packaging Boxes","contextual"
"https://kraftboxpack.com/product/kraft-vitamin-packaging-boxes/","https://kraftboxpack.com/product/kraft-ppe-packaging-boxes/","Kraft PPE Packaging Boxes","related-product"
"https://kraftboxpack.com/product/kraft-vitamin-packaging-boxes/","https://kraftboxpack.com/product/kraft-supplement-boxes/","Kraft Supplement Boxes","product-grid"
"https://kraftboxpack.com/product/kraft-vitamin-packaging-boxes/","https://kraftboxpack.com/product/kraft-syrup-packaging-boxes/","Kraft Syrup Packaging Boxes","product-grid"
"https://kraftboxpack.com/product/kraft-vitamin-packaging-boxes/","https://kraftboxpack.com/products/","Search products","contextual"
"https://kraftboxpack.com/product/kraft-vitamin-packaging-boxes/","https://kraftboxpack.com/refund_returns/","Refund and Returns Policy","navigation"
"https://kraftboxpack.com/product/kraft-vitamin-packaging-boxes/","https://kraftboxpack.com/terms-conditions/","Terms & Conditions","navigation"
"https://kraftboxpack.com/product/kraft-watch-packaging-boxes/","https://kraftboxpack.com/","","navigation"
"https://kraftboxpack.com/product/kraft-watch-packaging-boxes/","https://kraftboxpack.com/about-us/","About Us","navigation"
"https://kraftboxpack.com/product/kraft-watch-packaging-boxes/","https://kraftboxpack.com/contact-us/","Contact Us","navigation"
"https://kraftboxpack.com/product/kraft-watch-packaging-boxes/","https://kraftboxpack.com/get-a-quote/","Get a Quote","contextual"
"https://kraftboxpack.com/product/kraft-watch-packaging-boxes/","https://kraftboxpack.com/privacy-policy/","Privacy Policy","navigation"
"https://kraftboxpack.com/product/kraft-watch-packaging-boxes/","https://kraftboxpack.com/product-category/colored-kraft-boxes/","Colored Kraft Boxes","navigation"
"https://kraftboxpack.com/product/kraft-watch-packaging-boxes/","https://kraftboxpack.com/product-category/jewelry-accessories-boxes/","Jewelry & Accessories Boxes","navigation"
"https://kraftboxpack.com/product/kraft-watch-packaging-boxes/","https://kraftboxpack.com/product-category/kraft-gift-specialty-boxes/","Kraft Gift & Specialty Boxes","navigation"
"https://kraftboxpack.com/product/kraft-watch-packaging-boxes/","https://kraftboxpack.com/product-category/kraft-packaging-boxes/","Kraft Packaging Boxes","navigation"
"https://kraftboxpack.com/product/kraft-watch-packaging-boxes/","https://kraftboxpack.com/product-category/kraft-wrapping-accessories/","Kraft Wrapping & Accessories","navigation"
"https://kraftboxpack.com/product/kraft-watch-packaging-boxes/","https://kraftboxpack.com/product/kraft-bracelet-packaging-boxes/","Kraft Bracelet Packaging Boxes","related-product"
"https://kraftboxpack.com/product/kraft-watch-packaging-boxes/","https://kraftboxpack.com/product/kraft-earring-packaging-boxes/","Kraft Earring Packaging Boxes","related-product"
"https://kraftboxpack.com/product/kraft-watch-packaging-boxes/","https://kraftboxpack.com/product/kraft-jewelry-insert-boxes/","Kraft Jewelry Insert Boxes","related-product"
"https://kraftboxpack.com/product/kraft-watch-packaging-boxes/","https://kraftboxpack.com/product/kraft-ring-packaging-boxes/","Kraft Ring Packaging Boxes","contextual"
"https://kraftboxpack.com/product/kraft-watch-packaging-boxes/","https://kraftboxpack.com/products/","Search products","contextual"
"https://kraftboxpack.com/product/kraft-watch-packaging-boxes/","https://kraftboxpack.com/refund_returns/","Refund and Returns Policy","navigation"
"https://kraftboxpack.com/product/kraft-watch-packaging-boxes/","https://kraftboxpack.com/terms-conditions/","Terms & Conditions","navigation"
"https://kraftboxpack.com/product/kraft-wax-melt-boxes/","https://kraftboxpack.com/","","navigation"
"https://kraftboxpack.com/product/kraft-wax-melt-boxes/","https://kraftboxpack.com/about-us/","About Us","navigation"
"https://kraftboxpack.com/product/kraft-wax-melt-boxes/","https://kraftboxpack.com/contact-us/","Contact Us","navigation"
"https://kraftboxpack.com/product/kraft-wax-melt-boxes/","https://kraftboxpack.com/get-a-quote/","Get a Quote","contextual"
"https://kraftboxpack.com/product/kraft-wax-melt-boxes/","https://kraftboxpack.com/privacy-policy/","Privacy Policy","navigation"
"https://kraftboxpack.com/product/kraft-wax-melt-boxes/","https://kraftboxpack.com/product-category/colored-kraft-boxes/","Colored Kraft Boxes","navigation"
"https://kraftboxpack.com/product/kraft-wax-melt-boxes/","https://kraftboxpack.com/product-category/kraft-gift-specialty-boxes/","Kraft Gift & Specialty Boxes","navigation"
"https://kraftboxpack.com/product/kraft-wax-melt-boxes/","https://kraftboxpack.com/product-category/kraft-packaging-boxes/","Kraft Packaging Boxes","navigation"
"https://kraftboxpack.com/product/kraft-wax-melt-boxes/","https://kraftboxpack.com/product-category/kraft-packaging-boxes/karft-cosmetic-boxes/","Kraft Cosmetic Boxes","navigation"
"https://kraftboxpack.com/product/kraft-wax-melt-boxes/","https://kraftboxpack.com/product-category/kraft-wrapping-accessories/","Kraft Wrapping & Accessories","navigation"
"https://kraftboxpack.com/product/kraft-wax-melt-boxes/","https://kraftboxpack.com/product/kraft-beard-oil-boxes/","Kraft Beard Oil Boxes","related-product"
"https://kraftboxpack.com/product/kraft-wax-melt-boxes/","https://kraftboxpack.com/product/kraft-candle-sleeve-boxes/","Kraft Candle Sleeve Boxes","contextual"
"https://kraftboxpack.com/product/kraft-wax-melt-boxes/","https://kraftboxpack.com/product/kraft-eyelash-packaging-boxes/","Kraft Eyelash Packaging Boxes","related-product"
"https://kraftboxpack.com/product/kraft-wax-melt-boxes/","https://kraftboxpack.com/product/kraft-lip-balm-packaging-boxes/","Kraft Lip Balm Packaging Boxes","product-grid"
"https://kraftboxpack.com/product/kraft-wax-melt-boxes/","https://kraftboxpack.com/product/kraft-makeup-palette-boxes/","Kraft Makeup Palette Boxes","product-grid"
"https://kraftboxpack.com/product/kraft-wax-melt-boxes/","https://kraftboxpack.com/product/kraft-perfume-boxes/","Kraft Perfume Boxes","product-grid"
"https://kraftboxpack.com/product/kraft-wax-melt-boxes/","https://kraftboxpack.com/product/kraft-skincare-boxes/","Kraft Skincare Boxes","product-grid"
"https://kraftboxpack.com/product/kraft-wax-melt-boxes/","https://kraftboxpack.com/product/kraft-soap-sleeve-boxes/","Kraft Soap Sleeve Boxes","product-grid"
"https://kraftboxpack.com/product/kraft-wax-melt-boxes/","https://kraftboxpack.com/products/","Search products","contextual"
"https://kraftboxpack.com/product/kraft-wax-melt-boxes/","https://kraftboxpack.com/refund_returns/","Refund and Returns Policy","navigation"
"https://kraftboxpack.com/product/kraft-wax-melt-boxes/","https://kraftboxpack.com/terms-conditions/","Terms & Conditions","navigation"
"https://kraftboxpack.com/product/large-kraft-gift-boxes/","https://kraftboxpack.com/","","navigation"
"https://kraftboxpack.com/product/large-kraft-gift-boxes/","https://kraftboxpack.com/about-us/","About Us","navigation"
"https://kraftboxpack.com/product/large-kraft-gift-boxes/","https://kraftboxpack.com/contact-us/","Contact Us","navigation"
"https://kraftboxpack.com/product/large-kraft-gift-boxes/","https://kraftboxpack.com/get-a-quote/","Get a Quote","contextual"
"https://kraftboxpack.com/product/large-kraft-gift-boxes/","https://kraftboxpack.com/privacy-policy/","Privacy Policy","navigation"
"https://kraftboxpack.com/product/large-kraft-gift-boxes/","https://kraftboxpack.com/product-category/colored-kraft-boxes/","Colored Kraft Boxes","navigation"
"https://kraftboxpack.com/product/large-kraft-gift-boxes/","https://kraftboxpack.com/product-category/kraft-gift-specialty-boxes/","Kraft Gift & Specialty Boxes","navigation"
"https://kraftboxpack.com/product/large-kraft-gift-boxes/","https://kraftboxpack.com/product-category/kraft-packaging-boxes/","Kraft Packaging Boxes","navigation"
"https://kraftboxpack.com/product/large-kraft-gift-boxes/","https://kraftboxpack.com/product-category/kraft-wrapping-accessories/","Kraft Wrapping & Accessories","navigation"
"https://kraftboxpack.com/product/large-kraft-gift-boxes/","https://kraftboxpack.com/product/kraft-box-with-window/","Kraft Box with Window","related-product"
"https://kraftboxpack.com/product/large-kraft-gift-boxes/","https://kraftboxpack.com/product/kraft-candle-boxes/","Kraft Candle Boxes","contextual"
"https://kraftboxpack.com/product/large-kraft-gift-boxes/","https://kraftboxpack.com/product/kraft-candy-boxes/","Kraft Candy Boxes","product-grid"
"https://kraftboxpack.com/product/large-kraft-gift-boxes/","https://kraftboxpack.com/product/kraft-cupcake-boxes/","Kraft Cupcake Boxes","product-grid"
"https://kraftboxpack.com/product/large-kraft-gift-boxes/","https://kraftboxpack.com/product/kraft-display-boxes/","Kraft Display Boxes","product-grid"
"https://kraftboxpack.com/product/large-kraft-gift-boxes/","https://kraftboxpack.com/product/kraft-gift-boxes-with-lids/","Kraft Gift Boxes With Lids","product-grid"
"https://kraftboxpack.com/product/large-kraft-gift-boxes/","https://kraftboxpack.com/product/mini-kraft-boxes/","Mini Kraft Boxes","related-product"
"https://kraftboxpack.com/product/large-kraft-gift-boxes/","https://kraftboxpack.com/product/small-kraft-boxes/","Small Kraft Boxes","related-product"
"https://kraftboxpack.com/product/large-kraft-gift-boxes/","https://kraftboxpack.com/products/","Search products","contextual"
"https://kraftboxpack.com/product/large-kraft-gift-boxes/","https://kraftboxpack.com/refund_returns/","Refund and Returns Policy","navigation"
"https://kraftboxpack.com/product/large-kraft-gift-boxes/","https://kraftboxpack.com/terms-conditions/","Terms & Conditions","navigation"
"https://kraftboxpack.com/product/mini-kraft-boxes/","https://kraftboxpack.com/","","navigation"
"https://kraftboxpack.com/product/mini-kraft-boxes/","https://kraftboxpack.com/about-us/","About Us","navigation"
"https://kraftboxpack.com/product/mini-kraft-boxes/","https://kraftboxpack.com/contact-us/","Contact Us","navigation"
"https://kraftboxpack.com/product/mini-kraft-boxes/","https://kraftboxpack.com/get-a-quote/","Get a Quote","contextual"
"https://kraftboxpack.com/product/mini-kraft-boxes/","https://kraftboxpack.com/privacy-policy/","Privacy Policy","navigation"
"https://kraftboxpack.com/product/mini-kraft-boxes/","https://kraftboxpack.com/product-category/colored-kraft-boxes/","Colored Kraft Boxes","navigation"
"https://kraftboxpack.com/product/mini-kraft-boxes/","https://kraftboxpack.com/product-category/kraft-gift-specialty-boxes/","Kraft Gift & Specialty Boxes","navigation"
"https://kraftboxpack.com/product/mini-kraft-boxes/","https://kraftboxpack.com/product-category/kraft-packaging-boxes/","Kraft Packaging Boxes","navigation"
"https://kraftboxpack.com/product/mini-kraft-boxes/","https://kraftboxpack.com/product-category/kraft-wrapping-accessories/","Kraft Wrapping & Accessories","navigation"
"https://kraftboxpack.com/product/mini-kraft-boxes/","https://kraftboxpack.com/product/kraft-box-with-window/","Kraft Box with Window","related-product"
"https://kraftboxpack.com/product/mini-kraft-boxes/","https://kraftboxpack.com/product/kraft-candle-boxes/","Kraft Candle Boxes","related-product"
"https://kraftboxpack.com/product/mini-kraft-boxes/","https://kraftboxpack.com/product/kraft-candy-boxes/","Kraft candy Boxes","contextual"
"https://kraftboxpack.com/product/mini-kraft-boxes/","https://kraftboxpack.com/product/kraft-cupcake-boxes/","Kraft Cupcake Boxes","product-grid"
"https://kraftboxpack.com/product/mini-kraft-boxes/","https://kraftboxpack.com/product/kraft-display-boxes/","Kraft Display Boxes","product-grid"
"https://kraftboxpack.com/product/mini-kraft-boxes/","https://kraftboxpack.com/product/kraft-gift-boxes-with-lids/","Kraft Gift Boxes With Lids","product-grid"
"https://kraftboxpack.com/product/mini-kraft-boxes/","https://kraftboxpack.com/product/kraft-jewelry-boxes/","Kraft Jewelry Boxes","product-grid"
"https://kraftboxpack.com/product/mini-kraft-boxes/","https://kraftboxpack.com/product/small-kraft-boxes/","Small Kraft Boxes","related-product"
"https://kraftboxpack.com/product/mini-kraft-boxes/","https://kraftboxpack.com/products/","Search products","contextual"
"https://kraftboxpack.com/product/mini-kraft-boxes/","https://kraftboxpack.com/refund_returns/","Refund and Returns Policy","navigation"
"https://kraftboxpack.com/product/mini-kraft-boxes/","https://kraftboxpack.com/terms-conditions/","Terms & Conditions","navigation"
"https://kraftboxpack.com/product/small-kraft-boxes/","https://kraftboxpack.com/","","navigation"
"https://kraftboxpack.com/product/small-kraft-boxes/","https://kraftboxpack.com/about-us/","About Us","navigation"
"https://kraftboxpack.com/product/small-kraft-boxes/","https://kraftboxpack.com/contact-us/","Contact Us","navigation"
"https://kraftboxpack.com/product/small-kraft-boxes/","https://kraftboxpack.com/get-a-quote/","Get a Quote","contextual"
"https://kraftboxpack.com/product/small-kraft-boxes/","https://kraftboxpack.com/privacy-policy/","Privacy Policy","navigation"
"https://kraftboxpack.com/product/small-kraft-boxes/","https://kraftboxpack.com/product-category/colored-kraft-boxes/","Colored Kraft Boxes","navigation"
"https://kraftboxpack.com/product/small-kraft-boxes/","https://kraftboxpack.com/product-category/kraft-gift-specialty-boxes/","Kraft Gift & Specialty Boxes","navigation"
"https://kraftboxpack.com/product/small-kraft-boxes/","https://kraftboxpack.com/product-category/kraft-packaging-boxes/","Kraft Packaging Boxes","navigation"
"https://kraftboxpack.com/product/small-kraft-boxes/","https://kraftboxpack.com/product-category/kraft-wrapping-accessories/","Kraft Wrapping & Accessories","navigation"
"https://kraftboxpack.com/product/small-kraft-boxes/","https://kraftboxpack.com/product/kraft-box-with-window/","Kraft Box with Window","related-product"
"https://kraftboxpack.com/product/small-kraft-boxes/","https://kraftboxpack.com/product/kraft-candle-boxes/","Kraft Candle Boxes","related-product"
"https://kraftboxpack.com/product/small-kraft-boxes/","https://kraftboxpack.com/product/kraft-candy-boxes/","Kraft Candy Boxes","related-product"
"https://kraftboxpack.com/product/small-kraft-boxes/","https://kraftboxpack.com/product/kraft-cupcake-boxes/","Kraft Cupcake Boxes","contextual"
"https://kraftboxpack.com/product/small-kraft-boxes/","https://kraftboxpack.com/product/kraft-display-boxes/","Kraft Display Boxes","product-grid"
"https://kraftboxpack.com/product/small-kraft-boxes/","https://kraftboxpack.com/product/kraft-gift-boxes-with-lids/","Kraft Gift Boxes With Lids","product-grid"
"https://kraftboxpack.com/product/small-kraft-boxes/","https://kraftboxpack.com/product/kraft-jewelry-boxes/","Kraft Jewelry Boxes","product-grid"
"https://kraftboxpack.com/product/small-kraft-boxes/","https://kraftboxpack.com/product/kraft-necklace-box/","Kraft Necklace Box","product-grid"
"https://kraftboxpack.com/product/small-kraft-boxes/","https://kraftboxpack.com/products/","Search products","contextual"
"https://kraftboxpack.com/product/small-kraft-boxes/","https://kraftboxpack.com/refund_returns/","Refund and Returns Policy","navigation"
"https://kraftboxpack.com/product/small-kraft-boxes/","https://kraftboxpack.com/terms-conditions/","Terms & Conditions","navigation"
"https://kraftboxpack.com/products/","https://kraftboxpack.com/","","navigation"
"https://kraftboxpack.com/products/","https://kraftboxpack.com/about-us/","About Us","navigation"
"https://kraftboxpack.com/products/","https://kraftboxpack.com/contact-us/","Contact Us","navigation"
"https://kraftboxpack.com/products/","https://kraftboxpack.com/get-a-quote/","Get a Quote","product-grid"
"https://kraftboxpack.com/products/","https://kraftboxpack.com/privacy-policy/","Privacy Policy","navigation"
"https://kraftboxpack.com/products/","https://kraftboxpack.com/product-category/colored-kraft-boxes/","Colored Kraft Boxes","navigation"
"https://kraftboxpack.com/products/","https://kraftboxpack.com/product-category/jewelry-accessories-boxes/","Jewelry & Accessories Boxes 5","navigation"
"https://kraftboxpack.com/products/","https://kraftboxpack.com/product-category/kraft-apparel-boxes/","Kraft Apparel Boxes 6","navigation"
"https://kraftboxpack.com/products/","https://kraftboxpack.com/product-category/kraft-art-boxes/","Kraft Art Boxes 7","navigation"
"https://kraftboxpack.com/products/","https://kraftboxpack.com/product-category/kraft-cosmetic-boxes/","Kraft Cosmetic Boxes 2","navigation"
"https://kraftboxpack.com/products/","https://kraftboxpack.com/product-category/kraft-display-packaging/","Kraft Display Packaging 4","navigation"
"https://kraftboxpack.com/products/","https://kraftboxpack.com/product-category/kraft-electronics-boxes/","Kraft Electronics Boxes 6","navigation"
"https://kraftboxpack.com/products/","https://kraftboxpack.com/product-category/kraft-food-packaging/","Kraft Food Packaging 23","navigation"
"https://kraftboxpack.com/products/","https://kraftboxpack.com/product-category/kraft-gift-specialty-boxes/","Kraft Gift & Specialty Boxes","navigation"
"https://kraftboxpack.com/products/","https://kraftboxpack.com/product-category/kraft-gift-specialty-boxes/custom-gift-boxes/","Custom Gift Boxes 25","navigation"
"https://kraftboxpack.com/products/","https://kraftboxpack.com/product-category/kraft-industrial-packaging/","Kraft Industrial Packaging 7","navigation"
"https://kraftboxpack.com/products/","https://kraftboxpack.com/product-category/kraft-luxury-packaging/","Kraft Luxury Packaging 8","navigation"
"https://kraftboxpack.com/products/","https://kraftboxpack.com/product-category/kraft-packaging-boxes/","Kraft Packaging Boxes","navigation"
"https://kraftboxpack.com/products/","https://kraftboxpack.com/product-category/kraft-packaging-boxes/karft-cosmetic-boxes/","Kraft Cosmetic Boxes 9","navigation"
"https://kraftboxpack.com/products/","https://kraftboxpack.com/product-category/kraft-pharma-boxes/","Kraft Pharma boxes 6","navigation"
"https://kraftboxpack.com/products/","https://kraftboxpack.com/product-category/kraft-toy-packaging/","Kraft Toy Packaging 4","navigation"
"https://kraftboxpack.com/products/","https://kraftboxpack.com/product-category/kraft-wrapping-accessories/","Kraft Wrapping & Accessories","navigation"
"https://kraftboxpack.com/products/","https://kraftboxpack.com/product/black-kraft-boxes/","Black Kraft Boxes","product-grid"
"https://kraftboxpack.com/products/","https://kraftboxpack.com/product/brown-kraft-boxes/","Brown Kraft Boxes","product-grid"
"https://kraftboxpack.com/products/","https://kraftboxpack.com/product/colored-kraft-paper/","Colored Kraft Paper","product-grid"
"https://kraftboxpack.com/products/","https://kraftboxpack.com/product/custom-kraft-bags/","Custom Kraft Bags","product-grid"
"https://kraftboxpack.com/products/","https://kraftboxpack.com/product/kraft-apparel-packaging-boxes/","Kraft Apparel Packaging Boxes","product-grid"
"https://kraftboxpack.com/products/","https://kraftboxpack.com/product/kraft-art-supply-packaging/","Kraft Art Supply Packaging","product-grid"
"https://kraftboxpack.com/products/","https://kraftboxpack.com/product/kraft-baby-product-boxes/","Kraft Baby Product Boxes","product-grid"
"https://kraftboxpack.com/products/","https://kraftboxpack.com/product/kraft-badge-packaging-boxes/","Kraft Badge Packaging Boxes","product-grid"
"https://kraftboxpack.com/products/","https://kraftboxpack.com/product/kraft-bakery-bags/","Kraft Bakery Bags","product-grid"
"https://kraftboxpack.com/products/","https://kraftboxpack.com/product/kraft-bakery-boxes/","Kraft Bakery Boxes","product-grid"
"https://kraftboxpack.com/products/","https://kraftboxpack.com/product/kraft-beard-oil-boxes/","Kraft Beard Oil Boxes","product-grid"
"https://kraftboxpack.com/products/","https://kraftboxpack.com/product/kraft-beauty-kit-boxes/","Kraft Beauty Kit Boxes","product-grid"
"https://kraftboxpack.com/products/","https://kraftboxpack.com/product/kraft-belt-packaging-boxes/","Kraft Belt Packaging Boxes","product-grid"
"https://kraftboxpack.com/products/","https://kraftboxpack.com/product/kraft-board-game-packaging-boxes/","Kraft Board Game Packaging Boxes","product-grid"
"https://kraftboxpack.com/products/","https://kraftboxpack.com/product/kraft-bouquet-boxes/","Kraft Bouquet Boxes","product-grid"
"https://kraftboxpack.com/products/","https://kraftboxpack.com/product/kraft-box-with-window/","Kraft Box with Window","product-grid"
"https://kraftboxpack.com/products/","https://kraftboxpack.com/product/kraft-boxes-for-gifts/","Kraft Boxes For Gifts","product-grid"
"https://kraftboxpack.com/products/","https://kraftboxpack.com/product/kraft-boxes-with-lid/","Kraft Boxes With Lid","product-grid"
"https://kraftboxpack.com/products/","https://kraftboxpack.com/product/kraft-bracelet-packaging-boxes/","Kraft Bracelet Packaging Boxes","product-grid"
"https://kraftboxpack.com/products/","https://kraftboxpack.com/product/kraft-brochure-packaging-boxes/","Kraft Brochure Packaging Boxes","product-grid"
"https://kraftboxpack.com/products/","https://kraftboxpack.com/product/kraft-brownie-packaging-boxes/","Kraft Brownie Packaging Boxes","product-grid"
"https://kraftboxpack.com/products/","https://kraftboxpack.com/product/kraft-bulk-shipping-crates/","Kraft Bulk Shipping Crates","product-grid"
"https://kraftboxpack.com/products/","https://kraftboxpack.com/product/kraft-cake-boxes/","Kraft Cake Boxes","product-grid"
"https://kraftboxpack.com/products/","https://kraftboxpack.com/product/kraft-calendar-boxes/","Kraft Calendar Boxes","product-grid"
"https://kraftboxpack.com/products/","https://kraftboxpack.com/product/kraft-candle-boxes/","Kraft Candle Boxes","product-grid"
"https://kraftboxpack.com/products/","https://kraftboxpack.com/product/kraft-candle-sleeve-boxes/","Kraft Candle Sleeve Boxes","product-grid"
"https://kraftboxpack.com/products/","https://kraftboxpack.com/product/kraft-candy-boxes/","Kraft Candy Boxes","product-grid"
"https://kraftboxpack.com/products/","https://kraftboxpack.com/product/kraft-candy-favor-boxes/","Kraft Candy Favor Boxes","product-grid"
"https://kraftboxpack.com/products/","https://kraftboxpack.com/product/kraft-cardboard-boxes/","Kraft Cardboard Boxes","product-grid"
"https://kraftboxpack.com/products/","https://kraftboxpack.com/product/kraft-cd-dvd-packaging/","Kraft CD/DVD Packaging","product-grid"
"https://kraftboxpack.com/products/","https://kraftboxpack.com/product/kraft-certificate-boxes/","Kraft Certificate Boxes","product-grid"
"https://kraftboxpack.com/products/","https://kraftboxpack.com/product/kraft-chemical-safe-boxes/","Kraft Chemical Safe Boxes","product-grid"
"https://kraftboxpack.com/products/","https://kraftboxpack.com/product/kraft-chocolate-packaging-boxes/","Kraft Chocolate Packaging Boxes","product-grid"
"https://kraftboxpack.com/products/","https://kraftboxpack.com/product/kraft-coffee-packaging-boxes/","No image Kraft Coffee Packaging Boxes","product-grid"
"https://kraftboxpack.com/products/","https://kraftboxpack.com/product/kraft-cookie-boxes/","Kraft Cookie Boxes","product-grid"
"https://kraftboxpack.com/products/","https://kraftboxpack.com/product/kraft-corrugated-boxes/","Kraft Corrugated Boxes","product-grid"
"https://kraftboxpack.com/products/","https://kraftboxpack.com/product/kraft-cupcake-boxes/","Kraft Cupcake Boxes","product-grid"
"https://kraftboxpack.com/products/","https://kraftboxpack.com/product/kraft-cylindrical-boxes/","No image Kraft Cylindrical Boxes","product-grid"
"https://kraftboxpack.com/products/","https://kraftboxpack.com/product/kraft-dispenser-boxes/","Kraft Dispenser Boxes","product-grid"
"https://kraftboxpack.com/products/","https://kraftboxpack.com/product/kraft-display-boxes/","Kraft Display Boxes","product-grid"
"https://kraftboxpack.com/products/","https://kraftboxpack.com/product/kraft-document-mailers/","Kraft Document Mailers","product-grid"
"https://kraftboxpack.com/products/","https://kraftboxpack.com/product/kraft-donut-packaging-boxes/","Kraft Donut Packaging Boxes","product-grid"
"https://kraftboxpack.com/products/","https://kraftboxpack.com/product/kraft-drawer-boxes/","Kraft Drawer Boxes","product-grid"
"https://kraftboxpack.com/products/","https://kraftboxpack.com/product/kraft-drawer-gift-boxes/","Kraft Drawer Gift Boxes","product-grid"
"https://kraftboxpack.com/products/","https://kraftboxpack.com/product/kraft-earring-packaging-boxes/","Kraft Earring Packaging Boxes","product-grid"
"https://kraftboxpack.com/products/","https://kraftboxpack.com/product/kraft-eco-friendly-compostable-boxes/","Kraft Eco Friendly Compostable Boxes","product-grid"
"https://kraftboxpack.com/products/","https://kraftboxpack.com/product/kraft-egg-cartons/","Kraft Egg Cartons","product-grid"
"https://kraftboxpack.com/products/","https://kraftboxpack.com/product/kraft-event-favor-boxes/","Kraft Event Favor Boxes","product-grid"
"https://kraftboxpack.com/products/","https://kraftboxpack.com/product/kraft-eyelash-packaging-boxes/","Kraft Eyelash Packaging Boxes","product-grid"
"https://kraftboxpack.com/products/","https://kraftboxpack.com/product/kraft-favor-boxes/","Kraft Favor Boxes","product-grid"
"https://kraftboxpack.com/products/","https://kraftboxpack.com/product/kraft-first-aid-kit-boxes/","Kraft First Aid Kit Boxes","product-grid"
"https://kraftboxpack.com/products/","https://kraftboxpack.com/product/kraft-flip-top-rigid-boxes/","Kraft Flip Top Rigid Boxes","product-grid"
"https://kraftboxpack.com/products/","https://kraftboxpack.com/product/kraft-flower-boxes/","Kraft Flower Boxes","product-grid"
"https://kraftboxpack.com/products/","https://kraftboxpack.com/product/kraft-food-boxes/","Kraft Food Boxes","product-grid"
"https://kraftboxpack.com/products/","https://kraftboxpack.com/product/kraft-frozen-food-boxes/","Kraft Frozen Food Boxes","product-grid"
"https://kraftboxpack.com/products/","https://kraftboxpack.com/product/kraft-fruit-packaging-boxes/","Kraft Fruit Packaging Boxes","product-grid"
"https://kraftboxpack.com/products/","https://kraftboxpack.com/product/kraft-gable-boxes/","Kraft Gable Boxes","product-grid"
"https://kraftboxpack.com/products/","https://kraftboxpack.com/product/kraft-gift-boxes-with-lids/","Kraft Gift Boxes With Lids","product-grid"
"https://kraftboxpack.com/products/","https://kraftboxpack.com/product/kraft-gift-card-boxes/","Kraft Gift Card Boxes","product-grid"
"https://kraftboxpack.com/products/","https://kraftboxpack.com/product/kraft-gift-hamper-boxes/","Kraft Gift Hamper Boxes","product-grid"
"https://kraftboxpack.com/products/","https://kraftboxpack.com/product/kraft-giveaway-packaging-boxes/","Kraft Giveaway Packaging Boxes","product-grid"
"https://kraftboxpack.com/products/","https://kraftboxpack.com/product/kraft-granola-bar-boxes/","Kraft Granola Bar Boxes","product-grid"
"https://kraftboxpack.com/products/","https://kraftboxpack.com/product/kraft-hanging-display-boxes/","Kraft Hanging Display Boxes","product-grid"
"https://kraftboxpack.com/products/","https://kraftboxpack.com/product/kraft-heart-shaped-boxes/","Kraft Heart Shaped Boxes","product-grid"
"https://kraftboxpack.com/products/","https://kraftboxpack.com/product/kraft-heavy-duty-storage-boxes/","Kraft Heavy Duty Storage Boxes","product-grid"
"https://kraftboxpack.com/products/","https://kraftboxpack.com/product/kraft-hexagon-boxes/","Kraft Hexagon Boxes","product-grid"
"https://kraftboxpack.com/products/","https://kraftboxpack.com/product/kraft-industrial-parts-boxes/","Kraft Industrial Parts Boxes","product-grid"
"https://kraftboxpack.com/products/","https://kraftboxpack.com/product/kraft-influencer-boxes/","Kraft Influencer Boxes","product-grid"
"https://kraftboxpack.com/products/","https://kraftboxpack.com/product/kraft-insulated-cold-boxes/","Kraft Insulated Cold Boxes","product-grid"
"https://kraftboxpack.com/products/","https://kraftboxpack.com/product/kraft-invitation-boxes/","Kraft Invitation Boxes","product-grid"
"https://kraftboxpack.com/products/","https://kraftboxpack.com/product/kraft-jewelry-boxes/","Kraft Jewelry Boxes","product-grid"
"https://kraftboxpack.com/products/","https://kraftboxpack.com/product/kraft-jewelry-insert-boxes/","Kraft Jewelry Insert Boxes","product-grid"
"https://kraftboxpack.com/products/","https://kraftboxpack.com/product/kraft-juice-bottle-carriers/","Kraft Juice Bottle Carriers","product-grid"
"https://kraftboxpack.com/products/","https://kraftboxpack.com/product/kraft-keychain-packaging-boxes/","Kraft Keychain Packaging Boxes","product-grid"
"https://kraftboxpack.com/products/","https://kraftboxpack.com/product/kraft-lid-base-rigid-boxes/","Kraft Lid & Base Rigid Boxes","product-grid"
"https://kraftboxpack.com/products/","https://kraftboxpack.com/product/kraft-lip-balm-packaging-boxes/","Kraft Lip Balm Packaging Boxes","product-grid"
"https://kraftboxpack.com/products/","https://kraftboxpack.com/product/kraft-liquor-gift-boxes/","Kraft Liquor Gift Boxes","product-grid"
"https://kraftboxpack.com/products/","https://kraftboxpack.com/product/kraft-luxury-magnet-boxes/","Kraft Luxury Magnet Boxes","product-grid"
"https://kraftboxpack.com/products/","https://kraftboxpack.com/product/kraft-macaron-packaging-boxes/","Kraft Macaron Packaging Boxes","product-grid"
"https://kraftboxpack.com/products/","https://kraftboxpack.com/product/kraft-magnetic-closure-boxes/","Kraft Magnetic Closure Boxes","product-grid"
"https://kraftboxpack.com/products/","https://kraftboxpack.com/product/kraft-mailer-boxes/","Kraft Mailer Boxes","product-grid"
"https://kraftboxpack.com/products/","https://kraftboxpack.com/product/kraft-makeup-palette-boxes/","Kraft Makeup Palette Boxes","product-grid"
"https://kraftboxpack.com/products/","https://kraftboxpack.com/product/kraft-marketing-kit-boxes/","Kraft Marketing Kit Boxes","product-grid"
"https://kraftboxpack.com/products/","https://kraftboxpack.com/product/kraft-mascara-boxes/","Kraft Mascara Boxes","product-grid"
"https://kraftboxpack.com/products/","https://kraftboxpack.com/product/kraft-meat-packaging-boxes/","Kraft Meat Packaging Boxes","product-grid"
"https://kraftboxpack.com/products/","https://kraftboxpack.com/product/kraft-medicine-packaging-boxes/","Kraft Medicine Packaging Boxes","product-grid"
"https://kraftboxpack.com/products/","https://kraftboxpack.com/product/kraft-milk-bottle-carriers/","Kraft Milk Bottle Carriers","product-grid"
"https://kraftboxpack.com/products/","https://kraftboxpack.com/product/kraft-minimalist-boxes/","Kraft Minimalist Boxes","product-grid"
"https://kraftboxpack.com/products/","https://kraftboxpack.com/product/kraft-muffin-packaging-boxes/","Kraft Muffin Packaging Boxes","product-grid"
"https://kraftboxpack.com/products/","https://kraftboxpack.com/product/kraft-necklace-box/","Kraft Necklace Box","product-grid"
"https://kraftboxpack.com/products/","https://kraftboxpack.com/product/kraft-noodle-packaging-boxes/","Kraft Noodle Packaging Boxes","product-grid"
"https://kraftboxpack.com/products/","https://kraftboxpack.com/product/kraft-notebook-packaging/","Kraft Notebook Packaging","product-grid"
"https://kraftboxpack.com/products/","https://kraftboxpack.com/product/kraft-octagon-boxes/","Kraft Octagon Boxes","product-grid"
"https://kraftboxpack.com/products/","https://kraftboxpack.com/product/kraft-paper-boxes/","Kraft Paper Boxes","product-grid"
"https://kraftboxpack.com/products/","https://kraftboxpack.com/product/kraft-paper-dispenser-boxes/","Kraft Paper Dispenser Boxes","product-grid"
"https://kraftboxpack.com/products/","https://kraftboxpack.com/product/kraft-paper-gift-boxes/","Kraft Paper Gift Boxes","product-grid"
"https://kraftboxpack.com/products/","https://kraftboxpack.com/product/kraft-paper-gift-wrapping/","Kraft Paper Gift Wrapping","product-grid"
"https://kraftboxpack.com/products/","https://kraftboxpack.com/product/kraft-paper-packaging/","Kraft Paper Packaging","product-grid"
"https://kraftboxpack.com/products/","https://kraftboxpack.com/product/kraft-paper-treat-bags/","Kraft Paper Treat Bags","product-grid"
"https://kraftboxpack.com/products/","https://kraftboxpack.com/product/kraft-paperboard-boxes/","Kraft Paperboard Boxes","product-grid"
"https://kraftboxpack.com/products/","https://kraftboxpack.com/product/kraft-pastry-boxes/","Kraft Pastry Boxes","product-grid"
"https://kraftboxpack.com/products/","https://kraftboxpack.com/product/kraft-pen-packaging-boxes/","Kraft Pen Packaging Boxes","product-grid"
"https://kraftboxpack.com/products/","https://kraftboxpack.com/product/kraft-pencil-packaging-boxes/","Kraft Pencil Packaging Boxes","product-grid"
"https://kraftboxpack.com/products/","https://kraftboxpack.com/product/kraft-perfume-boxes/","Kraft Perfume Boxes","product-grid"
"https://kraftboxpack.com/products/","https://kraftboxpack.com/product/kraft-photo-frame-boxes/","Kraft Photo Frame Boxes","product-grid"
"https://kraftboxpack.com/products/","https://kraftboxpack.com/product/kraft-pillow-boxes/","Kraft Pillow Boxes","product-grid"
"https://kraftboxpack.com/products/","https://kraftboxpack.com/product/kraft-pillow-gift-boxes/","Kraft Pillow Gift Boxes","product-grid"
"https://kraftboxpack.com/products/","https://kraftboxpack.com/product/kraft-pizza-boxes/","Kraft Pizza Boxes","product-grid"
"https://kraftboxpack.com/products/","https://kraftboxpack.com/product/kraft-pop-display-boxes/","Kraft POP Display Boxes","product-grid"
"https://kraftboxpack.com/products/","https://kraftboxpack.com/product/kraft-popcorn-packaging-boxes/","Kraft Popcorn Packaging Boxes","product-grid"
"https://kraftboxpack.com/products/","https://kraftboxpack.com/product/kraft-ppe-packaging-boxes/","Kraft PPE Packaging Boxes","product-grid"
"https://kraftboxpack.com/products/","https://kraftboxpack.com/product/kraft-pr-packaging-boxes/","Kraft PR Packaging Boxes","product-grid"
"https://kraftboxpack.com/products/","https://kraftboxpack.com/product/kraft-promotional-boxes/","Kraft Promotional Boxes","product-grid"
"https://kraftboxpack.com/products/","https://kraftboxpack.com/product/kraft-puzzle-packaging-boxes/","Kraft Puzzle Packaging Boxes","product-grid"
"https://kraftboxpack.com/products/","https://kraftboxpack.com/product/kraft-pyramid-boxes/","Kraft Pyramid Boxes","product-grid"
"https://kraftboxpack.com/products/","https://kraftboxpack.com/product/kraft-rectangular-gift-boxes/","Kraft Rectangular Gift Boxes","product-grid"
"https://kraftboxpack.com/products/","https://kraftboxpack.com/product/kraft-recycled-kraft-boxes/","Kraft Recycled Kraft Boxes","product-grid"
"https://kraftboxpack.com/products/","https://kraftboxpack.com/product/kraft-retail-display-trays/","Kraft Retail Display Trays","product-grid"
"https://kraftboxpack.com/products/","https://kraftboxpack.com/product/kraft-ribbon-closure-boxes/","Kraft Ribbon Closure Boxes","product-grid"
"https://kraftboxpack.com/products/","https://kraftboxpack.com/product/kraft-rigid-boxes/","Kraft Rigid Boxes","product-grid"
"https://kraftboxpack.com/products/","https://kraftboxpack.com/product/kraft-ring-packaging-boxes/","Kraft Ring Packaging Boxes","product-grid"
"https://kraftboxpack.com/products/","https://kraftboxpack.com/product/kraft-round-boxes/","Kraft Round Boxes","product-grid"
"https://kraftboxpack.com/products/","https://kraftboxpack.com/product/kraft-round-gift-containers/","Kraft Round Gift Containers","product-grid"
"https://kraftboxpack.com/products/","https://kraftboxpack.com/product/kraft-salad-boxes/","Kraft Salad Boxes","product-grid"
"https://kraftboxpack.com/products/","https://kraftboxpack.com/product/kraft-sandwich-wedge-boxes/","Kraft Sandwich Wedge Boxes","product-grid"
"https://kraftboxpack.com/products/","https://kraftboxpack.com/product/kraft-scarf-boxes/","Kraft Scarf Boxes","product-grid"
"https://kraftboxpack.com/products/","https://kraftboxpack.com/product/kraft-seafood-boxes/","Kraft Seafood Boxes","product-grid"
"https://kraftboxpack.com/products/","https://kraftboxpack.com/product/kraft-shelf-ready-packaging/","Kraft Shelf Ready Packaging","product-grid"
"https://kraftboxpack.com/products/","https://kraftboxpack.com/product/kraft-shipping-boxes/","Kraft Shipping Boxes","product-grid"
"https://kraftboxpack.com/products/","https://kraftboxpack.com/product/kraft-shoe-boxes/","Kraft Shoe Boxes","product-grid"
"https://kraftboxpack.com/products/","https://kraftboxpack.com/product/kraft-shoulder-boxes/","Kraft Shoulder Boxes","product-grid"
"https://kraftboxpack.com/products/","https://kraftboxpack.com/product/kraft-skincare-boxes/","Kraft Skincare Boxes","product-grid"
"https://kraftboxpack.com/products/","https://kraftboxpack.com/product/kraft-snack-packaging-boxes/","Kraft Snack Packaging Boxes","product-grid"
"https://kraftboxpack.com/products/","https://kraftboxpack.com/product/kraft-soap-sleeve-boxes/","Kraft Soap Sleeve Boxes","product-grid"
"https://kraftboxpack.com/products/","https://kraftboxpack.com/product/kraft-sock-packaging-boxes/","Kraft Sock Packaging Boxes","product-grid"
"https://kraftboxpack.com/products/","https://kraftboxpack.com/product/kraft-square-gift-boxes/","Kraft Square Gift Boxes","product-grid"
"https://kraftboxpack.com/products/","https://kraftboxpack.com/product/kraft-stationery-boxes/","Kraft Stationery Boxes","product-grid"
"https://kraftboxpack.com/products/","https://kraftboxpack.com/product/kraft-storage-boxes/","Kraft Storage Boxes","product-grid"
"https://kraftboxpack.com/products/","https://kraftboxpack.com/product/kraft-subscription-boxes/","Kraft Subscription Boxes","product-grid"
"https://kraftboxpack.com/products/","https://kraftboxpack.com/product/kraft-supplement-boxes/","Kraft Supplement Boxes","product-grid"
"https://kraftboxpack.com/products/","https://kraftboxpack.com/product/kraft-sushi-packaging-boxes/","Kraft Sushi Packaging Boxes","product-grid"
"https://kraftboxpack.com/products/","https://kraftboxpack.com/product/kraft-syrup-packaging-boxes/","Kraft Syrup Packaging Boxes","product-grid"
"https://kraftboxpack.com/products/","https://kraftboxpack.com/product/kraft-t-shirt-boxes/","Kraft T Shirt Boxes","product-grid"
"https://kraftboxpack.com/products/","https://kraftboxpack.com/product/kraft-take-out-boxes/","Kraft Take Out Boxes","product-grid"
"https://kraftboxpack.com/products/","https://kraftboxpack.com/product/kraft-tea-packaging-boxes/","Kraft Tea Packaging Boxes","product-grid"
"https://kraftboxpack.com/products/","https://kraftboxpack.com/product/kraft-thermal-kraft-boxes/","Kraft Thermal Kraft Boxes","product-grid"
"https://kraftboxpack.com/products/","https://kraftboxpack.com/product/kraft-toy-packaging-boxes/","Kraft Toy Packaging Boxes","product-grid"
"https://kraftboxpack.com/products/","https://kraftboxpack.com/product/kraft-treat-boxes/","Kraft Treat Boxes","product-grid"
"https://kraftboxpack.com/products/","https://kraftboxpack.com/product/kraft-triangle-boxes/","Kraft Triangle Boxes","product-grid"
"https://kraftboxpack.com/products/","https://kraftboxpack.com/product/kraft-tube-packaging/","Kraft Tube Packaging","product-grid"
"https://kraftboxpack.com/products/","https://kraftboxpack.com/product/kraft-underwear-packaging-boxes/","Kraft Underwear Packaging Boxes","product-grid"
"https://kraftboxpack.com/products/","https://kraftboxpack.com/product/kraft-vegetable-packaging-boxes/","Kraft Vegetable Packaging Boxes","product-grid"
"https://kraftboxpack.com/products/","https://kraftboxpack.com/product/kraft-vitamin-packaging-boxes/","Kraft Vitamin Packaging Boxes","product-grid"
"https://kraftboxpack.com/products/","https://kraftboxpack.com/product/kraft-watch-packaging-boxes/","Kraft Watch Packaging Boxes","product-grid"
"https://kraftboxpack.com/products/","https://kraftboxpack.com/product/kraft-wax-melt-boxes/","Kraft Wax Melt Boxes","product-grid"
"https://kraftboxpack.com/products/","https://kraftboxpack.com/product/large-kraft-gift-boxes/","Large Kraft Gift Boxes","product-grid"
"https://kraftboxpack.com/products/","https://kraftboxpack.com/product/mini-kraft-boxes/","Mini Kraft Boxes","product-grid"
"https://kraftboxpack.com/products/","https://kraftboxpack.com/product/small-kraft-boxes/","Small Kraft Boxes","product-grid"
"https://kraftboxpack.com/products/","https://kraftboxpack.com/products/","Search products","contextual"
"https://kraftboxpack.com/products/","https://kraftboxpack.com/refund_returns/","Refund and Returns Policy","navigation"
"https://kraftboxpack.com/products/","https://kraftboxpack.com/terms-conditions/","Terms & Conditions","navigation"
"https://kraftboxpack.com/refund_returns/","https://kraftboxpack.com/","","navigation"
"https://kraftboxpack.com/refund_returns/","https://kraftboxpack.com/about-us/","About Us","navigation"
"https://kraftboxpack.com/refund_returns/","https://kraftboxpack.com/contact-us/","Contact Us","navigation"
"https://kraftboxpack.com/refund_returns/","https://kraftboxpack.com/privacy-policy/","Privacy Policy","navigation"
"https://kraftboxpack.com/refund_returns/","https://kraftboxpack.com/product-category/colored-kraft-boxes/","Colored Kraft Boxes","navigation"
"https://kraftboxpack.com/refund_returns/","https://kraftboxpack.com/product-category/kraft-gift-specialty-boxes/","Kraft Gift & Specialty Boxes","navigation"
"https://kraftboxpack.com/refund_returns/","https://kraftboxpack.com/product-category/kraft-packaging-boxes/","Kraft Packaging Boxes","navigation"
"https://kraftboxpack.com/refund_returns/","https://kraftboxpack.com/product-category/kraft-wrapping-accessories/","Kraft Wrapping & Accessories","navigation"
"https://kraftboxpack.com/refund_returns/","https://kraftboxpack.com/products/","Search products","contextual"
"https://kraftboxpack.com/refund_returns/","https://kraftboxpack.com/refund_returns/","Refund and Returns Policy","navigation"
"https://kraftboxpack.com/refund_returns/","https://kraftboxpack.com/terms-conditions/","Terms & Conditions","navigation"
"https://kraftboxpack.com/terms-conditions/","https://kraftboxpack.com/","","navigation"
"https://kraftboxpack.com/terms-conditions/","https://kraftboxpack.com/about-us/","About Us","navigation"
"https://kraftboxpack.com/terms-conditions/","https://kraftboxpack.com/contact-us/","Contact Us","navigation"
"https://kraftboxpack.com/terms-conditions/","https://kraftboxpack.com/privacy-policy/","Privacy Policy","navigation"
"https://kraftboxpack.com/terms-conditions/","https://kraftboxpack.com/product-category/colored-kraft-boxes/","Colored Kraft Boxes","navigation"
"https://kraftboxpack.com/terms-conditions/","https://kraftboxpack.com/product-category/kraft-gift-specialty-boxes/","Kraft Gift & Specialty Boxes","navigation"
"https://kraftboxpack.com/terms-conditions/","https://kraftboxpack.com/product-category/kraft-packaging-boxes/","Kraft Packaging Boxes","navigation"
"https://kraftboxpack.com/terms-conditions/","https://kraftboxpack.com/product-category/kraft-wrapping-accessories/","Kraft Wrapping & Accessories","navigation"
"https://kraftboxpack.com/terms-conditions/","https://kraftboxpack.com/products/","Search products","contextual"
"https://kraftboxpack.com/terms-conditions/","https://kraftboxpack.com/refund_returns/","Refund and Returns Policy","navigation"
"https://kraftboxpack.com/terms-conditions/","https://kraftboxpack.com/terms-conditions/","Terms & Conditions","navigation"
"https://kraftboxpack.com/thank-you/","https://kraftboxpack.com/","","navigation"
"https://kraftboxpack.com/thank-you/","https://kraftboxpack.com/about-us/","About Us","navigation"
"https://kraftboxpack.com/thank-you/","https://kraftboxpack.com/contact-us/","Contact Us","navigation"
"https://kraftboxpack.com/thank-you/","https://kraftboxpack.com/privacy-policy/","Privacy Policy","navigation"
"https://kraftboxpack.com/thank-you/","https://kraftboxpack.com/product-category/colored-kraft-boxes/","Colored Kraft Boxes","navigation"
"https://kraftboxpack.com/thank-you/","https://kraftboxpack.com/product-category/kraft-gift-specialty-boxes/","Kraft Gift & Specialty Boxes","navigation"
"https://kraftboxpack.com/thank-you/","https://kraftboxpack.com/product-category/kraft-packaging-boxes/","Kraft Packaging Boxes","navigation"
"https://kraftboxpack.com/thank-you/","https://kraftboxpack.com/product-category/kraft-wrapping-accessories/","Kraft Wrapping & Accessories","navigation"
"https://kraftboxpack.com/thank-you/","https://kraftboxpack.com/products/","Search products","contextual"
"https://kraftboxpack.com/thank-you/","https://kraftboxpack.com/refund_returns/","Refund and Returns Policy","navigation"
"https://kraftboxpack.com/thank-you/","https://kraftboxpack.com/terms-conditions/","Terms & Conditions","navigation"
