source_url,destination_url,anchor_text,link_type
https://kraftboxpack.com/,https://kraftboxpack.com,,navigation
https://kraftboxpack.com/,https://kraftboxpack.com/,Home,navigation
https://kraftboxpack.com/,https://kraftboxpack.com/product-category/colored-kraft-boxes/,Colored Kraft Boxes,navigation
https://kraftboxpack.com/,https://kraftboxpack.com/product-category/kraft-gift-specialty-boxes/,Kraft Gift & Specialty Boxes,navigation
https://kraftboxpack.com/,https://kraftboxpack.com/product-category/kraft-packaging-boxes/,Kraft Packaging Boxes,navigation
https://kraftboxpack.com/,https://kraftboxpack.com/product-category/kraft-wrapping-accessories/,Kraft Wrapping & Accessories,navigation
https://kraftboxpack.com/,https://kraftboxpack.com/product/kraft-thermal-kraft-boxes/,,product-grid
https://kraftboxpack.com/,https://kraftboxpack.com/product/kraft-thermal-kraft-boxes/,Kraft Thermal Kraft Boxes,product-grid
https://kraftboxpack.com/,https://kraftboxpack.com/?add-to-cart=3095,Add to cart,product-grid
https://kraftboxpack.com/,https://kraftboxpack.com/product/kraft-beard-oil-boxes/,,product-grid
https://kraftboxpack.com/,https://kraftboxpack.com/product/kraft-beard-oil-boxes/,Kraft Beard Oil Boxes,product-grid
https://kraftboxpack.com/,https://kraftboxpack.com/?add-to-cart=3174,Add to cart,product-grid
https://kraftboxpack.com/,https://kraftboxpack.com/product/kraft-lip-balm-packaging-boxes/,,product-grid
https://kraftboxpack.com/,https://kraftboxpack.com/product/kraft-lip-balm-packaging-boxes/,Kraft Lip Balm Packaging Boxes,product-grid
https://kraftboxpack.com/,https://kraftboxpack.com/?add-to-cart=3172,Add to cart,product-grid
https://kraftboxpack.com/,https://kraftboxpack.com/product/kraft-soap-sleeve-boxes/,,product-grid
https://kraftboxpack.com/,https://kraftboxpack.com/product/kraft-soap-sleeve-boxes/,Kraft Soap Sleeve Boxes,product-grid
https://kraftboxpack.com/,https://kraftboxpack.com/?add-to-cart=3171,Add to cart,product-grid
https://kraftboxpack.com/,https://kraftboxpack.com/product/kraft-wax-melt-boxes/,,product-grid
https://kraftboxpack.com/,https://kraftboxpack.com/product/kraft-wax-melt-boxes/,Kraft Wax Melt Boxes,product-grid
https://kraftboxpack.com/,https://kraftboxpack.com/?add-to-cart=3169,Add to cart,product-grid
https://kraftboxpack.com/,https://kraftboxpack.com/product/kraft-candle-sleeve-boxes/,,product-grid
https://kraftboxpack.com/,https://kraftboxpack.com/product/kraft-candle-sleeve-boxes/,Kraft Candle Sleeve Boxes,product-grid
https://kraftboxpack.com/,https://kraftboxpack.com/?add-to-cart=3168,Add to cart,product-grid
https://kraftboxpack.com/,https://kraftboxpack.com/product/kraft-makeup-palette-boxes/,,product-grid
https://kraftboxpack.com/,https://kraftboxpack.com/product/kraft-makeup-palette-boxes/,Kraft Makeup Palette Boxes,product-grid
https://kraftboxpack.com/,https://kraftboxpack.com/?add-to-cart=3166,Add to cart,product-grid
https://kraftboxpack.com/,https://kraftboxpack.com/product/kraft-skincare-boxes/,,product-grid
https://kraftboxpack.com/,https://kraftboxpack.com/product/kraft-skincare-boxes/,Kraft Skincare Boxes,product-grid
https://kraftboxpack.com/,https://kraftboxpack.com/?add-to-cart=3163,Add to cart,product-grid
https://kraftboxpack.com/,https://kraftboxpack.com/product/kraft-perfume-boxes/,,product-grid
https://kraftboxpack.com/,https://kraftboxpack.com/product/kraft-perfume-boxes/,Kraft Perfume Boxes,product-grid
https://kraftboxpack.com/,https://kraftboxpack.com/?add-to-cart=3162,Add to cart,product-grid
https://kraftboxpack.com/,https://kraftboxpack.com/product/kraft-subscription-boxes/,,product-grid
https://kraftboxpack.com/,https://kraftboxpack.com/product/kraft-subscription-boxes/,Kraft Subscription Boxes,product-grid
https://kraftboxpack.com/,https://kraftboxpack.com/?add-to-cart=3144,Add to cart,product-grid
https://kraftboxpack.com/,https://kraftboxpack.com/product/kraft-pr-packaging-boxes/,,product-grid
https://kraftboxpack.com/,https://kraftboxpack.com/product/kraft-pr-packaging-boxes/,Kraft PR Packaging Boxes,product-grid
https://kraftboxpack.com/,https://kraftboxpack.com/?add-to-cart=3145,Add to cart,product-grid
https://kraftboxpack.com/,https://kraftboxpack.com/product/kraft-bouquet-boxes/,,product-grid
https://kraftboxpack.com/,https://kraftboxpack.com/product/kraft-bouquet-boxes/,Kraft Bouquet Boxes,product-grid
https://kraftboxpack.com/,https://kraftboxpack.com/?add-to-cart=3143,Add to cart,product-grid
https://kraftboxpack.com/,https://kraftboxpack.com/product/kraft-candy-favor-boxes/,,product-grid
https://kraftboxpack.com/,https://kraftboxpack.com/product/kraft-candy-favor-boxes/,Kraft Candy Favor Boxes,product-grid
https://kraftboxpack.com/,https://kraftboxpack.com/?add-to-cart=3141,Add to cart,product-grid
https://kraftboxpack.com/,https://kraftboxpack.com/product/kraft-marketing-kit-boxes/,,product-grid
https://kraftboxpack.com/,https://kraftboxpack.com/product/kraft-marketing-kit-boxes/,Kraft Marketing Kit Boxes,product-grid
https://kraftboxpack.com/,https://kraftboxpack.com/?add-to-cart=3138,Add to cart,product-grid
https://kraftboxpack.com/,https://kraftboxpack.com/product/kraft-promotional-boxes/,,product-grid
https://kraftboxpack.com/,https://kraftboxpack.com/product/kraft-promotional-boxes/,Kraft Promotional Boxes,product-grid
https://kraftboxpack.com/,https://kraftboxpack.com/?add-to-cart=3137,Add to cart,product-grid
https://kraftboxpack.com/,https://kraftboxpack.com/product/kraft-invitation-boxes/,,product-grid
https://kraftboxpack.com/,https://kraftboxpack.com/product/kraft-invitation-boxes/,Kraft Invitation Boxes,product-grid
https://kraftboxpack.com/,https://kraftboxpack.com/?add-to-cart=3133,Add to cart,product-grid
https://kraftboxpack.com/,https://kraftboxpack.com/product/kraft-round-gift-containers/,,product-grid
https://kraftboxpack.com/,https://kraftboxpack.com/product/kraft-round-gift-containers/,Kraft Round Gift Containers,product-grid
https://kraftboxpack.com/,https://kraftboxpack.com/?add-to-cart=3132,Add to cart,product-grid
https://kraftboxpack.com/,https://kraftboxpack.com/product/kraft-rectangular-gift-boxes/,,product-grid
https://kraftboxpack.com/,https://kraftboxpack.com/product/kraft-rectangular-gift-boxes/,Kraft Rectangular Gift Boxes,product-grid
https://kraftboxpack.com/,https://kraftboxpack.com/?add-to-cart=3131,Add to cart,product-grid
https://kraftboxpack.com/,https://kraftboxpack.com/product/kraft-square-gift-boxes/,,product-grid
https://kraftboxpack.com/,https://kraftboxpack.com/product/kraft-square-gift-boxes/,Kraft Square Gift Boxes,product-grid
https://kraftboxpack.com/,https://kraftboxpack.com/?add-to-cart=3130,Add to cart,product-grid
https://kraftboxpack.com/,https://kraftboxpack.com/product/kraft-pillow-gift-boxes/,,product-grid
https://kraftboxpack.com/,https://kraftboxpack.com/product/kraft-pillow-gift-boxes/,Kraft Pillow Gift Boxes,product-grid
https://kraftboxpack.com/,https://kraftboxpack.com/?add-to-cart=3129,Add to cart,product-grid
https://kraftboxpack.com/,https://kraftboxpack.com/product/kraft-ribbon-closure-boxes/,,product-grid
https://kraftboxpack.com/,https://kraftboxpack.com/product/kraft-ribbon-closure-boxes/,Kraft Ribbon Closure Boxes,product-grid
https://kraftboxpack.com/,https://kraftboxpack.com/?add-to-cart=3127,Add to cart,product-grid
https://kraftboxpack.com/,https://kraftboxpack.com/product/kraft-shoulder-boxes/,,product-grid
https://kraftboxpack.com/,https://kraftboxpack.com/product/kraft-shoulder-boxes/,Kraft Shoulder Boxes,product-grid
https://kraftboxpack.com/,https://kraftboxpack.com/?add-to-cart=3126,Add to cart,product-grid
https://kraftboxpack.com/,https://kraftboxpack.com/product/kraft-luxury-magnet-boxes/,,product-grid
https://kraftboxpack.com/,https://kraftboxpack.com/product/kraft-luxury-magnet-boxes/,Kraft Luxury Magnet Boxes,product-grid
https://kraftboxpack.com/,https://kraftboxpack.com/?add-to-cart=3108,Add to cart,product-grid
https://kraftboxpack.com/,https://kraftboxpack.com/product/kraft-liquor-gift-boxes/,,product-grid
https://kraftboxpack.com/,https://kraftboxpack.com/product/kraft-liquor-gift-boxes/,Kraft Liquor Gift Boxes,product-grid
https://kraftboxpack.com/,https://kraftboxpack.com/?add-to-cart=3100,Add to cart,product-grid
https://kraftboxpack.com/,https://kraftboxpack.com/product/kraft-influencer-boxes/,,product-grid
https://kraftboxpack.com/,https://kraftboxpack.com/product/kraft-influencer-boxes/,Kraft Influencer Boxes,product-grid
https://kraftboxpack.com/,https://kraftboxpack.com/?add-to-cart=3139,Add to cart,product-grid
https://kraftboxpack.com/,https://kraftboxpack.com/product/kraft-heart-shaped-boxes/,,product-grid
https://kraftboxpack.com/,https://kraftboxpack.com/product/kraft-heart-shaped-boxes/,Kraft Heart Shaped Boxes,product-grid
https://kraftboxpack.com/,https://kraftboxpack.com/?add-to-cart=3128,Add to cart,product-grid
https://kraftboxpack.com/,https://kraftboxpack.com/product/kraft-giveaway-packaging-boxes/,,product-grid
https://kraftboxpack.com/,https://kraftboxpack.com/product/kraft-giveaway-packaging-boxes/,Kraft Giveaway Packaging Boxes,product-grid
https://kraftboxpack.com/,https://kraftboxpack.com/?add-to-cart=3136,Add to cart,product-grid
https://kraftboxpack.com/,https://kraftboxpack.com/product/kraft-gift-hamper-boxes/,,product-grid
https://kraftboxpack.com/,https://kraftboxpack.com/product/kraft-gift-hamper-boxes/,Kraft Gift Hamper Boxes,product-grid
https://kraftboxpack.com/,https://kraftboxpack.com/?add-to-cart=3154,Add to cart,product-grid
https://kraftboxpack.com/,https://kraftboxpack.com/product/kraft-gift-card-boxes/,,product-grid
https://kraftboxpack.com/,https://kraftboxpack.com/product/kraft-gift-card-boxes/,Kraft Gift Card Boxes,product-grid
https://kraftboxpack.com/,https://kraftboxpack.com/?add-to-cart=3134,Add to cart,product-grid
https://kraftboxpack.com/,https://kraftboxpack.com/product/kraft-flower-boxes/,,product-grid
https://kraftboxpack.com/,https://kraftboxpack.com/product/kraft-flower-boxes/,Kraft Flower Boxes,product-grid
https://kraftboxpack.com/,https://kraftboxpack.com/?add-to-cart=3142,Add to cart,product-grid
https://kraftboxpack.com/,https://kraftboxpack.com/product/kraft-flip-top-rigid-boxes/,,product-grid
https://kraftboxpack.com/,https://kraftboxpack.com/product/kraft-flip-top-rigid-boxes/,Kraft Flip Top Rigid Boxes,product-grid
https://kraftboxpack.com/,https://kraftboxpack.com/?add-to-cart=3123,Add to cart,product-grid
https://kraftboxpack.com/,https://kraftboxpack.com/product/kraft-eyelash-packaging-boxes/,,product-grid
https://kraftboxpack.com/,https://kraftboxpack.com/product/kraft-eyelash-packaging-boxes/,Kraft Eyelash Packaging Boxes,product-grid
https://kraftboxpack.com/,https://kraftboxpack.com/?add-to-cart=3165,Add to cart,product-grid
https://kraftboxpack.com/,https://kraftboxpack.com/product/kraft-event-favor-boxes/,,product-grid
https://kraftboxpack.com/,https://kraftboxpack.com/product/kraft-event-favor-boxes/,Kraft Event Favor Boxes,product-grid
https://kraftboxpack.com/,https://kraftboxpack.com/?add-to-cart=3140,Add to cart,product-grid
https://kraftboxpack.com/,https://kraftboxpack.com/product/kraft-lid-base-rigid-boxes/,,product-grid
https://kraftboxpack.com/,https://kraftboxpack.com/product/kraft-lid-base-rigid-boxes/,Kraft Lid & Base Rigid Boxes,product-grid
https://kraftboxpack.com/,https://kraftboxpack.com/?add-to-cart=3107,Add to cart,product-grid
https://kraftboxpack.com/,https://kraftboxpack.com/product/kraft-drawer-gift-boxes/,,product-grid
https://kraftboxpack.com/,https://kraftboxpack.com/product/kraft-drawer-gift-boxes/,Kraft Drawer Gift Boxes,product-grid
https://kraftboxpack.com/,https://kraftboxpack.com/?add-to-cart=3110,Add to cart,product-grid
https://kraftboxpack.com/,https://kraftboxpack.com/product/kraft-minimalist-boxes/,,product-grid
https://kraftboxpack.com/,https://kraftboxpack.com/product/kraft-minimalist-boxes/,Kraft Minimalist Boxes,product-grid
https://kraftboxpack.com/,https://kraftboxpack.com/?add-to-cart=3091,Add to cart,product-grid
https://kraftboxpack.com/,https://kraftboxpack.com/product/kraft-display-boxes/,,product-grid
https://kraftboxpack.com/,https://kraftboxpack.com/product/kraft-display-boxes/,Kraft Display Boxes,product-grid
https://kraftboxpack.com/,https://kraftboxpack.com/?add-to-cart=3078,Add to cart,product-grid
https://kraftboxpack.com/,https://kraftboxpack.com/product/kraft-bakery-bags/,,product-grid
https://kraftboxpack.com/,https://kraftboxpack.com/product/kraft-bakery-bags/,Kraft Bakery Bags,product-grid
https://kraftboxpack.com/,https://kraftboxpack.com/?add-to-cart=3073,Add to cart,product-grid
https://kraftboxpack.com/,https://kraftboxpack.com/product/kraft-paper-treat-bags/,,product-grid
https://kraftboxpack.com/,https://kraftboxpack.com/product/kraft-paper-treat-bags/,Kraft Paper Treat Bags,product-grid
https://kraftboxpack.com/,https://kraftboxpack.com/?add-to-cart=3068,Add to cart,product-grid
https://kraftboxpack.com/,https://kraftboxpack.com/product/kraft-necklace-box/,,product-grid
https://kraftboxpack.com/,https://kraftboxpack.com/product/kraft-necklace-box/,Kraft Necklace Box,product-grid
https://kraftboxpack.com/,https://kraftboxpack.com/?add-to-cart=3062,Add to cart,product-grid
https://kraftboxpack.com/,https://kraftboxpack.com/product/colored-kraft-paper/,,product-grid
https://kraftboxpack.com/,https://kraftboxpack.com/product/colored-kraft-paper/,Colored Kraft Paper,product-grid
https://kraftboxpack.com/,https://kraftboxpack.com/?add-to-cart=3057,Add to cart,product-grid
https://kraftboxpack.com/,https://kraftboxpack.com/product/kraft-pillow-boxes/,,product-grid
https://kraftboxpack.com/,https://kraftboxpack.com/product/kraft-pillow-boxes/,Kraft Pillow Boxes,product-grid
https://kraftboxpack.com/,https://kraftboxpack.com/?add-to-cart=3031,Add to cart,product-grid
https://kraftboxpack.com/,https://kraftboxpack.com/product/custom-kraft-bags/,,product-grid
https://kraftboxpack.com/,https://kraftboxpack.com/product/custom-kraft-bags/,Custom Kraft Bags,product-grid
https://kraftboxpack.com/,https://kraftboxpack.com/?add-to-cart=3030,Add to cart,product-grid
https://kraftboxpack.com/,https://kraftboxpack.com/product/kraft-paper-boxes/,,product-grid
https://kraftboxpack.com/,https://kraftboxpack.com/product/kraft-paper-boxes/,Kraft Paper Boxes,product-grid
https://kraftboxpack.com/,https://kraftboxpack.com/?add-to-cart=3029,Add to cart,product-grid
https://kraftboxpack.com/,https://kraftboxpack.com/product/kraft-boxes-for-gifts/,,product-grid
https://kraftboxpack.com/,https://kraftboxpack.com/product/kraft-boxes-for-gifts/,Kraft Boxes For Gifts,product-grid
https://kraftboxpack.com/,https://kraftboxpack.com/?add-to-cart=3028,Add to cart,product-grid
https://kraftboxpack.com/,https://kraftboxpack.com/product/kraft-paperboard-boxes/,,product-grid
https://kraftboxpack.com/,https://kraftboxpack.com/product/kraft-paperboard-boxes/,Kraft Paperboard Boxes,product-grid
https://kraftboxpack.com/,https://kraftboxpack.com/?add-to-cart=3027,Add to cart,product-grid
https://kraftboxpack.com/,https://kraftboxpack.com/product/kraft-boxes-with-lid/,,product-grid
https://kraftboxpack.com/,https://kraftboxpack.com/product/kraft-boxes-with-lid/,Kraft Boxes With Lid,product-grid
https://kraftboxpack.com/,https://kraftboxpack.com/?add-to-cart=2738,Add to cart,product-grid
https://kraftboxpack.com/,https://kraftboxpack.com/product/brown-kraft-boxes/,,product-grid
https://kraftboxpack.com/,https://kraftboxpack.com/product/brown-kraft-boxes/,Brown Kraft Boxes,product-grid
https://kraftboxpack.com/,https://kraftboxpack.com/?add-to-cart=2733,Add to cart,product-grid
https://kraftboxpack.com/,https://kraftboxpack.com/product/black-kraft-boxes/,,product-grid
https://kraftboxpack.com/,https://kraftboxpack.com/product/black-kraft-boxes/,Black Kraft Boxes,product-grid
https://kraftboxpack.com/,https://kraftboxpack.com/?add-to-cart=2728,Add to cart,product-grid
https://kraftboxpack.com/,https://kraftboxpack.com/product/kraft-paper-dispenser-boxes/,,product-grid
https://kraftboxpack.com/,https://kraftboxpack.com/product/kraft-paper-dispenser-boxes/,Kraft Paper Dispenser Boxes,product-grid
https://kraftboxpack.com/,https://kraftboxpack.com/?add-to-cart=2723,Add to cart,product-grid
https://kraftboxpack.com/,https://kraftboxpack.com/product/kraft-paper-gift-wrapping/,,product-grid
https://kraftboxpack.com/,https://kraftboxpack.com/product/kraft-paper-gift-wrapping/,Kraft Paper Gift Wrapping,product-grid
https://kraftboxpack.com/,https://kraftboxpack.com/?add-to-cart=2718,Add to cart,product-grid
https://kraftboxpack.com/,https://kraftboxpack.com/product/kraft-paper-packaging/,,product-grid
https://kraftboxpack.com/,https://kraftboxpack.com/product/kraft-paper-packaging/,Kraft Paper Packaging,product-grid
https://kraftboxpack.com/,https://kraftboxpack.com/?add-to-cart=2713,Add to cart,product-grid
https://kraftboxpack.com/,https://kraftboxpack.com/product/kraft-candle-boxes/,,product-grid
https://kraftboxpack.com/,https://kraftboxpack.com/product/kraft-candle-boxes/,Kraft Candle Boxes,product-grid
https://kraftboxpack.com/,https://kraftboxpack.com/?add-to-cart=2708,Add to cart,product-grid
https://kraftboxpack.com/,https://kraftboxpack.com/product/kraft-candy-boxes/,,product-grid
https://kraftboxpack.com/,https://kraftboxpack.com/product/kraft-candy-boxes/,Kraft Candy Boxes,product-grid
https://kraftboxpack.com/,https://kraftboxpack.com/?add-to-cart=2703,Add to cart,product-grid
https://kraftboxpack.com/,https://kraftboxpack.com/product/kraft-round-boxes/,,product-grid
https://kraftboxpack.com/,https://kraftboxpack.com/product/kraft-round-boxes/,Kraft Round Boxes,product-grid
https://kraftboxpack.com/,https://kraftboxpack.com/?add-to-cart=2698,Add to cart,product-grid
https://kraftboxpack.com/,https://kraftboxpack.com/product/mini-kraft-boxes/,,product-grid
https://kraftboxpack.com/,https://kraftboxpack.com/product/mini-kraft-boxes/,Mini Kraft Boxes,product-grid
https://kraftboxpack.com/,https://kraftboxpack.com/?add-to-cart=2693,Add to cart,product-grid
https://kraftboxpack.com/,https://kraftboxpack.com/product/large-kraft-gift-boxes/,,product-grid
https://kraftboxpack.com/,https://kraftboxpack.com/product/large-kraft-gift-boxes/,Large Kraft Gift Boxes,product-grid
https://kraftboxpack.com/,https://kraftboxpack.com/?add-to-cart=2688,Add to cart,product-grid
https://kraftboxpack.com/,https://kraftboxpack.com/product/kraft-cupcake-boxes/,,product-grid
https://kraftboxpack.com/,https://kraftboxpack.com/product/kraft-cupcake-boxes/,Kraft Cupcake Boxes,product-grid
https://kraftboxpack.com/,https://kraftboxpack.com/?add-to-cart=2683,Add to cart,product-grid
https://kraftboxpack.com/,https://kraftboxpack.com/product/kraft-gift-boxes-with-lids/,,product-grid
https://kraftboxpack.com/,https://kraftboxpack.com/product/kraft-gift-boxes-with-lids/,Kraft Gift Boxes With Lids,product-grid
https://kraftboxpack.com/,https://kraftboxpack.com/?add-to-cart=2678,Add to cart,product-grid
https://kraftboxpack.com/,https://kraftboxpack.com/product/kraft-paper-gift-boxes/,,product-grid
https://kraftboxpack.com/,https://kraftboxpack.com/product/kraft-paper-gift-boxes/,Kraft Paper Gift Boxes,product-grid
https://kraftboxpack.com/,https://kraftboxpack.com/?add-to-cart=2673,Add to cart,product-grid
https://kraftboxpack.com/,https://kraftboxpack.com/product/small-kraft-boxes/,,product-grid
https://kraftboxpack.com/,https://kraftboxpack.com/product/small-kraft-boxes/,Small Kraft Boxes,product-grid
https://kraftboxpack.com/,https://kraftboxpack.com/?add-to-cart=2668,Add to cart,product-grid
https://kraftboxpack.com/,https://kraftboxpack.com/product/kraft-jewelry-boxes/,,product-grid
https://kraftboxpack.com/,https://kraftboxpack.com/product/kraft-jewelry-boxes/,Kraft Jewelry Boxes,product-grid
https://kraftboxpack.com/,https://kraftboxpack.com/?add-to-cart=2663,Add to cart,product-grid
https://kraftboxpack.com/,https://kraftboxpack.com/product/kraft-box-with-window/,,product-grid
https://kraftboxpack.com/,https://kraftboxpack.com/product/kraft-box-with-window/,Kraft Box with Window,product-grid
https://kraftboxpack.com/,https://kraftboxpack.com/?add-to-cart=2658,Add to cart,product-grid
https://kraftboxpack.com/,https://kraftboxpack.com/product/kraft-drawer-boxes/,,product-grid
https://kraftboxpack.com/,https://kraftboxpack.com/product/kraft-drawer-boxes/,Kraft Drawer Boxes,product-grid
https://kraftboxpack.com/,https://kraftboxpack.com/?add-to-cart=2653,Add to cart,product-grid
https://kraftboxpack.com/,https://kraftboxpack.com/product/kraft-cardboard-boxes/,,product-grid
https://kraftboxpack.com/,https://kraftboxpack.com/product/kraft-cardboard-boxes/,Kraft Cardboard Boxes,product-grid
https://kraftboxpack.com/,https://kraftboxpack.com/?add-to-cart=2648,Add to cart,product-grid
https://kraftboxpack.com/,https://kraftboxpack.com/product/kraft-shoe-boxes/,,product-grid
https://kraftboxpack.com/,https://kraftboxpack.com/product/kraft-shoe-boxes/,Kraft Shoe Boxes,product-grid
https://kraftboxpack.com/,https://kraftboxpack.com/?add-to-cart=2643,Add to cart,product-grid
https://kraftboxpack.com/,https://kraftboxpack.com/product/kraft-dispenser-boxes/,,product-grid
https://kraftboxpack.com/,https://kraftboxpack.com/product/kraft-dispenser-boxes/,Kraft Dispenser Boxes,product-grid
https://kraftboxpack.com/,https://kraftboxpack.com/?add-to-cart=2638,Add to cart,product-grid
https://kraftboxpack.com/,https://kraftboxpack.com/product/kraft-favor-boxes/,,product-grid
https://kraftboxpack.com/,https://kraftboxpack.com/product/kraft-favor-boxes/,Kraft Favor Boxes,product-grid
https://kraftboxpack.com/,https://kraftboxpack.com/?add-to-cart=2633,Add to cart,product-grid
https://kraftboxpack.com/,https://kraftboxpack.com/product/kraft-treat-boxes/,,product-grid
https://kraftboxpack.com/,https://kraftboxpack.com/product/kraft-treat-boxes/,Kraft Treat Boxes,product-grid
https://kraftboxpack.com/,https://kraftboxpack.com/?add-to-cart=2628,Add to cart,product-grid
https://kraftboxpack.com/,https://kraftboxpack.com/product/kraft-cookie-boxes/,,product-grid
https://kraftboxpack.com/,https://kraftboxpack.com/product/kraft-cookie-boxes/,Kraft Cookie Boxes,product-grid
https://kraftboxpack.com/,https://kraftboxpack.com/?add-to-cart=2623,Add to cart,product-grid
https://kraftboxpack.com/,https://kraftboxpack.com/product/kraft-bakery-boxes/,,product-grid
https://kraftboxpack.com/,https://kraftboxpack.com/product/kraft-bakery-boxes/,Kraft Bakery Boxes,product-grid
https://kraftboxpack.com/,https://kraftboxpack.com/?add-to-cart=2618,Add to cart,product-grid
https://kraftboxpack.com/,https://kraftboxpack.com/product/kraft-take-out-boxes/,,product-grid
https://kraftboxpack.com/,https://kraftboxpack.com/product/kraft-take-out-boxes/,Kraft Take Out Boxes,product-grid
https://kraftboxpack.com/,https://kraftboxpack.com/?add-to-cart=2613,Add to cart,product-grid
https://kraftboxpack.com/,https://kraftboxpack.com/product/kraft-storage-boxes/,,product-grid
https://kraftboxpack.com/,https://kraftboxpack.com/product/kraft-storage-boxes/,Kraft Storage Boxes,product-grid
https://kraftboxpack.com/,https://kraftboxpack.com/?add-to-cart=2608,Add to cart,product-grid
https://kraftboxpack.com/,https://kraftboxpack.com/product/kraft-pizza-boxes/,,product-grid
https://kraftboxpack.com/,https://kraftboxpack.com/product/kraft-pizza-boxes/,Kraft Pizza Boxes,product-grid
https://kraftboxpack.com/,https://kraftboxpack.com/?add-to-cart=2603,Add to cart,product-grid
https://kraftboxpack.com/,https://kraftboxpack.com/product/kraft-cake-boxes/,,product-grid
https://kraftboxpack.com/,https://kraftboxpack.com/product/kraft-cake-boxes/,Kraft Cake Boxes,product-grid
https://kraftboxpack.com/,https://kraftboxpack.com/?add-to-cart=2598,Add to cart,product-grid
https://kraftboxpack.com/,https://kraftboxpack.com/product/kraft-food-boxes/,,product-grid
https://kraftboxpack.com/,https://kraftboxpack.com/product/kraft-food-boxes/,Kraft Food Boxes,product-grid
https://kraftboxpack.com/,https://kraftboxpack.com/?add-to-cart=2593,Add to cart,product-grid
https://kraftboxpack.com/,https://kraftboxpack.com/product/kraft-corrugated-boxes/,,product-grid
https://kraftboxpack.com/,https://kraftboxpack.com/product/kraft-corrugated-boxes/,Kraft Corrugated Boxes,product-grid
https://kraftboxpack.com/,https://kraftboxpack.com/?add-to-cart=2588,Add to cart,product-grid
https://kraftboxpack.com/,https://kraftboxpack.com/product/kraft-shipping-boxes/,,product-grid
https://kraftboxpack.com/,https://kraftboxpack.com/product/kraft-shipping-boxes/,Kraft Shipping Boxes,product-grid
https://kraftboxpack.com/,https://kraftboxpack.com/?add-to-cart=2583,Add to cart,product-grid
https://kraftboxpack.com/,https://kraftboxpack.com/product/kraft-gable-boxes/,,product-grid
https://kraftboxpack.com/,https://kraftboxpack.com/product/kraft-gable-boxes/,Kraft Gable Boxes,product-grid
https://kraftboxpack.com/,https://kraftboxpack.com/?add-to-cart=2578,Add to cart,product-grid
https://kraftboxpack.com/,https://kraftboxpack.com/product/kraft-mailer-boxes/,,product-grid
https://kraftboxpack.com/,https://kraftboxpack.com/product/kraft-mailer-boxes/,Kraft Mailer Boxes,product-grid
https://kraftboxpack.com/,https://kraftboxpack.com/?add-to-cart=2573,Add to cart,product-grid
https://kraftboxpack.com/,https://kraftboxpack.com/about-us/,About Us,footer
https://kraftboxpack.com/,https://kraftboxpack.com/contact-us/,Contact Us,footer
https://kraftboxpack.com/,https://kraftboxpack.com/privacy-policy/,Privacy Policy,footer
https://kraftboxpack.com/,https://kraftboxpack.com/refund_returns/,Refund and Returns Policy,footer
https://kraftboxpack.com/,https://kraftboxpack.com/terms-conditions/,Terms & Conditions,footer
https://kraftboxpack.com/about-us/,https://kraftboxpack.com/cdn-cgi/l/email-protection,[email protected],navigation
https://kraftboxpack.com/about-us/,https://kraftboxpack.com/cdn-cgi/l/email-protection,Email Us To Get 25% OFF,navigation
https://kraftboxpack.com/about-us/,https://kraftboxpack.com,,navigation
https://kraftboxpack.com/about-us/,https://kraftboxpack.com/,Home,navigation
https://kraftboxpack.com/about-us/,https://kraftboxpack.com/product-category/colored-kraft-boxes/,Colored Kraft Boxes,navigation
https://kraftboxpack.com/about-us/,https://kraftboxpack.com/product-category/kraft-gift-specialty-boxes/,Kraft Gift & Specialty Boxes,navigation
https://kraftboxpack.com/about-us/,https://kraftboxpack.com/product-category/kraft-packaging-boxes/,Kraft Packaging Boxes,navigation
https://kraftboxpack.com/about-us/,https://kraftboxpack.com/product-category/kraft-wrapping-accessories/,Kraft Wrapping & Accessories,navigation
https://kraftboxpack.com/about-us/,https://kraftboxpack.com/about-us/,About Us,footer
https://kraftboxpack.com/about-us/,https://kraftboxpack.com/contact-us/,Contact Us,footer
https://kraftboxpack.com/about-us/,https://kraftboxpack.com/privacy-policy/,Privacy Policy,footer
https://kraftboxpack.com/about-us/,https://kraftboxpack.com/refund_returns/,Refund and Returns Policy,footer
https://kraftboxpack.com/about-us/,https://kraftboxpack.com/terms-conditions/,Terms & Conditions,footer
https://kraftboxpack.com/cart/,https://kraftboxpack.com/cdn-cgi/l/email-protection,[email protected],navigation
https://kraftboxpack.com/cart/,https://kraftboxpack.com/cdn-cgi/l/email-protection,Email Us To Get 25% OFF,navigation
https://kraftboxpack.com/cart/,https://kraftboxpack.com,,navigation
https://kraftboxpack.com/cart/,https://kraftboxpack.com/,Home,navigation
https://kraftboxpack.com/cart/,https://kraftboxpack.com/product-category/colored-kraft-boxes/,Colored Kraft Boxes,navigation
https://kraftboxpack.com/cart/,https://kraftboxpack.com/product-category/kraft-gift-specialty-boxes/,Kraft Gift & Specialty Boxes,navigation
https://kraftboxpack.com/cart/,https://kraftboxpack.com/product-category/kraft-packaging-boxes/,Kraft Packaging Boxes,navigation
https://kraftboxpack.com/cart/,https://kraftboxpack.com/product-category/kraft-wrapping-accessories/,Kraft Wrapping & Accessories,navigation
https://kraftboxpack.com/cart/,https://kraftboxpack.com,Home,breadcrumb
https://kraftboxpack.com/cart/,https://kraftboxpack.com/cart/,Cart,breadcrumb
https://kraftboxpack.com/cart/,https://kraftboxpack.com/product/kraft-pop-display-boxes/,Kraft POP Display Boxes,related-product
https://kraftboxpack.com/cart/,https://kraftboxpack.com/cart/?add-to-cart=3329,Add to cart,contextual
https://kraftboxpack.com/cart/,https://kraftboxpack.com/product/kraft-retail-display-trays/,Kraft Retail Display Trays,contextual
https://kraftboxpack.com/cart/,https://kraftboxpack.com/cart/?add-to-cart=3327,Add to cart,contextual
https://kraftboxpack.com/cart/,https://kraftboxpack.com/product/kraft-recycled-kraft-boxes/,Kraft Recycled Kraft Boxes,contextual
https://kraftboxpack.com/cart/,https://kraftboxpack.com/cart/?add-to-cart=3326,Add to cart,contextual
https://kraftboxpack.com/cart/,https://kraftboxpack.com/product/kraft-thermal-kraft-boxes/,Kraft Thermal Kraft Boxes,contextual
https://kraftboxpack.com/cart/,https://kraftboxpack.com/cart/?add-to-cart=3095,Add to cart,contextual
https://kraftboxpack.com/cart/,https://kraftboxpack.com/about-us/,About Us,footer
https://kraftboxpack.com/cart/,https://kraftboxpack.com/contact-us/,Contact Us,footer
https://kraftboxpack.com/cart/,https://kraftboxpack.com/privacy-policy/,Privacy Policy,footer
https://kraftboxpack.com/cart/,https://kraftboxpack.com/refund_returns/,Refund and Returns Policy,footer
https://kraftboxpack.com/cart/,https://kraftboxpack.com/terms-conditions/,Terms & Conditions,footer
https://kraftboxpack.com/checkout/,https://kraftboxpack.com/cdn-cgi/l/email-protection,[email protected],navigation
https://kraftboxpack.com/checkout/,https://kraftboxpack.com/cdn-cgi/l/email-protection,Email Us To Get 25% OFF,navigation
https://kraftboxpack.com/checkout/,https://kraftboxpack.com,,navigation
https://kraftboxpack.com/checkout/,https://kraftboxpack.com/,Home,navigation
https://kraftboxpack.com/checkout/,https://kraftboxpack.com/product-category/colored-kraft-boxes/,Colored Kraft Boxes,navigation
https://kraftboxpack.com/checkout/,https://kraftboxpack.com/product-category/kraft-gift-specialty-boxes/,Kraft Gift & Specialty Boxes,navigation
https://kraftboxpack.com/checkout/,https://kraftboxpack.com/product-category/kraft-packaging-boxes/,Kraft Packaging Boxes,navigation
https://kraftboxpack.com/checkout/,https://kraftboxpack.com/product-category/kraft-wrapping-accessories/,Kraft Wrapping & Accessories,navigation
https://kraftboxpack.com/checkout/,https://kraftboxpack.com,Home,breadcrumb
https://kraftboxpack.com/checkout/,https://kraftboxpack.com/cart/,Cart,breadcrumb
https://kraftboxpack.com/checkout/,https://kraftboxpack.com/product/kraft-pop-display-boxes/,Kraft POP Display Boxes,related-product
https://kraftboxpack.com/checkout/,https://kraftboxpack.com/cart/?add-to-cart=3329,Add to cart,contextual
https://kraftboxpack.com/checkout/,https://kraftboxpack.com/product/kraft-retail-display-trays/,Kraft Retail Display Trays,contextual
https://kraftboxpack.com/checkout/,https://kraftboxpack.com/cart/?add-to-cart=3327,Add to cart,contextual
https://kraftboxpack.com/checkout/,https://kraftboxpack.com/product/kraft-recycled-kraft-boxes/,Kraft Recycled Kraft Boxes,contextual
https://kraftboxpack.com/checkout/,https://kraftboxpack.com/cart/?add-to-cart=3326,Add to cart,contextual
https://kraftboxpack.com/checkout/,https://kraftboxpack.com/product/kraft-thermal-kraft-boxes/,Kraft Thermal Kraft Boxes,contextual
https://kraftboxpack.com/checkout/,https://kraftboxpack.com/cart/?add-to-cart=3095,Add to cart,contextual
https://kraftboxpack.com/checkout/,https://kraftboxpack.com/about-us/,About Us,footer
https://kraftboxpack.com/checkout/,https://kraftboxpack.com/contact-us/,Contact Us,footer
https://kraftboxpack.com/checkout/,https://kraftboxpack.com/privacy-policy/,Privacy Policy,footer
https://kraftboxpack.com/checkout/,https://kraftboxpack.com/refund_returns/,Refund and Returns Policy,footer
https://kraftboxpack.com/checkout/,https://kraftboxpack.com/terms-conditions/,Terms & Conditions,footer
https://kraftboxpack.com/contact-us/,https://kraftboxpack.com/cdn-cgi/l/email-protection,[email protected],navigation
https://kraftboxpack.com/contact-us/,https://kraftboxpack.com/cdn-cgi/l/email-protection,Email Us To Get 25% OFF,navigation
https://kraftboxpack.com/contact-us/,https://kraftboxpack.com,,navigation
https://kraftboxpack.com/contact-us/,https://kraftboxpack.com/,Home,navigation
https://kraftboxpack.com/contact-us/,https://kraftboxpack.com/product-category/colored-kraft-boxes/,Colored Kraft Boxes,navigation
https://kraftboxpack.com/contact-us/,https://kraftboxpack.com/product-category/kraft-gift-specialty-boxes/,Kraft Gift & Specialty Boxes,navigation
https://kraftboxpack.com/contact-us/,https://kraftboxpack.com/product-category/kraft-packaging-boxes/,Kraft Packaging Boxes,navigation
https://kraftboxpack.com/contact-us/,https://kraftboxpack.com/product-category/kraft-wrapping-accessories/,Kraft Wrapping & Accessories,navigation
https://kraftboxpack.com/contact-us/,https://kraftboxpack.com/about-us/,About Us,footer
https://kraftboxpack.com/contact-us/,https://kraftboxpack.com/contact-us/,Contact Us,footer
https://kraftboxpack.com/contact-us/,https://kraftboxpack.com/privacy-policy/,Privacy Policy,footer
https://kraftboxpack.com/contact-us/,https://kraftboxpack.com/refund_returns/,Refund and Returns Policy,footer
https://kraftboxpack.com/contact-us/,https://kraftboxpack.com/terms-conditions/,Terms & Conditions,footer
https://kraftboxpack.com/my-account/,https://kraftboxpack.com/cdn-cgi/l/email-protection,[email protected],navigation
https://kraftboxpack.com/my-account/,https://kraftboxpack.com/cdn-cgi/l/email-protection,Email Us To Get 25% OFF,navigation
https://kraftboxpack.com/my-account/,https://kraftboxpack.com,,navigation
https://kraftboxpack.com/my-account/,https://kraftboxpack.com/,Home,navigation
https://kraftboxpack.com/my-account/,https://kraftboxpack.com/product-category/colored-kraft-boxes/,Colored Kraft Boxes,navigation
https://kraftboxpack.com/my-account/,https://kraftboxpack.com/product-category/kraft-gift-specialty-boxes/,Kraft Gift & Specialty Boxes,navigation
https://kraftboxpack.com/my-account/,https://kraftboxpack.com/product-category/kraft-packaging-boxes/,Kraft Packaging Boxes,navigation
https://kraftboxpack.com/my-account/,https://kraftboxpack.com/product-category/kraft-wrapping-accessories/,Kraft Wrapping & Accessories,navigation
https://kraftboxpack.com/my-account/,https://kraftboxpack.com,Home,breadcrumb
https://kraftboxpack.com/my-account/,https://kraftboxpack.com/my-account/,My account,breadcrumb
https://kraftboxpack.com/my-account/,https://kraftboxpack.com/my-account/lost-password/,Lost your password?,contextual
https://kraftboxpack.com/my-account/,https://kraftboxpack.com/about-us/,About Us,footer
https://kraftboxpack.com/my-account/,https://kraftboxpack.com/contact-us/,Contact Us,footer
https://kraftboxpack.com/my-account/,https://kraftboxpack.com/privacy-policy/,Privacy Policy,footer
https://kraftboxpack.com/my-account/,https://kraftboxpack.com/refund_returns/,Refund and Returns Policy,footer
https://kraftboxpack.com/my-account/,https://kraftboxpack.com/terms-conditions/,Terms & Conditions,footer
https://kraftboxpack.com/privacy-policy/,https://kraftboxpack.com/cdn-cgi/l/email-protection,[email protected],navigation
https://kraftboxpack.com/privacy-policy/,https://kraftboxpack.com/cdn-cgi/l/email-protection,Email Us To Get 25% OFF,navigation
https://kraftboxpack.com/privacy-policy/,https://kraftboxpack.com,,navigation
https://kraftboxpack.com/privacy-policy/,https://kraftboxpack.com/,Home,navigation
https://kraftboxpack.com/privacy-policy/,https://kraftboxpack.com/product-category/colored-kraft-boxes/,Colored Kraft Boxes,navigation
https://kraftboxpack.com/privacy-policy/,https://kraftboxpack.com/product-category/kraft-gift-specialty-boxes/,Kraft Gift & Specialty Boxes,navigation
https://kraftboxpack.com/privacy-policy/,https://kraftboxpack.com/product-category/kraft-packaging-boxes/,Kraft Packaging Boxes,navigation
https://kraftboxpack.com/privacy-policy/,https://kraftboxpack.com/product-category/kraft-wrapping-accessories/,Kraft Wrapping & Accessories,navigation
https://kraftboxpack.com/privacy-policy/,https://kraftboxpack.com/about-us/,About Us,footer
https://kraftboxpack.com/privacy-policy/,https://kraftboxpack.com/contact-us/,Contact Us,footer
https://kraftboxpack.com/privacy-policy/,https://kraftboxpack.com/privacy-policy/,Privacy Policy,footer
https://kraftboxpack.com/privacy-policy/,https://kraftboxpack.com/refund_returns/,Refund and Returns Policy,footer
https://kraftboxpack.com/privacy-policy/,https://kraftboxpack.com/terms-conditions/,Terms & Conditions,footer
https://kraftboxpack.com/product-category/colored-kraft-boxes/,https://kraftboxpack.com/cdn-cgi/l/email-protection,[email protected],navigation
https://kraftboxpack.com/product-category/colored-kraft-boxes/,https://kraftboxpack.com/cdn-cgi/l/email-protection,Email Us To Get 25% OFF,navigation
https://kraftboxpack.com/product-category/colored-kraft-boxes/,https://kraftboxpack.com,,navigation
https://kraftboxpack.com/product-category/colored-kraft-boxes/,https://kraftboxpack.com/,Home,navigation
https://kraftboxpack.com/product-category/colored-kraft-boxes/,https://kraftboxpack.com/product-category/colored-kraft-boxes/,Colored Kraft Boxes,navigation
https://kraftboxpack.com/product-category/colored-kraft-boxes/,https://kraftboxpack.com/product-category/kraft-gift-specialty-boxes/,Kraft Gift & Specialty Boxes,navigation
https://kraftboxpack.com/product-category/colored-kraft-boxes/,https://kraftboxpack.com/product-category/kraft-packaging-boxes/,Kraft Packaging Boxes,navigation
https://kraftboxpack.com/product-category/colored-kraft-boxes/,https://kraftboxpack.com/product-category/kraft-wrapping-accessories/,Kraft Wrapping & Accessories,navigation
https://kraftboxpack.com/product-category/colored-kraft-boxes/,https://kraftboxpack.com/product/black-kraft-boxes/,Colored Kraft Boxes,contextual
https://kraftboxpack.com/product-category/colored-kraft-boxes/,https://kraftboxpack.com/product/black-kraft-boxes/,Black Kraft Boxes,product-grid
https://kraftboxpack.com/product-category/colored-kraft-boxes/,https://kraftboxpack.com/product/brown-kraft-boxes/,Colored Kraft Boxes,product-grid
https://kraftboxpack.com/product-category/colored-kraft-boxes/,https://kraftboxpack.com/product/brown-kraft-boxes/,Brown Kraft Boxes,product-grid
https://kraftboxpack.com/product-category/colored-kraft-boxes/,https://kraftboxpack.com/product/colored-kraft-paper/,Colored Kraft Boxes,product-grid
https://kraftboxpack.com/product-category/colored-kraft-boxes/,https://kraftboxpack.com/product/colored-kraft-paper/,Colored Kraft Paper,product-grid
https://kraftboxpack.com/product-category/colored-kraft-boxes/,https://kraftboxpack.com/product/kraft-boxes-with-lid/,Colored Kraft Boxes,product-grid
https://kraftboxpack.com/product-category/colored-kraft-boxes/,https://kraftboxpack.com/product/kraft-boxes-with-lid/,Kraft Boxes With Lid,product-grid
https://kraftboxpack.com/product-category/colored-kraft-boxes/,https://kraftboxpack.com/product/kraft-minimalist-boxes/,Colored Kraft Boxes,product-grid
https://kraftboxpack.com/product-category/colored-kraft-boxes/,https://kraftboxpack.com/product/kraft-minimalist-boxes/,Kraft Minimalist Boxes,product-grid
https://kraftboxpack.com/product-category/colored-kraft-boxes/,https://kraftboxpack.com/product/kraft-thermal-kraft-boxes/,Colored Kraft Boxes,product-grid
https://kraftboxpack.com/product-category/colored-kraft-boxes/,https://kraftboxpack.com/product/kraft-thermal-kraft-boxes/,Kraft Thermal Kraft Boxes,product-grid
https://kraftboxpack.com/product-category/colored-kraft-boxes/,https://kraftboxpack.com/about-us/,About Us,footer
https://kraftboxpack.com/product-category/colored-kraft-boxes/,https://kraftboxpack.com/contact-us/,Contact Us,footer
https://kraftboxpack.com/product-category/colored-kraft-boxes/,https://kraftboxpack.com/privacy-policy/,Privacy Policy,footer
https://kraftboxpack.com/product-category/colored-kraft-boxes/,https://kraftboxpack.com/refund_returns/,Refund and Returns Policy,footer
https://kraftboxpack.com/product-category/colored-kraft-boxes/,https://kraftboxpack.com/terms-conditions/,Terms & Conditions,footer
https://kraftboxpack.com/product-category/jewelry-accessories-boxes/,https://kraftboxpack.com/cdn-cgi/l/email-protection,[email protected],navigation
https://kraftboxpack.com/product-category/jewelry-accessories-boxes/,https://kraftboxpack.com/cdn-cgi/l/email-protection,Email Us To Get 25% OFF,navigation
https://kraftboxpack.com/product-category/jewelry-accessories-boxes/,https://kraftboxpack.com,,navigation
https://kraftboxpack.com/product-category/jewelry-accessories-boxes/,https://kraftboxpack.com/,Home,navigation
https://kraftboxpack.com/product-category/jewelry-accessories-boxes/,https://kraftboxpack.com/product-category/colored-kraft-boxes/,Colored Kraft Boxes,navigation
https://kraftboxpack.com/product-category/jewelry-accessories-boxes/,https://kraftboxpack.com/product-category/kraft-gift-specialty-boxes/,Kraft Gift & Specialty Boxes,navigation
https://kraftboxpack.com/product-category/jewelry-accessories-boxes/,https://kraftboxpack.com/product-category/kraft-packaging-boxes/,Kraft Packaging Boxes,navigation
https://kraftboxpack.com/product-category/jewelry-accessories-boxes/,https://kraftboxpack.com/product-category/kraft-wrapping-accessories/,Kraft Wrapping & Accessories,navigation
https://kraftboxpack.com/product-category/jewelry-accessories-boxes/,https://kraftboxpack.com/product/kraft-bracelet-packaging-boxes/,Jewelry & Accessories Boxes,contextual
https://kraftboxpack.com/product-category/jewelry-accessories-boxes/,https://kraftboxpack.com/product/kraft-bracelet-packaging-boxes/,Kraft Bracelet Packaging Boxes,product-grid
https://kraftboxpack.com/product-category/jewelry-accessories-boxes/,https://kraftboxpack.com/product/kraft-earring-packaging-boxes/,Jewelry & Accessories Boxes,product-grid
https://kraftboxpack.com/product-category/jewelry-accessories-boxes/,https://kraftboxpack.com/product/kraft-earring-packaging-boxes/,Kraft Earring Packaging Boxes,product-grid
https://kraftboxpack.com/product-category/jewelry-accessories-boxes/,https://kraftboxpack.com/product/kraft-jewelry-insert-boxes/,Jewelry & Accessories Boxes,product-grid
https://kraftboxpack.com/product-category/jewelry-accessories-boxes/,https://kraftboxpack.com/product/kraft-jewelry-insert-boxes/,Kraft Jewelry Insert Boxes,product-grid
https://kraftboxpack.com/product-category/jewelry-accessories-boxes/,https://kraftboxpack.com/product/kraft-ring-packaging-boxes/,Jewelry & Accessories Boxes,product-grid
https://kraftboxpack.com/product-category/jewelry-accessories-boxes/,https://kraftboxpack.com/product/kraft-ring-packaging-boxes/,Kraft Ring Packaging Boxes,product-grid
https://kraftboxpack.com/product-category/jewelry-accessories-boxes/,https://kraftboxpack.com/product/kraft-watch-packaging-boxes/,Jewelry & Accessories Boxes,product-grid
https://kraftboxpack.com/product-category/jewelry-accessories-boxes/,https://kraftboxpack.com/product/kraft-watch-packaging-boxes/,Kraft Watch Packaging Boxes,product-grid
https://kraftboxpack.com/product-category/jewelry-accessories-boxes/,https://kraftboxpack.com/about-us/,About Us,footer
https://kraftboxpack.com/product-category/jewelry-accessories-boxes/,https://kraftboxpack.com/contact-us/,Contact Us,footer
https://kraftboxpack.com/product-category/jewelry-accessories-boxes/,https://kraftboxpack.com/privacy-policy/,Privacy Policy,footer
https://kraftboxpack.com/product-category/jewelry-accessories-boxes/,https://kraftboxpack.com/refund_returns/,Refund and Returns Policy,footer
https://kraftboxpack.com/product-category/jewelry-accessories-boxes/,https://kraftboxpack.com/terms-conditions/,Terms & Conditions,footer
https://kraftboxpack.com/product-category/kraft-apparel-boxes/,https://kraftboxpack.com/cdn-cgi/l/email-protection,[email protected],navigation
https://kraftboxpack.com/product-category/kraft-apparel-boxes/,https://kraftboxpack.com/cdn-cgi/l/email-protection,Email Us To Get 25% OFF,navigation
https://kraftboxpack.com/product-category/kraft-apparel-boxes/,https://kraftboxpack.com,,navigation
https://kraftboxpack.com/product-category/kraft-apparel-boxes/,https://kraftboxpack.com/,Home,navigation
https://kraftboxpack.com/product-category/kraft-apparel-boxes/,https://kraftboxpack.com/product-category/colored-kraft-boxes/,Colored Kraft Boxes,navigation
https://kraftboxpack.com/product-category/kraft-apparel-boxes/,https://kraftboxpack.com/product-category/kraft-gift-specialty-boxes/,Kraft Gift & Specialty Boxes,navigation
https://kraftboxpack.com/product-category/kraft-apparel-boxes/,https://kraftboxpack.com/product-category/kraft-packaging-boxes/,Kraft Packaging Boxes,navigation
https://kraftboxpack.com/product-category/kraft-apparel-boxes/,https://kraftboxpack.com/product-category/kraft-wrapping-accessories/,Kraft Wrapping & Accessories,navigation
https://kraftboxpack.com/product-category/kraft-apparel-boxes/,https://kraftboxpack.com/product/kraft-apparel-packaging-boxes/,Kraft Apparel Boxes,contextual
https://kraftboxpack.com/product-category/kraft-apparel-boxes/,https://kraftboxpack.com/product/kraft-apparel-packaging-boxes/,Kraft Apparel Packaging Boxes,product-grid
https://kraftboxpack.com/product-category/kraft-apparel-boxes/,https://kraftboxpack.com/product/kraft-belt-packaging-boxes/,Kraft Apparel Boxes,product-grid
https://kraftboxpack.com/product-category/kraft-apparel-boxes/,https://kraftboxpack.com/product/kraft-belt-packaging-boxes/,Kraft Belt Packaging Boxes,product-grid
https://kraftboxpack.com/product-category/kraft-apparel-boxes/,https://kraftboxpack.com/product/kraft-scarf-boxes/,Kraft Apparel Boxes,product-grid
https://kraftboxpack.com/product-category/kraft-apparel-boxes/,https://kraftboxpack.com/product/kraft-scarf-boxes/,Kraft Scarf Boxes,product-grid
https://kraftboxpack.com/product-category/kraft-apparel-boxes/,https://kraftboxpack.com/product/kraft-sock-packaging-boxes/,Kraft Apparel Boxes,product-grid
https://kraftboxpack.com/product-category/kraft-apparel-boxes/,https://kraftboxpack.com/product/kraft-sock-packaging-boxes/,Kraft Sock Packaging Boxes,product-grid
https://kraftboxpack.com/product-category/kraft-apparel-boxes/,https://kraftboxpack.com/product/kraft-t-shirt-boxes/,Kraft Apparel Boxes,product-grid
https://kraftboxpack.com/product-category/kraft-apparel-boxes/,https://kraftboxpack.com/product/kraft-t-shirt-boxes/,Kraft T Shirt Boxes,product-grid
https://kraftboxpack.com/product-category/kraft-apparel-boxes/,https://kraftboxpack.com/product/kraft-underwear-packaging-boxes/,Kraft Apparel Boxes,product-grid
https://kraftboxpack.com/product-category/kraft-apparel-boxes/,https://kraftboxpack.com/product/kraft-underwear-packaging-boxes/,Kraft Underwear Packaging Boxes,product-grid
https://kraftboxpack.com/product-category/kraft-apparel-boxes/,https://kraftboxpack.com/about-us/,About Us,footer
https://kraftboxpack.com/product-category/kraft-apparel-boxes/,https://kraftboxpack.com/contact-us/,Contact Us,footer
https://kraftboxpack.com/product-category/kraft-apparel-boxes/,https://kraftboxpack.com/privacy-policy/,Privacy Policy,footer
https://kraftboxpack.com/product-category/kraft-apparel-boxes/,https://kraftboxpack.com/refund_returns/,Refund and Returns Policy,footer
https://kraftboxpack.com/product-category/kraft-apparel-boxes/,https://kraftboxpack.com/terms-conditions/,Terms & Conditions,footer
https://kraftboxpack.com/product-category/kraft-art-boxes/,https://kraftboxpack.com/cdn-cgi/l/email-protection,[email protected],navigation
https://kraftboxpack.com/product-category/kraft-art-boxes/,https://kraftboxpack.com/cdn-cgi/l/email-protection,Email Us To Get 25% OFF,navigation
https://kraftboxpack.com/product-category/kraft-art-boxes/,https://kraftboxpack.com,,navigation
https://kraftboxpack.com/product-category/kraft-art-boxes/,https://kraftboxpack.com/,Home,navigation
https://kraftboxpack.com/product-category/kraft-art-boxes/,https://kraftboxpack.com/product-category/colored-kraft-boxes/,Colored Kraft Boxes,navigation
https://kraftboxpack.com/product-category/kraft-art-boxes/,https://kraftboxpack.com/product-category/kraft-gift-specialty-boxes/,Kraft Gift & Specialty Boxes,navigation
https://kraftboxpack.com/product-category/kraft-art-boxes/,https://kraftboxpack.com/product-category/kraft-packaging-boxes/,Kraft Packaging Boxes,navigation
https://kraftboxpack.com/product-category/kraft-art-boxes/,https://kraftboxpack.com/product-category/kraft-wrapping-accessories/,Kraft Wrapping & Accessories,navigation
https://kraftboxpack.com/product-category/kraft-art-boxes/,https://kraftboxpack.com/product/kraft-art-supply-packaging/,Kraft Art Boxes,contextual
https://kraftboxpack.com/product-category/kraft-art-boxes/,https://kraftboxpack.com/product/kraft-art-supply-packaging/,Kraft Art Supply Packaging,product-grid
https://kraftboxpack.com/product-category/kraft-art-boxes/,https://kraftboxpack.com/product/kraft-brochure-packaging-boxes/,Kraft Art Boxes,product-grid
https://kraftboxpack.com/product-category/kraft-art-boxes/,https://kraftboxpack.com/product/kraft-brochure-packaging-boxes/,Kraft Brochure Packaging Boxes,product-grid
https://kraftboxpack.com/product-category/kraft-art-boxes/,https://kraftboxpack.com/product/kraft-calendar-boxes/,Kraft Art Boxes,product-grid
https://kraftboxpack.com/product-category/kraft-art-boxes/,https://kraftboxpack.com/product/kraft-calendar-boxes/,Kraft Calendar Boxes,product-grid
https://kraftboxpack.com/product-category/kraft-art-boxes/,https://kraftboxpack.com/product/kraft-cd-dvd-packaging/,Kraft Art Boxes,product-grid
https://kraftboxpack.com/product-category/kraft-art-boxes/,https://kraftboxpack.com/product/kraft-cd-dvd-packaging/,Kraft CD/DVD Packaging,product-grid
https://kraftboxpack.com/product-category/kraft-art-boxes/,https://kraftboxpack.com/product/kraft-certificate-boxes/,Kraft Art Boxes,product-grid
https://kraftboxpack.com/product-category/kraft-art-boxes/,https://kraftboxpack.com/product/kraft-certificate-boxes/,Kraft Certificate Boxes,product-grid
https://kraftboxpack.com/product-category/kraft-art-boxes/,https://kraftboxpack.com/product/kraft-document-mailers/,Kraft Art Boxes,product-grid
https://kraftboxpack.com/product-category/kraft-art-boxes/,https://kraftboxpack.com/product/kraft-document-mailers/,Kraft Document Mailers,product-grid
https://kraftboxpack.com/product-category/kraft-art-boxes/,https://kraftboxpack.com/product/kraft-photo-frame-boxes/,Kraft Art Boxes,product-grid
https://kraftboxpack.com/product-category/kraft-art-boxes/,https://kraftboxpack.com/product/kraft-photo-frame-boxes/,Kraft Photo Frame Boxes,product-grid
https://kraftboxpack.com/product-category/kraft-art-boxes/,https://kraftboxpack.com/about-us/,About Us,footer
https://kraftboxpack.com/product-category/kraft-art-boxes/,https://kraftboxpack.com/contact-us/,Contact Us,footer
https://kraftboxpack.com/product-category/kraft-art-boxes/,https://kraftboxpack.com/privacy-policy/,Privacy Policy,footer
https://kraftboxpack.com/product-category/kraft-art-boxes/,https://kraftboxpack.com/refund_returns/,Refund and Returns Policy,footer
https://kraftboxpack.com/product-category/kraft-art-boxes/,https://kraftboxpack.com/terms-conditions/,Terms & Conditions,footer
https://kraftboxpack.com/product-category/kraft-cosmetic-boxes/,https://kraftboxpack.com/cdn-cgi/l/email-protection,[email protected],navigation
https://kraftboxpack.com/product-category/kraft-cosmetic-boxes/,https://kraftboxpack.com/cdn-cgi/l/email-protection,Email Us To Get 25% OFF,navigation
https://kraftboxpack.com/product-category/kraft-cosmetic-boxes/,https://kraftboxpack.com,,navigation
https://kraftboxpack.com/product-category/kraft-cosmetic-boxes/,https://kraftboxpack.com/,Home,navigation
https://kraftboxpack.com/product-category/kraft-cosmetic-boxes/,https://kraftboxpack.com/product-category/colored-kraft-boxes/,Colored Kraft Boxes,navigation
https://kraftboxpack.com/product-category/kraft-cosmetic-boxes/,https://kraftboxpack.com/product-category/kraft-gift-specialty-boxes/,Kraft Gift & Specialty Boxes,navigation
https://kraftboxpack.com/product-category/kraft-cosmetic-boxes/,https://kraftboxpack.com/product-category/kraft-packaging-boxes/,Kraft Packaging Boxes,navigation
https://kraftboxpack.com/product-category/kraft-cosmetic-boxes/,https://kraftboxpack.com/product-category/kraft-wrapping-accessories/,Kraft Wrapping & Accessories,navigation
https://kraftboxpack.com/product-category/kraft-cosmetic-boxes/,https://kraftboxpack.com/product/kraft-beauty-kit-boxes/,Kraft Cosmetic Boxes,contextual
https://kraftboxpack.com/product-category/kraft-cosmetic-boxes/,https://kraftboxpack.com/product/kraft-beauty-kit-boxes/,Kraft Beauty Kit Boxes,product-grid
https://kraftboxpack.com/product-category/kraft-cosmetic-boxes/,https://kraftboxpack.com/product/kraft-mascara-boxes/,Kraft Cosmetic Boxes,product-grid
https://kraftboxpack.com/product-category/kraft-cosmetic-boxes/,https://kraftboxpack.com/product/kraft-mascara-boxes/,Kraft Mascara Boxes,product-grid
https://kraftboxpack.com/product-category/kraft-cosmetic-boxes/,https://kraftboxpack.com/about-us/,About Us,footer
https://kraftboxpack.com/product-category/kraft-cosmetic-boxes/,https://kraftboxpack.com/contact-us/,Contact Us,footer
https://kraftboxpack.com/product-category/kraft-cosmetic-boxes/,https://kraftboxpack.com/privacy-policy/,Privacy Policy,footer
https://kraftboxpack.com/product-category/kraft-cosmetic-boxes/,https://kraftboxpack.com/refund_returns/,Refund and Returns Policy,footer
https://kraftboxpack.com/product-category/kraft-cosmetic-boxes/,https://kraftboxpack.com/terms-conditions/,Terms & Conditions,footer
https://kraftboxpack.com/product-category/kraft-display-packaging/,https://kraftboxpack.com/cdn-cgi/l/email-protection,[email protected],navigation
https://kraftboxpack.com/product-category/kraft-display-packaging/,https://kraftboxpack.com/cdn-cgi/l/email-protection,Email Us To Get 25% OFF,navigation
https://kraftboxpack.com/product-category/kraft-display-packaging/,https://kraftboxpack.com,,navigation
https://kraftboxpack.com/product-category/kraft-display-packaging/,https://kraftboxpack.com/,Home,navigation
https://kraftboxpack.com/product-category/kraft-display-packaging/,https://kraftboxpack.com/product-category/colored-kraft-boxes/,Colored Kraft Boxes,navigation
https://kraftboxpack.com/product-category/kraft-display-packaging/,https://kraftboxpack.com/product-category/kraft-gift-specialty-boxes/,Kraft Gift & Specialty Boxes,navigation
https://kraftboxpack.com/product-category/kraft-display-packaging/,https://kraftboxpack.com/product-category/kraft-packaging-boxes/,Kraft Packaging Boxes,navigation
https://kraftboxpack.com/product-category/kraft-display-packaging/,https://kraftboxpack.com/product-category/kraft-wrapping-accessories/,Kraft Wrapping & Accessories,navigation
https://kraftboxpack.com/product-category/kraft-display-packaging/,https://kraftboxpack.com/product/kraft-hanging-display-boxes/,Kraft Display Packaging,contextual
https://kraftboxpack.com/product-category/kraft-display-packaging/,https://kraftboxpack.com/product/kraft-hanging-display-boxes/,Kraft Hanging Display Boxes,product-grid
https://kraftboxpack.com/product-category/kraft-display-packaging/,https://kraftboxpack.com/product/kraft-pop-display-boxes/,Kraft Display Packaging,product-grid
https://kraftboxpack.com/product-category/kraft-display-packaging/,https://kraftboxpack.com/product/kraft-pop-display-boxes/,Kraft POP Display Boxes,product-grid
https://kraftboxpack.com/product-category/kraft-display-packaging/,https://kraftboxpack.com/product/kraft-retail-display-trays/,Kraft Display Packaging,product-grid
https://kraftboxpack.com/product-category/kraft-display-packaging/,https://kraftboxpack.com/product/kraft-retail-display-trays/,Kraft Retail Display Trays,product-grid
https://kraftboxpack.com/product-category/kraft-display-packaging/,https://kraftboxpack.com/product/kraft-shelf-ready-packaging/,Kraft Display Packaging,product-grid
https://kraftboxpack.com/product-category/kraft-display-packaging/,https://kraftboxpack.com/product/kraft-shelf-ready-packaging/,Kraft Shelf Ready Packaging,product-grid
https://kraftboxpack.com/product-category/kraft-display-packaging/,https://kraftboxpack.com/about-us/,About Us,footer
https://kraftboxpack.com/product-category/kraft-display-packaging/,https://kraftboxpack.com/contact-us/,Contact Us,footer
https://kraftboxpack.com/product-category/kraft-display-packaging/,https://kraftboxpack.com/privacy-policy/,Privacy Policy,footer
https://kraftboxpack.com/product-category/kraft-display-packaging/,https://kraftboxpack.com/refund_returns/,Refund and Returns Policy,footer
https://kraftboxpack.com/product-category/kraft-display-packaging/,https://kraftboxpack.com/terms-conditions/,Terms & Conditions,footer
https://kraftboxpack.com/product-category/kraft-electronics-boxes/,https://kraftboxpack.com/cdn-cgi/l/email-protection,[email protected],navigation
https://kraftboxpack.com/product-category/kraft-electronics-boxes/,https://kraftboxpack.com/cdn-cgi/l/email-protection,Email Us To Get 25% OFF,navigation
https://kraftboxpack.com/product-category/kraft-electronics-boxes/,https://kraftboxpack.com,,navigation
https://kraftboxpack.com/product-category/kraft-electronics-boxes/,https://kraftboxpack.com/,Home,navigation
https://kraftboxpack.com/product-category/kraft-electronics-boxes/,https://kraftboxpack.com/product-category/colored-kraft-boxes/,Colored Kraft Boxes,navigation
https://kraftboxpack.com/product-category/kraft-electronics-boxes/,https://kraftboxpack.com/product-category/kraft-gift-specialty-boxes/,Kraft Gift & Specialty Boxes,navigation
https://kraftboxpack.com/product-category/kraft-electronics-boxes/,https://kraftboxpack.com/product-category/kraft-packaging-boxes/,Kraft Packaging Boxes,navigation
https://kraftboxpack.com/product-category/kraft-electronics-boxes/,https://kraftboxpack.com/product-category/kraft-wrapping-accessories/,Kraft Wrapping & Accessories,navigation
https://kraftboxpack.com/product-category/kraft-electronics-boxes/,https://kraftboxpack.com/product/kraft-badge-packaging-boxes/,Kraft Electronics Boxes,contextual
https://kraftboxpack.com/product-category/kraft-electronics-boxes/,https://kraftboxpack.com/product/kraft-badge-packaging-boxes/,Kraft Badge Packaging Boxes,product-grid
https://kraftboxpack.com/product-category/kraft-electronics-boxes/,https://kraftboxpack.com/product/kraft-keychain-packaging-boxes/,Kraft Electronics Boxes,product-grid
https://kraftboxpack.com/product-category/kraft-electronics-boxes/,https://kraftboxpack.com/product/kraft-keychain-packaging-boxes/,Kraft Keychain Packaging Boxes,product-grid
https://kraftboxpack.com/product-category/kraft-electronics-boxes/,https://kraftboxpack.com/product/kraft-notebook-packaging/,Kraft Electronics Boxes,product-grid
https://kraftboxpack.com/product-category/kraft-electronics-boxes/,https://kraftboxpack.com/product/kraft-notebook-packaging/,Kraft Notebook Packaging,product-grid
https://kraftboxpack.com/product-category/kraft-electronics-boxes/,https://kraftboxpack.com/product/kraft-pen-packaging-boxes/,Kraft Electronics Boxes,product-grid
https://kraftboxpack.com/product-category/kraft-electronics-boxes/,https://kraftboxpack.com/product/kraft-pen-packaging-boxes/,Kraft Pen Packaging Boxes,product-grid
https://kraftboxpack.com/product-category/kraft-electronics-boxes/,https://kraftboxpack.com/product/kraft-pencil-packaging-boxes/,Kraft Electronics Boxes,product-grid
https://kraftboxpack.com/product-category/kraft-electronics-boxes/,https://kraftboxpack.com/product/kraft-pencil-packaging-boxes/,Kraft Pencil Packaging Boxes,product-grid
https://kraftboxpack.com/product-category/kraft-electronics-boxes/,https://kraftboxpack.com/product/kraft-stationery-boxes/,Kraft Electronics Boxes,product-grid
https://kraftboxpack.com/product-category/kraft-electronics-boxes/,https://kraftboxpack.com/product/kraft-stationery-boxes/,Kraft Stationery Boxes,product-grid
https://kraftboxpack.com/product-category/kraft-electronics-boxes/,https://kraftboxpack.com/about-us/,About Us,footer
https://kraftboxpack.com/product-category/kraft-electronics-boxes/,https://kraftboxpack.com/contact-us/,Contact Us,footer
https://kraftboxpack.com/product-category/kraft-electronics-boxes/,https://kraftboxpack.com/privacy-policy/,Privacy Policy,footer
https://kraftboxpack.com/product-category/kraft-electronics-boxes/,https://kraftboxpack.com/refund_returns/,Refund and Returns Policy,footer
https://kraftboxpack.com/product-category/kraft-electronics-boxes/,https://kraftboxpack.com/terms-conditions/,Terms & Conditions,footer
https://kraftboxpack.com/product-category/kraft-food-packaging/,https://kraftboxpack.com/cdn-cgi/l/email-protection,[email protected],navigation
https://kraftboxpack.com/product-category/kraft-food-packaging/,https://kraftboxpack.com/cdn-cgi/l/email-protection,Email Us To Get 25% OFF,navigation
https://kraftboxpack.com/product-category/kraft-food-packaging/,https://kraftboxpack.com,,navigation
https://kraftboxpack.com/product-category/kraft-food-packaging/,https://kraftboxpack.com/,Home,navigation
https://kraftboxpack.com/product-category/kraft-food-packaging/,https://kraftboxpack.com/product-category/colored-kraft-boxes/,Colored Kraft Boxes,navigation
https://kraftboxpack.com/product-category/kraft-food-packaging/,https://kraftboxpack.com/product-category/kraft-gift-specialty-boxes/,Kraft Gift & Specialty Boxes,navigation
https://kraftboxpack.com/product-category/kraft-food-packaging/,https://kraftboxpack.com/product-category/kraft-packaging-boxes/,Kraft Packaging Boxes,navigation
https://kraftboxpack.com/product-category/kraft-food-packaging/,https://kraftboxpack.com/product-category/kraft-wrapping-accessories/,Kraft Wrapping & Accessories,navigation
https://kraftboxpack.com/product-category/kraft-food-packaging/,https://kraftboxpack.com/product/kraft-brownie-packaging-boxes/,Kraft Food Packaging,contextual
https://kraftboxpack.com/product-category/kraft-food-packaging/,https://kraftboxpack.com/product/kraft-brownie-packaging-boxes/,Kraft Brownie Packaging Boxes,product-grid
https://kraftboxpack.com/product-category/kraft-food-packaging/,https://kraftboxpack.com/product/kraft-chocolate-packaging-boxes/,Kraft Food Packaging,product-grid
https://kraftboxpack.com/product-category/kraft-food-packaging/,https://kraftboxpack.com/product/kraft-chocolate-packaging-boxes/,Kraft Chocolate Packaging Boxes,product-grid
https://kraftboxpack.com/product-category/kraft-food-packaging/,https://kraftboxpack.com/product/kraft-coffee-packaging-boxes/,Kraft Food Packaging,product-grid
https://kraftboxpack.com/product-category/kraft-food-packaging/,https://kraftboxpack.com/product/kraft-coffee-packaging-boxes/,Kraft Coffee Packaging Boxes,product-grid
https://kraftboxpack.com/product-category/kraft-food-packaging/,https://kraftboxpack.com/product/kraft-donut-packaging-boxes/,Kraft Food Packaging,product-grid
https://kraftboxpack.com/product-category/kraft-food-packaging/,https://kraftboxpack.com/product/kraft-donut-packaging-boxes/,Kraft Donut Packaging Boxes,product-grid
https://kraftboxpack.com/product-category/kraft-food-packaging/,https://kraftboxpack.com/product/kraft-egg-cartons/,Kraft Food Packaging,product-grid
https://kraftboxpack.com/product-category/kraft-food-packaging/,https://kraftboxpack.com/product/kraft-egg-cartons/,Kraft Egg Cartons,product-grid
https://kraftboxpack.com/product-category/kraft-food-packaging/,https://kraftboxpack.com/product/kraft-frozen-food-boxes/,Kraft Food Packaging,product-grid
https://kraftboxpack.com/product-category/kraft-food-packaging/,https://kraftboxpack.com/product/kraft-frozen-food-boxes/,Kraft Frozen Food Boxes,product-grid
https://kraftboxpack.com/product-category/kraft-food-packaging/,https://kraftboxpack.com/product/kraft-fruit-packaging-boxes/,Kraft Food Packaging,product-grid
https://kraftboxpack.com/product-category/kraft-food-packaging/,https://kraftboxpack.com/product/kraft-fruit-packaging-boxes/,Kraft Fruit Packaging Boxes,product-grid
https://kraftboxpack.com/product-category/kraft-food-packaging/,https://kraftboxpack.com/product/kraft-granola-bar-boxes/,Kraft Food Packaging,product-grid
https://kraftboxpack.com/product-category/kraft-food-packaging/,https://kraftboxpack.com/product/kraft-granola-bar-boxes/,Kraft Granola Bar Boxes,product-grid
https://kraftboxpack.com/product-category/kraft-food-packaging/,https://kraftboxpack.com/product/kraft-juice-bottle-carriers/,Kraft Food Packaging,product-grid
https://kraftboxpack.com/product-category/kraft-food-packaging/,https://kraftboxpack.com/product/kraft-juice-bottle-carriers/,Kraft Juice Bottle Carriers,product-grid
https://kraftboxpack.com/product-category/kraft-food-packaging/,https://kraftboxpack.com/product/kraft-macaron-packaging-boxes/,Kraft Food Packaging,product-grid
https://kraftboxpack.com/product-category/kraft-food-packaging/,https://kraftboxpack.com/product/kraft-macaron-packaging-boxes/,Kraft Macaron Packaging Boxes,product-grid
https://kraftboxpack.com/product-category/kraft-food-packaging/,https://kraftboxpack.com/product/kraft-meat-packaging-boxes/,Kraft Food Packaging,product-grid
https://kraftboxpack.com/product-category/kraft-food-packaging/,https://kraftboxpack.com/product/kraft-meat-packaging-boxes/,Kraft Meat Packaging Boxes,product-grid
https://kraftboxpack.com/product-category/kraft-food-packaging/,https://kraftboxpack.com/product/kraft-milk-bottle-carriers/,Kraft Food Packaging,product-grid
https://kraftboxpack.com/product-category/kraft-food-packaging/,https://kraftboxpack.com/product/kraft-milk-bottle-carriers/,Kraft Milk Bottle Carriers,product-grid
https://kraftboxpack.com/product-category/kraft-food-packaging/,https://kraftboxpack.com/product/kraft-muffin-packaging-boxes/,Kraft Food Packaging,product-grid
https://kraftboxpack.com/product-category/kraft-food-packaging/,https://kraftboxpack.com/product/kraft-muffin-packaging-boxes/,Kraft Muffin Packaging Boxes,product-grid
https://kraftboxpack.com/product-category/kraft-food-packaging/,https://kraftboxpack.com/product/kraft-noodle-packaging-boxes/,Kraft Food Packaging,product-grid
https://kraftboxpack.com/product-category/kraft-food-packaging/,https://kraftboxpack.com/product/kraft-noodle-packaging-boxes/,Kraft Noodle Packaging Boxes,product-grid
https://kraftboxpack.com/product-category/kraft-food-packaging/,https://kraftboxpack.com/product/kraft-pastry-boxes/,Kraft Food Packaging,product-grid
https://kraftboxpack.com/product-category/kraft-food-packaging/,https://kraftboxpack.com/product/kraft-pastry-boxes/,Kraft Pastry Boxes,product-grid
https://kraftboxpack.com/product-category/kraft-food-packaging/,https://kraftboxpack.com/product/kraft-popcorn-packaging-boxes/,Kraft Food Packaging,product-grid
https://kraftboxpack.com/product-category/kraft-food-packaging/,https://kraftboxpack.com/product/kraft-popcorn-packaging-boxes/,Kraft Popcorn Packaging Boxes,product-grid
https://kraftboxpack.com/product-category/kraft-food-packaging/,https://kraftboxpack.com/product-category/kraft-food-packaging/page/2/,2,navigation
https://kraftboxpack.com/product-category/kraft-food-packaging/,https://kraftboxpack.com/product-category/kraft-food-packaging/page/2/,Next,navigation
https://kraftboxpack.com/product-category/kraft-food-packaging/,https://kraftboxpack.com/about-us/,About Us,footer
https://kraftboxpack.com/product-category/kraft-food-packaging/,https://kraftboxpack.com/contact-us/,Contact Us,footer
https://kraftboxpack.com/product-category/kraft-food-packaging/,https://kraftboxpack.com/privacy-policy/,Privacy Policy,footer
https://kraftboxpack.com/product-category/kraft-food-packaging/,https://kraftboxpack.com/refund_returns/,Refund and Returns Policy,footer
https://kraftboxpack.com/product-category/kraft-food-packaging/,https://kraftboxpack.com/terms-conditions/,Terms & Conditions,footer
https://kraftboxpack.com/product-category/kraft-gift-specialty-boxes/,https://kraftboxpack.com/cdn-cgi/l/email-protection,[email protected],navigation
https://kraftboxpack.com/product-category/kraft-gift-specialty-boxes/,https://kraftboxpack.com/cdn-cgi/l/email-protection,Email Us To Get 25% OFF,navigation
https://kraftboxpack.com/product-category/kraft-gift-specialty-boxes/,https://kraftboxpack.com,,navigation
https://kraftboxpack.com/product-category/kraft-gift-specialty-boxes/,https://kraftboxpack.com/,Home,navigation
https://kraftboxpack.com/product-category/kraft-gift-specialty-boxes/,https://kraftboxpack.com/product-category/colored-kraft-boxes/,Colored Kraft Boxes,navigation
https://kraftboxpack.com/product-category/kraft-gift-specialty-boxes/,https://kraftboxpack.com/product-category/kraft-gift-specialty-boxes/,Kraft Gift & Specialty Boxes,navigation
https://kraftboxpack.com/product-category/kraft-gift-specialty-boxes/,https://kraftboxpack.com/product-category/kraft-packaging-boxes/,Kraft Packaging Boxes,navigation
https://kraftboxpack.com/product-category/kraft-gift-specialty-boxes/,https://kraftboxpack.com/product-category/kraft-wrapping-accessories/,Kraft Wrapping & Accessories,navigation
https://kraftboxpack.com/product-category/kraft-gift-specialty-boxes/,https://kraftboxpack.com/product/kraft-bouquet-boxes/,Custom Gift Boxes,contextual
https://kraftboxpack.com/product-category/kraft-gift-specialty-boxes/,https://kraftboxpack.com/product/kraft-bouquet-boxes/,Kraft Bouquet Boxes,product-grid
https://kraftboxpack.com/product-category/kraft-gift-specialty-boxes/,https://kraftboxpack.com/product/kraft-box-with-window/,Kraft Gift & Specialty Boxes,product-grid
https://kraftboxpack.com/product-category/kraft-gift-specialty-boxes/,https://kraftboxpack.com/product/kraft-box-with-window/,Kraft Box with Window,product-grid
https://kraftboxpack.com/product-category/kraft-gift-specialty-boxes/,https://kraftboxpack.com/product/kraft-candle-boxes/,Kraft Gift & Specialty Boxes,product-grid
https://kraftboxpack.com/product-category/kraft-gift-specialty-boxes/,https://kraftboxpack.com/product/kraft-candle-boxes/,Kraft Candle Boxes,product-grid
https://kraftboxpack.com/product-category/kraft-gift-specialty-boxes/,https://kraftboxpack.com/product/kraft-candy-boxes/,Kraft Gift & Specialty Boxes,product-grid
https://kraftboxpack.com/product-category/kraft-gift-specialty-boxes/,https://kraftboxpack.com/product/kraft-candy-boxes/,Kraft Candy Boxes,product-grid
https://kraftboxpack.com/product-category/kraft-gift-specialty-boxes/,https://kraftboxpack.com/product/kraft-candy-favor-boxes/,Custom Gift Boxes,product-grid
https://kraftboxpack.com/product-category/kraft-gift-specialty-boxes/,https://kraftboxpack.com/product/kraft-candy-favor-boxes/,Kraft Candy Favor Boxes,product-grid
https://kraftboxpack.com/product-category/kraft-gift-specialty-boxes/,https://kraftboxpack.com/product/kraft-cupcake-boxes/,Kraft Gift & Specialty Boxes,product-grid
https://kraftboxpack.com/product-category/kraft-gift-specialty-boxes/,https://kraftboxpack.com/product/kraft-cupcake-boxes/,Kraft Cupcake Boxes,product-grid
https://kraftboxpack.com/product-category/kraft-gift-specialty-boxes/,https://kraftboxpack.com/product/kraft-display-boxes/,Kraft Gift & Specialty Boxes,product-grid
https://kraftboxpack.com/product-category/kraft-gift-specialty-boxes/,https://kraftboxpack.com/product/kraft-display-boxes/,Kraft Display Boxes,product-grid
https://kraftboxpack.com/product-category/kraft-gift-specialty-boxes/,https://kraftboxpack.com/product/kraft-drawer-gift-boxes/,Custom Gift Boxes,product-grid
https://kraftboxpack.com/product-category/kraft-gift-specialty-boxes/,https://kraftboxpack.com/product/kraft-drawer-gift-boxes/,Kraft Drawer Gift Boxes,product-grid
https://kraftboxpack.com/product-category/kraft-gift-specialty-boxes/,https://kraftboxpack.com/product/kraft-event-favor-boxes/,Custom Gift Boxes,product-grid
https://kraftboxpack.com/product-category/kraft-gift-specialty-boxes/,https://kraftboxpack.com/product/kraft-event-favor-boxes/,Kraft Event Favor Boxes,product-grid
https://kraftboxpack.com/product-category/kraft-gift-specialty-boxes/,https://kraftboxpack.com/product/kraft-flip-top-rigid-boxes/,Custom Gift Boxes,product-grid
https://kraftboxpack.com/product-category/kraft-gift-specialty-boxes/,https://kraftboxpack.com/product/kraft-flip-top-rigid-boxes/,Kraft Flip Top Rigid Boxes,product-grid
https://kraftboxpack.com/product-category/kraft-gift-specialty-boxes/,https://kraftboxpack.com/product/kraft-flower-boxes/,Custom Gift Boxes,product-grid
https://kraftboxpack.com/product-category/kraft-gift-specialty-boxes/,https://kraftboxpack.com/product/kraft-flower-boxes/,Kraft Flower Boxes,product-grid
https://kraftboxpack.com/product-category/kraft-gift-specialty-boxes/,https://kraftboxpack.com/product/kraft-gift-boxes-with-lids/,Kraft Gift & Specialty Boxes,product-grid
https://kraftboxpack.com/product-category/kraft-gift-specialty-boxes/,https://kraftboxpack.com/product/kraft-gift-boxes-with-lids/,Kraft Gift Boxes With Lids,product-grid
https://kraftboxpack.com/product-category/kraft-gift-specialty-boxes/,https://kraftboxpack.com/product/kraft-gift-card-boxes/,Custom Gift Boxes,product-grid
https://kraftboxpack.com/product-category/kraft-gift-specialty-boxes/,https://kraftboxpack.com/product/kraft-gift-card-boxes/,Kraft Gift Card Boxes,product-grid
https://kraftboxpack.com/product-category/kraft-gift-specialty-boxes/,https://kraftboxpack.com/product/kraft-gift-hamper-boxes/,Custom Gift Boxes,product-grid
https://kraftboxpack.com/product-category/kraft-gift-specialty-boxes/,https://kraftboxpack.com/product/kraft-gift-hamper-boxes/,Kraft Gift Hamper Boxes,product-grid
https://kraftboxpack.com/product-category/kraft-gift-specialty-boxes/,https://kraftboxpack.com/product/kraft-giveaway-packaging-boxes/,Custom Gift Boxes,product-grid
https://kraftboxpack.com/product-category/kraft-gift-specialty-boxes/,https://kraftboxpack.com/product/kraft-giveaway-packaging-boxes/,Kraft Giveaway Packaging Boxes,product-grid
https://kraftboxpack.com/product-category/kraft-gift-specialty-boxes/,https://kraftboxpack.com/product/kraft-heart-shaped-boxes/,Custom Gift Boxes,product-grid
https://kraftboxpack.com/product-category/kraft-gift-specialty-boxes/,https://kraftboxpack.com/product/kraft-heart-shaped-boxes/,Kraft Heart Shaped Boxes,product-grid
https://kraftboxpack.com/product-category/kraft-gift-specialty-boxes/,https://kraftboxpack.com/product-category/kraft-gift-specialty-boxes/page/2/,2,navigation
https://kraftboxpack.com/product-category/kraft-gift-specialty-boxes/,https://kraftboxpack.com/product-category/kraft-gift-specialty-boxes/page/3/,3,navigation
https://kraftboxpack.com/product-category/kraft-gift-specialty-boxes/,https://kraftboxpack.com/product-category/kraft-gift-specialty-boxes/page/2/,Next,navigation
https://kraftboxpack.com/product-category/kraft-gift-specialty-boxes/,https://kraftboxpack.com/about-us/,About Us,footer
https://kraftboxpack.com/product-category/kraft-gift-specialty-boxes/,https://kraftboxpack.com/contact-us/,Contact Us,footer
https://kraftboxpack.com/product-category/kraft-gift-specialty-boxes/,https://kraftboxpack.com/privacy-policy/,Privacy Policy,footer
https://kraftboxpack.com/product-category/kraft-gift-specialty-boxes/,https://kraftboxpack.com/refund_returns/,Refund and Returns Policy,footer
https://kraftboxpack.com/product-category/kraft-gift-specialty-boxes/,https://kraftboxpack.com/terms-conditions/,Terms & Conditions,footer
https://kraftboxpack.com/product-category/kraft-gift-specialty-boxes/custom-gift-boxes/,https://kraftboxpack.com/cdn-cgi/l/email-protection,[email protected],navigation
https://kraftboxpack.com/product-category/kraft-gift-specialty-boxes/custom-gift-boxes/,https://kraftboxpack.com/cdn-cgi/l/email-protection,Email Us To Get 25% OFF,navigation
https://kraftboxpack.com/product-category/kraft-gift-specialty-boxes/custom-gift-boxes/,https://kraftboxpack.com,,navigation
https://kraftboxpack.com/product-category/kraft-gift-specialty-boxes/custom-gift-boxes/,https://kraftboxpack.com/,Home,navigation
https://kraftboxpack.com/product-category/kraft-gift-specialty-boxes/custom-gift-boxes/,https://kraftboxpack.com/product-category/colored-kraft-boxes/,Colored Kraft Boxes,navigation
https://kraftboxpack.com/product-category/kraft-gift-specialty-boxes/custom-gift-boxes/,https://kraftboxpack.com/product-category/kraft-gift-specialty-boxes/,Kraft Gift & Specialty Boxes,navigation
https://kraftboxpack.com/product-category/kraft-gift-specialty-boxes/custom-gift-boxes/,https://kraftboxpack.com/product-category/kraft-packaging-boxes/,Kraft Packaging Boxes,navigation
https://kraftboxpack.com/product-category/kraft-gift-specialty-boxes/custom-gift-boxes/,https://kraftboxpack.com/product-category/kraft-wrapping-accessories/,Kraft Wrapping & Accessories,navigation
https://kraftboxpack.com/product-category/kraft-gift-specialty-boxes/custom-gift-boxes/,https://kraftboxpack.com/product/kraft-bouquet-boxes/,Custom Gift Boxes,contextual
https://kraftboxpack.com/product-category/kraft-gift-specialty-boxes/custom-gift-boxes/,https://kraftboxpack.com/product/kraft-bouquet-boxes/,Kraft Bouquet Boxes,product-grid
https://kraftboxpack.com/product-category/kraft-gift-specialty-boxes/custom-gift-boxes/,https://kraftboxpack.com/product/kraft-candy-favor-boxes/,Custom Gift Boxes,product-grid
https://kraftboxpack.com/product-category/kraft-gift-specialty-boxes/custom-gift-boxes/,https://kraftboxpack.com/product/kraft-candy-favor-boxes/,Kraft Candy Favor Boxes,product-grid
https://kraftboxpack.com/product-category/kraft-gift-specialty-boxes/custom-gift-boxes/,https://kraftboxpack.com/product/kraft-drawer-gift-boxes/,Custom Gift Boxes,product-grid
https://kraftboxpack.com/product-category/kraft-gift-specialty-boxes/custom-gift-boxes/,https://kraftboxpack.com/product/kraft-drawer-gift-boxes/,Kraft Drawer Gift Boxes,product-grid
https://kraftboxpack.com/product-category/kraft-gift-specialty-boxes/custom-gift-boxes/,https://kraftboxpack.com/product/kraft-event-favor-boxes/,Custom Gift Boxes,product-grid
https://kraftboxpack.com/product-category/kraft-gift-specialty-boxes/custom-gift-boxes/,https://kraftboxpack.com/product/kraft-event-favor-boxes/,Kraft Event Favor Boxes,product-grid
https://kraftboxpack.com/product-category/kraft-gift-specialty-boxes/custom-gift-boxes/,https://kraftboxpack.com/product/kraft-flip-top-rigid-boxes/,Custom Gift Boxes,product-grid
https://kraftboxpack.com/product-category/kraft-gift-specialty-boxes/custom-gift-boxes/,https://kraftboxpack.com/product/kraft-flip-top-rigid-boxes/,Kraft Flip Top Rigid Boxes,product-grid
https://kraftboxpack.com/product-category/kraft-gift-specialty-boxes/custom-gift-boxes/,https://kraftboxpack.com/product/kraft-flower-boxes/,Custom Gift Boxes,product-grid
https://kraftboxpack.com/product-category/kraft-gift-specialty-boxes/custom-gift-boxes/,https://kraftboxpack.com/product/kraft-flower-boxes/,Kraft Flower Boxes,product-grid
https://kraftboxpack.com/product-category/kraft-gift-specialty-boxes/custom-gift-boxes/,https://kraftboxpack.com/product/kraft-gift-card-boxes/,Custom Gift Boxes,product-grid
https://kraftboxpack.com/product-category/kraft-gift-specialty-boxes/custom-gift-boxes/,https://kraftboxpack.com/product/kraft-gift-card-boxes/,Kraft Gift Card Boxes,product-grid
https://kraftboxpack.com/product-category/kraft-gift-specialty-boxes/custom-gift-boxes/,https://kraftboxpack.com/product/kraft-gift-hamper-boxes/,Custom Gift Boxes,product-grid
https://kraftboxpack.com/product-category/kraft-gift-specialty-boxes/custom-gift-boxes/,https://kraftboxpack.com/product/kraft-gift-hamper-boxes/,Kraft Gift Hamper Boxes,product-grid
https://kraftboxpack.com/product-category/kraft-gift-specialty-boxes/custom-gift-boxes/,https://kraftboxpack.com/product/kraft-giveaway-packaging-boxes/,Custom Gift Boxes,product-grid
https://kraftboxpack.com/product-category/kraft-gift-specialty-boxes/custom-gift-boxes/,https://kraftboxpack.com/product/kraft-giveaway-packaging-boxes/,Kraft Giveaway Packaging Boxes,product-grid
https://kraftboxpack.com/product-category/kraft-gift-specialty-boxes/custom-gift-boxes/,https://kraftboxpack.com/product/kraft-heart-shaped-boxes/,Custom Gift Boxes,product-grid
https://kraftboxpack.com/product-category/kraft-gift-specialty-boxes/custom-gift-boxes/,https://kraftboxpack.com/product/kraft-heart-shaped-boxes/,Kraft Heart Shaped Boxes,product-grid
https://kraftboxpack.com/product-category/kraft-gift-specialty-boxes/custom-gift-boxes/,https://kraftboxpack.com/product/kraft-influencer-boxes/,Custom Gift Boxes,product-grid
https://kraftboxpack.com/product-category/kraft-gift-specialty-boxes/custom-gift-boxes/,https://kraftboxpack.com/product/kraft-influencer-boxes/,Kraft Influencer Boxes,product-grid
https://kraftboxpack.com/product-category/kraft-gift-specialty-boxes/custom-gift-boxes/,https://kraftboxpack.com/product/kraft-invitation-boxes/,Custom Gift Boxes,product-grid
https://kraftboxpack.com/product-category/kraft-gift-specialty-boxes/custom-gift-boxes/,https://kraftboxpack.com/product/kraft-invitation-boxes/,Kraft Invitation Boxes,product-grid
https://kraftboxpack.com/product-category/kraft-gift-specialty-boxes/custom-gift-boxes/,https://kraftboxpack.com/product/kraft-lid-base-rigid-boxes/,Custom Gift Boxes,product-grid
https://kraftboxpack.com/product-category/kraft-gift-specialty-boxes/custom-gift-boxes/,https://kraftboxpack.com/product/kraft-lid-base-rigid-boxes/,Kraft Lid & Base Rigid Boxes,product-grid
https://kraftboxpack.com/product-category/kraft-gift-specialty-boxes/custom-gift-boxes/,https://kraftboxpack.com/product/kraft-liquor-gift-boxes/,Custom Gift Boxes,product-grid
https://kraftboxpack.com/product-category/kraft-gift-specialty-boxes/custom-gift-boxes/,https://kraftboxpack.com/product/kraft-liquor-gift-boxes/,Kraft Liquor Gift Boxes,product-grid
https://kraftboxpack.com/product-category/kraft-gift-specialty-boxes/custom-gift-boxes/,https://kraftboxpack.com/product/kraft-luxury-magnet-boxes/,Custom Gift Boxes,product-grid
https://kraftboxpack.com/product-category/kraft-gift-specialty-boxes/custom-gift-boxes/,https://kraftboxpack.com/product/kraft-luxury-magnet-boxes/,Kraft Luxury Magnet Boxes,product-grid
https://kraftboxpack.com/product-category/kraft-gift-specialty-boxes/custom-gift-boxes/,https://kraftboxpack.com/product/kraft-marketing-kit-boxes/,Custom Gift Boxes,product-grid
https://kraftboxpack.com/product-category/kraft-gift-specialty-boxes/custom-gift-boxes/,https://kraftboxpack.com/product/kraft-marketing-kit-boxes/,Kraft Marketing Kit Boxes,product-grid
https://kraftboxpack.com/product-category/kraft-gift-specialty-boxes/custom-gift-boxes/,https://kraftboxpack.com/product-category/kraft-gift-specialty-boxes/custom-gift-boxes/page/2/,2,navigation
https://kraftboxpack.com/product-category/kraft-gift-specialty-boxes/custom-gift-boxes/,https://kraftboxpack.com/product-category/kraft-gift-specialty-boxes/custom-gift-boxes/page/2/,Next,navigation
https://kraftboxpack.com/product-category/kraft-gift-specialty-boxes/custom-gift-boxes/,https://kraftboxpack.com/about-us/,About Us,footer
https://kraftboxpack.com/product-category/kraft-gift-specialty-boxes/custom-gift-boxes/,https://kraftboxpack.com/contact-us/,Contact Us,footer
https://kraftboxpack.com/product-category/kraft-gift-specialty-boxes/custom-gift-boxes/,https://kraftboxpack.com/privacy-policy/,Privacy Policy,footer
https://kraftboxpack.com/product-category/kraft-gift-specialty-boxes/custom-gift-boxes/,https://kraftboxpack.com/refund_returns/,Refund and Returns Policy,footer
https://kraftboxpack.com/product-category/kraft-gift-specialty-boxes/custom-gift-boxes/,https://kraftboxpack.com/terms-conditions/,Terms & Conditions,footer
https://kraftboxpack.com/product-category/kraft-industrial-packaging/,https://kraftboxpack.com/cdn-cgi/l/email-protection,[email protected],navigation
https://kraftboxpack.com/product-category/kraft-industrial-packaging/,https://kraftboxpack.com/cdn-cgi/l/email-protection,Email Us To Get 25% OFF,navigation
https://kraftboxpack.com/product-category/kraft-industrial-packaging/,https://kraftboxpack.com,,navigation
https://kraftboxpack.com/product-category/kraft-industrial-packaging/,https://kraftboxpack.com/,Home,navigation
https://kraftboxpack.com/product-category/kraft-industrial-packaging/,https://kraftboxpack.com/product-category/colored-kraft-boxes/,Colored Kraft Boxes,navigation
https://kraftboxpack.com/product-category/kraft-industrial-packaging/,https://kraftboxpack.com/product-category/kraft-gift-specialty-boxes/,Kraft Gift & Specialty Boxes,navigation
https://kraftboxpack.com/product-category/kraft-industrial-packaging/,https://kraftboxpack.com/product-category/kraft-packaging-boxes/,Kraft Packaging Boxes,navigation
https://kraftboxpack.com/product-category/kraft-industrial-packaging/,https://kraftboxpack.com/product-category/kraft-wrapping-accessories/,Kraft Wrapping & Accessories,navigation
https://kraftboxpack.com/product-category/kraft-industrial-packaging/,https://kraftboxpack.com/product/kraft-bulk-shipping-crates/,Kraft Industrial Packaging,contextual
https://kraftboxpack.com/product-category/kraft-industrial-packaging/,https://kraftboxpack.com/product/kraft-bulk-shipping-crates/,Kraft Bulk Shipping Crates,product-grid
https://kraftboxpack.com/product-category/kraft-industrial-packaging/,https://kraftboxpack.com/product/kraft-chemical-safe-boxes/,Kraft Industrial Packaging,product-grid
https://kraftboxpack.com/product-category/kraft-industrial-packaging/,https://kraftboxpack.com/product/kraft-chemical-safe-boxes/,Kraft Chemical Safe Boxes,product-grid
https://kraftboxpack.com/product-category/kraft-industrial-packaging/,https://kraftboxpack.com/product/kraft-eco-friendly-compostable-boxes/,Kraft Industrial Packaging,product-grid
https://kraftboxpack.com/product-category/kraft-industrial-packaging/,https://kraftboxpack.com/product/kraft-eco-friendly-compostable-boxes/,Kraft Eco Friendly Compostable Boxes,product-grid
https://kraftboxpack.com/product-category/kraft-industrial-packaging/,https://kraftboxpack.com/product/kraft-heavy-duty-storage-boxes/,Kraft Industrial Packaging,product-grid
https://kraftboxpack.com/product-category/kraft-industrial-packaging/,https://kraftboxpack.com/product/kraft-heavy-duty-storage-boxes/,Kraft Heavy Duty Storage Boxes,product-grid
https://kraftboxpack.com/product-category/kraft-industrial-packaging/,https://kraftboxpack.com/product/kraft-industrial-parts-boxes/,Kraft Industrial Packaging,product-grid
https://kraftboxpack.com/product-category/kraft-industrial-packaging/,https://kraftboxpack.com/product/kraft-industrial-parts-boxes/,Kraft Industrial Parts Boxes,product-grid
https://kraftboxpack.com/product-category/kraft-industrial-packaging/,https://kraftboxpack.com/product/kraft-insulated-cold-boxes/,Kraft Industrial Packaging,product-grid
https://kraftboxpack.com/product-category/kraft-industrial-packaging/,https://kraftboxpack.com/product/kraft-insulated-cold-boxes/,Kraft Insulated Cold Boxes,product-grid
https://kraftboxpack.com/product-category/kraft-industrial-packaging/,https://kraftboxpack.com/product/kraft-recycled-kraft-boxes/,Kraft Industrial Packaging,product-grid
https://kraftboxpack.com/product-category/kraft-industrial-packaging/,https://kraftboxpack.com/product/kraft-recycled-kraft-boxes/,Kraft Recycled Kraft Boxes,product-grid
https://kraftboxpack.com/product-category/kraft-industrial-packaging/,https://kraftboxpack.com/about-us/,About Us,footer
https://kraftboxpack.com/product-category/kraft-industrial-packaging/,https://kraftboxpack.com/contact-us/,Contact Us,footer
https://kraftboxpack.com/product-category/kraft-industrial-packaging/,https://kraftboxpack.com/privacy-policy/,Privacy Policy,footer
https://kraftboxpack.com/product-category/kraft-industrial-packaging/,https://kraftboxpack.com/refund_returns/,Refund and Returns Policy,footer
https://kraftboxpack.com/product-category/kraft-industrial-packaging/,https://kraftboxpack.com/terms-conditions/,Terms & Conditions,footer
https://kraftboxpack.com/product-category/kraft-luxury-packaging/,https://kraftboxpack.com/cdn-cgi/l/email-protection,[email protected],navigation
https://kraftboxpack.com/product-category/kraft-luxury-packaging/,https://kraftboxpack.com/cdn-cgi/l/email-protection,Email Us To Get 25% OFF,navigation
https://kraftboxpack.com/product-category/kraft-luxury-packaging/,https://kraftboxpack.com,,navigation
https://kraftboxpack.com/product-category/kraft-luxury-packaging/,https://kraftboxpack.com/,Home,navigation
https://kraftboxpack.com/product-category/kraft-luxury-packaging/,https://kraftboxpack.com/product-category/colored-kraft-boxes/,Colored Kraft Boxes,navigation
https://kraftboxpack.com/product-category/kraft-luxury-packaging/,https://kraftboxpack.com/product-category/kraft-gift-specialty-boxes/,Kraft Gift & Specialty Boxes,navigation
https://kraftboxpack.com/product-category/kraft-luxury-packaging/,https://kraftboxpack.com/product-category/kraft-packaging-boxes/,Kraft Packaging Boxes,navigation
https://kraftboxpack.com/product-category/kraft-luxury-packaging/,https://kraftboxpack.com/product-category/kraft-wrapping-accessories/,Kraft Wrapping & Accessories,navigation
https://kraftboxpack.com/product-category/kraft-luxury-packaging/,https://kraftboxpack.com/product/kraft-cylindrical-boxes/,Kraft Luxury Packaging,contextual
https://kraftboxpack.com/product-category/kraft-luxury-packaging/,https://kraftboxpack.com/product/kraft-cylindrical-boxes/,Kraft Cylindrical Boxes,product-grid
https://kraftboxpack.com/product-category/kraft-luxury-packaging/,https://kraftboxpack.com/product/kraft-hexagon-boxes/,Kraft Luxury Packaging,product-grid
https://kraftboxpack.com/product-category/kraft-luxury-packaging/,https://kraftboxpack.com/product/kraft-hexagon-boxes/,Kraft Hexagon Boxes,product-grid
https://kraftboxpack.com/product-category/kraft-luxury-packaging/,https://kraftboxpack.com/product/kraft-magnetic-closure-boxes/,Kraft Luxury Packaging,product-grid
https://kraftboxpack.com/product-category/kraft-luxury-packaging/,https://kraftboxpack.com/product/kraft-magnetic-closure-boxes/,Kraft Magnetic Closure Boxes,product-grid
https://kraftboxpack.com/product-category/kraft-luxury-packaging/,https://kraftboxpack.com/product/kraft-octagon-boxes/,Kraft Luxury Packaging,product-grid
https://kraftboxpack.com/product-category/kraft-luxury-packaging/,https://kraftboxpack.com/product/kraft-octagon-boxes/,Kraft Octagon Boxes,product-grid
https://kraftboxpack.com/product-category/kraft-luxury-packaging/,https://kraftboxpack.com/product/kraft-pyramid-boxes/,Kraft Luxury Packaging,product-grid
https://kraftboxpack.com/product-category/kraft-luxury-packaging/,https://kraftboxpack.com/product/kraft-pyramid-boxes/,Kraft Pyramid Boxes,product-grid
https://kraftboxpack.com/product-category/kraft-luxury-packaging/,https://kraftboxpack.com/product/kraft-rigid-boxes/,Kraft Luxury Packaging,product-grid
https://kraftboxpack.com/product-category/kraft-luxury-packaging/,https://kraftboxpack.com/product/kraft-rigid-boxes/,Kraft Rigid Boxes,product-grid
https://kraftboxpack.com/product-category/kraft-luxury-packaging/,https://kraftboxpack.com/product/kraft-triangle-boxes/,Kraft Luxury Packaging,product-grid
https://kraftboxpack.com/product-category/kraft-luxury-packaging/,https://kraftboxpack.com/product/kraft-triangle-boxes/,Kraft Triangle Boxes,product-grid
https://kraftboxpack.com/product-category/kraft-luxury-packaging/,https://kraftboxpack.com/product/kraft-tube-packaging/,Kraft Luxury Packaging,product-grid
https://kraftboxpack.com/product-category/kraft-luxury-packaging/,https://kraftboxpack.com/product/kraft-tube-packaging/,Kraft Tube Packaging,product-grid
https://kraftboxpack.com/product-category/kraft-luxury-packaging/,https://kraftboxpack.com/about-us/,About Us,footer
https://kraftboxpack.com/product-category/kraft-luxury-packaging/,https://kraftboxpack.com/contact-us/,Contact Us,footer
https://kraftboxpack.com/product-category/kraft-luxury-packaging/,https://kraftboxpack.com/privacy-policy/,Privacy Policy,footer
https://kraftboxpack.com/product-category/kraft-luxury-packaging/,https://kraftboxpack.com/refund_returns/,Refund and Returns Policy,footer
https://kraftboxpack.com/product-category/kraft-luxury-packaging/,https://kraftboxpack.com/terms-conditions/,Terms & Conditions,footer
https://kraftboxpack.com/product-category/kraft-packaging-boxes/,https://kraftboxpack.com/cdn-cgi/l/email-protection,[email protected],navigation
https://kraftboxpack.com/product-category/kraft-packaging-boxes/,https://kraftboxpack.com/cdn-cgi/l/email-protection,Email Us To Get 25% OFF,navigation
https://kraftboxpack.com/product-category/kraft-packaging-boxes/,https://kraftboxpack.com,,navigation
https://kraftboxpack.com/product-category/kraft-packaging-boxes/,https://kraftboxpack.com/,Home,navigation
https://kraftboxpack.com/product-category/kraft-packaging-boxes/,https://kraftboxpack.com/product-category/colored-kraft-boxes/,Colored Kraft Boxes,navigation
https://kraftboxpack.com/product-category/kraft-packaging-boxes/,https://kraftboxpack.com/product-category/kraft-gift-specialty-boxes/,Kraft Gift & Specialty Boxes,navigation
https://kraftboxpack.com/product-category/kraft-packaging-boxes/,https://kraftboxpack.com/product-category/kraft-packaging-boxes/,Kraft Packaging Boxes,navigation
https://kraftboxpack.com/product-category/kraft-packaging-boxes/,https://kraftboxpack.com/product-category/kraft-wrapping-accessories/,Kraft Wrapping & Accessories,navigation
https://kraftboxpack.com/product-category/kraft-packaging-boxes/,https://kraftboxpack.com/product/custom-kraft-bags/,Kraft Packaging Boxes,contextual
https://kraftboxpack.com/product-category/kraft-packaging-boxes/,https://kraftboxpack.com/product/custom-kraft-bags/,Custom Kraft Bags,product-grid
https://kraftboxpack.com/product-category/kraft-packaging-boxes/,https://kraftboxpack.com/product/kraft-bakery-bags/,Kraft Packaging Boxes,product-grid
https://kraftboxpack.com/product-category/kraft-packaging-boxes/,https://kraftboxpack.com/product/kraft-bakery-bags/,Kraft Bakery Bags,product-grid
https://kraftboxpack.com/product-category/kraft-packaging-boxes/,https://kraftboxpack.com/product/kraft-bakery-boxes/,Kraft Packaging Boxes,product-grid
https://kraftboxpack.com/product-category/kraft-packaging-boxes/,https://kraftboxpack.com/product/kraft-bakery-boxes/,Kraft Bakery Boxes,product-grid
https://kraftboxpack.com/product-category/kraft-packaging-boxes/,https://kraftboxpack.com/product/kraft-beard-oil-boxes/,Kraft Cosmetic Boxes,product-grid
https://kraftboxpack.com/product-category/kraft-packaging-boxes/,https://kraftboxpack.com/product/kraft-beard-oil-boxes/,Kraft Beard Oil Boxes,product-grid
https://kraftboxpack.com/product-category/kraft-packaging-boxes/,https://kraftboxpack.com/product/kraft-cake-boxes/,Kraft Packaging Boxes,product-grid
https://kraftboxpack.com/product-category/kraft-packaging-boxes/,https://kraftboxpack.com/product/kraft-cake-boxes/,Kraft Cake Boxes,product-grid
https://kraftboxpack.com/product-category/kraft-packaging-boxes/,https://kraftboxpack.com/product/kraft-candle-sleeve-boxes/,Kraft Cosmetic Boxes,product-grid
https://kraftboxpack.com/product-category/kraft-packaging-boxes/,https://kraftboxpack.com/product/kraft-candle-sleeve-boxes/,Kraft Candle Sleeve Boxes,product-grid
https://kraftboxpack.com/product-category/kraft-packaging-boxes/,https://kraftboxpack.com/product/kraft-cardboard-boxes/,Kraft Packaging Boxes,product-grid
https://kraftboxpack.com/product-category/kraft-packaging-boxes/,https://kraftboxpack.com/product/kraft-cardboard-boxes/,Kraft Cardboard Boxes,product-grid
https://kraftboxpack.com/product-category/kraft-packaging-boxes/,https://kraftboxpack.com/product/kraft-cookie-boxes/,Kraft Packaging Boxes,product-grid
https://kraftboxpack.com/product-category/kraft-packaging-boxes/,https://kraftboxpack.com/product/kraft-cookie-boxes/,Kraft Cookie Boxes,product-grid
https://kraftboxpack.com/product-category/kraft-packaging-boxes/,https://kraftboxpack.com/product/kraft-corrugated-boxes/,Kraft Packaging Boxes,product-grid
https://kraftboxpack.com/product-category/kraft-packaging-boxes/,https://kraftboxpack.com/product/kraft-corrugated-boxes/,Kraft Corrugated Boxes,product-grid
https://kraftboxpack.com/product-category/kraft-packaging-boxes/,https://kraftboxpack.com/product/kraft-dispenser-boxes/,Kraft Packaging Boxes,product-grid
https://kraftboxpack.com/product-category/kraft-packaging-boxes/,https://kraftboxpack.com/product/kraft-dispenser-boxes/,Kraft Dispenser Boxes,product-grid
https://kraftboxpack.com/product-category/kraft-packaging-boxes/,https://kraftboxpack.com/product/kraft-drawer-boxes/,Kraft Packaging Boxes,product-grid
https://kraftboxpack.com/product-category/kraft-packaging-boxes/,https://kraftboxpack.com/product/kraft-drawer-boxes/,Kraft Drawer Boxes,product-grid
https://kraftboxpack.com/product-category/kraft-packaging-boxes/,https://kraftboxpack.com/product/kraft-eyelash-packaging-boxes/,Kraft Cosmetic Boxes,product-grid
https://kraftboxpack.com/product-category/kraft-packaging-boxes/,https://kraftboxpack.com/product/kraft-eyelash-packaging-boxes/,Kraft Eyelash Packaging Boxes,product-grid
https://kraftboxpack.com/product-category/kraft-packaging-boxes/,https://kraftboxpack.com/product/kraft-favor-boxes/,Kraft Packaging Boxes,product-grid
https://kraftboxpack.com/product-category/kraft-packaging-boxes/,https://kraftboxpack.com/product/kraft-favor-boxes/,Kraft Favor Boxes,product-grid
https://kraftboxpack.com/product-category/kraft-packaging-boxes/,https://kraftboxpack.com/product/kraft-food-boxes/,Kraft Packaging Boxes,product-grid
https://kraftboxpack.com/product-category/kraft-packaging-boxes/,https://kraftboxpack.com/product/kraft-food-boxes/,Kraft Food Boxes,product-grid
https://kraftboxpack.com/product-category/kraft-packaging-boxes/,https://kraftboxpack.com/product/kraft-gable-boxes/,Kraft Packaging Boxes,product-grid
https://kraftboxpack.com/product-category/kraft-packaging-boxes/,https://kraftboxpack.com/product/kraft-gable-boxes/,Kraft Gable Boxes,product-grid
https://kraftboxpack.com/product-category/kraft-packaging-boxes/,https://kraftboxpack.com/product/kraft-lip-balm-packaging-boxes/,Kraft Cosmetic Boxes,product-grid
https://kraftboxpack.com/product-category/kraft-packaging-boxes/,https://kraftboxpack.com/product/kraft-lip-balm-packaging-boxes/,Kraft Lip Balm Packaging Boxes,product-grid
https://kraftboxpack.com/product-category/kraft-packaging-boxes/,https://kraftboxpack.com/product-category/kraft-packaging-boxes/page/2/,2,navigation
https://kraftboxpack.com/product-category/kraft-packaging-boxes/,https://kraftboxpack.com/product-category/kraft-packaging-boxes/page/2/,Next,navigation
https://kraftboxpack.com/product-category/kraft-packaging-boxes/,https://kraftboxpack.com/about-us/,About Us,footer
https://kraftboxpack.com/product-category/kraft-packaging-boxes/,https://kraftboxpack.com/contact-us/,Contact Us,footer
https://kraftboxpack.com/product-category/kraft-packaging-boxes/,https://kraftboxpack.com/privacy-policy/,Privacy Policy,footer
https://kraftboxpack.com/product-category/kraft-packaging-boxes/,https://kraftboxpack.com/refund_returns/,Refund and Returns Policy,footer
https://kraftboxpack.com/product-category/kraft-packaging-boxes/,https://kraftboxpack.com/terms-conditions/,Terms & Conditions,footer
https://kraftboxpack.com/product-category/kraft-packaging-boxes/karft-cosmetic-boxes/,https://kraftboxpack.com/cdn-cgi/l/email-protection,[email protected],navigation
https://kraftboxpack.com/product-category/kraft-packaging-boxes/karft-cosmetic-boxes/,https://kraftboxpack.com/cdn-cgi/l/email-protection,Email Us To Get 25% OFF,navigation
https://kraftboxpack.com/product-category/kraft-packaging-boxes/karft-cosmetic-boxes/,https://kraftboxpack.com,,navigation
https://kraftboxpack.com/product-category/kraft-packaging-boxes/karft-cosmetic-boxes/,https://kraftboxpack.com/,Home,navigation
https://kraftboxpack.com/product-category/kraft-packaging-boxes/karft-cosmetic-boxes/,https://kraftboxpack.com/product-category/colored-kraft-boxes/,Colored Kraft Boxes,navigation
https://kraftboxpack.com/product-category/kraft-packaging-boxes/karft-cosmetic-boxes/,https://kraftboxpack.com/product-category/kraft-gift-specialty-boxes/,Kraft Gift & Specialty Boxes,navigation
https://kraftboxpack.com/product-category/kraft-packaging-boxes/karft-cosmetic-boxes/,https://kraftboxpack.com/product-category/kraft-packaging-boxes/,Kraft Packaging Boxes,navigation
https://kraftboxpack.com/product-category/kraft-packaging-boxes/karft-cosmetic-boxes/,https://kraftboxpack.com/product-category/kraft-wrapping-accessories/,Kraft Wrapping & Accessories,navigation
https://kraftboxpack.com/product-category/kraft-packaging-boxes/karft-cosmetic-boxes/,https://kraftboxpack.com/product/kraft-beard-oil-boxes/,Kraft Cosmetic Boxes,contextual
https://kraftboxpack.com/product-category/kraft-packaging-boxes/karft-cosmetic-boxes/,https://kraftboxpack.com/product/kraft-beard-oil-boxes/,Kraft Beard Oil Boxes,product-grid
https://kraftboxpack.com/product-category/kraft-packaging-boxes/karft-cosmetic-boxes/,https://kraftboxpack.com/product/kraft-candle-sleeve-boxes/,Kraft Cosmetic Boxes,product-grid
https://kraftboxpack.com/product-category/kraft-packaging-boxes/karft-cosmetic-boxes/,https://kraftboxpack.com/product/kraft-candle-sleeve-boxes/,Kraft Candle Sleeve Boxes,product-grid
https://kraftboxpack.com/product-category/kraft-packaging-boxes/karft-cosmetic-boxes/,https://kraftboxpack.com/product/kraft-eyelash-packaging-boxes/,Kraft Cosmetic Boxes,product-grid
https://kraftboxpack.com/product-category/kraft-packaging-boxes/karft-cosmetic-boxes/,https://kraftboxpack.com/product/kraft-eyelash-packaging-boxes/,Kraft Eyelash Packaging Boxes,product-grid
https://kraftboxpack.com/product-category/kraft-packaging-boxes/karft-cosmetic-boxes/,https://kraftboxpack.com/product/kraft-lip-balm-packaging-boxes/,Kraft Cosmetic Boxes,product-grid
https://kraftboxpack.com/product-category/kraft-packaging-boxes/karft-cosmetic-boxes/,https://kraftboxpack.com/product/kraft-lip-balm-packaging-boxes/,Kraft Lip Balm Packaging Boxes,product-grid
https://kraftboxpack.com/product-category/kraft-packaging-boxes/karft-cosmetic-boxes/,https://kraftboxpack.com/product/kraft-makeup-palette-boxes/,Kraft Cosmetic Boxes,product-grid
https://kraftboxpack.com/product-category/kraft-packaging-boxes/karft-cosmetic-boxes/,https://kraftboxpack.com/product/kraft-makeup-palette-boxes/,Kraft Makeup Palette Boxes,product-grid
https://kraftboxpack.com/product-category/kraft-packaging-boxes/karft-cosmetic-boxes/,https://kraftboxpack.com/product/kraft-perfume-boxes/,Kraft Cosmetic Boxes,product-grid
https://kraftboxpack.com/product-category/kraft-packaging-boxes/karft-cosmetic-boxes/,https://kraftboxpack.com/product/kraft-perfume-boxes/,Kraft Perfume Boxes,product-grid
https://kraftboxpack.com/product-category/kraft-packaging-boxes/karft-cosmetic-boxes/,https://kraftboxpack.com/product/kraft-skincare-boxes/,Kraft Cosmetic Boxes,product-grid
https://kraftboxpack.com/product-category/kraft-packaging-boxes/karft-cosmetic-boxes/,https://kraftboxpack.com/product/kraft-skincare-boxes/,Kraft Skincare Boxes,product-grid
https://kraftboxpack.com/product-category/kraft-packaging-boxes/karft-cosmetic-boxes/,https://kraftboxpack.com/product/kraft-soap-sleeve-boxes/,Kraft Cosmetic Boxes,product-grid
https://kraftboxpack.com/product-category/kraft-packaging-boxes/karft-cosmetic-boxes/,https://kraftboxpack.com/product/kraft-soap-sleeve-boxes/,Kraft Soap Sleeve Boxes,product-grid
https://kraftboxpack.com/product-category/kraft-packaging-boxes/karft-cosmetic-boxes/,https://kraftboxpack.com/product/kraft-wax-melt-boxes/,Kraft Cosmetic Boxes,product-grid
https://kraftboxpack.com/product-category/kraft-packaging-boxes/karft-cosmetic-boxes/,https://kraftboxpack.com/product/kraft-wax-melt-boxes/,Kraft Wax Melt Boxes,product-grid
https://kraftboxpack.com/product-category/kraft-packaging-boxes/karft-cosmetic-boxes/,https://kraftboxpack.com/about-us/,About Us,footer
https://kraftboxpack.com/product-category/kraft-packaging-boxes/karft-cosmetic-boxes/,https://kraftboxpack.com/contact-us/,Contact Us,footer
https://kraftboxpack.com/product-category/kraft-packaging-boxes/karft-cosmetic-boxes/,https://kraftboxpack.com/privacy-policy/,Privacy Policy,footer
https://kraftboxpack.com/product-category/kraft-packaging-boxes/karft-cosmetic-boxes/,https://kraftboxpack.com/refund_returns/,Refund and Returns Policy,footer
https://kraftboxpack.com/product-category/kraft-packaging-boxes/karft-cosmetic-boxes/,https://kraftboxpack.com/terms-conditions/,Terms & Conditions,footer
https://kraftboxpack.com/product-category/kraft-pharma-boxes/,https://kraftboxpack.com/cdn-cgi/l/email-protection,[email protected],navigation
https://kraftboxpack.com/product-category/kraft-pharma-boxes/,https://kraftboxpack.com/cdn-cgi/l/email-protection,Email Us To Get 25% OFF,navigation
https://kraftboxpack.com/product-category/kraft-pharma-boxes/,https://kraftboxpack.com,,navigation
https://kraftboxpack.com/product-category/kraft-pharma-boxes/,https://kraftboxpack.com/,Home,navigation
https://kraftboxpack.com/product-category/kraft-pharma-boxes/,https://kraftboxpack.com/product-category/colored-kraft-boxes/,Colored Kraft Boxes,navigation
https://kraftboxpack.com/product-category/kraft-pharma-boxes/,https://kraftboxpack.com/product-category/kraft-gift-specialty-boxes/,Kraft Gift & Specialty Boxes,navigation
https://kraftboxpack.com/product-category/kraft-pharma-boxes/,https://kraftboxpack.com/product-category/kraft-packaging-boxes/,Kraft Packaging Boxes,navigation
https://kraftboxpack.com/product-category/kraft-pharma-boxes/,https://kraftboxpack.com/product-category/kraft-wrapping-accessories/,Kraft Wrapping & Accessories,navigation
https://kraftboxpack.com/product-category/kraft-pharma-boxes/,https://kraftboxpack.com/product/kraft-first-aid-kit-boxes/,Kraft Pharma boxes,contextual
https://kraftboxpack.com/product-category/kraft-pharma-boxes/,https://kraftboxpack.com/product/kraft-first-aid-kit-boxes/,Kraft First Aid Kit Boxes,product-grid
https://kraftboxpack.com/product-category/kraft-pharma-boxes/,https://kraftboxpack.com/product/kraft-medicine-packaging-boxes/,Kraft Pharma boxes,product-grid
https://kraftboxpack.com/product-category/kraft-pharma-boxes/,https://kraftboxpack.com/product/kraft-medicine-packaging-boxes/,Kraft Medicine Packaging Boxes,product-grid
https://kraftboxpack.com/product-category/kraft-pharma-boxes/,https://kraftboxpack.com/product/kraft-ppe-packaging-boxes/,Kraft Pharma boxes,product-grid
https://kraftboxpack.com/product-category/kraft-pharma-boxes/,https://kraftboxpack.com/product/kraft-ppe-packaging-boxes/,Kraft PPE Packaging Boxes,product-grid
https://kraftboxpack.com/product-category/kraft-pharma-boxes/,https://kraftboxpack.com/product/kraft-supplement-boxes/,Kraft Pharma boxes,product-grid
https://kraftboxpack.com/product-category/kraft-pharma-boxes/,https://kraftboxpack.com/product/kraft-supplement-boxes/,Kraft Supplement Boxes,product-grid
https://kraftboxpack.com/product-category/kraft-pharma-boxes/,https://kraftboxpack.com/product/kraft-syrup-packaging-boxes/,Kraft Pharma boxes,product-grid
https://kraftboxpack.com/product-category/kraft-pharma-boxes/,https://kraftboxpack.com/product/kraft-syrup-packaging-boxes/,Kraft Syrup Packaging Boxes,product-grid
https://kraftboxpack.com/product-category/kraft-pharma-boxes/,https://kraftboxpack.com/product/kraft-vitamin-packaging-boxes/,Kraft Pharma boxes,product-grid
https://kraftboxpack.com/product-category/kraft-pharma-boxes/,https://kraftboxpack.com/product/kraft-vitamin-packaging-boxes/,Kraft Vitamin Packaging Boxes,product-grid
https://kraftboxpack.com/product-category/kraft-pharma-boxes/,https://kraftboxpack.com/about-us/,About Us,footer
https://kraftboxpack.com/product-category/kraft-pharma-boxes/,https://kraftboxpack.com/contact-us/,Contact Us,footer
https://kraftboxpack.com/product-category/kraft-pharma-boxes/,https://kraftboxpack.com/privacy-policy/,Privacy Policy,footer
https://kraftboxpack.com/product-category/kraft-pharma-boxes/,https://kraftboxpack.com/refund_returns/,Refund and Returns Policy,footer
https://kraftboxpack.com/product-category/kraft-pharma-boxes/,https://kraftboxpack.com/terms-conditions/,Terms & Conditions,footer
https://kraftboxpack.com/product-category/kraft-toy-packaging/,https://kraftboxpack.com/cdn-cgi/l/email-protection,[email protected],navigation
https://kraftboxpack.com/product-category/kraft-toy-packaging/,https://kraftboxpack.com/cdn-cgi/l/email-protection,Email Us To Get 25% OFF,navigation
https://kraftboxpack.com/product-category/kraft-toy-packaging/,https://kraftboxpack.com,,navigation
https://kraftboxpack.com/product-category/kraft-toy-packaging/,https://kraftboxpack.com/,Home,navigation
https://kraftboxpack.com/product-category/kraft-toy-packaging/,https://kraftboxpack.com/product-category/colored-kraft-boxes/,Colored Kraft Boxes,navigation
https://kraftboxpack.com/product-category/kraft-toy-packaging/,https://kraftboxpack.com/product-category/kraft-gift-specialty-boxes/,Kraft Gift & Specialty Boxes,navigation
https://kraftboxpack.com/product-category/kraft-toy-packaging/,https://kraftboxpack.com/product-category/kraft-packaging-boxes/,Kraft Packaging Boxes,navigation
https://kraftboxpack.com/product-category/kraft-toy-packaging/,https://kraftboxpack.com/product-category/kraft-wrapping-accessories/,Kraft Wrapping & Accessories,navigation
https://kraftboxpack.com/product-category/kraft-toy-packaging/,https://kraftboxpack.com/product/kraft-baby-product-boxes/,Kraft Toy Packaging,contextual
https://kraftboxpack.com/product-category/kraft-toy-packaging/,https://kraftboxpack.com/product/kraft-baby-product-boxes/,Kraft Baby Product Boxes,product-grid
https://kraftboxpack.com/product-category/kraft-toy-packaging/,https://kraftboxpack.com/product/kraft-board-game-packaging-boxes/,Kraft Toy Packaging,product-grid
https://kraftboxpack.com/product-category/kraft-toy-packaging/,https://kraftboxpack.com/product/kraft-board-game-packaging-boxes/,Kraft Board Game Packaging Boxes,product-grid
https://kraftboxpack.com/product-category/kraft-toy-packaging/,https://kraftboxpack.com/product/kraft-puzzle-packaging-boxes/,Kraft Toy Packaging,product-grid
https://kraftboxpack.com/product-category/kraft-toy-packaging/,https://kraftboxpack.com/product/kraft-puzzle-packaging-boxes/,Kraft Puzzle Packaging Boxes,product-grid
https://kraftboxpack.com/product-category/kraft-toy-packaging/,https://kraftboxpack.com/product/kraft-toy-packaging-boxes/,Kraft Toy Packaging,product-grid
https://kraftboxpack.com/product-category/kraft-toy-packaging/,https://kraftboxpack.com/product/kraft-toy-packaging-boxes/,Kraft Toy Packaging Boxes,product-grid
https://kraftboxpack.com/product-category/kraft-toy-packaging/,https://kraftboxpack.com/about-us/,About Us,footer
https://kraftboxpack.com/product-category/kraft-toy-packaging/,https://kraftboxpack.com/contact-us/,Contact Us,footer
https://kraftboxpack.com/product-category/kraft-toy-packaging/,https://kraftboxpack.com/privacy-policy/,Privacy Policy,footer
https://kraftboxpack.com/product-category/kraft-toy-packaging/,https://kraftboxpack.com/refund_returns/,Refund and Returns Policy,footer
https://kraftboxpack.com/product-category/kraft-toy-packaging/,https://kraftboxpack.com/terms-conditions/,Terms & Conditions,footer
https://kraftboxpack.com/product-category/kraft-wrapping-accessories/,https://kraftboxpack.com/cdn-cgi/l/email-protection,[email protected],navigation
https://kraftboxpack.com/product-category/kraft-wrapping-accessories/,https://kraftboxpack.com/cdn-cgi/l/email-protection,Email Us To Get 25% OFF,navigation
https://kraftboxpack.com/product-category/kraft-wrapping-accessories/,https://kraftboxpack.com,,navigation
https://kraftboxpack.com/product-category/kraft-wrapping-accessories/,https://kraftboxpack.com/,Home,navigation
https://kraftboxpack.com/product-category/kraft-wrapping-accessories/,https://kraftboxpack.com/product-category/colored-kraft-boxes/,Colored Kraft Boxes,navigation
https://kraftboxpack.com/product-category/kraft-wrapping-accessories/,https://kraftboxpack.com/product-category/kraft-gift-specialty-boxes/,Kraft Gift & Specialty Boxes,navigation
https://kraftboxpack.com/product-category/kraft-wrapping-accessories/,https://kraftboxpack.com/product-category/kraft-packaging-boxes/,Kraft Packaging Boxes,navigation
https://kraftboxpack.com/product-category/kraft-wrapping-accessories/,https://kraftboxpack.com/product-category/kraft-wrapping-accessories/,Kraft Wrapping & Accessories,navigation
https://kraftboxpack.com/product-category/kraft-wrapping-accessories/,https://kraftboxpack.com/product/kraft-boxes-for-gifts/,Kraft Wrapping & Accessories,contextual
https://kraftboxpack.com/product-category/kraft-wrapping-accessories/,https://kraftboxpack.com/product/kraft-boxes-for-gifts/,Kraft Boxes For Gifts,product-grid
https://kraftboxpack.com/product-category/kraft-wrapping-accessories/,https://kraftboxpack.com/product/kraft-paper-boxes/,Kraft Wrapping & Accessories,product-grid
https://kraftboxpack.com/product-category/kraft-wrapping-accessories/,https://kraftboxpack.com/product/kraft-paper-boxes/,Kraft Paper Boxes,product-grid
https://kraftboxpack.com/product-category/kraft-wrapping-accessories/,https://kraftboxpack.com/product/kraft-paper-dispenser-boxes/,Kraft Wrapping & Accessories,product-grid
https://kraftboxpack.com/product-category/kraft-wrapping-accessories/,https://kraftboxpack.com/product/kraft-paper-dispenser-boxes/,Kraft Paper Dispenser Boxes,product-grid
https://kraftboxpack.com/product-category/kraft-wrapping-accessories/,https://kraftboxpack.com/product/kraft-paper-gift-wrapping/,Kraft Wrapping & Accessories,product-grid
https://kraftboxpack.com/product-category/kraft-wrapping-accessories/,https://kraftboxpack.com/product/kraft-paper-gift-wrapping/,Kraft Paper Gift Wrapping,product-grid
https://kraftboxpack.com/product-category/kraft-wrapping-accessories/,https://kraftboxpack.com/product/kraft-paper-packaging/,Kraft Wrapping & Accessories,product-grid
https://kraftboxpack.com/product-category/kraft-wrapping-accessories/,https://kraftboxpack.com/product/kraft-paper-packaging/,Kraft Paper Packaging,product-grid
https://kraftboxpack.com/product-category/kraft-wrapping-accessories/,https://kraftboxpack.com/about-us/,About Us,footer
https://kraftboxpack.com/product-category/kraft-wrapping-accessories/,https://kraftboxpack.com/contact-us/,Contact Us,footer
https://kraftboxpack.com/product-category/kraft-wrapping-accessories/,https://kraftboxpack.com/privacy-policy/,Privacy Policy,footer
https://kraftboxpack.com/product-category/kraft-wrapping-accessories/,https://kraftboxpack.com/refund_returns/,Refund and Returns Policy,footer
https://kraftboxpack.com/product-category/kraft-wrapping-accessories/,https://kraftboxpack.com/terms-conditions/,Terms & Conditions,footer
https://kraftboxpack.com/product/black-kraft-boxes/,https://kraftboxpack.com/cdn-cgi/l/email-protection,[email protected],navigation
https://kraftboxpack.com/product/black-kraft-boxes/,https://kraftboxpack.com/cdn-cgi/l/email-protection,Email Us To Get 25% OFF,navigation
https://kraftboxpack.com/product/black-kraft-boxes/,https://kraftboxpack.com,,navigation
https://kraftboxpack.com/product/black-kraft-boxes/,https://kraftboxpack.com/,Home,navigation
https://kraftboxpack.com/product/black-kraft-boxes/,https://kraftboxpack.com/product-category/colored-kraft-boxes/,Colored Kraft Boxes,navigation
https://kraftboxpack.com/product/black-kraft-boxes/,https://kraftboxpack.com/product-category/kraft-gift-specialty-boxes/,Kraft Gift & Specialty Boxes,navigation
https://kraftboxpack.com/product/black-kraft-boxes/,https://kraftboxpack.com/product-category/kraft-packaging-boxes/,Kraft Packaging Boxes,navigation
https://kraftboxpack.com/product/black-kraft-boxes/,https://kraftboxpack.com/product-category/kraft-wrapping-accessories/,Kraft Wrapping & Accessories,navigation
https://kraftboxpack.com/product/black-kraft-boxes/,https://kraftboxpack.com,Home,breadcrumb
https://kraftboxpack.com/product/black-kraft-boxes/,https://kraftboxpack.com/products/,Products,breadcrumb
https://kraftboxpack.com/product/black-kraft-boxes/,https://kraftboxpack.com/product/black-kraft-boxes/,Black Kraft Boxes,contextual
https://kraftboxpack.com/product/black-kraft-boxes/,https://kraftboxpack.com?add-to-cart=2728&quantity=1&e-redirect=https://kraftboxpack.com/cart/,Buy Now,contextual
https://kraftboxpack.com/product/black-kraft-boxes/,https://kraftboxpack.com/product/brown-kraft-boxes/,Brown Kraft Boxes,contextual
https://kraftboxpack.com/product/black-kraft-boxes/,https://kraftboxpack.com/product-category/Colored-Kraft-Boxes/,Colored Kraft Boxes,contextual
https://kraftboxpack.com/product/black-kraft-boxes/,https://kraftboxpack.com/,Kraft Box Pack,contextual
https://kraftboxpack.com/product/black-kraft-boxes/,https://kraftboxpack.com/product/brown-kraft-boxes/,Colored Kraft Boxes,related-product
https://kraftboxpack.com/product/black-kraft-boxes/,https://kraftboxpack.com/product/kraft-boxes-with-lid/,Colored Kraft Boxes,related-product
https://kraftboxpack.com/product/black-kraft-boxes/,https://kraftboxpack.com/product/kraft-boxes-with-lid/,Kraft Boxes With Lid,product-grid
https://kraftboxpack.com/product/black-kraft-boxes/,https://kraftboxpack.com/product/colored-kraft-paper/,Colored Kraft Boxes,product-grid
https://kraftboxpack.com/product/black-kraft-boxes/,https://kraftboxpack.com/product/colored-kraft-paper/,Colored Kraft Paper,product-grid
https://kraftboxpack.com/product/black-kraft-boxes/,https://kraftboxpack.com/product/kraft-thermal-kraft-boxes/,Colored Kraft Boxes,product-grid
https://kraftboxpack.com/product/black-kraft-boxes/,https://kraftboxpack.com/product/kraft-thermal-kraft-boxes/,Kraft Thermal Kraft Boxes,product-grid
https://kraftboxpack.com/product/black-kraft-boxes/,https://kraftboxpack.com/cdn-cgi/l/email-protection,info@shopcardboardboxes,product-grid
https://kraftboxpack.com/product/black-kraft-boxes/,https://kraftboxpack.com/about-us/,About Us,footer
https://kraftboxpack.com/product/black-kraft-boxes/,https://kraftboxpack.com/contact-us/,Contact Us,footer
https://kraftboxpack.com/product/black-kraft-boxes/,https://kraftboxpack.com/privacy-policy/,Privacy Policy,footer
https://kraftboxpack.com/product/black-kraft-boxes/,https://kraftboxpack.com/refund_returns/,Refund and Returns Policy,footer
https://kraftboxpack.com/product/black-kraft-boxes/,https://kraftboxpack.com/terms-conditions/,Terms & Conditions,footer
https://kraftboxpack.com/product/brown-kraft-boxes/,https://kraftboxpack.com/cdn-cgi/l/email-protection,[email protected],navigation
https://kraftboxpack.com/product/brown-kraft-boxes/,https://kraftboxpack.com/cdn-cgi/l/email-protection,Email Us To Get 25% OFF,navigation
https://kraftboxpack.com/product/brown-kraft-boxes/,https://kraftboxpack.com,,navigation
https://kraftboxpack.com/product/brown-kraft-boxes/,https://kraftboxpack.com/,Home,navigation
https://kraftboxpack.com/product/brown-kraft-boxes/,https://kraftboxpack.com/product-category/colored-kraft-boxes/,Colored Kraft Boxes,navigation
https://kraftboxpack.com/product/brown-kraft-boxes/,https://kraftboxpack.com/product-category/kraft-gift-specialty-boxes/,Kraft Gift & Specialty Boxes,navigation
https://kraftboxpack.com/product/brown-kraft-boxes/,https://kraftboxpack.com/product-category/kraft-packaging-boxes/,Kraft Packaging Boxes,navigation
https://kraftboxpack.com/product/brown-kraft-boxes/,https://kraftboxpack.com/product-category/kraft-wrapping-accessories/,Kraft Wrapping & Accessories,navigation
https://kraftboxpack.com/product/brown-kraft-boxes/,https://kraftboxpack.com,Home,breadcrumb
https://kraftboxpack.com/product/brown-kraft-boxes/,https://kraftboxpack.com/products/,Products,breadcrumb
https://kraftboxpack.com/product/brown-kraft-boxes/,https://kraftboxpack.com/product/brown-kraft-boxes/,Brown Kraft Boxes,contextual
https://kraftboxpack.com/product/brown-kraft-boxes/,https://kraftboxpack.com?add-to-cart=2733&quantity=1&e-redirect=https://kraftboxpack.com/cart/,Buy Now,contextual
https://kraftboxpack.com/product/brown-kraft-boxes/,https://kraftboxpack.com/product/kraft-boxes-with-lid/,Kraft Boxes With Lid,contextual
https://kraftboxpack.com/product/brown-kraft-boxes/,https://kraftboxpack.com/product-category/Colored-Kraft-Boxes/,Colored Kraft Boxes,contextual
https://kraftboxpack.com/product/brown-kraft-boxes/,https://kraftboxpack.com/,Kraft Box Pack,contextual
https://kraftboxpack.com/product/brown-kraft-boxes/,https://kraftboxpack.com/product/kraft-boxes-with-lid/,Colored Kraft Boxes,related-product
https://kraftboxpack.com/product/brown-kraft-boxes/,https://kraftboxpack.com/product/colored-kraft-paper/,Colored Kraft Boxes,related-product
https://kraftboxpack.com/product/brown-kraft-boxes/,https://kraftboxpack.com/product/colored-kraft-paper/,Colored Kraft Paper,product-grid
https://kraftboxpack.com/product/brown-kraft-boxes/,https://kraftboxpack.com/product/kraft-minimalist-boxes/,Colored Kraft Boxes,product-grid
https://kraftboxpack.com/product/brown-kraft-boxes/,https://kraftboxpack.com/product/kraft-minimalist-boxes/,Kraft Minimalist Boxes,product-grid
https://kraftboxpack.com/product/brown-kraft-boxes/,https://kraftboxpack.com/product/kraft-thermal-kraft-boxes/,Colored Kraft Boxes,product-grid
https://kraftboxpack.com/product/brown-kraft-boxes/,https://kraftboxpack.com/product/kraft-thermal-kraft-boxes/,Kraft Thermal Kraft Boxes,product-grid
https://kraftboxpack.com/product/brown-kraft-boxes/,https://kraftboxpack.com/cdn-cgi/l/email-protection,info@shopcardboardboxes,product-grid
https://kraftboxpack.com/product/brown-kraft-boxes/,https://kraftboxpack.com/about-us/,About Us,footer
https://kraftboxpack.com/product/brown-kraft-boxes/,https://kraftboxpack.com/contact-us/,Contact Us,footer
https://kraftboxpack.com/product/brown-kraft-boxes/,https://kraftboxpack.com/privacy-policy/,Privacy Policy,footer
https://kraftboxpack.com/product/brown-kraft-boxes/,https://kraftboxpack.com/refund_returns/,Refund and Returns Policy,footer
https://kraftboxpack.com/product/brown-kraft-boxes/,https://kraftboxpack.com/terms-conditions/,Terms & Conditions,footer
https://kraftboxpack.com/product/colored-kraft-paper/,https://kraftboxpack.com/cdn-cgi/l/email-protection,[email protected],navigation
https://kraftboxpack.com/product/colored-kraft-paper/,https://kraftboxpack.com/cdn-cgi/l/email-protection,Email Us To Get 25% OFF,navigation
https://kraftboxpack.com/product/colored-kraft-paper/,https://kraftboxpack.com,,navigation
https://kraftboxpack.com/product/colored-kraft-paper/,https://kraftboxpack.com/,Home,navigation
https://kraftboxpack.com/product/colored-kraft-paper/,https://kraftboxpack.com/product-category/colored-kraft-boxes/,Colored Kraft Boxes,navigation
https://kraftboxpack.com/product/colored-kraft-paper/,https://kraftboxpack.com/product-category/kraft-gift-specialty-boxes/,Kraft Gift & Specialty Boxes,navigation
https://kraftboxpack.com/product/colored-kraft-paper/,https://kraftboxpack.com/product-category/kraft-packaging-boxes/,Kraft Packaging Boxes,navigation
https://kraftboxpack.com/product/colored-kraft-paper/,https://kraftboxpack.com/product-category/kraft-wrapping-accessories/,Kraft Wrapping & Accessories,navigation
https://kraftboxpack.com/product/colored-kraft-paper/,https://kraftboxpack.com,Home,breadcrumb
https://kraftboxpack.com/product/colored-kraft-paper/,https://kraftboxpack.com/products/,Products,breadcrumb
https://kraftboxpack.com/product/colored-kraft-paper/,https://kraftboxpack.com/product/colored-kraft-paper/,Colored Kraft Paper,contextual
https://kraftboxpack.com/product/colored-kraft-paper/,https://kraftboxpack.com?add-to-cart=3057&quantity=1&e-redirect=https://kraftboxpack.com/cart/,Buy Now,contextual
https://kraftboxpack.com/product/colored-kraft-paper/,https://kraftboxpack.com/product/black-kraft-boxes/,Black Kraft Boxes,contextual
https://kraftboxpack.com/product/colored-kraft-paper/,https://kraftboxpack.com/product-category/Colored-Kraft-Boxes/,Colored Kraft Boxes,contextual
https://kraftboxpack.com/product/colored-kraft-paper/,https://kraftboxpack.com/,kraft box pack,contextual
https://kraftboxpack.com/product/colored-kraft-paper/,https://kraftboxpack.com/product/black-kraft-boxes/,Colored Kraft Boxes,related-product
https://kraftboxpack.com/product/colored-kraft-paper/,https://kraftboxpack.com/product/brown-kraft-boxes/,Colored Kraft Boxes,related-product
https://kraftboxpack.com/product/colored-kraft-paper/,https://kraftboxpack.com/product/brown-kraft-boxes/,Brown Kraft Boxes,product-grid
https://kraftboxpack.com/product/colored-kraft-paper/,https://kraftboxpack.com/product/kraft-minimalist-boxes/,Colored Kraft Boxes,product-grid
https://kraftboxpack.com/product/colored-kraft-paper/,https://kraftboxpack.com/product/kraft-minimalist-boxes/,Kraft Minimalist Boxes,product-grid
https://kraftboxpack.com/product/colored-kraft-paper/,https://kraftboxpack.com/product/kraft-thermal-kraft-boxes/,Colored Kraft Boxes,product-grid
https://kraftboxpack.com/product/colored-kraft-paper/,https://kraftboxpack.com/product/kraft-thermal-kraft-boxes/,Kraft Thermal Kraft Boxes,product-grid
https://kraftboxpack.com/product/colored-kraft-paper/,https://kraftboxpack.com/cdn-cgi/l/email-protection,info@shopcardboardboxes,product-grid
https://kraftboxpack.com/product/colored-kraft-paper/,https://kraftboxpack.com/about-us/,About Us,footer
https://kraftboxpack.com/product/colored-kraft-paper/,https://kraftboxpack.com/contact-us/,Contact Us,footer
https://kraftboxpack.com/product/colored-kraft-paper/,https://kraftboxpack.com/privacy-policy/,Privacy Policy,footer
https://kraftboxpack.com/product/colored-kraft-paper/,https://kraftboxpack.com/refund_returns/,Refund and Returns Policy,footer
https://kraftboxpack.com/product/colored-kraft-paper/,https://kraftboxpack.com/terms-conditions/,Terms & Conditions,footer
https://kraftboxpack.com/product/custom-kraft-bags/,https://kraftboxpack.com/cdn-cgi/l/email-protection,[email protected],navigation
https://kraftboxpack.com/product/custom-kraft-bags/,https://kraftboxpack.com/cdn-cgi/l/email-protection,Email Us To Get 25% OFF,navigation
https://kraftboxpack.com/product/custom-kraft-bags/,https://kraftboxpack.com,,navigation
https://kraftboxpack.com/product/custom-kraft-bags/,https://kraftboxpack.com/,Home,navigation
https://kraftboxpack.com/product/custom-kraft-bags/,https://kraftboxpack.com/product-category/colored-kraft-boxes/,Colored Kraft Boxes,navigation
https://kraftboxpack.com/product/custom-kraft-bags/,https://kraftboxpack.com/product-category/kraft-gift-specialty-boxes/,Kraft Gift & Specialty Boxes,navigation
https://kraftboxpack.com/product/custom-kraft-bags/,https://kraftboxpack.com/product-category/kraft-packaging-boxes/,Kraft Packaging Boxes,navigation
https://kraftboxpack.com/product/custom-kraft-bags/,https://kraftboxpack.com/product-category/kraft-wrapping-accessories/,Kraft Wrapping & Accessories,navigation
https://kraftboxpack.com/product/custom-kraft-bags/,https://kraftboxpack.com,Home,breadcrumb
https://kraftboxpack.com/product/custom-kraft-bags/,https://kraftboxpack.com/products/,Products,breadcrumb
https://kraftboxpack.com/product/custom-kraft-bags/,https://kraftboxpack.com/product/custom-kraft-bags/,Custom Kraft Bags,contextual
https://kraftboxpack.com/product/custom-kraft-bags/,https://kraftboxpack.com?add-to-cart=3030&quantity=1&e-redirect=https://kraftboxpack.com/cart/,Buy Now,contextual
https://kraftboxpack.com/product/custom-kraft-bags/,https://kraftboxpack.com/product/kraft-dispenser-boxes/,Kraft Dispenser Boxes,contextual
https://kraftboxpack.com/product/custom-kraft-bags/,https://kraftboxpack.com/product-category/Kraft-Packaging-Boxes/,Kraft Packaging Boxes,contextual
https://kraftboxpack.com/product/custom-kraft-bags/,https://kraftboxpack.com/,kraft box pack,contextual
https://kraftboxpack.com/product/custom-kraft-bags/,https://kraftboxpack.com/product/kraft-take-out-boxes/,Kraft Packaging Boxes,related-product
https://kraftboxpack.com/product/custom-kraft-bags/,https://kraftboxpack.com/product/kraft-take-out-boxes/,Kraft Take Out Boxes,related-product
https://kraftboxpack.com/product/custom-kraft-bags/,https://kraftboxpack.com/product/kraft-bakery-boxes/,Kraft Packaging Boxes,related-product
https://kraftboxpack.com/product/custom-kraft-bags/,https://kraftboxpack.com/product/kraft-bakery-boxes/,Kraft Bakery Boxes,product-grid
https://kraftboxpack.com/product/custom-kraft-bags/,https://kraftboxpack.com/product/kraft-favor-boxes/,Kraft Packaging Boxes,product-grid
https://kraftboxpack.com/product/custom-kraft-bags/,https://kraftboxpack.com/product/kraft-favor-boxes/,Kraft Favor Boxes,product-grid
https://kraftboxpack.com/product/custom-kraft-bags/,https://kraftboxpack.com/product/kraft-paperboard-boxes/,Kraft Packaging Boxes,product-grid
https://kraftboxpack.com/product/custom-kraft-bags/,https://kraftboxpack.com/product/kraft-paperboard-boxes/,Kraft Paperboard Boxes,product-grid
https://kraftboxpack.com/product/custom-kraft-bags/,https://kraftboxpack.com/cdn-cgi/l/email-protection,info@shopcardboardboxes,product-grid
https://kraftboxpack.com/product/custom-kraft-bags/,https://kraftboxpack.com/about-us/,About Us,footer
https://kraftboxpack.com/product/custom-kraft-bags/,https://kraftboxpack.com/contact-us/,Contact Us,footer
https://kraftboxpack.com/product/custom-kraft-bags/,https://kraftboxpack.com/privacy-policy/,Privacy Policy,footer
https://kraftboxpack.com/product/custom-kraft-bags/,https://kraftboxpack.com/refund_returns/,Refund and Returns Policy,footer
https://kraftboxpack.com/product/custom-kraft-bags/,https://kraftboxpack.com/terms-conditions/,Terms & Conditions,footer
https://kraftboxpack.com/product/kraft-apparel-packaging-boxes/,https://kraftboxpack.com/cdn-cgi/l/email-protection,[email protected],navigation
https://kraftboxpack.com/product/kraft-apparel-packaging-boxes/,https://kraftboxpack.com/cdn-cgi/l/email-protection,Email Us To Get 25% OFF,navigation
https://kraftboxpack.com/product/kraft-apparel-packaging-boxes/,https://kraftboxpack.com,,navigation
https://kraftboxpack.com/product/kraft-apparel-packaging-boxes/,https://kraftboxpack.com/,Home,navigation
https://kraftboxpack.com/product/kraft-apparel-packaging-boxes/,https://kraftboxpack.com/product-category/colored-kraft-boxes/,Colored Kraft Boxes,navigation
https://kraftboxpack.com/product/kraft-apparel-packaging-boxes/,https://kraftboxpack.com/product-category/kraft-gift-specialty-boxes/,Kraft Gift & Specialty Boxes,navigation
https://kraftboxpack.com/product/kraft-apparel-packaging-boxes/,https://kraftboxpack.com/product-category/kraft-packaging-boxes/,Kraft Packaging Boxes,navigation
https://kraftboxpack.com/product/kraft-apparel-packaging-boxes/,https://kraftboxpack.com/product-category/kraft-wrapping-accessories/,Kraft Wrapping & Accessories,navigation
https://kraftboxpack.com/product/kraft-apparel-packaging-boxes/,https://kraftboxpack.com,Home,breadcrumb
https://kraftboxpack.com/product/kraft-apparel-packaging-boxes/,https://kraftboxpack.com/products/,Products,breadcrumb
https://kraftboxpack.com/product/kraft-apparel-packaging-boxes/,https://kraftboxpack.com/product-category/kraft-apparel-boxes/,Kraft Apparel Boxes,breadcrumb
https://kraftboxpack.com/product/kraft-apparel-packaging-boxes/,https://kraftboxpack.com/product/kraft-apparel-packaging-boxes/,Kraft Apparel Packaging Boxes,contextual
https://kraftboxpack.com/product/kraft-apparel-packaging-boxes/,https://kraftboxpack.com?add-to-cart=3293&quantity=1&e-redirect=https://kraftboxpack.com/cart/,Buy Now,contextual
https://kraftboxpack.com/product/kraft-apparel-packaging-boxes/,https://kraftboxpack.com/product/Kraft-T-Shirt-Boxes/,Kraft T Shirt Boxes,contextual
https://kraftboxpack.com/product/kraft-apparel-packaging-boxes/,https://kraftboxpack.com/product-category/Kraft-Apparel-Boxes/,Kraft Apparel Boxes,contextual
https://kraftboxpack.com/product/kraft-apparel-packaging-boxes/,https://kraftboxpack.com/,Kraft Packaging Wholesale,contextual
https://kraftboxpack.com/product/kraft-apparel-packaging-boxes/,https://kraftboxpack.com/product/kraft-belt-packaging-boxes/,Kraft Apparel Boxes,related-product
https://kraftboxpack.com/product/kraft-apparel-packaging-boxes/,https://kraftboxpack.com/product/kraft-belt-packaging-boxes/,Kraft Belt Packaging Boxes,related-product
https://kraftboxpack.com/product/kraft-apparel-packaging-boxes/,https://kraftboxpack.com/product/kraft-t-shirt-boxes/,Kraft Apparel Boxes,related-product
https://kraftboxpack.com/product/kraft-apparel-packaging-boxes/,https://kraftboxpack.com/product/kraft-t-shirt-boxes/,Kraft T Shirt Boxes,product-grid
https://kraftboxpack.com/product/kraft-apparel-packaging-boxes/,https://kraftboxpack.com/product/kraft-scarf-boxes/,Kraft Apparel Boxes,product-grid
https://kraftboxpack.com/product/kraft-apparel-packaging-boxes/,https://kraftboxpack.com/product/kraft-scarf-boxes/,Kraft Scarf Boxes,product-grid
https://kraftboxpack.com/product/kraft-apparel-packaging-boxes/,https://kraftboxpack.com/product/kraft-sock-packaging-boxes/,Kraft Apparel Boxes,product-grid
https://kraftboxpack.com/product/kraft-apparel-packaging-boxes/,https://kraftboxpack.com/product/kraft-sock-packaging-boxes/,Kraft Sock Packaging Boxes,product-grid
https://kraftboxpack.com/product/kraft-apparel-packaging-boxes/,https://kraftboxpack.com/cdn-cgi/l/email-protection,info@shopcardboardboxes,product-grid
https://kraftboxpack.com/product/kraft-apparel-packaging-boxes/,https://kraftboxpack.com/about-us/,About Us,footer
https://kraftboxpack.com/product/kraft-apparel-packaging-boxes/,https://kraftboxpack.com/contact-us/,Contact Us,footer
https://kraftboxpack.com/product/kraft-apparel-packaging-boxes/,https://kraftboxpack.com/privacy-policy/,Privacy Policy,footer
https://kraftboxpack.com/product/kraft-apparel-packaging-boxes/,https://kraftboxpack.com/refund_returns/,Refund and Returns Policy,footer
https://kraftboxpack.com/product/kraft-apparel-packaging-boxes/,https://kraftboxpack.com/terms-conditions/,Terms & Conditions,footer
https://kraftboxpack.com/product/kraft-art-supply-packaging/,https://kraftboxpack.com/cdn-cgi/l/email-protection,[email protected],navigation
https://kraftboxpack.com/product/kraft-art-supply-packaging/,https://kraftboxpack.com/cdn-cgi/l/email-protection,Email Us To Get 25% OFF,navigation
https://kraftboxpack.com/product/kraft-art-supply-packaging/,https://kraftboxpack.com,,navigation
https://kraftboxpack.com/product/kraft-art-supply-packaging/,https://kraftboxpack.com/,Home,navigation
https://kraftboxpack.com/product/kraft-art-supply-packaging/,https://kraftboxpack.com/product-category/colored-kraft-boxes/,Colored Kraft Boxes,navigation
https://kraftboxpack.com/product/kraft-art-supply-packaging/,https://kraftboxpack.com/product-category/kraft-gift-specialty-boxes/,Kraft Gift & Specialty Boxes,navigation
https://kraftboxpack.com/product/kraft-art-supply-packaging/,https://kraftboxpack.com/product-category/kraft-packaging-boxes/,Kraft Packaging Boxes,navigation
https://kraftboxpack.com/product/kraft-art-supply-packaging/,https://kraftboxpack.com/product-category/kraft-wrapping-accessories/,Kraft Wrapping & Accessories,navigation
https://kraftboxpack.com/product/kraft-art-supply-packaging/,https://kraftboxpack.com,Home,breadcrumb
https://kraftboxpack.com/product/kraft-art-supply-packaging/,https://kraftboxpack.com/products/,Products,breadcrumb
https://kraftboxpack.com/product/kraft-art-supply-packaging/,https://kraftboxpack.com/product-category/kraft-art-boxes/,Kraft Art Boxes,breadcrumb
https://kraftboxpack.com/product/kraft-art-supply-packaging/,https://kraftboxpack.com/product/kraft-art-supply-packaging/,Kraft Art Supply Packaging,contextual
https://kraftboxpack.com/product/kraft-art-supply-packaging/,https://kraftboxpack.com?add-to-cart=3210&quantity=1&e-redirect=https://kraftboxpack.com/cart/,Buy Now,contextual
https://kraftboxpack.com/product/kraft-art-supply-packaging/,https://kraftboxpack.com/product/kraft-craft-kit-boxes/,Kraft Craft Kit Boxes,contextual
https://kraftboxpack.com/product/kraft-art-supply-packaging/,https://kraftboxpack.com/product-category/Kraft-Art-Boxes,Kraft Art Boxes,contextual
https://kraftboxpack.com/product/kraft-art-supply-packaging/,https://kraftboxpack.com/,Custom Kraft Boxes Wholesale,contextual
https://kraftboxpack.com/product/kraft-art-supply-packaging/,https://kraftboxpack.com/product/kraft-cd-dvd-packaging/,Kraft Art Boxes,related-product
https://kraftboxpack.com/product/kraft-art-supply-packaging/,https://kraftboxpack.com/product/kraft-cd-dvd-packaging/,Kraft CD/DVD Packaging,related-product
https://kraftboxpack.com/product/kraft-art-supply-packaging/,https://kraftboxpack.com/product/kraft-brochure-packaging-boxes/,Kraft Art Boxes,related-product
https://kraftboxpack.com/product/kraft-art-supply-packaging/,https://kraftboxpack.com/product/kraft-brochure-packaging-boxes/,Kraft Brochure Packaging Boxes,product-grid
https://kraftboxpack.com/product/kraft-art-supply-packaging/,https://kraftboxpack.com/product/kraft-certificate-boxes/,Kraft Art Boxes,product-grid
https://kraftboxpack.com/product/kraft-art-supply-packaging/,https://kraftboxpack.com/product/kraft-certificate-boxes/,Kraft Certificate Boxes,product-grid
https://kraftboxpack.com/product/kraft-art-supply-packaging/,https://kraftboxpack.com/product/kraft-photo-frame-boxes/,Kraft Art Boxes,product-grid
https://kraftboxpack.com/product/kraft-art-supply-packaging/,https://kraftboxpack.com/product/kraft-photo-frame-boxes/,Kraft Photo Frame Boxes,product-grid
https://kraftboxpack.com/product/kraft-art-supply-packaging/,https://kraftboxpack.com/cdn-cgi/l/email-protection,info@shopcardboardboxes,product-grid
https://kraftboxpack.com/product/kraft-art-supply-packaging/,https://kraftboxpack.com/about-us/,About Us,footer
https://kraftboxpack.com/product/kraft-art-supply-packaging/,https://kraftboxpack.com/contact-us/,Contact Us,footer
https://kraftboxpack.com/product/kraft-art-supply-packaging/,https://kraftboxpack.com/privacy-policy/,Privacy Policy,footer
https://kraftboxpack.com/product/kraft-art-supply-packaging/,https://kraftboxpack.com/refund_returns/,Refund and Returns Policy,footer
https://kraftboxpack.com/product/kraft-art-supply-packaging/,https://kraftboxpack.com/terms-conditions/,Terms & Conditions,footer
https://kraftboxpack.com/product/kraft-baby-product-boxes/,https://kraftboxpack.com/cdn-cgi/l/email-protection,[email protected],navigation
https://kraftboxpack.com/product/kraft-baby-product-boxes/,https://kraftboxpack.com/cdn-cgi/l/email-protection,Email Us To Get 25% OFF,navigation
https://kraftboxpack.com/product/kraft-baby-product-boxes/,https://kraftboxpack.com,,navigation
https://kraftboxpack.com/product/kraft-baby-product-boxes/,https://kraftboxpack.com/,Home,navigation
https://kraftboxpack.com/product/kraft-baby-product-boxes/,https://kraftboxpack.com/product-category/colored-kraft-boxes/,Colored Kraft Boxes,navigation
https://kraftboxpack.com/product/kraft-baby-product-boxes/,https://kraftboxpack.com/product-category/kraft-gift-specialty-boxes/,Kraft Gift & Specialty Boxes,navigation
https://kraftboxpack.com/product/kraft-baby-product-boxes/,https://kraftboxpack.com/product-category/kraft-packaging-boxes/,Kraft Packaging Boxes,navigation
https://kraftboxpack.com/product/kraft-baby-product-boxes/,https://kraftboxpack.com/product-category/kraft-wrapping-accessories/,Kraft Wrapping & Accessories,navigation
https://kraftboxpack.com/product/kraft-baby-product-boxes/,https://kraftboxpack.com,Home,breadcrumb
https://kraftboxpack.com/product/kraft-baby-product-boxes/,https://kraftboxpack.com/products/,Products,breadcrumb
https://kraftboxpack.com/product/kraft-baby-product-boxes/,https://kraftboxpack.com/product-category/kraft-toy-packaging/,Kraft Toy Packaging,breadcrumb
https://kraftboxpack.com/product/kraft-baby-product-boxes/,https://kraftboxpack.com/product/kraft-baby-product-boxes/,Kraft Baby Product Boxes,contextual
https://kraftboxpack.com/product/kraft-baby-product-boxes/,https://kraftboxpack.com?add-to-cart=3228&quantity=1&e-redirect=https://kraftboxpack.com/cart/,Buy Now,contextual
https://kraftboxpack.com/product/kraft-baby-product-boxes/,https://kraftboxpack.com/product/kraft-toy-packaging-boxes/,Kraft Toy Packaging Boxes,contextual
https://kraftboxpack.com/product/kraft-baby-product-boxes/,https://kraftboxpack.com/product-category/Kraft-Toy-Packaging/,Kraft Toy Packaging,contextual
https://kraftboxpack.com/product/kraft-baby-product-boxes/,https://kraftboxpack.com/,Kraft Box Pack,contextual
https://kraftboxpack.com/product/kraft-baby-product-boxes/,https://kraftboxpack.com/product/kraft-board-game-packaging-boxes/,Kraft Toy Packaging,related-product
https://kraftboxpack.com/product/kraft-baby-product-boxes/,https://kraftboxpack.com/product/kraft-board-game-packaging-boxes/,Kraft Board Game Packaging Boxes,related-product
https://kraftboxpack.com/product/kraft-baby-product-boxes/,https://kraftboxpack.com/product/kraft-toy-packaging-boxes/,Kraft Toy Packaging,related-product
https://kraftboxpack.com/product/kraft-baby-product-boxes/,https://kraftboxpack.com/product/kraft-puzzle-packaging-boxes/,Kraft Toy Packaging,product-grid
https://kraftboxpack.com/product/kraft-baby-product-boxes/,https://kraftboxpack.com/product/kraft-puzzle-packaging-boxes/,Kraft Puzzle Packaging Boxes,product-grid
https://kraftboxpack.com/product/kraft-baby-product-boxes/,https://kraftboxpack.com/cdn-cgi/l/email-protection,info@shopcardboardboxes,product-grid
https://kraftboxpack.com/product/kraft-baby-product-boxes/,https://kraftboxpack.com/about-us/,About Us,footer
https://kraftboxpack.com/product/kraft-baby-product-boxes/,https://kraftboxpack.com/contact-us/,Contact Us,footer
https://kraftboxpack.com/product/kraft-baby-product-boxes/,https://kraftboxpack.com/privacy-policy/,Privacy Policy,footer
https://kraftboxpack.com/product/kraft-baby-product-boxes/,https://kraftboxpack.com/refund_returns/,Refund and Returns Policy,footer
https://kraftboxpack.com/product/kraft-baby-product-boxes/,https://kraftboxpack.com/terms-conditions/,Terms & Conditions,footer
https://kraftboxpack.com/product/kraft-badge-packaging-boxes/,https://kraftboxpack.com/cdn-cgi/l/email-protection,[email protected],navigation
https://kraftboxpack.com/product/kraft-badge-packaging-boxes/,https://kraftboxpack.com/cdn-cgi/l/email-protection,Email Us To Get 25% OFF,navigation
https://kraftboxpack.com/product/kraft-badge-packaging-boxes/,https://kraftboxpack.com,,navigation
https://kraftboxpack.com/product/kraft-badge-packaging-boxes/,https://kraftboxpack.com/,Home,navigation
https://kraftboxpack.com/product/kraft-badge-packaging-boxes/,https://kraftboxpack.com/product-category/colored-kraft-boxes/,Colored Kraft Boxes,navigation
https://kraftboxpack.com/product/kraft-badge-packaging-boxes/,https://kraftboxpack.com/product-category/kraft-gift-specialty-boxes/,Kraft Gift & Specialty Boxes,navigation
https://kraftboxpack.com/product/kraft-badge-packaging-boxes/,https://kraftboxpack.com/product-category/kraft-packaging-boxes/,Kraft Packaging Boxes,navigation
https://kraftboxpack.com/product/kraft-badge-packaging-boxes/,https://kraftboxpack.com/product-category/kraft-wrapping-accessories/,Kraft Wrapping & Accessories,navigation
https://kraftboxpack.com/product/kraft-badge-packaging-boxes/,https://kraftboxpack.com,Home,breadcrumb
https://kraftboxpack.com/product/kraft-badge-packaging-boxes/,https://kraftboxpack.com/products/,Products,breadcrumb
https://kraftboxpack.com/product/kraft-badge-packaging-boxes/,https://kraftboxpack.com/product-category/kraft-electronics-boxes/,Kraft Electronics Boxes,breadcrumb
https://kraftboxpack.com/product/kraft-badge-packaging-boxes/,https://kraftboxpack.com/product/kraft-badge-packaging-boxes/,Kraft Badge Packaging Boxes,contextual
https://kraftboxpack.com/product/kraft-badge-packaging-boxes/,https://kraftboxpack.com?add-to-cart=3211&quantity=1&e-redirect=https://kraftboxpack.com/cart/,Buy Now,contextual
https://kraftboxpack.com/product/kraft-badge-packaging-boxes/,https://kraftboxpack.com/product/kraft-keychain-packaging-boxes/,Kraft Keychain Packaging Boxes,contextual
https://kraftboxpack.com/product/kraft-badge-packaging-boxes/,https://kraftboxpack.com/product-category/Kraft-Electronics-Boxes/,Kraft Electronics Boxes,contextual
https://kraftboxpack.com/product/kraft-badge-packaging-boxes/,https://kraftboxpack.com/,Custom Kraft Boxes,contextual
https://kraftboxpack.com/product/kraft-badge-packaging-boxes/,https://kraftboxpack.com/product/kraft-keychain-packaging-boxes/,Kraft Electronics Boxes,related-product
https://kraftboxpack.com/product/kraft-badge-packaging-boxes/,https://kraftboxpack.com/product/kraft-pen-packaging-boxes/,Kraft Electronics Boxes,related-product
https://kraftboxpack.com/product/kraft-badge-packaging-boxes/,https://kraftboxpack.com/product/kraft-pen-packaging-boxes/,Kraft Pen Packaging Boxes,product-grid
https://kraftboxpack.com/product/kraft-badge-packaging-boxes/,https://kraftboxpack.com/product/kraft-notebook-packaging/,Kraft Electronics Boxes,product-grid
https://kraftboxpack.com/product/kraft-badge-packaging-boxes/,https://kraftboxpack.com/product/kraft-notebook-packaging/,Kraft Notebook Packaging,product-grid
https://kraftboxpack.com/product/kraft-badge-packaging-boxes/,https://kraftboxpack.com/product/kraft-pencil-packaging-boxes/,Kraft Electronics Boxes,product-grid
https://kraftboxpack.com/product/kraft-badge-packaging-boxes/,https://kraftboxpack.com/product/kraft-pencil-packaging-boxes/,Kraft Pencil Packaging Boxes,product-grid
https://kraftboxpack.com/product/kraft-badge-packaging-boxes/,https://kraftboxpack.com/cdn-cgi/l/email-protection,info@shopcardboardboxes,product-grid
https://kraftboxpack.com/product/kraft-badge-packaging-boxes/,https://kraftboxpack.com/about-us/,About Us,footer
https://kraftboxpack.com/product/kraft-badge-packaging-boxes/,https://kraftboxpack.com/contact-us/,Contact Us,footer
https://kraftboxpack.com/product/kraft-badge-packaging-boxes/,https://kraftboxpack.com/privacy-policy/,Privacy Policy,footer
https://kraftboxpack.com/product/kraft-badge-packaging-boxes/,https://kraftboxpack.com/refund_returns/,Refund and Returns Policy,footer
https://kraftboxpack.com/product/kraft-badge-packaging-boxes/,https://kraftboxpack.com/terms-conditions/,Terms & Conditions,footer
https://kraftboxpack.com/product/kraft-bakery-bags/,https://kraftboxpack.com/cdn-cgi/l/email-protection,[email protected],navigation
https://kraftboxpack.com/product/kraft-bakery-bags/,https://kraftboxpack.com/cdn-cgi/l/email-protection,Email Us To Get 25% OFF,navigation
https://kraftboxpack.com/product/kraft-bakery-bags/,https://kraftboxpack.com,,navigation
https://kraftboxpack.com/product/kraft-bakery-bags/,https://kraftboxpack.com/,Home,navigation
https://kraftboxpack.com/product/kraft-bakery-bags/,https://kraftboxpack.com/product-category/colored-kraft-boxes/,Colored Kraft Boxes,navigation
https://kraftboxpack.com/product/kraft-bakery-bags/,https://kraftboxpack.com/product-category/kraft-gift-specialty-boxes/,Kraft Gift & Specialty Boxes,navigation
https://kraftboxpack.com/product/kraft-bakery-bags/,https://kraftboxpack.com/product-category/kraft-packaging-boxes/,Kraft Packaging Boxes,navigation
https://kraftboxpack.com/product/kraft-bakery-bags/,https://kraftboxpack.com/product-category/kraft-wrapping-accessories/,Kraft Wrapping & Accessories,navigation
https://kraftboxpack.com/product/kraft-bakery-bags/,https://kraftboxpack.com,Home,breadcrumb
https://kraftboxpack.com/product/kraft-bakery-bags/,https://kraftboxpack.com/products/,Products,breadcrumb
https://kraftboxpack.com/product/kraft-bakery-bags/,https://kraftboxpack.com/product/kraft-bakery-bags/,Kraft Bakery Bags,contextual
https://kraftboxpack.com/product/kraft-bakery-bags/,https://kraftboxpack.com?add-to-cart=3073&quantity=1&e-redirect=https://kraftboxpack.com/cart/,Buy Now,contextual
https://kraftboxpack.com/product/kraft-bakery-bags/,https://kraftboxpack.com/product/kraft-food-boxes/,Kraft Food Boxes,contextual
https://kraftboxpack.com/product/kraft-bakery-bags/,https://kraftboxpack.com/product-category/Kraft-Packaging-Boxes/,Kraft Packaging Boxes,contextual
https://kraftboxpack.com/product/kraft-bakery-bags/,https://kraftboxpack.com/,kraft box pack,contextual
https://kraftboxpack.com/product/kraft-bakery-bags/,https://kraftboxpack.com/product/kraft-gable-boxes/,Kraft Packaging Boxes,related-product
https://kraftboxpack.com/product/kraft-bakery-bags/,https://kraftboxpack.com/product/kraft-gable-boxes/,Kraft Gable Boxes,related-product
https://kraftboxpack.com/product/kraft-bakery-bags/,https://kraftboxpack.com/product/kraft-cake-boxes/,Kraft Packaging Boxes,related-product
https://kraftboxpack.com/product/kraft-bakery-bags/,https://kraftboxpack.com/product/kraft-cake-boxes/,Kraft Cake Boxes,product-grid
https://kraftboxpack.com/product/kraft-bakery-bags/,https://kraftboxpack.com/product/kraft-bakery-boxes/,Kraft Packaging Boxes,product-grid
https://kraftboxpack.com/product/kraft-bakery-bags/,https://kraftboxpack.com/product/kraft-bakery-boxes/,Kraft Bakery Boxes,product-grid
https://kraftboxpack.com/product/kraft-bakery-bags/,https://kraftboxpack.com/product/kraft-treat-boxes/,Kraft Packaging Boxes,product-grid
https://kraftboxpack.com/product/kraft-bakery-bags/,https://kraftboxpack.com/product/kraft-treat-boxes/,Kraft Treat Boxes,product-grid
https://kraftboxpack.com/product/kraft-bakery-bags/,https://kraftboxpack.com/cdn-cgi/l/email-protection,info@shopcardboardboxes,product-grid
https://kraftboxpack.com/product/kraft-bakery-bags/,https://kraftboxpack.com/about-us/,About Us,footer
https://kraftboxpack.com/product/kraft-bakery-bags/,https://kraftboxpack.com/contact-us/,Contact Us,footer
https://kraftboxpack.com/product/kraft-bakery-bags/,https://kraftboxpack.com/privacy-policy/,Privacy Policy,footer
https://kraftboxpack.com/product/kraft-bakery-bags/,https://kraftboxpack.com/refund_returns/,Refund and Returns Policy,footer
https://kraftboxpack.com/product/kraft-bakery-bags/,https://kraftboxpack.com/terms-conditions/,Terms & Conditions,footer
https://kraftboxpack.com/product/kraft-bakery-boxes/,https://kraftboxpack.com/cdn-cgi/l/email-protection,[email protected],navigation
https://kraftboxpack.com/product/kraft-bakery-boxes/,https://kraftboxpack.com/cdn-cgi/l/email-protection,Email Us To Get 25% OFF,navigation
https://kraftboxpack.com/product/kraft-bakery-boxes/,https://kraftboxpack.com,,navigation
https://kraftboxpack.com/product/kraft-bakery-boxes/,https://kraftboxpack.com/,Home,navigation
https://kraftboxpack.com/product/kraft-bakery-boxes/,https://kraftboxpack.com/product-category/colored-kraft-boxes/,Colored Kraft Boxes,navigation
https://kraftboxpack.com/product/kraft-bakery-boxes/,https://kraftboxpack.com/product-category/kraft-gift-specialty-boxes/,Kraft Gift & Specialty Boxes,navigation
https://kraftboxpack.com/product/kraft-bakery-boxes/,https://kraftboxpack.com/product-category/kraft-packaging-boxes/,Kraft Packaging Boxes,navigation
https://kraftboxpack.com/product/kraft-bakery-boxes/,https://kraftboxpack.com/product-category/kraft-wrapping-accessories/,Kraft Wrapping & Accessories,navigation
https://kraftboxpack.com/product/kraft-bakery-boxes/,https://kraftboxpack.com,Home,breadcrumb
https://kraftboxpack.com/product/kraft-bakery-boxes/,https://kraftboxpack.com/products/,Products,breadcrumb
https://kraftboxpack.com/product/kraft-bakery-boxes/,https://kraftboxpack.com/product/kraft-bakery-boxes/,Kraft Bakery Boxes,contextual
https://kraftboxpack.com/product/kraft-bakery-boxes/,https://kraftboxpack.com?add-to-cart=2618&quantity=1&e-redirect=https://kraftboxpack.com/cart/,Buy Now,contextual
https://kraftboxpack.com/product/kraft-bakery-boxes/,https://kraftboxpack.com/,Kraft Box Pack,contextual
https://kraftboxpack.com/product/kraft-bakery-boxes/,https://kraftboxpack.com/product/kraft-shipping-boxes/,Kraft Shipping Boxes,contextual
https://kraftboxpack.com/product/kraft-bakery-boxes/,https://kraftboxpack.com/product/kraft-mailer-boxes/,Kraft Packaging Boxes,related-product
https://kraftboxpack.com/product/kraft-bakery-boxes/,https://kraftboxpack.com/product/kraft-mailer-boxes/,Kraft Mailer Boxes,related-product
https://kraftboxpack.com/product/kraft-bakery-boxes/,https://kraftboxpack.com/product/kraft-gable-boxes/,Kraft Packaging Boxes,related-product
https://kraftboxpack.com/product/kraft-bakery-boxes/,https://kraftboxpack.com/product/kraft-gable-boxes/,Kraft Gable Boxes,product-grid
https://kraftboxpack.com/product/kraft-bakery-boxes/,https://kraftboxpack.com/product/kraft-shoe-boxes/,Kraft Packaging Boxes,product-grid
https://kraftboxpack.com/product/kraft-bakery-boxes/,https://kraftboxpack.com/product/kraft-shoe-boxes/,Kraft Shoe Boxes,product-grid
https://kraftboxpack.com/product/kraft-bakery-boxes/,https://kraftboxpack.com/product/kraft-drawer-boxes/,Kraft Packaging Boxes,product-grid
https://kraftboxpack.com/product/kraft-bakery-boxes/,https://kraftboxpack.com/product/kraft-drawer-boxes/,Kraft Drawer Boxes,product-grid
https://kraftboxpack.com/product/kraft-bakery-boxes/,https://kraftboxpack.com/cdn-cgi/l/email-protection,info@shopcardboardboxes,product-grid
https://kraftboxpack.com/product/kraft-bakery-boxes/,https://kraftboxpack.com/about-us/,About Us,footer
https://kraftboxpack.com/product/kraft-bakery-boxes/,https://kraftboxpack.com/contact-us/,Contact Us,footer
https://kraftboxpack.com/product/kraft-bakery-boxes/,https://kraftboxpack.com/privacy-policy/,Privacy Policy,footer
https://kraftboxpack.com/product/kraft-bakery-boxes/,https://kraftboxpack.com/refund_returns/,Refund and Returns Policy,footer
https://kraftboxpack.com/product/kraft-bakery-boxes/,https://kraftboxpack.com/terms-conditions/,Terms & Conditions,footer
https://kraftboxpack.com/product/kraft-beard-oil-boxes/,https://kraftboxpack.com/cdn-cgi/l/email-protection,[email protected],navigation
https://kraftboxpack.com/product/kraft-beard-oil-boxes/,https://kraftboxpack.com/cdn-cgi/l/email-protection,Email Us To Get 25% OFF,navigation
https://kraftboxpack.com/product/kraft-beard-oil-boxes/,https://kraftboxpack.com,,navigation
https://kraftboxpack.com/product/kraft-beard-oil-boxes/,https://kraftboxpack.com/,Home,navigation
https://kraftboxpack.com/product/kraft-beard-oil-boxes/,https://kraftboxpack.com/product-category/colored-kraft-boxes/,Colored Kraft Boxes,navigation
https://kraftboxpack.com/product/kraft-beard-oil-boxes/,https://kraftboxpack.com/product-category/kraft-gift-specialty-boxes/,Kraft Gift & Specialty Boxes,navigation
https://kraftboxpack.com/product/kraft-beard-oil-boxes/,https://kraftboxpack.com/product-category/kraft-packaging-boxes/,Kraft Packaging Boxes,navigation
https://kraftboxpack.com/product/kraft-beard-oil-boxes/,https://kraftboxpack.com/product-category/kraft-wrapping-accessories/,Kraft Wrapping & Accessories,navigation
https://kraftboxpack.com/product/kraft-beard-oil-boxes/,https://kraftboxpack.com,Home,breadcrumb
https://kraftboxpack.com/product/kraft-beard-oil-boxes/,https://kraftboxpack.com/products/,Products,breadcrumb
https://kraftboxpack.com/product/kraft-beard-oil-boxes/,https://kraftboxpack.com/product-category/kraft-packaging-boxes/karft-cosmetic-boxes/,Kraft Cosmetic Boxes,contextual
https://kraftboxpack.com/product/kraft-beard-oil-boxes/,https://kraftboxpack.com/product/kraft-beard-oil-boxes/,Kraft Beard Oil Boxes,contextual
https://kraftboxpack.com/product/kraft-beard-oil-boxes/,https://kraftboxpack.com?add-to-cart=3174&quantity=1&e-redirect=https://kraftboxpack.com/cart/,Buy Now,contextual
https://kraftboxpack.com/product/kraft-beard-oil-boxes/,https://kraftboxpack.com/product/Kraft-Mascara-Boxes/,Kraft Mascara Boxes,contextual
https://kraftboxpack.com/product/kraft-beard-oil-boxes/,https://kraftboxpack.com/product-category/Karft-Cosmetic-Boxes/,Kraft Cosmetic Boxes,related-product
https://kraftboxpack.com/product/kraft-beard-oil-boxes/,https://kraftboxpack.com/,Kraft Box Packaging,contextual
https://kraftboxpack.com/product/kraft-beard-oil-boxes/,https://kraftboxpack.com/product/kraft-perfume-boxes/,Kraft Cosmetic Boxes,related-product
https://kraftboxpack.com/product/kraft-beard-oil-boxes/,https://kraftboxpack.com/product/kraft-perfume-boxes/,Kraft Perfume Boxes,related-product
https://kraftboxpack.com/product/kraft-beard-oil-boxes/,https://kraftboxpack.com/product/kraft-skincare-boxes/,Kraft Cosmetic Boxes,related-product
https://kraftboxpack.com/product/kraft-beard-oil-boxes/,https://kraftboxpack.com/product/kraft-skincare-boxes/,Kraft Skincare Boxes,product-grid
https://kraftboxpack.com/product/kraft-beard-oil-boxes/,https://kraftboxpack.com/product/kraft-makeup-palette-boxes/,Kraft Cosmetic Boxes,product-grid
https://kraftboxpack.com/product/kraft-beard-oil-boxes/,https://kraftboxpack.com/product/kraft-makeup-palette-boxes/,Kraft Makeup Palette Boxes,product-grid
https://kraftboxpack.com/product/kraft-beard-oil-boxes/,https://kraftboxpack.com/product/kraft-candle-sleeve-boxes/,Kraft Cosmetic Boxes,product-grid
https://kraftboxpack.com/product/kraft-beard-oil-boxes/,https://kraftboxpack.com/product/kraft-candle-sleeve-boxes/,Kraft Candle Sleeve Boxes,product-grid
https://kraftboxpack.com/product/kraft-beard-oil-boxes/,https://kraftboxpack.com/cdn-cgi/l/email-protection,info@shopcardboardboxes,product-grid
https://kraftboxpack.com/product/kraft-beard-oil-boxes/,https://kraftboxpack.com/about-us/,About Us,footer
https://kraftboxpack.com/product/kraft-beard-oil-boxes/,https://kraftboxpack.com/contact-us/,Contact Us,footer
https://kraftboxpack.com/product/kraft-beard-oil-boxes/,https://kraftboxpack.com/privacy-policy/,Privacy Policy,footer
https://kraftboxpack.com/product/kraft-beard-oil-boxes/,https://kraftboxpack.com/refund_returns/,Refund and Returns Policy,footer
https://kraftboxpack.com/product/kraft-beard-oil-boxes/,https://kraftboxpack.com/terms-conditions/,Terms & Conditions,footer
https://kraftboxpack.com/product/kraft-beauty-kit-boxes/,https://kraftboxpack.com/cdn-cgi/l/email-protection,[email protected],navigation
https://kraftboxpack.com/product/kraft-beauty-kit-boxes/,https://kraftboxpack.com/cdn-cgi/l/email-protection,Email Us To Get 25% OFF,navigation
https://kraftboxpack.com/product/kraft-beauty-kit-boxes/,https://kraftboxpack.com,,navigation
https://kraftboxpack.com/product/kraft-beauty-kit-boxes/,https://kraftboxpack.com/,Home,navigation
https://kraftboxpack.com/product/kraft-beauty-kit-boxes/,https://kraftboxpack.com/product-category/colored-kraft-boxes/,Colored Kraft Boxes,navigation
https://kraftboxpack.com/product/kraft-beauty-kit-boxes/,https://kraftboxpack.com/product-category/kraft-gift-specialty-boxes/,Kraft Gift & Specialty Boxes,navigation
https://kraftboxpack.com/product/kraft-beauty-kit-boxes/,https://kraftboxpack.com/product-category/kraft-packaging-boxes/,Kraft Packaging Boxes,navigation
https://kraftboxpack.com/product/kraft-beauty-kit-boxes/,https://kraftboxpack.com/product-category/kraft-wrapping-accessories/,Kraft Wrapping & Accessories,navigation
https://kraftboxpack.com/product/kraft-beauty-kit-boxes/,https://kraftboxpack.com,Home,breadcrumb
https://kraftboxpack.com/product/kraft-beauty-kit-boxes/,https://kraftboxpack.com/products/,Products,breadcrumb
https://kraftboxpack.com/product/kraft-beauty-kit-boxes/,https://kraftboxpack.com/product-category/kraft-cosmetic-boxes/,Kraft Cosmetic Boxes,breadcrumb
https://kraftboxpack.com/product/kraft-beauty-kit-boxes/,https://kraftboxpack.com/product/kraft-beauty-kit-boxes/,Kraft Beauty Kit Boxes,contextual
https://kraftboxpack.com/product/kraft-beauty-kit-boxes/,https://kraftboxpack.com?add-to-cart=3167&quantity=1&e-redirect=https://kraftboxpack.com/cart/,Buy Now,contextual
https://kraftboxpack.com/product/kraft-beauty-kit-boxes/,https://kraftboxpack.com/product/Kraft-Makeup-Palette-Boxes/,Kraft Makeup Palette Boxes,contextual
https://kraftboxpack.com/product/kraft-beauty-kit-boxes/,https://kraftboxpack.com/product-category/Karft-Cosmetic-Boxes/,Kraft Cosmetic Boxes,contextual
https://kraftboxpack.com/product/kraft-beauty-kit-boxes/,https://kraftboxpack.com/,Kraft Box Packaging,contextual
https://kraftboxpack.com/product/kraft-beauty-kit-boxes/,https://kraftboxpack.com/product/kraft-mascara-boxes/,Kraft Cosmetic Boxes,related-product
https://kraftboxpack.com/product/kraft-beauty-kit-boxes/,https://kraftboxpack.com/product/kraft-mascara-boxes/,Kraft Mascara Boxes,related-product
https://kraftboxpack.com/product/kraft-beauty-kit-boxes/,https://kraftboxpack.com/cdn-cgi/l/email-protection,info@shopcardboardboxes,product-grid
https://kraftboxpack.com/product/kraft-beauty-kit-boxes/,https://kraftboxpack.com/about-us/,About Us,footer
https://kraftboxpack.com/product/kraft-beauty-kit-boxes/,https://kraftboxpack.com/contact-us/,Contact Us,footer
https://kraftboxpack.com/product/kraft-beauty-kit-boxes/,https://kraftboxpack.com/privacy-policy/,Privacy Policy,footer
https://kraftboxpack.com/product/kraft-beauty-kit-boxes/,https://kraftboxpack.com/refund_returns/,Refund and Returns Policy,footer
https://kraftboxpack.com/product/kraft-beauty-kit-boxes/,https://kraftboxpack.com/terms-conditions/,Terms & Conditions,footer
https://kraftboxpack.com/product/kraft-belt-packaging-boxes/,https://kraftboxpack.com/cdn-cgi/l/email-protection,[email protected],navigation
https://kraftboxpack.com/product/kraft-belt-packaging-boxes/,https://kraftboxpack.com/cdn-cgi/l/email-protection,Email Us To Get 25% OFF,navigation
https://kraftboxpack.com/product/kraft-belt-packaging-boxes/,https://kraftboxpack.com,,navigation
https://kraftboxpack.com/product/kraft-belt-packaging-boxes/,https://kraftboxpack.com/,Home,navigation
https://kraftboxpack.com/product/kraft-belt-packaging-boxes/,https://kraftboxpack.com/product-category/colored-kraft-boxes/,Colored Kraft Boxes,navigation
https://kraftboxpack.com/product/kraft-belt-packaging-boxes/,https://kraftboxpack.com/product-category/kraft-gift-specialty-boxes/,Kraft Gift & Specialty Boxes,navigation
https://kraftboxpack.com/product/kraft-belt-packaging-boxes/,https://kraftboxpack.com/product-category/kraft-packaging-boxes/,Kraft Packaging Boxes,navigation
https://kraftboxpack.com/product/kraft-belt-packaging-boxes/,https://kraftboxpack.com/product-category/kraft-wrapping-accessories/,Kraft Wrapping & Accessories,navigation
https://kraftboxpack.com/product/kraft-belt-packaging-boxes/,https://kraftboxpack.com,Home,breadcrumb
https://kraftboxpack.com/product/kraft-belt-packaging-boxes/,https://kraftboxpack.com/products/,Products,breadcrumb
https://kraftboxpack.com/product/kraft-belt-packaging-boxes/,https://kraftboxpack.com/product-category/kraft-apparel-boxes/,Kraft Apparel Boxes,breadcrumb
https://kraftboxpack.com/product/kraft-belt-packaging-boxes/,https://kraftboxpack.com/product/kraft-belt-packaging-boxes/,Kraft Belt Packaging Boxes,contextual
https://kraftboxpack.com/product/kraft-belt-packaging-boxes/,https://kraftboxpack.com?add-to-cart=3229&quantity=1&e-redirect=https://kraftboxpack.com/cart/,Buy Now,contextual
https://kraftboxpack.com/product/kraft-belt-packaging-boxes/,https://kraftboxpack.com/product/kraft-scarf-boxes/,Kraft Scarf Boxes,contextual
https://kraftboxpack.com/product/kraft-belt-packaging-boxes/,https://kraftboxpack.com/product-category/Kraft-Apparel-Boxes/,Kraft Apparel Boxes,related-product
https://kraftboxpack.com/product/kraft-belt-packaging-boxes/,https://kraftboxpack.com/,Kraft Box Pack,contextual
https://kraftboxpack.com/product/kraft-belt-packaging-boxes/,https://kraftboxpack.com/product/kraft-apparel-packaging-boxes/,Kraft Apparel Boxes,related-product
https://kraftboxpack.com/product/kraft-belt-packaging-boxes/,https://kraftboxpack.com/product/kraft-apparel-packaging-boxes/,Kraft Apparel Packaging Boxes,related-product
https://kraftboxpack.com/product/kraft-belt-packaging-boxes/,https://kraftboxpack.com/product/kraft-t-shirt-boxes/,Kraft Apparel Boxes,related-product
https://kraftboxpack.com/product/kraft-belt-packaging-boxes/,https://kraftboxpack.com/product/kraft-t-shirt-boxes/,Kraft T Shirt Boxes,product-grid
https://kraftboxpack.com/product/kraft-belt-packaging-boxes/,https://kraftboxpack.com/product/kraft-sock-packaging-boxes/,Kraft Apparel Boxes,product-grid
https://kraftboxpack.com/product/kraft-belt-packaging-boxes/,https://kraftboxpack.com/product/kraft-sock-packaging-boxes/,Kraft Sock Packaging Boxes,product-grid
https://kraftboxpack.com/product/kraft-belt-packaging-boxes/,https://kraftboxpack.com/product/kraft-underwear-packaging-boxes/,Kraft Apparel Boxes,product-grid
https://kraftboxpack.com/product/kraft-belt-packaging-boxes/,https://kraftboxpack.com/product/kraft-underwear-packaging-boxes/,Kraft Underwear Packaging Boxes,product-grid
https://kraftboxpack.com/product/kraft-belt-packaging-boxes/,https://kraftboxpack.com/cdn-cgi/l/email-protection,info@shopcardboardboxes,product-grid
https://kraftboxpack.com/product/kraft-belt-packaging-boxes/,https://kraftboxpack.com/about-us/,About Us,footer
https://kraftboxpack.com/product/kraft-belt-packaging-boxes/,https://kraftboxpack.com/contact-us/,Contact Us,footer
https://kraftboxpack.com/product/kraft-belt-packaging-boxes/,https://kraftboxpack.com/privacy-policy/,Privacy Policy,footer
https://kraftboxpack.com/product/kraft-belt-packaging-boxes/,https://kraftboxpack.com/refund_returns/,Refund and Returns Policy,footer
https://kraftboxpack.com/product/kraft-belt-packaging-boxes/,https://kraftboxpack.com/terms-conditions/,Terms & Conditions,footer
https://kraftboxpack.com/product/kraft-board-game-packaging-boxes/,https://kraftboxpack.com/cdn-cgi/l/email-protection,[email protected],navigation
https://kraftboxpack.com/product/kraft-board-game-packaging-boxes/,https://kraftboxpack.com/cdn-cgi/l/email-protection,Email Us To Get 25% OFF,navigation
https://kraftboxpack.com/product/kraft-board-game-packaging-boxes/,https://kraftboxpack.com,,navigation
https://kraftboxpack.com/product/kraft-board-game-packaging-boxes/,https://kraftboxpack.com/,Home,navigation
https://kraftboxpack.com/product/kraft-board-game-packaging-boxes/,https://kraftboxpack.com/product-category/colored-kraft-boxes/,Colored Kraft Boxes,navigation
https://kraftboxpack.com/product/kraft-board-game-packaging-boxes/,https://kraftboxpack.com/product-category/kraft-gift-specialty-boxes/,Kraft Gift & Specialty Boxes,navigation
https://kraftboxpack.com/product/kraft-board-game-packaging-boxes/,https://kraftboxpack.com/product-category/kraft-packaging-boxes/,Kraft Packaging Boxes,navigation
https://kraftboxpack.com/product/kraft-board-game-packaging-boxes/,https://kraftboxpack.com/product-category/kraft-wrapping-accessories/,Kraft Wrapping & Accessories,navigation
https://kraftboxpack.com/product/kraft-board-game-packaging-boxes/,https://kraftboxpack.com,Home,breadcrumb
https://kraftboxpack.com/product/kraft-board-game-packaging-boxes/,https://kraftboxpack.com/products/,Products,breadcrumb
https://kraftboxpack.com/product/kraft-board-game-packaging-boxes/,https://kraftboxpack.com/product-category/kraft-toy-packaging/,Kraft Toy Packaging,breadcrumb
https://kraftboxpack.com/product/kraft-board-game-packaging-boxes/,https://kraftboxpack.com/product/kraft-board-game-packaging-boxes/,Kraft Board Game Packaging Boxes,contextual
https://kraftboxpack.com/product/kraft-board-game-packaging-boxes/,https://kraftboxpack.com?add-to-cart=3222&quantity=1&e-redirect=https://kraftboxpack.com/cart/,Buy Now,contextual
https://kraftboxpack.com/product/kraft-board-game-packaging-boxes/,https://kraftboxpack.com/product/kraft-puzzle-packaging-boxes/,Kraft Puzzle Packaging Boxes,contextual
https://kraftboxpack.com/product/kraft-board-game-packaging-boxes/,https://kraftboxpack.com/product-category/Kraft-Toy-Packaging/,Kraft Toy Packaging,contextual
https://kraftboxpack.com/product/kraft-board-game-packaging-boxes/,https://kraftboxpack.com/,Custom Kraft Boxes Wholesale,related-product
https://kraftboxpack.com/product/kraft-board-game-packaging-boxes/,https://kraftboxpack.com/product/kraft-baby-product-boxes/,Kraft Toy Packaging,related-product
https://kraftboxpack.com/product/kraft-board-game-packaging-boxes/,https://kraftboxpack.com/product/kraft-baby-product-boxes/,Kraft Baby Product Boxes,related-product
https://kraftboxpack.com/product/kraft-board-game-packaging-boxes/,https://kraftboxpack.com/product/kraft-toy-packaging-boxes/,Kraft Toy Packaging,related-product
https://kraftboxpack.com/product/kraft-board-game-packaging-boxes/,https://kraftboxpack.com/product/kraft-toy-packaging-boxes/,Kraft Toy Packaging Boxes,product-grid
https://kraftboxpack.com/product/kraft-board-game-packaging-boxes/,https://kraftboxpack.com/product/kraft-puzzle-packaging-boxes/,Kraft Toy Packaging,product-grid
https://kraftboxpack.com/product/kraft-board-game-packaging-boxes/,https://kraftboxpack.com/cdn-cgi/l/email-protection,info@shopcardboardboxes,product-grid
https://kraftboxpack.com/product/kraft-board-game-packaging-boxes/,https://kraftboxpack.com/about-us/,About Us,footer
https://kraftboxpack.com/product/kraft-board-game-packaging-boxes/,https://kraftboxpack.com/contact-us/,Contact Us,footer
https://kraftboxpack.com/product/kraft-board-game-packaging-boxes/,https://kraftboxpack.com/privacy-policy/,Privacy Policy,footer
https://kraftboxpack.com/product/kraft-board-game-packaging-boxes/,https://kraftboxpack.com/refund_returns/,Refund and Returns Policy,footer
https://kraftboxpack.com/product/kraft-board-game-packaging-boxes/,https://kraftboxpack.com/terms-conditions/,Terms & Conditions,footer
https://kraftboxpack.com/product/kraft-bouquet-boxes/,https://kraftboxpack.com/cdn-cgi/l/email-protection,[email protected],navigation
https://kraftboxpack.com/product/kraft-bouquet-boxes/,https://kraftboxpack.com/cdn-cgi/l/email-protection,Email Us To Get 25% OFF,navigation
https://kraftboxpack.com/product/kraft-bouquet-boxes/,https://kraftboxpack.com,,navigation
https://kraftboxpack.com/product/kraft-bouquet-boxes/,https://kraftboxpack.com/,Home,navigation
https://kraftboxpack.com/product/kraft-bouquet-boxes/,https://kraftboxpack.com/product-category/colored-kraft-boxes/,Colored Kraft Boxes,navigation
https://kraftboxpack.com/product/kraft-bouquet-boxes/,https://kraftboxpack.com/product-category/kraft-gift-specialty-boxes/,Kraft Gift & Specialty Boxes,navigation
https://kraftboxpack.com/product/kraft-bouquet-boxes/,https://kraftboxpack.com/product-category/kraft-packaging-boxes/,Kraft Packaging Boxes,navigation
https://kraftboxpack.com/product/kraft-bouquet-boxes/,https://kraftboxpack.com/product-category/kraft-wrapping-accessories/,Kraft Wrapping & Accessories,navigation
https://kraftboxpack.com/product/kraft-bouquet-boxes/,https://kraftboxpack.com,Home,breadcrumb
https://kraftboxpack.com/product/kraft-bouquet-boxes/,https://kraftboxpack.com/products/,Products,breadcrumb
https://kraftboxpack.com/product/kraft-bouquet-boxes/,https://kraftboxpack.com/product-category/kraft-gift-specialty-boxes/custom-gift-boxes/,Custom Gift Boxes,contextual
https://kraftboxpack.com/product/kraft-bouquet-boxes/,https://kraftboxpack.com/product/kraft-bouquet-boxes/,Kraft Bouquet Boxes,contextual
https://kraftboxpack.com/product/kraft-bouquet-boxes/,https://kraftboxpack.com/,Kraft Box Pack,contextual
https://kraftboxpack.com/product/kraft-bouquet-boxes/,https://kraftboxpack.com?add-to-cart=3143&quantity=1&e-redirect=https://kraftboxpack.com/cart/,Buy Now,contextual
https://kraftboxpack.com/product/kraft-bouquet-boxes/,https://kraftboxpack.com/product/kraft-flower-boxes/,Kraft Flower Boxes,contextual
https://kraftboxpack.com/product/kraft-bouquet-boxes/,https://kraftboxpack.com/product-category/Custom-Gift-Boxes/,Custom Gift Boxes,contextual
https://kraftboxpack.com/product/kraft-bouquet-boxes/,https://kraftboxpack.com/product/kraft-gift-hamper-boxes/,Custom Gift Boxes,related-product
https://kraftboxpack.com/product/kraft-bouquet-boxes/,https://kraftboxpack.com/product/kraft-gift-hamper-boxes/,Kraft Gift Hamper Boxes,related-product
https://kraftboxpack.com/product/kraft-bouquet-boxes/,https://kraftboxpack.com/product/kraft-giveaway-packaging-boxes/,Custom Gift Boxes,related-product
https://kraftboxpack.com/product/kraft-bouquet-boxes/,https://kraftboxpack.com/product/kraft-giveaway-packaging-boxes/,Kraft Giveaway Packaging Boxes,product-grid
https://kraftboxpack.com/product/kraft-bouquet-boxes/,https://kraftboxpack.com/product/kraft-heart-shaped-boxes/,Custom Gift Boxes,product-grid
https://kraftboxpack.com/product/kraft-bouquet-boxes/,https://kraftboxpack.com/product/kraft-heart-shaped-boxes/,Kraft Heart Shaped Boxes,product-grid
https://kraftboxpack.com/product/kraft-bouquet-boxes/,https://kraftboxpack.com/product/kraft-luxury-magnet-boxes/,Custom Gift Boxes,product-grid
https://kraftboxpack.com/product/kraft-bouquet-boxes/,https://kraftboxpack.com/product/kraft-luxury-magnet-boxes/,Kraft Luxury Magnet Boxes,product-grid
https://kraftboxpack.com/product/kraft-bouquet-boxes/,https://kraftboxpack.com/cdn-cgi/l/email-protection,info@shopcardboardboxes,product-grid
https://kraftboxpack.com/product/kraft-bouquet-boxes/,https://kraftboxpack.com/about-us/,About Us,footer
https://kraftboxpack.com/product/kraft-bouquet-boxes/,https://kraftboxpack.com/contact-us/,Contact Us,footer
https://kraftboxpack.com/product/kraft-bouquet-boxes/,https://kraftboxpack.com/privacy-policy/,Privacy Policy,footer
https://kraftboxpack.com/product/kraft-bouquet-boxes/,https://kraftboxpack.com/refund_returns/,Refund and Returns Policy,footer
https://kraftboxpack.com/product/kraft-bouquet-boxes/,https://kraftboxpack.com/terms-conditions/,Terms & Conditions,footer
https://kraftboxpack.com/product/kraft-box-with-window/,https://kraftboxpack.com/cdn-cgi/l/email-protection,[email protected],navigation
https://kraftboxpack.com/product/kraft-box-with-window/,https://kraftboxpack.com/cdn-cgi/l/email-protection,Email Us To Get 25% OFF,navigation
https://kraftboxpack.com/product/kraft-box-with-window/,https://kraftboxpack.com,,navigation
https://kraftboxpack.com/product/kraft-box-with-window/,https://kraftboxpack.com/,Home,navigation
https://kraftboxpack.com/product/kraft-box-with-window/,https://kraftboxpack.com/product-category/colored-kraft-boxes/,Colored Kraft Boxes,navigation
https://kraftboxpack.com/product/kraft-box-with-window/,https://kraftboxpack.com/product-category/kraft-gift-specialty-boxes/,Kraft Gift & Specialty Boxes,navigation
https://kraftboxpack.com/product/kraft-box-with-window/,https://kraftboxpack.com/product-category/kraft-packaging-boxes/,Kraft Packaging Boxes,navigation
https://kraftboxpack.com/product/kraft-box-with-window/,https://kraftboxpack.com/product-category/kraft-wrapping-accessories/,Kraft Wrapping & Accessories,navigation
https://kraftboxpack.com/product/kraft-box-with-window/,https://kraftboxpack.com,Home,breadcrumb
https://kraftboxpack.com/product/kraft-box-with-window/,https://kraftboxpack.com/products/,Products,breadcrumb
https://kraftboxpack.com/product/kraft-box-with-window/,https://kraftboxpack.com/product/kraft-box-with-window/,Kraft Box with Window,contextual
https://kraftboxpack.com/product/kraft-box-with-window/,https://kraftboxpack.com?add-to-cart=2658&quantity=1&e-redirect=https://kraftboxpack.com/cart/,Buy Now,contextual
https://kraftboxpack.com/product/kraft-box-with-window/,https://kraftboxpack.com/,Kraft Box Pack,contextual
https://kraftboxpack.com/product/kraft-box-with-window/,https://kraftboxpack.com/product/kraft-gift-boxes-with-lids/,Kraft Gift Boxes With Lids,contextual
https://kraftboxpack.com/product/kraft-box-with-window/,https://kraftboxpack.com/product/mini-kraft-boxes/,Kraft Gift & Specialty Boxes,related-product
https://kraftboxpack.com/product/kraft-box-with-window/,https://kraftboxpack.com/product/mini-kraft-boxes/,Mini Kraft Boxes,related-product
https://kraftboxpack.com/product/kraft-box-with-window/,https://kraftboxpack.com/product/kraft-round-boxes/,Kraft Gift & Specialty Boxes,related-product
https://kraftboxpack.com/product/kraft-box-with-window/,https://kraftboxpack.com/product/kraft-round-boxes/,Kraft Round Boxes,product-grid
https://kraftboxpack.com/product/kraft-box-with-window/,https://kraftboxpack.com/product/kraft-candle-boxes/,Kraft Gift & Specialty Boxes,product-grid
https://kraftboxpack.com/product/kraft-box-with-window/,https://kraftboxpack.com/product/kraft-candle-boxes/,Kraft Candle Boxes,product-grid
https://kraftboxpack.com/product/kraft-box-with-window/,https://kraftboxpack.com/product/kraft-pillow-boxes/,Kraft Gift & Specialty Boxes,product-grid
https://kraftboxpack.com/product/kraft-box-with-window/,https://kraftboxpack.com/product/kraft-pillow-boxes/,Kraft Pillow Boxes,product-grid
https://kraftboxpack.com/product/kraft-box-with-window/,https://kraftboxpack.com/cdn-cgi/l/email-protection,info@shopcardboardboxes,product-grid
https://kraftboxpack.com/product/kraft-box-with-window/,https://kraftboxpack.com/about-us/,About Us,footer
https://kraftboxpack.com/product/kraft-box-with-window/,https://kraftboxpack.com/contact-us/,Contact Us,footer
https://kraftboxpack.com/product/kraft-box-with-window/,https://kraftboxpack.com/privacy-policy/,Privacy Policy,footer
https://kraftboxpack.com/product/kraft-box-with-window/,https://kraftboxpack.com/refund_returns/,Refund and Returns Policy,footer
https://kraftboxpack.com/product/kraft-box-with-window/,https://kraftboxpack.com/terms-conditions/,Terms & Conditions,footer
https://kraftboxpack.com/product/kraft-boxes-for-gifts/,https://kraftboxpack.com/cdn-cgi/l/email-protection,[email protected],navigation
https://kraftboxpack.com/product/kraft-boxes-for-gifts/,https://kraftboxpack.com/cdn-cgi/l/email-protection,Email Us To Get 25% OFF,navigation
https://kraftboxpack.com/product/kraft-boxes-for-gifts/,https://kraftboxpack.com,,navigation
https://kraftboxpack.com/product/kraft-boxes-for-gifts/,https://kraftboxpack.com/,Home,navigation
https://kraftboxpack.com/product/kraft-boxes-for-gifts/,https://kraftboxpack.com/product-category/colored-kraft-boxes/,Colored Kraft Boxes,navigation
https://kraftboxpack.com/product/kraft-boxes-for-gifts/,https://kraftboxpack.com/product-category/kraft-gift-specialty-boxes/,Kraft Gift & Specialty Boxes,navigation
https://kraftboxpack.com/product/kraft-boxes-for-gifts/,https://kraftboxpack.com/product-category/kraft-packaging-boxes/,Kraft Packaging Boxes,navigation
https://kraftboxpack.com/product/kraft-boxes-for-gifts/,https://kraftboxpack.com/product-category/kraft-wrapping-accessories/,Kraft Wrapping & Accessories,navigation
https://kraftboxpack.com/product/kraft-boxes-for-gifts/,https://kraftboxpack.com,Home,breadcrumb
https://kraftboxpack.com/product/kraft-boxes-for-gifts/,https://kraftboxpack.com/products/,Products,breadcrumb
https://kraftboxpack.com/product/kraft-boxes-for-gifts/,https://kraftboxpack.com/product/kraft-boxes-for-gifts/,Kraft Boxes For Gifts,contextual
https://kraftboxpack.com/product/kraft-boxes-for-gifts/,https://kraftboxpack.com?add-to-cart=3028&quantity=1&e-redirect=https://kraftboxpack.com/cart/,Buy Now,contextual
https://kraftboxpack.com/product/kraft-boxes-for-gifts/,https://kraftboxpack.com/product/kraft-paper-gift-wrapping/,Kraft Paper Gift Wrapping,contextual
https://kraftboxpack.com/product/kraft-boxes-for-gifts/,https://kraftboxpack.com/product-category/Kraft-Wrapping-&-Accessories/,Kraft Wrapping & Accessories,contextual
https://kraftboxpack.com/product/kraft-boxes-for-gifts/,https://kraftboxpack.com/,kraft box pack,contextual
https://kraftboxpack.com/product/kraft-boxes-for-gifts/,https://kraftboxpack.com/product/kraft-paper-packaging/,Kraft Wrapping & Accessories,related-product
https://kraftboxpack.com/product/kraft-boxes-for-gifts/,https://kraftboxpack.com/product/kraft-paper-packaging/,Kraft Paper Packaging,related-product
https://kraftboxpack.com/product/kraft-boxes-for-gifts/,https://kraftboxpack.com/product/kraft-paper-gift-wrapping/,Kraft Wrapping & Accessories,related-product
https://kraftboxpack.com/product/kraft-boxes-for-gifts/,https://kraftboxpack.com/product/kraft-paper-dispenser-boxes/,Kraft Wrapping & Accessories,product-grid
https://kraftboxpack.com/product/kraft-boxes-for-gifts/,https://kraftboxpack.com/product/kraft-paper-dispenser-boxes/,Kraft Paper Dispenser Boxes,product-grid
https://kraftboxpack.com/product/kraft-boxes-for-gifts/,https://kraftboxpack.com/product/kraft-paper-boxes/,Kraft Wrapping & Accessories,product-grid
https://kraftboxpack.com/product/kraft-boxes-for-gifts/,https://kraftboxpack.com/product/kraft-paper-boxes/,Kraft Paper Boxes,product-grid
https://kraftboxpack.com/product/kraft-boxes-for-gifts/,https://kraftboxpack.com/cdn-cgi/l/email-protection,info@shopcardboardboxes,product-grid
https://kraftboxpack.com/product/kraft-boxes-for-gifts/,https://kraftboxpack.com/about-us/,About Us,footer
https://kraftboxpack.com/product/kraft-boxes-for-gifts/,https://kraftboxpack.com/contact-us/,Contact Us,footer
https://kraftboxpack.com/product/kraft-boxes-for-gifts/,https://kraftboxpack.com/privacy-policy/,Privacy Policy,footer
https://kraftboxpack.com/product/kraft-boxes-for-gifts/,https://kraftboxpack.com/refund_returns/,Refund and Returns Policy,footer
https://kraftboxpack.com/product/kraft-boxes-for-gifts/,https://kraftboxpack.com/terms-conditions/,Terms & Conditions,footer
https://kraftboxpack.com/product/kraft-boxes-with-lid/,https://kraftboxpack.com/cdn-cgi/l/email-protection,[email protected],navigation
https://kraftboxpack.com/product/kraft-boxes-with-lid/,https://kraftboxpack.com/cdn-cgi/l/email-protection,Email Us To Get 25% OFF,navigation
https://kraftboxpack.com/product/kraft-boxes-with-lid/,https://kraftboxpack.com,,navigation
https://kraftboxpack.com/product/kraft-boxes-with-lid/,https://kraftboxpack.com/,Home,navigation
https://kraftboxpack.com/product/kraft-boxes-with-lid/,https://kraftboxpack.com/product-category/colored-kraft-boxes/,Colored Kraft Boxes,navigation
https://kraftboxpack.com/product/kraft-boxes-with-lid/,https://kraftboxpack.com/product-category/kraft-gift-specialty-boxes/,Kraft Gift & Specialty Boxes,navigation
https://kraftboxpack.com/product/kraft-boxes-with-lid/,https://kraftboxpack.com/product-category/kraft-packaging-boxes/,Kraft Packaging Boxes,navigation
https://kraftboxpack.com/product/kraft-boxes-with-lid/,https://kraftboxpack.com/product-category/kraft-wrapping-accessories/,Kraft Wrapping & Accessories,navigation
https://kraftboxpack.com/product/kraft-boxes-with-lid/,https://kraftboxpack.com,Home,breadcrumb
https://kraftboxpack.com/product/kraft-boxes-with-lid/,https://kraftboxpack.com/products/,Products,breadcrumb
https://kraftboxpack.com/product/kraft-boxes-with-lid/,https://kraftboxpack.com/product/kraft-boxes-with-lid/,Kraft Boxes With Lid,contextual
https://kraftboxpack.com/product/kraft-boxes-with-lid/,https://kraftboxpack.com?add-to-cart=2738&quantity=1&e-redirect=https://kraftboxpack.com/cart/,Buy Now,contextual
https://kraftboxpack.com/product/kraft-boxes-with-lid/,https://kraftboxpack.com/product/black-kraft-boxes/,Black Kraft Boxes,contextual
https://kraftboxpack.com/product/kraft-boxes-with-lid/,https://kraftboxpack.com/product-category/Colored-Kraft-Boxes/,Colored Kraft Boxes,contextual
https://kraftboxpack.com/product/kraft-boxes-with-lid/,https://kraftboxpack.com/,Kraft Box Pack,contextual
https://kraftboxpack.com/product/kraft-boxes-with-lid/,https://kraftboxpack.com/product/black-kraft-boxes/,Colored Kraft Boxes,related-product
https://kraftboxpack.com/product/kraft-boxes-with-lid/,https://kraftboxpack.com/product/brown-kraft-boxes/,Colored Kraft Boxes,related-product
https://kraftboxpack.com/product/kraft-boxes-with-lid/,https://kraftboxpack.com/product/brown-kraft-boxes/,Brown Kraft Boxes,product-grid
https://kraftboxpack.com/product/kraft-boxes-with-lid/,https://kraftboxpack.com/product/colored-kraft-paper/,Colored Kraft Boxes,product-grid
https://kraftboxpack.com/product/kraft-boxes-with-lid/,https://kraftboxpack.com/product/colored-kraft-paper/,Colored Kraft Paper,product-grid
https://kraftboxpack.com/product/kraft-boxes-with-lid/,https://kraftboxpack.com/product/kraft-thermal-kraft-boxes/,Colored Kraft Boxes,product-grid
https://kraftboxpack.com/product/kraft-boxes-with-lid/,https://kraftboxpack.com/product/kraft-thermal-kraft-boxes/,Kraft Thermal Kraft Boxes,product-grid
https://kraftboxpack.com/product/kraft-boxes-with-lid/,https://kraftboxpack.com/cdn-cgi/l/email-protection,info@shopcardboardboxes,product-grid
https://kraftboxpack.com/product/kraft-boxes-with-lid/,https://kraftboxpack.com/about-us/,About Us,footer
https://kraftboxpack.com/product/kraft-boxes-with-lid/,https://kraftboxpack.com/contact-us/,Contact Us,footer
https://kraftboxpack.com/product/kraft-boxes-with-lid/,https://kraftboxpack.com/privacy-policy/,Privacy Policy,footer
https://kraftboxpack.com/product/kraft-boxes-with-lid/,https://kraftboxpack.com/refund_returns/,Refund and Returns Policy,footer
https://kraftboxpack.com/product/kraft-boxes-with-lid/,https://kraftboxpack.com/terms-conditions/,Terms & Conditions,footer
https://kraftboxpack.com/product/kraft-bracelet-packaging-boxes/,https://kraftboxpack.com/cdn-cgi/l/email-protection,[email protected],navigation
https://kraftboxpack.com/product/kraft-bracelet-packaging-boxes/,https://kraftboxpack.com/cdn-cgi/l/email-protection,Email Us To Get 25% OFF,navigation
https://kraftboxpack.com/product/kraft-bracelet-packaging-boxes/,https://kraftboxpack.com,,navigation
https://kraftboxpack.com/product/kraft-bracelet-packaging-boxes/,https://kraftboxpack.com/,Home,navigation
https://kraftboxpack.com/product/kraft-bracelet-packaging-boxes/,https://kraftboxpack.com/product-category/colored-kraft-boxes/,Colored Kraft Boxes,navigation
https://kraftboxpack.com/product/kraft-bracelet-packaging-boxes/,https://kraftboxpack.com/product-category/kraft-gift-specialty-boxes/,Kraft Gift & Specialty Boxes,navigation
https://kraftboxpack.com/product/kraft-bracelet-packaging-boxes/,https://kraftboxpack.com/product-category/kraft-packaging-boxes/,Kraft Packaging Boxes,navigation
https://kraftboxpack.com/product/kraft-bracelet-packaging-boxes/,https://kraftboxpack.com/product-category/kraft-wrapping-accessories/,Kraft Wrapping & Accessories,navigation
https://kraftboxpack.com/product/kraft-bracelet-packaging-boxes/,https://kraftboxpack.com,Home,breadcrumb
https://kraftboxpack.com/product/kraft-bracelet-packaging-boxes/,https://kraftboxpack.com/products/,Products,breadcrumb
https://kraftboxpack.com/product/kraft-bracelet-packaging-boxes/,https://kraftboxpack.com/product-category/jewelry-accessories-boxes/,Jewelry & Accessories Boxes,breadcrumb
https://kraftboxpack.com/product/kraft-bracelet-packaging-boxes/,https://kraftboxpack.com/product/kraft-bracelet-packaging-boxes/,Kraft Bracelet Packaging Boxes,contextual
https://kraftboxpack.com/product/kraft-bracelet-packaging-boxes/,https://kraftboxpack.com?add-to-cart=3159&quantity=1&e-redirect=https://kraftboxpack.com/cart/,Buy Now,contextual
https://kraftboxpack.com/product/kraft-bracelet-packaging-boxes/,https://kraftboxpack.com/product/Kraft-Earring-Packaging-Boxes/,Kraft Earring Packaging Boxes,contextual
https://kraftboxpack.com/product/kraft-bracelet-packaging-boxes/,https://kraftboxpack.com/product-category/Jewelry-&-Accessories-Boxes/,Jewelry & Accessories Boxes,contextual
https://kraftboxpack.com/product/kraft-bracelet-packaging-boxes/,https://kraftboxpack.com/,Kraft Box Pack Wholesale,contextual
https://kraftboxpack.com/product/kraft-bracelet-packaging-boxes/,https://kraftboxpack.com/product/kraft-jewelry-insert-boxes/,Jewelry & Accessories Boxes,related-product
https://kraftboxpack.com/product/kraft-bracelet-packaging-boxes/,https://kraftboxpack.com/product/kraft-jewelry-insert-boxes/,Kraft Jewelry Insert Boxes,related-product
https://kraftboxpack.com/product/kraft-bracelet-packaging-boxes/,https://kraftboxpack.com/product/kraft-earring-packaging-boxes/,Jewelry & Accessories Boxes,related-product
https://kraftboxpack.com/product/kraft-bracelet-packaging-boxes/,https://kraftboxpack.com/product/kraft-earring-packaging-boxes/,Kraft Earring Packaging Boxes,product-grid
https://kraftboxpack.com/product/kraft-bracelet-packaging-boxes/,https://kraftboxpack.com/product/kraft-ring-packaging-boxes/,Jewelry & Accessories Boxes,product-grid
https://kraftboxpack.com/product/kraft-bracelet-packaging-boxes/,https://kraftboxpack.com/product/kraft-ring-packaging-boxes/,Kraft Ring Packaging Boxes,product-grid
https://kraftboxpack.com/product/kraft-bracelet-packaging-boxes/,https://kraftboxpack.com/product/kraft-watch-packaging-boxes/,Jewelry & Accessories Boxes,product-grid
https://kraftboxpack.com/product/kraft-bracelet-packaging-boxes/,https://kraftboxpack.com/product/kraft-watch-packaging-boxes/,Kraft Watch Packaging Boxes,product-grid
https://kraftboxpack.com/product/kraft-bracelet-packaging-boxes/,https://kraftboxpack.com/cdn-cgi/l/email-protection,info@shopcardboardboxes,product-grid
https://kraftboxpack.com/product/kraft-bracelet-packaging-boxes/,https://kraftboxpack.com/about-us/,About Us,footer
https://kraftboxpack.com/product/kraft-bracelet-packaging-boxes/,https://kraftboxpack.com/contact-us/,Contact Us,footer
https://kraftboxpack.com/product/kraft-bracelet-packaging-boxes/,https://kraftboxpack.com/privacy-policy/,Privacy Policy,footer
https://kraftboxpack.com/product/kraft-bracelet-packaging-boxes/,https://kraftboxpack.com/refund_returns/,Refund and Returns Policy,footer
https://kraftboxpack.com/product/kraft-bracelet-packaging-boxes/,https://kraftboxpack.com/terms-conditions/,Terms & Conditions,footer
https://kraftboxpack.com/product/kraft-brochure-packaging-boxes/,https://kraftboxpack.com/cdn-cgi/l/email-protection,[email protected],navigation
https://kraftboxpack.com/product/kraft-brochure-packaging-boxes/,https://kraftboxpack.com/cdn-cgi/l/email-protection,Email Us To Get 25% OFF,navigation
https://kraftboxpack.com/product/kraft-brochure-packaging-boxes/,https://kraftboxpack.com,,navigation
https://kraftboxpack.com/product/kraft-brochure-packaging-boxes/,https://kraftboxpack.com/,Home,navigation
https://kraftboxpack.com/product/kraft-brochure-packaging-boxes/,https://kraftboxpack.com/product-category/colored-kraft-boxes/,Colored Kraft Boxes,navigation
https://kraftboxpack.com/product/kraft-brochure-packaging-boxes/,https://kraftboxpack.com/product-category/kraft-gift-specialty-boxes/,Kraft Gift & Specialty Boxes,navigation
https://kraftboxpack.com/product/kraft-brochure-packaging-boxes/,https://kraftboxpack.com/product-category/kraft-packaging-boxes/,Kraft Packaging Boxes,navigation
https://kraftboxpack.com/product/kraft-brochure-packaging-boxes/,https://kraftboxpack.com/product-category/kraft-wrapping-accessories/,Kraft Wrapping & Accessories,navigation
https://kraftboxpack.com/product/kraft-brochure-packaging-boxes/,https://kraftboxpack.com,Home,breadcrumb
https://kraftboxpack.com/product/kraft-brochure-packaging-boxes/,https://kraftboxpack.com/products/,Products,breadcrumb
https://kraftboxpack.com/product/kraft-brochure-packaging-boxes/,https://kraftboxpack.com/product-category/kraft-art-boxes/,Kraft Art Boxes,breadcrumb
https://kraftboxpack.com/product/kraft-brochure-packaging-boxes/,https://kraftboxpack.com/product/kraft-brochure-packaging-boxes/,Kraft Brochure Packaging Boxes,contextual
https://kraftboxpack.com/product/kraft-brochure-packaging-boxes/,https://kraftboxpack.com?add-to-cart=3191&quantity=1&e-redirect=https://kraftboxpack.com/cart/,Buy Now,contextual
https://kraftboxpack.com/product/kraft-brochure-packaging-boxes/,https://kraftboxpack.com/product/kraft-menu-packaging-boxes/,Kraft Menu Packaging Boxes,contextual
https://kraftboxpack.com/product/kraft-brochure-packaging-boxes/,https://kraftboxpack.com/product-category/Kraft-Art-Boxes,Kraft Art Boxes,contextual
https://kraftboxpack.com/product/kraft-brochure-packaging-boxes/,https://kraftboxpack.com/,Kraft Boxes Wholesale,contextual
https://kraftboxpack.com/product/kraft-brochure-packaging-boxes/,https://kraftboxpack.com/product/kraft-cd-dvd-packaging/,Kraft Art Boxes,related-product
https://kraftboxpack.com/product/kraft-brochure-packaging-boxes/,https://kraftboxpack.com/product/kraft-cd-dvd-packaging/,Kraft CD/DVD Packaging,related-product
https://kraftboxpack.com/product/kraft-brochure-packaging-boxes/,https://kraftboxpack.com/product/kraft-calendar-boxes/,Kraft Art Boxes,related-product
https://kraftboxpack.com/product/kraft-brochure-packaging-boxes/,https://kraftboxpack.com/product/kraft-calendar-boxes/,Kraft Calendar Boxes,product-grid
https://kraftboxpack.com/product/kraft-brochure-packaging-boxes/,https://kraftboxpack.com/product/kraft-certificate-boxes/,Kraft Art Boxes,product-grid
https://kraftboxpack.com/product/kraft-brochure-packaging-boxes/,https://kraftboxpack.com/product/kraft-certificate-boxes/,Kraft Certificate Boxes,product-grid
https://kraftboxpack.com/product/kraft-brochure-packaging-boxes/,https://kraftboxpack.com/product/kraft-art-supply-packaging/,Kraft Art Boxes,product-grid
https://kraftboxpack.com/product/kraft-brochure-packaging-boxes/,https://kraftboxpack.com/product/kraft-art-supply-packaging/,Kraft Art Supply Packaging,product-grid
https://kraftboxpack.com/product/kraft-brochure-packaging-boxes/,https://kraftboxpack.com/cdn-cgi/l/email-protection,info@shopcardboardboxes,product-grid
https://kraftboxpack.com/product/kraft-brochure-packaging-boxes/,https://kraftboxpack.com/about-us/,About Us,footer
https://kraftboxpack.com/product/kraft-brochure-packaging-boxes/,https://kraftboxpack.com/contact-us/,Contact Us,footer
https://kraftboxpack.com/product/kraft-brochure-packaging-boxes/,https://kraftboxpack.com/privacy-policy/,Privacy Policy,footer
https://kraftboxpack.com/product/kraft-brochure-packaging-boxes/,https://kraftboxpack.com/refund_returns/,Refund and Returns Policy,footer
https://kraftboxpack.com/product/kraft-brochure-packaging-boxes/,https://kraftboxpack.com/terms-conditions/,Terms & Conditions,footer
https://kraftboxpack.com/product/kraft-brownie-packaging-boxes/,https://kraftboxpack.com/cdn-cgi/l/email-protection,[email protected],navigation
https://kraftboxpack.com/product/kraft-brownie-packaging-boxes/,https://kraftboxpack.com/cdn-cgi/l/email-protection,Email Us To Get 25% OFF,navigation
https://kraftboxpack.com/product/kraft-brownie-packaging-boxes/,https://kraftboxpack.com,,navigation
https://kraftboxpack.com/product/kraft-brownie-packaging-boxes/,https://kraftboxpack.com/,Home,navigation
https://kraftboxpack.com/product/kraft-brownie-packaging-boxes/,https://kraftboxpack.com/product-category/colored-kraft-boxes/,Colored Kraft Boxes,navigation
https://kraftboxpack.com/product/kraft-brownie-packaging-boxes/,https://kraftboxpack.com/product-category/kraft-gift-specialty-boxes/,Kraft Gift & Specialty Boxes,navigation
https://kraftboxpack.com/product/kraft-brownie-packaging-boxes/,https://kraftboxpack.com/product-category/kraft-packaging-boxes/,Kraft Packaging Boxes,navigation
https://kraftboxpack.com/product/kraft-brownie-packaging-boxes/,https://kraftboxpack.com/product-category/kraft-wrapping-accessories/,Kraft Wrapping & Accessories,navigation
https://kraftboxpack.com/product/kraft-brownie-packaging-boxes/,https://kraftboxpack.com,Home,breadcrumb
https://kraftboxpack.com/product/kraft-brownie-packaging-boxes/,https://kraftboxpack.com/products/,Products,breadcrumb
https://kraftboxpack.com/product/kraft-brownie-packaging-boxes/,https://kraftboxpack.com/product-category/kraft-food-packaging/,Kraft Food Packaging,breadcrumb
https://kraftboxpack.com/product/kraft-brownie-packaging-boxes/,https://kraftboxpack.com/product/kraft-brownie-packaging-boxes/,Kraft Brownie Packaging Boxes,contextual
https://kraftboxpack.com/product/kraft-brownie-packaging-boxes/,https://kraftboxpack.com?add-to-cart=3269&quantity=1&e-redirect=https://kraftboxpack.com/cart/,Buy Now,contextual
https://kraftboxpack.com/product/kraft-brownie-packaging-boxes/,https://kraftboxpack.com/product/kraft-macaron-packaging-boxes/,Kraft Macaron Packaging Boxes,contextual
https://kraftboxpack.com/product/kraft-brownie-packaging-boxes/,https://kraftboxpack.com/,Custom Kraft Boxes,contextual
https://kraftboxpack.com/product/kraft-brownie-packaging-boxes/,https://kraftboxpack.com/product/kraft-donut-packaging-boxes/,Kraft Food Packaging,related-product
https://kraftboxpack.com/product/kraft-brownie-packaging-boxes/,https://kraftboxpack.com/product/kraft-donut-packaging-boxes/,Kraft Donut Packaging Boxes,related-product
https://kraftboxpack.com/product/kraft-brownie-packaging-boxes/,https://kraftboxpack.com/product/kraft-fruit-packaging-boxes/,Kraft Food Packaging,related-product
https://kraftboxpack.com/product/kraft-brownie-packaging-boxes/,https://kraftboxpack.com/product/kraft-fruit-packaging-boxes/,Kraft Fruit Packaging Boxes,product-grid
https://kraftboxpack.com/product/kraft-brownie-packaging-boxes/,https://kraftboxpack.com/product/kraft-sandwich-wedge-boxes/,Kraft Food Packaging,product-grid
https://kraftboxpack.com/product/kraft-brownie-packaging-boxes/,https://kraftboxpack.com/product/kraft-sandwich-wedge-boxes/,Kraft Sandwich Wedge Boxes,product-grid
https://kraftboxpack.com/product/kraft-brownie-packaging-boxes/,https://kraftboxpack.com/product/kraft-juice-bottle-carriers/,Kraft Food Packaging,product-grid
https://kraftboxpack.com/product/kraft-brownie-packaging-boxes/,https://kraftboxpack.com/product/kraft-juice-bottle-carriers/,Kraft Juice Bottle Carriers,product-grid
https://kraftboxpack.com/product/kraft-brownie-packaging-boxes/,https://kraftboxpack.com/cdn-cgi/l/email-protection,info@shopcardboardboxes,product-grid
https://kraftboxpack.com/product/kraft-brownie-packaging-boxes/,https://kraftboxpack.com/about-us/,About Us,footer
https://kraftboxpack.com/product/kraft-brownie-packaging-boxes/,https://kraftboxpack.com/contact-us/,Contact Us,footer
https://kraftboxpack.com/product/kraft-brownie-packaging-boxes/,https://kraftboxpack.com/privacy-policy/,Privacy Policy,footer
https://kraftboxpack.com/product/kraft-brownie-packaging-boxes/,https://kraftboxpack.com/refund_returns/,Refund and Returns Policy,footer
https://kraftboxpack.com/product/kraft-brownie-packaging-boxes/,https://kraftboxpack.com/terms-conditions/,Terms & Conditions,footer
https://kraftboxpack.com/product/kraft-bulk-shipping-crates/,https://kraftboxpack.com/cdn-cgi/l/email-protection,[email protected],navigation
https://kraftboxpack.com/product/kraft-bulk-shipping-crates/,https://kraftboxpack.com/cdn-cgi/l/email-protection,Email Us To Get 25% OFF,navigation
https://kraftboxpack.com/product/kraft-bulk-shipping-crates/,https://kraftboxpack.com,,navigation
https://kraftboxpack.com/product/kraft-bulk-shipping-crates/,https://kraftboxpack.com/,Home,navigation
https://kraftboxpack.com/product/kraft-bulk-shipping-crates/,https://kraftboxpack.com/product-category/colored-kraft-boxes/,Colored Kraft Boxes,navigation
https://kraftboxpack.com/product/kraft-bulk-shipping-crates/,https://kraftboxpack.com/product-category/kraft-gift-specialty-boxes/,Kraft Gift & Specialty Boxes,navigation
https://kraftboxpack.com/product/kraft-bulk-shipping-crates/,https://kraftboxpack.com/product-category/kraft-packaging-boxes/,Kraft Packaging Boxes,navigation
https://kraftboxpack.com/product/kraft-bulk-shipping-crates/,https://kraftboxpack.com/product-category/kraft-wrapping-accessories/,Kraft Wrapping & Accessories,navigation
https://kraftboxpack.com/product/kraft-bulk-shipping-crates/,https://kraftboxpack.com,Home,breadcrumb
https://kraftboxpack.com/product/kraft-bulk-shipping-crates/,https://kraftboxpack.com/products/,Products,breadcrumb
https://kraftboxpack.com/product/kraft-bulk-shipping-crates/,https://kraftboxpack.com/product-category/kraft-industrial-packaging/,Kraft Industrial Packaging,breadcrumb
https://kraftboxpack.com/product/kraft-bulk-shipping-crates/,https://kraftboxpack.com/product/kraft-bulk-shipping-crates/,Kraft Bulk Shipping Crates,contextual
https://kraftboxpack.com/product/kraft-bulk-shipping-crates/,https://kraftboxpack.com?add-to-cart=3198&quantity=1&e-redirect=https://kraftboxpack.com/cart/,Buy Now,contextual
https://kraftboxpack.com/product/kraft-bulk-shipping-crates/,https://kraftboxpack.com/product/kraft-industrial-parts-boxes/,Kraft Industrial Parts Boxes,contextual
https://kraftboxpack.com/product/kraft-bulk-shipping-crates/,https://kraftboxpack.com/product-category/Kraft-Industrial-Packaging/,Kraft Industrial Packaging,contextual
https://kraftboxpack.com/product/kraft-bulk-shipping-crates/,https://kraftboxpack.com/,Kraft Boxes Wholesale,contextual
https://kraftboxpack.com/product/kraft-bulk-shipping-crates/,https://kraftboxpack.com/product/kraft-eco-friendly-compostable-boxes/,Kraft Industrial Packaging,related-product
https://kraftboxpack.com/product/kraft-bulk-shipping-crates/,https://kraftboxpack.com/product/kraft-eco-friendly-compostable-boxes/,Kraft Eco Friendly Compostable Boxes,related-product
https://kraftboxpack.com/product/kraft-bulk-shipping-crates/,https://kraftboxpack.com/product/kraft-heavy-duty-storage-boxes/,Kraft Industrial Packaging,related-product
https://kraftboxpack.com/product/kraft-bulk-shipping-crates/,https://kraftboxpack.com/product/kraft-heavy-duty-storage-boxes/,Kraft Heavy Duty Storage Boxes,product-grid
https://kraftboxpack.com/product/kraft-bulk-shipping-crates/,https://kraftboxpack.com/product/kraft-chemical-safe-boxes/,Kraft Industrial Packaging,product-grid
https://kraftboxpack.com/product/kraft-bulk-shipping-crates/,https://kraftboxpack.com/product/kraft-chemical-safe-boxes/,Kraft Chemical Safe Boxes,product-grid
https://kraftboxpack.com/product/kraft-bulk-shipping-crates/,https://kraftboxpack.com/product/kraft-recycled-kraft-boxes/,Kraft Industrial Packaging,product-grid
https://kraftboxpack.com/product/kraft-bulk-shipping-crates/,https://kraftboxpack.com/product/kraft-recycled-kraft-boxes/,Kraft Recycled Kraft Boxes,product-grid
https://kraftboxpack.com/product/kraft-bulk-shipping-crates/,https://kraftboxpack.com/cdn-cgi/l/email-protection,info@shopcardboardboxes,product-grid
https://kraftboxpack.com/product/kraft-bulk-shipping-crates/,https://kraftboxpack.com/about-us/,About Us,footer
https://kraftboxpack.com/product/kraft-bulk-shipping-crates/,https://kraftboxpack.com/contact-us/,Contact Us,footer
https://kraftboxpack.com/product/kraft-bulk-shipping-crates/,https://kraftboxpack.com/privacy-policy/,Privacy Policy,footer
https://kraftboxpack.com/product/kraft-bulk-shipping-crates/,https://kraftboxpack.com/refund_returns/,Refund and Returns Policy,footer
https://kraftboxpack.com/product/kraft-bulk-shipping-crates/,https://kraftboxpack.com/terms-conditions/,Terms & Conditions,footer
https://kraftboxpack.com/product/kraft-cake-boxes/,https://kraftboxpack.com/cdn-cgi/l/email-protection,[email protected],navigation
https://kraftboxpack.com/product/kraft-cake-boxes/,https://kraftboxpack.com/cdn-cgi/l/email-protection,Email Us To Get 25% OFF,navigation
https://kraftboxpack.com/product/kraft-cake-boxes/,https://kraftboxpack.com,,navigation
https://kraftboxpack.com/product/kraft-cake-boxes/,https://kraftboxpack.com/,Home,navigation
https://kraftboxpack.com/product/kraft-cake-boxes/,https://kraftboxpack.com/product-category/colored-kraft-boxes/,Colored Kraft Boxes,navigation
https://kraftboxpack.com/product/kraft-cake-boxes/,https://kraftboxpack.com/product-category/kraft-gift-specialty-boxes/,Kraft Gift & Specialty Boxes,navigation
https://kraftboxpack.com/product/kraft-cake-boxes/,https://kraftboxpack.com/product-category/kraft-packaging-boxes/,Kraft Packaging Boxes,navigation
https://kraftboxpack.com/product/kraft-cake-boxes/,https://kraftboxpack.com/product-category/kraft-wrapping-accessories/,Kraft Wrapping & Accessories,navigation
https://kraftboxpack.com/product/kraft-cake-boxes/,https://kraftboxpack.com,Home,breadcrumb
https://kraftboxpack.com/product/kraft-cake-boxes/,https://kraftboxpack.com/products/,Products,breadcrumb
https://kraftboxpack.com/product/kraft-cake-boxes/,https://kraftboxpack.com/product/kraft-cake-boxes/,Kraft Cake Boxes,contextual
https://kraftboxpack.com/product/kraft-cake-boxes/,https://kraftboxpack.com?add-to-cart=2598&quantity=1&e-redirect=https://kraftboxpack.com/cart/,Buy Now,contextual
https://kraftboxpack.com/product/kraft-cake-boxes/,https://kraftboxpack.com/product/kraft-mailer-boxes/,Kraft Mailer Boxes,contextual
https://kraftboxpack.com/product/kraft-cake-boxes/,https://kraftboxpack.com/product-category/Kraft-Packaging-Boxes/,Kraft Packaging Boxes,contextual
https://kraftboxpack.com/product/kraft-cake-boxes/,https://kraftboxpack.com/,Kraft Box Pack,contextual
https://kraftboxpack.com/product/kraft-cake-boxes/,https://kraftboxpack.com/product/kraft-corrugated-boxes/,Kraft Packaging Boxes,related-product
https://kraftboxpack.com/product/kraft-cake-boxes/,https://kraftboxpack.com/product/kraft-corrugated-boxes/,Kraft Corrugated Boxes,related-product
https://kraftboxpack.com/product/kraft-cake-boxes/,https://kraftboxpack.com/product/kraft-bakery-boxes/,Kraft Packaging Boxes,related-product
https://kraftboxpack.com/product/kraft-cake-boxes/,https://kraftboxpack.com/product/kraft-bakery-boxes/,Kraft Bakery Boxes,product-grid
https://kraftboxpack.com/product/kraft-cake-boxes/,https://kraftboxpack.com/product/kraft-drawer-boxes/,Kraft Packaging Boxes,product-grid
https://kraftboxpack.com/product/kraft-cake-boxes/,https://kraftboxpack.com/product/kraft-drawer-boxes/,Kraft Drawer Boxes,product-grid
https://kraftboxpack.com/product/kraft-cake-boxes/,https://kraftboxpack.com/product/kraft-bakery-bags/,Kraft Packaging Boxes,product-grid
https://kraftboxpack.com/product/kraft-cake-boxes/,https://kraftboxpack.com/product/kraft-bakery-bags/,Kraft Bakery Bags,product-grid
https://kraftboxpack.com/product/kraft-cake-boxes/,https://kraftboxpack.com/cdn-cgi/l/email-protection,info@shopcardboardboxes,product-grid
https://kraftboxpack.com/product/kraft-cake-boxes/,https://kraftboxpack.com/about-us/,About Us,footer
https://kraftboxpack.com/product/kraft-cake-boxes/,https://kraftboxpack.com/contact-us/,Contact Us,footer
https://kraftboxpack.com/product/kraft-cake-boxes/,https://kraftboxpack.com/privacy-policy/,Privacy Policy,footer
https://kraftboxpack.com/product/kraft-cake-boxes/,https://kraftboxpack.com/refund_returns/,Refund and Returns Policy,footer
https://kraftboxpack.com/product/kraft-cake-boxes/,https://kraftboxpack.com/terms-conditions/,Terms & Conditions,footer
https://kraftboxpack.com/product/kraft-calendar-boxes/,https://kraftboxpack.com/cdn-cgi/l/email-protection,[email protected],navigation
https://kraftboxpack.com/product/kraft-calendar-boxes/,https://kraftboxpack.com/cdn-cgi/l/email-protection,Email Us To Get 25% OFF,navigation
https://kraftboxpack.com/product/kraft-calendar-boxes/,https://kraftboxpack.com,,navigation
https://kraftboxpack.com/product/kraft-calendar-boxes/,https://kraftboxpack.com/,Home,navigation
https://kraftboxpack.com/product/kraft-calendar-boxes/,https://kraftboxpack.com/product-category/colored-kraft-boxes/,Colored Kraft Boxes,navigation
https://kraftboxpack.com/product/kraft-calendar-boxes/,https://kraftboxpack.com/product-category/kraft-gift-specialty-boxes/,Kraft Gift & Specialty Boxes,navigation
https://kraftboxpack.com/product/kraft-calendar-boxes/,https://kraftboxpack.com/product-category/kraft-packaging-boxes/,Kraft Packaging Boxes,navigation
https://kraftboxpack.com/product/kraft-calendar-boxes/,https://kraftboxpack.com/product-category/kraft-wrapping-accessories/,Kraft Wrapping & Accessories,navigation
https://kraftboxpack.com/product/kraft-calendar-boxes/,https://kraftboxpack.com,Home,breadcrumb
https://kraftboxpack.com/product/kraft-calendar-boxes/,https://kraftboxpack.com/products/,Products,breadcrumb
https://kraftboxpack.com/product/kraft-calendar-boxes/,https://kraftboxpack.com/product-category/kraft-art-boxes/,Kraft Art Boxes,breadcrumb
https://kraftboxpack.com/product/kraft-calendar-boxes/,https://kraftboxpack.com/product/kraft-calendar-boxes/,Kraft Calendar Boxes,contextual
https://kraftboxpack.com/product/kraft-calendar-boxes/,https://kraftboxpack.com?add-to-cart=3185&quantity=1&e-redirect=https://kraftboxpack.com/cart/,Buy Now,contextual
https://kraftboxpack.com/product/kraft-calendar-boxes/,https://kraftboxpack.com/product/kraft-cd-dvd-packaging/,Kraft CD/DVD Packaging,contextual
https://kraftboxpack.com/product/kraft-calendar-boxes/,https://kraftboxpack.com/product-category/Kraft-Art-Boxes,Kraft Art Boxes,contextual
https://kraftboxpack.com/product/kraft-calendar-boxes/,https://kraftboxpack.com/,custom kraft boxes,contextual
https://kraftboxpack.com/product/kraft-calendar-boxes/,https://kraftboxpack.com/product/kraft-cd-dvd-packaging/,Kraft Art Boxes,related-product
https://kraftboxpack.com/product/kraft-calendar-boxes/,https://kraftboxpack.com/product/kraft-brochure-packaging-boxes/,Kraft Art Boxes,related-product
https://kraftboxpack.com/product/kraft-calendar-boxes/,https://kraftboxpack.com/product/kraft-brochure-packaging-boxes/,Kraft Brochure Packaging Boxes,product-grid
https://kraftboxpack.com/product/kraft-calendar-boxes/,https://kraftboxpack.com/product/kraft-certificate-boxes/,Kraft Art Boxes,product-grid
https://kraftboxpack.com/product/kraft-calendar-boxes/,https://kraftboxpack.com/product/kraft-certificate-boxes/,Kraft Certificate Boxes,product-grid
https://kraftboxpack.com/product/kraft-calendar-boxes/,https://kraftboxpack.com/product/kraft-document-mailers/,Kraft Art Boxes,product-grid
https://kraftboxpack.com/product/kraft-calendar-boxes/,https://kraftboxpack.com/product/kraft-document-mailers/,Kraft Document Mailers,product-grid
https://kraftboxpack.com/product/kraft-calendar-boxes/,https://kraftboxpack.com/cdn-cgi/l/email-protection,info@shopcardboardboxes,product-grid
https://kraftboxpack.com/product/kraft-calendar-boxes/,https://kraftboxpack.com/about-us/,About Us,footer
https://kraftboxpack.com/product/kraft-calendar-boxes/,https://kraftboxpack.com/contact-us/,Contact Us,footer
https://kraftboxpack.com/product/kraft-calendar-boxes/,https://kraftboxpack.com/privacy-policy/,Privacy Policy,footer
https://kraftboxpack.com/product/kraft-calendar-boxes/,https://kraftboxpack.com/refund_returns/,Refund and Returns Policy,footer
https://kraftboxpack.com/product/kraft-calendar-boxes/,https://kraftboxpack.com/terms-conditions/,Terms & Conditions,footer
https://kraftboxpack.com/product/kraft-candle-boxes/,https://kraftboxpack.com/cdn-cgi/l/email-protection,[email protected],navigation
https://kraftboxpack.com/product/kraft-candle-boxes/,https://kraftboxpack.com/cdn-cgi/l/email-protection,Email Us To Get 25% OFF,navigation
https://kraftboxpack.com/product/kraft-candle-boxes/,https://kraftboxpack.com,,navigation
https://kraftboxpack.com/product/kraft-candle-boxes/,https://kraftboxpack.com/,Home,navigation
https://kraftboxpack.com/product/kraft-candle-boxes/,https://kraftboxpack.com/product-category/colored-kraft-boxes/,Colored Kraft Boxes,navigation
https://kraftboxpack.com/product/kraft-candle-boxes/,https://kraftboxpack.com/product-category/kraft-gift-specialty-boxes/,Kraft Gift & Specialty Boxes,navigation
https://kraftboxpack.com/product/kraft-candle-boxes/,https://kraftboxpack.com/product-category/kraft-packaging-boxes/,Kraft Packaging Boxes,navigation
https://kraftboxpack.com/product/kraft-candle-boxes/,https://kraftboxpack.com/product-category/kraft-wrapping-accessories/,Kraft Wrapping & Accessories,navigation
https://kraftboxpack.com/product/kraft-candle-boxes/,https://kraftboxpack.com,Home,breadcrumb
https://kraftboxpack.com/product/kraft-candle-boxes/,https://kraftboxpack.com/products/,Products,breadcrumb
https://kraftboxpack.com/product/kraft-candle-boxes/,https://kraftboxpack.com/product/kraft-candle-boxes/,Kraft Candle Boxes,contextual
https://kraftboxpack.com/product/kraft-candle-boxes/,https://kraftboxpack.com?add-to-cart=2708&quantity=1&e-redirect=https://kraftboxpack.com/cart/,Buy Now,contextual
https://kraftboxpack.com/product/kraft-candle-boxes/,https://kraftboxpack.com/product/kraft-jewelry-boxes/,Kraft Jewelry Boxes,contextual
https://kraftboxpack.com/product/kraft-candle-boxes/,https://kraftboxpack.com/product-category/Kraft-Gift-&-Specialty-Boxes/,Kraft Gift & Specialty Boxes,contextual
https://kraftboxpack.com/product/kraft-candle-boxes/,https://kraftboxpack.com/,Kraft Box Pack,contextual
https://kraftboxpack.com/product/kraft-candle-boxes/,https://kraftboxpack.com/product/kraft-paper-gift-boxes/,Kraft Gift & Specialty Boxes,related-product
https://kraftboxpack.com/product/kraft-candle-boxes/,https://kraftboxpack.com/product/kraft-paper-gift-boxes/,Kraft Paper Gift Boxes,related-product
https://kraftboxpack.com/product/kraft-candle-boxes/,https://kraftboxpack.com/product/kraft-round-boxes/,Kraft Gift & Specialty Boxes,related-product
https://kraftboxpack.com/product/kraft-candle-boxes/,https://kraftboxpack.com/product/kraft-round-boxes/,Kraft Round Boxes,product-grid
https://kraftboxpack.com/product/kraft-candle-boxes/,https://kraftboxpack.com/product/kraft-candy-boxes/,Kraft Gift & Specialty Boxes,product-grid
https://kraftboxpack.com/product/kraft-candle-boxes/,https://kraftboxpack.com/product/kraft-candy-boxes/,Kraft Candy Boxes,product-grid
https://kraftboxpack.com/product/kraft-candle-boxes/,https://kraftboxpack.com/product/kraft-display-boxes/,Kraft Gift & Specialty Boxes,product-grid
https://kraftboxpack.com/product/kraft-candle-boxes/,https://kraftboxpack.com/product/kraft-display-boxes/,Kraft Display Boxes,product-grid
https://kraftboxpack.com/product/kraft-candle-boxes/,https://kraftboxpack.com/cdn-cgi/l/email-protection,info@shopcardboardboxes,product-grid
https://kraftboxpack.com/product/kraft-candle-boxes/,https://kraftboxpack.com/about-us/,About Us,footer
https://kraftboxpack.com/product/kraft-candle-boxes/,https://kraftboxpack.com/contact-us/,Contact Us,footer
https://kraftboxpack.com/product/kraft-candle-boxes/,https://kraftboxpack.com/privacy-policy/,Privacy Policy,footer
https://kraftboxpack.com/product/kraft-candle-boxes/,https://kraftboxpack.com/refund_returns/,Refund and Returns Policy,footer
https://kraftboxpack.com/product/kraft-candle-boxes/,https://kraftboxpack.com/terms-conditions/,Terms & Conditions,footer
https://kraftboxpack.com/product/kraft-candle-sleeve-boxes/,https://kraftboxpack.com/cdn-cgi/l/email-protection,[email protected],navigation
https://kraftboxpack.com/product/kraft-candle-sleeve-boxes/,https://kraftboxpack.com/cdn-cgi/l/email-protection,Email Us To Get 25% OFF,navigation
https://kraftboxpack.com/product/kraft-candle-sleeve-boxes/,https://kraftboxpack.com,,navigation
https://kraftboxpack.com/product/kraft-candle-sleeve-boxes/,https://kraftboxpack.com/,Home,navigation
https://kraftboxpack.com/product/kraft-candle-sleeve-boxes/,https://kraftboxpack.com/product-category/colored-kraft-boxes/,Colored Kraft Boxes,navigation
https://kraftboxpack.com/product/kraft-candle-sleeve-boxes/,https://kraftboxpack.com/product-category/kraft-gift-specialty-boxes/,Kraft Gift & Specialty Boxes,navigation
https://kraftboxpack.com/product/kraft-candle-sleeve-boxes/,https://kraftboxpack.com/product-category/kraft-packaging-boxes/,Kraft Packaging Boxes,navigation
https://kraftboxpack.com/product/kraft-candle-sleeve-boxes/,https://kraftboxpack.com/product-category/kraft-wrapping-accessories/,Kraft Wrapping & Accessories,navigation
https://kraftboxpack.com/product/kraft-candle-sleeve-boxes/,https://kraftboxpack.com,Home,breadcrumb
https://kraftboxpack.com/product/kraft-candle-sleeve-boxes/,https://kraftboxpack.com/products/,Products,breadcrumb
https://kraftboxpack.com/product/kraft-candle-sleeve-boxes/,https://kraftboxpack.com/product-category/kraft-packaging-boxes/karft-cosmetic-boxes/,Kraft Cosmetic Boxes,contextual
https://kraftboxpack.com/product/kraft-candle-sleeve-boxes/,https://kraftboxpack.com/product/kraft-candle-sleeve-boxes/,Kraft Candle Sleeve Boxes,contextual
https://kraftboxpack.com/product/kraft-candle-sleeve-boxes/,https://kraftboxpack.com?add-to-cart=3168&quantity=1&e-redirect=https://kraftboxpack.com/cart/,Buy Now,contextual
https://kraftboxpack.com/product/kraft-candle-sleeve-boxes/,https://kraftboxpack.com/product/kraft-beauty-kit-boxes/,Kraft Beauty Kit Boxes,contextual
https://kraftboxpack.com/product/kraft-candle-sleeve-boxes/,https://kraftboxpack.com/product-category/Karft-Cosmetic-Boxes/,Kraft Cosmetic Boxes,related-product
https://kraftboxpack.com/product/kraft-candle-sleeve-boxes/,https://kraftboxpack.com/,Kraft Boxes Wholesale,related-product
https://kraftboxpack.com/product/kraft-candle-sleeve-boxes/,https://kraftboxpack.com/product/kraft-eyelash-packaging-boxes/,Kraft Cosmetic Boxes,related-product
https://kraftboxpack.com/product/kraft-candle-sleeve-boxes/,https://kraftboxpack.com/product/kraft-eyelash-packaging-boxes/,Kraft Eyelash Packaging Boxes,related-product
https://kraftboxpack.com/product/kraft-candle-sleeve-boxes/,https://kraftboxpack.com/product/kraft-makeup-palette-boxes/,Kraft Cosmetic Boxes,related-product
https://kraftboxpack.com/product/kraft-candle-sleeve-boxes/,https://kraftboxpack.com/product/kraft-makeup-palette-boxes/,Kraft Makeup Palette Boxes,product-grid
https://kraftboxpack.com/product/kraft-candle-sleeve-boxes/,https://kraftboxpack.com/product/kraft-wax-melt-boxes/,Kraft Cosmetic Boxes,product-grid
https://kraftboxpack.com/product/kraft-candle-sleeve-boxes/,https://kraftboxpack.com/product/kraft-wax-melt-boxes/,Kraft Wax Melt Boxes,product-grid
https://kraftboxpack.com/product/kraft-candle-sleeve-boxes/,https://kraftboxpack.com/product/kraft-lip-balm-packaging-boxes/,Kraft Cosmetic Boxes,product-grid
https://kraftboxpack.com/product/kraft-candle-sleeve-boxes/,https://kraftboxpack.com/product/kraft-lip-balm-packaging-boxes/,Kraft Lip Balm Packaging Boxes,product-grid
https://kraftboxpack.com/product/kraft-candle-sleeve-boxes/,https://kraftboxpack.com/cdn-cgi/l/email-protection,info@shopcardboardboxes,product-grid
https://kraftboxpack.com/product/kraft-candle-sleeve-boxes/,https://kraftboxpack.com/about-us/,About Us,footer
https://kraftboxpack.com/product/kraft-candle-sleeve-boxes/,https://kraftboxpack.com/contact-us/,Contact Us,footer
https://kraftboxpack.com/product/kraft-candle-sleeve-boxes/,https://kraftboxpack.com/privacy-policy/,Privacy Policy,footer
https://kraftboxpack.com/product/kraft-candle-sleeve-boxes/,https://kraftboxpack.com/refund_returns/,Refund and Returns Policy,footer
https://kraftboxpack.com/product/kraft-candle-sleeve-boxes/,https://kraftboxpack.com/terms-conditions/,Terms & Conditions,footer
https://kraftboxpack.com/product/kraft-candy-boxes/,https://kraftboxpack.com/cdn-cgi/l/email-protection,[email protected],navigation
https://kraftboxpack.com/product/kraft-candy-boxes/,https://kraftboxpack.com/cdn-cgi/l/email-protection,Email Us To Get 25% OFF,navigation
https://kraftboxpack.com/product/kraft-candy-boxes/,https://kraftboxpack.com,,navigation
https://kraftboxpack.com/product/kraft-candy-boxes/,https://kraftboxpack.com/,Home,navigation
https://kraftboxpack.com/product/kraft-candy-boxes/,https://kraftboxpack.com/product-category/colored-kraft-boxes/,Colored Kraft Boxes,navigation
https://kraftboxpack.com/product/kraft-candy-boxes/,https://kraftboxpack.com/product-category/kraft-gift-specialty-boxes/,Kraft Gift & Specialty Boxes,navigation
https://kraftboxpack.com/product/kraft-candy-boxes/,https://kraftboxpack.com/product-category/kraft-packaging-boxes/,Kraft Packaging Boxes,navigation
https://kraftboxpack.com/product/kraft-candy-boxes/,https://kraftboxpack.com/product-category/kraft-wrapping-accessories/,Kraft Wrapping & Accessories,navigation
https://kraftboxpack.com/product/kraft-candy-boxes/,https://kraftboxpack.com,Home,breadcrumb
https://kraftboxpack.com/product/kraft-candy-boxes/,https://kraftboxpack.com/products/,Products,breadcrumb
https://kraftboxpack.com/product/kraft-candy-boxes/,https://kraftboxpack.com/product/kraft-candy-boxes/,Kraft Candy Boxes,contextual
https://kraftboxpack.com/product/kraft-candy-boxes/,https://kraftboxpack.com?add-to-cart=2703&quantity=1&e-redirect=https://kraftboxpack.com/cart/,Buy Now,contextual
https://kraftboxpack.com/product/kraft-candy-boxes/,https://kraftboxpack.com/product/kraft-gift-boxes-with-lids/,Kraft Gift Boxes With Lids,contextual
https://kraftboxpack.com/product/kraft-candy-boxes/,https://kraftboxpack.com/product-category/Kraft-Gift-&-Specialty-Boxes/,Kraft Gift & Specialty Boxes,contextual
https://kraftboxpack.com/product/kraft-candy-boxes/,https://kraftboxpack.com/,Kraft Box Pack,contextual
https://kraftboxpack.com/product/kraft-candy-boxes/,https://kraftboxpack.com/product/kraft-box-with-window/,Kraft Gift & Specialty Boxes,related-product
https://kraftboxpack.com/product/kraft-candy-boxes/,https://kraftboxpack.com/product/kraft-box-with-window/,Kraft Box with Window,related-product
https://kraftboxpack.com/product/kraft-candy-boxes/,https://kraftboxpack.com/product/kraft-jewelry-boxes/,Kraft Gift & Specialty Boxes,related-product
https://kraftboxpack.com/product/kraft-candy-boxes/,https://kraftboxpack.com/product/kraft-jewelry-boxes/,Kraft Jewelry Boxes,product-grid
https://kraftboxpack.com/product/kraft-candy-boxes/,https://kraftboxpack.com/product/kraft-paper-gift-boxes/,Kraft Gift & Specialty Boxes,product-grid
https://kraftboxpack.com/product/kraft-candy-boxes/,https://kraftboxpack.com/product/kraft-paper-gift-boxes/,Kraft Paper Gift Boxes,product-grid
https://kraftboxpack.com/product/kraft-candy-boxes/,https://kraftboxpack.com/product/kraft-gift-boxes-with-lids/,Kraft Gift & Specialty Boxes,product-grid
https://kraftboxpack.com/product/kraft-candy-boxes/,https://kraftboxpack.com/cdn-cgi/l/email-protection,info@shopcardboardboxes,product-grid
https://kraftboxpack.com/product/kraft-candy-boxes/,https://kraftboxpack.com/about-us/,About Us,footer
https://kraftboxpack.com/product/kraft-candy-boxes/,https://kraftboxpack.com/contact-us/,Contact Us,footer
https://kraftboxpack.com/product/kraft-candy-boxes/,https://kraftboxpack.com/privacy-policy/,Privacy Policy,footer
https://kraftboxpack.com/product/kraft-candy-boxes/,https://kraftboxpack.com/refund_returns/,Refund and Returns Policy,footer
https://kraftboxpack.com/product/kraft-candy-boxes/,https://kraftboxpack.com/terms-conditions/,Terms & Conditions,footer
https://kraftboxpack.com/product/kraft-candy-favor-boxes/,https://kraftboxpack.com/cdn-cgi/l/email-protection,[email protected],navigation
https://kraftboxpack.com/product/kraft-candy-favor-boxes/,https://kraftboxpack.com/cdn-cgi/l/email-protection,Email Us To Get 25% OFF,navigation
https://kraftboxpack.com/product/kraft-candy-favor-boxes/,https://kraftboxpack.com,,navigation
https://kraftboxpack.com/product/kraft-candy-favor-boxes/,https://kraftboxpack.com/,Home,navigation
https://kraftboxpack.com/product/kraft-candy-favor-boxes/,https://kraftboxpack.com/product-category/colored-kraft-boxes/,Colored Kraft Boxes,navigation
https://kraftboxpack.com/product/kraft-candy-favor-boxes/,https://kraftboxpack.com/product-category/kraft-gift-specialty-boxes/,Kraft Gift & Specialty Boxes,navigation
https://kraftboxpack.com/product/kraft-candy-favor-boxes/,https://kraftboxpack.com/product-category/kraft-packaging-boxes/,Kraft Packaging Boxes,navigation
https://kraftboxpack.com/product/kraft-candy-favor-boxes/,https://kraftboxpack.com/product-category/kraft-wrapping-accessories/,Kraft Wrapping & Accessories,navigation
https://kraftboxpack.com/product/kraft-candy-favor-boxes/,https://kraftboxpack.com,Home,breadcrumb
https://kraftboxpack.com/product/kraft-candy-favor-boxes/,https://kraftboxpack.com/products/,Products,breadcrumb
https://kraftboxpack.com/product/kraft-candy-favor-boxes/,https://kraftboxpack.com/product-category/kraft-gift-specialty-boxes/custom-gift-boxes/,Custom Gift Boxes,contextual
https://kraftboxpack.com/product/kraft-candy-favor-boxes/,https://kraftboxpack.com/product/kraft-candy-favor-boxes/,Kraft Candy Favor Boxes,contextual
https://kraftboxpack.com/product/kraft-candy-favor-boxes/,https://kraftboxpack.com?add-to-cart=3141&quantity=1&e-redirect=https://kraftboxpack.com/cart/,Buy Now,contextual
https://kraftboxpack.com/product/kraft-candy-favor-boxes/,https://kraftboxpack.com/product/kraft-event-favor-boxes/,Kraft Event Favor Boxes,contextual
https://kraftboxpack.com/product/kraft-candy-favor-boxes/,https://kraftboxpack.com/product-category/Custom-Gift-Boxes/,Custom Gift Boxes,contextual
https://kraftboxpack.com/product/kraft-candy-favor-boxes/,https://kraftboxpack.com/,Custom Kraft Boxes,contextual
https://kraftboxpack.com/product/kraft-candy-favor-boxes/,https://kraftboxpack.com/product/kraft-liquor-gift-boxes/,Custom Gift Boxes,related-product
https://kraftboxpack.com/product/kraft-candy-favor-boxes/,https://kraftboxpack.com/product/kraft-liquor-gift-boxes/,Kraft Liquor Gift Boxes,related-product
https://kraftboxpack.com/product/kraft-candy-favor-boxes/,https://kraftboxpack.com/product/kraft-round-gift-containers/,Custom Gift Boxes,related-product
https://kraftboxpack.com/product/kraft-candy-favor-boxes/,https://kraftboxpack.com/product/kraft-round-gift-containers/,Kraft Round Gift Containers,product-grid
https://kraftboxpack.com/product/kraft-candy-favor-boxes/,https://kraftboxpack.com/product/kraft-invitation-boxes/,Custom Gift Boxes,product-grid
https://kraftboxpack.com/product/kraft-candy-favor-boxes/,https://kraftboxpack.com/product/kraft-invitation-boxes/,Kraft Invitation Boxes,product-grid
https://kraftboxpack.com/product/kraft-candy-favor-boxes/,https://kraftboxpack.com/product/kraft-promotional-boxes/,Custom Gift Boxes,product-grid
https://kraftboxpack.com/product/kraft-candy-favor-boxes/,https://kraftboxpack.com/product/kraft-promotional-boxes/,Kraft Promotional Boxes,product-grid
https://kraftboxpack.com/product/kraft-candy-favor-boxes/,https://kraftboxpack.com/cdn-cgi/l/email-protection,info@shopcardboardboxes,product-grid
https://kraftboxpack.com/product/kraft-candy-favor-boxes/,https://kraftboxpack.com/about-us/,About Us,footer
https://kraftboxpack.com/product/kraft-candy-favor-boxes/,https://kraftboxpack.com/contact-us/,Contact Us,footer
https://kraftboxpack.com/product/kraft-candy-favor-boxes/,https://kraftboxpack.com/privacy-policy/,Privacy Policy,footer
https://kraftboxpack.com/product/kraft-candy-favor-boxes/,https://kraftboxpack.com/refund_returns/,Refund and Returns Policy,footer
https://kraftboxpack.com/product/kraft-candy-favor-boxes/,https://kraftboxpack.com/terms-conditions/,Terms & Conditions,footer
https://kraftboxpack.com/product/kraft-cardboard-boxes/,https://kraftboxpack.com/cdn-cgi/l/email-protection,[email protected],navigation
https://kraftboxpack.com/product/kraft-cardboard-boxes/,https://kraftboxpack.com/cdn-cgi/l/email-protection,Email Us To Get 25% OFF,navigation
https://kraftboxpack.com/product/kraft-cardboard-boxes/,https://kraftboxpack.com,,navigation
https://kraftboxpack.com/product/kraft-cardboard-boxes/,https://kraftboxpack.com/,Home,navigation
https://kraftboxpack.com/product/kraft-cardboard-boxes/,https://kraftboxpack.com/product-category/colored-kraft-boxes/,Colored Kraft Boxes,navigation
https://kraftboxpack.com/product/kraft-cardboard-boxes/,https://kraftboxpack.com/product-category/kraft-gift-specialty-boxes/,Kraft Gift & Specialty Boxes,navigation
https://kraftboxpack.com/product/kraft-cardboard-boxes/,https://kraftboxpack.com/product-category/kraft-packaging-boxes/,Kraft Packaging Boxes,navigation
https://kraftboxpack.com/product/kraft-cardboard-boxes/,https://kraftboxpack.com/product-category/kraft-wrapping-accessories/,Kraft Wrapping & Accessories,navigation
https://kraftboxpack.com/product/kraft-cardboard-boxes/,https://kraftboxpack.com,Home,breadcrumb
https://kraftboxpack.com/product/kraft-cardboard-boxes/,https://kraftboxpack.com/products/,Products,breadcrumb
https://kraftboxpack.com/product/kraft-cardboard-boxes/,https://kraftboxpack.com/product/kraft-cardboard-boxes/,Kraft Cardboard Boxes,contextual
https://kraftboxpack.com/product/kraft-cardboard-boxes/,https://kraftboxpack.com?add-to-cart=2648&quantity=1&e-redirect=https://kraftboxpack.com/cart/,Buy Now,contextual
https://kraftboxpack.com/product/kraft-cardboard-boxes/,https://kraftboxpack.com/,Kraft Box Pack,contextual
https://kraftboxpack.com/product/kraft-cardboard-boxes/,https://kraftboxpack.com/product/kraft-drawer-boxes/,Kraft Drawer Boxes,contextual
https://kraftboxpack.com/product/kraft-cardboard-boxes/,https://kraftboxpack.com/product/kraft-mailer-boxes/,Kraft Packaging Boxes,related-product
https://kraftboxpack.com/product/kraft-cardboard-boxes/,https://kraftboxpack.com/product/kraft-mailer-boxes/,Kraft Mailer Boxes,related-product
https://kraftboxpack.com/product/kraft-cardboard-boxes/,https://kraftboxpack.com/product/kraft-food-boxes/,Kraft Packaging Boxes,related-product
https://kraftboxpack.com/product/kraft-cardboard-boxes/,https://kraftboxpack.com/product/kraft-food-boxes/,Kraft Food Boxes,product-grid
https://kraftboxpack.com/product/kraft-cardboard-boxes/,https://kraftboxpack.com/product/kraft-favor-boxes/,Kraft Packaging Boxes,product-grid
https://kraftboxpack.com/product/kraft-cardboard-boxes/,https://kraftboxpack.com/product/kraft-favor-boxes/,Kraft Favor Boxes,product-grid
https://kraftboxpack.com/product/kraft-cardboard-boxes/,https://kraftboxpack.com/product/kraft-dispenser-boxes/,Kraft Packaging Boxes,product-grid
https://kraftboxpack.com/product/kraft-cardboard-boxes/,https://kraftboxpack.com/product/kraft-dispenser-boxes/,Kraft Dispenser Boxes,product-grid
https://kraftboxpack.com/product/kraft-cardboard-boxes/,https://kraftboxpack.com/cdn-cgi/l/email-protection,info@shopcardboardboxes,product-grid
https://kraftboxpack.com/product/kraft-cardboard-boxes/,https://kraftboxpack.com/about-us/,About Us,footer
https://kraftboxpack.com/product/kraft-cardboard-boxes/,https://kraftboxpack.com/contact-us/,Contact Us,footer
https://kraftboxpack.com/product/kraft-cardboard-boxes/,https://kraftboxpack.com/privacy-policy/,Privacy Policy,footer
https://kraftboxpack.com/product/kraft-cardboard-boxes/,https://kraftboxpack.com/refund_returns/,Refund and Returns Policy,footer
https://kraftboxpack.com/product/kraft-cardboard-boxes/,https://kraftboxpack.com/terms-conditions/,Terms & Conditions,footer
https://kraftboxpack.com/product/kraft-cd-dvd-packaging/,https://kraftboxpack.com/cdn-cgi/l/email-protection,[email protected],navigation
https://kraftboxpack.com/product/kraft-cd-dvd-packaging/,https://kraftboxpack.com/cdn-cgi/l/email-protection,Email Us To Get 25% OFF,navigation
https://kraftboxpack.com/product/kraft-cd-dvd-packaging/,https://kraftboxpack.com,,navigation
https://kraftboxpack.com/product/kraft-cd-dvd-packaging/,https://kraftboxpack.com/,Home,navigation
https://kraftboxpack.com/product/kraft-cd-dvd-packaging/,https://kraftboxpack.com/product-category/colored-kraft-boxes/,Colored Kraft Boxes,navigation
https://kraftboxpack.com/product/kraft-cd-dvd-packaging/,https://kraftboxpack.com/product-category/kraft-gift-specialty-boxes/,Kraft Gift & Specialty Boxes,navigation
https://kraftboxpack.com/product/kraft-cd-dvd-packaging/,https://kraftboxpack.com/product-category/kraft-packaging-boxes/,Kraft Packaging Boxes,navigation
https://kraftboxpack.com/product/kraft-cd-dvd-packaging/,https://kraftboxpack.com/product-category/kraft-wrapping-accessories/,Kraft Wrapping & Accessories,navigation
https://kraftboxpack.com/product/kraft-cd-dvd-packaging/,https://kraftboxpack.com,Home,breadcrumb
https://kraftboxpack.com/product/kraft-cd-dvd-packaging/,https://kraftboxpack.com/products/,Products,breadcrumb
https://kraftboxpack.com/product/kraft-cd-dvd-packaging/,https://kraftboxpack.com/product-category/kraft-art-boxes/,Kraft Art Boxes,breadcrumb
https://kraftboxpack.com/product/kraft-cd-dvd-packaging/,https://kraftboxpack.com/product/kraft-cd-dvd-packaging/,Kraft CD/DVD Packaging,contextual
https://kraftboxpack.com/product/kraft-cd-dvd-packaging/,https://kraftboxpack.com?add-to-cart=3178&quantity=1&e-redirect=https://kraftboxpack.com/cart/,Buy Now,contextual
https://kraftboxpack.com/product/kraft-cd-dvd-packaging/,https://kraftboxpack.com/product/kraft-document-mailers/,Kraft Document Mailers,contextual
https://kraftboxpack.com/product/kraft-cd-dvd-packaging/,https://kraftboxpack.com/product-category/Kraft-Art-Boxes,Kraft Art Boxes,contextual
https://kraftboxpack.com/product/kraft-cd-dvd-packaging/,https://kraftboxpack.com/,Custom Kraft Box Pack,contextual
https://kraftboxpack.com/product/kraft-cd-dvd-packaging/,https://kraftboxpack.com/product/kraft-calendar-boxes/,Kraft Art Boxes,related-product
https://kraftboxpack.com/product/kraft-cd-dvd-packaging/,https://kraftboxpack.com/product/kraft-calendar-boxes/,Kraft Calendar Boxes,related-product
https://kraftboxpack.com/product/kraft-cd-dvd-packaging/,https://kraftboxpack.com/product/kraft-brochure-packaging-boxes/,Kraft Art Boxes,related-product
https://kraftboxpack.com/product/kraft-cd-dvd-packaging/,https://kraftboxpack.com/product/kraft-brochure-packaging-boxes/,Kraft Brochure Packaging Boxes,product-grid
https://kraftboxpack.com/product/kraft-cd-dvd-packaging/,https://kraftboxpack.com/product/kraft-art-supply-packaging/,Kraft Art Boxes,product-grid
https://kraftboxpack.com/product/kraft-cd-dvd-packaging/,https://kraftboxpack.com/product/kraft-art-supply-packaging/,Kraft Art Supply Packaging,product-grid
https://kraftboxpack.com/product/kraft-cd-dvd-packaging/,https://kraftboxpack.com/product/kraft-document-mailers/,Kraft Art Boxes,product-grid
https://kraftboxpack.com/product/kraft-cd-dvd-packaging/,https://kraftboxpack.com/cdn-cgi/l/email-protection,info@shopcardboardboxes,product-grid
https://kraftboxpack.com/product/kraft-cd-dvd-packaging/,https://kraftboxpack.com/about-us/,About Us,footer
https://kraftboxpack.com/product/kraft-cd-dvd-packaging/,https://kraftboxpack.com/contact-us/,Contact Us,footer
https://kraftboxpack.com/product/kraft-cd-dvd-packaging/,https://kraftboxpack.com/privacy-policy/,Privacy Policy,footer
https://kraftboxpack.com/product/kraft-cd-dvd-packaging/,https://kraftboxpack.com/refund_returns/,Refund and Returns Policy,footer
https://kraftboxpack.com/product/kraft-cd-dvd-packaging/,https://kraftboxpack.com/terms-conditions/,Terms & Conditions,footer
https://kraftboxpack.com/product/kraft-certificate-boxes/,https://kraftboxpack.com/cdn-cgi/l/email-protection,[email protected],navigation
https://kraftboxpack.com/product/kraft-certificate-boxes/,https://kraftboxpack.com/cdn-cgi/l/email-protection,Email Us To Get 25% OFF,navigation
https://kraftboxpack.com/product/kraft-certificate-boxes/,https://kraftboxpack.com,,navigation
https://kraftboxpack.com/product/kraft-certificate-boxes/,https://kraftboxpack.com/,Home,navigation
https://kraftboxpack.com/product/kraft-certificate-boxes/,https://kraftboxpack.com/product-category/colored-kraft-boxes/,Colored Kraft Boxes,navigation
https://kraftboxpack.com/product/kraft-certificate-boxes/,https://kraftboxpack.com/product-category/kraft-gift-specialty-boxes/,Kraft Gift & Specialty Boxes,navigation
https://kraftboxpack.com/product/kraft-certificate-boxes/,https://kraftboxpack.com/product-category/kraft-packaging-boxes/,Kraft Packaging Boxes,navigation
https://kraftboxpack.com/product/kraft-certificate-boxes/,https://kraftboxpack.com/product-category/kraft-wrapping-accessories/,Kraft Wrapping & Accessories,navigation
https://kraftboxpack.com/product/kraft-certificate-boxes/,https://kraftboxpack.com,Home,breadcrumb
https://kraftboxpack.com/product/kraft-certificate-boxes/,https://kraftboxpack.com/products/,Products,breadcrumb
https://kraftboxpack.com/product/kraft-certificate-boxes/,https://kraftboxpack.com/product-category/kraft-art-boxes/,Kraft Art Boxes,breadcrumb
https://kraftboxpack.com/product/kraft-certificate-boxes/,https://kraftboxpack.com/product/kraft-certificate-boxes/,Kraft Certificate Boxes,contextual
https://kraftboxpack.com/product/kraft-certificate-boxes/,https://kraftboxpack.com?add-to-cart=3204&quantity=1&e-redirect=https://kraftboxpack.com/cart/,Buy Now,contextual
https://kraftboxpack.com/product/kraft-certificate-boxes/,https://kraftboxpack.com/product/kraft-photo-frame-boxes/,Kraft Photo Frame Boxes,contextual
https://kraftboxpack.com/product/kraft-certificate-boxes/,https://kraftboxpack.com/product-category/Kraft-Art-Boxes,Kraft Art Boxes,contextual
https://kraftboxpack.com/product/kraft-certificate-boxes/,https://kraftboxpack.com/,custom kraft boxes wholesale,contextual
https://kraftboxpack.com/product/kraft-certificate-boxes/,https://kraftboxpack.com/product/kraft-calendar-boxes/,Kraft Art Boxes,related-product
https://kraftboxpack.com/product/kraft-certificate-boxes/,https://kraftboxpack.com/product/kraft-calendar-boxes/,Kraft Calendar Boxes,related-product
https://kraftboxpack.com/product/kraft-certificate-boxes/,https://kraftboxpack.com/product/kraft-art-supply-packaging/,Kraft Art Boxes,related-product
https://kraftboxpack.com/product/kraft-certificate-boxes/,https://kraftboxpack.com/product/kraft-art-supply-packaging/,Kraft Art Supply Packaging,product-grid
https://kraftboxpack.com/product/kraft-certificate-boxes/,https://kraftboxpack.com/product/kraft-document-mailers/,Kraft Art Boxes,product-grid
https://kraftboxpack.com/product/kraft-certificate-boxes/,https://kraftboxpack.com/product/kraft-document-mailers/,Kraft Document Mailers,product-grid
https://kraftboxpack.com/product/kraft-certificate-boxes/,https://kraftboxpack.com/product/kraft-photo-frame-boxes/,Kraft Art Boxes,product-grid
https://kraftboxpack.com/product/kraft-certificate-boxes/,https://kraftboxpack.com/cdn-cgi/l/email-protection,info@shopcardboardboxes,product-grid
https://kraftboxpack.com/product/kraft-certificate-boxes/,https://kraftboxpack.com/about-us/,About Us,footer
https://kraftboxpack.com/product/kraft-certificate-boxes/,https://kraftboxpack.com/contact-us/,Contact Us,footer
https://kraftboxpack.com/product/kraft-certificate-boxes/,https://kraftboxpack.com/privacy-policy/,Privacy Policy,footer
https://kraftboxpack.com/product/kraft-certificate-boxes/,https://kraftboxpack.com/refund_returns/,Refund and Returns Policy,footer
https://kraftboxpack.com/product/kraft-certificate-boxes/,https://kraftboxpack.com/terms-conditions/,Terms & Conditions,footer
https://kraftboxpack.com/product/kraft-chemical-safe-boxes/,https://kraftboxpack.com/cdn-cgi/l/email-protection,[email protected],navigation
https://kraftboxpack.com/product/kraft-chemical-safe-boxes/,https://kraftboxpack.com/cdn-cgi/l/email-protection,Email Us To Get 25% OFF,navigation
https://kraftboxpack.com/product/kraft-chemical-safe-boxes/,https://kraftboxpack.com,,navigation
https://kraftboxpack.com/product/kraft-chemical-safe-boxes/,https://kraftboxpack.com/,Home,navigation
https://kraftboxpack.com/product/kraft-chemical-safe-boxes/,https://kraftboxpack.com/product-category/colored-kraft-boxes/,Colored Kraft Boxes,navigation
https://kraftboxpack.com/product/kraft-chemical-safe-boxes/,https://kraftboxpack.com/product-category/kraft-gift-specialty-boxes/,Kraft Gift & Specialty Boxes,navigation
https://kraftboxpack.com/product/kraft-chemical-safe-boxes/,https://kraftboxpack.com/product-category/kraft-packaging-boxes/,Kraft Packaging Boxes,navigation
https://kraftboxpack.com/product/kraft-chemical-safe-boxes/,https://kraftboxpack.com/product-category/kraft-wrapping-accessories/,Kraft Wrapping & Accessories,navigation
https://kraftboxpack.com/product/kraft-chemical-safe-boxes/,https://kraftboxpack.com,Home,breadcrumb
https://kraftboxpack.com/product/kraft-chemical-safe-boxes/,https://kraftboxpack.com/products/,Products,breadcrumb
https://kraftboxpack.com/product/kraft-chemical-safe-boxes/,https://kraftboxpack.com/product-category/kraft-industrial-packaging/,Kraft Industrial Packaging,breadcrumb
https://kraftboxpack.com/product/kraft-chemical-safe-boxes/,https://kraftboxpack.com/product/kraft-chemical-safe-boxes/,Kraft Chemical Safe Boxes,contextual
https://kraftboxpack.com/product/kraft-chemical-safe-boxes/,https://kraftboxpack.com?add-to-cart=3323&quantity=1&e-redirect=https://kraftboxpack.com/cart/,Buy Now,contextual
https://kraftboxpack.com/product/kraft-chemical-safe-boxes/,https://kraftboxpack.com/product/kraft-heavy-duty-storage-boxes/,Kraft Heavy Duty Storage Boxes,contextual
https://kraftboxpack.com/product/kraft-chemical-safe-boxes/,https://kraftboxpack.com/product-category/Kraft-Industrial-Packaging/,Kraft Industrial Packaging,contextual
https://kraftboxpack.com/product/kraft-chemical-safe-boxes/,https://kraftboxpack.com/,Kraft Boxes Wholesale,contextual
https://kraftboxpack.com/product/kraft-chemical-safe-boxes/,https://kraftboxpack.com/product/kraft-eco-friendly-compostable-boxes/,Kraft Industrial Packaging,related-product
https://kraftboxpack.com/product/kraft-chemical-safe-boxes/,https://kraftboxpack.com/product/kraft-eco-friendly-compostable-boxes/,Kraft Eco Friendly Compostable Boxes,related-product
https://kraftboxpack.com/product/kraft-chemical-safe-boxes/,https://kraftboxpack.com/product/kraft-bulk-shipping-crates/,Kraft Industrial Packaging,related-product
https://kraftboxpack.com/product/kraft-chemical-safe-boxes/,https://kraftboxpack.com/product/kraft-bulk-shipping-crates/,Kraft Bulk Shipping Crates,product-grid
https://kraftboxpack.com/product/kraft-chemical-safe-boxes/,https://kraftboxpack.com/product/kraft-industrial-parts-boxes/,Kraft Industrial Packaging,product-grid
https://kraftboxpack.com/product/kraft-chemical-safe-boxes/,https://kraftboxpack.com/product/kraft-industrial-parts-boxes/,Kraft Industrial Parts Boxes,product-grid
https://kraftboxpack.com/product/kraft-chemical-safe-boxes/,https://kraftboxpack.com/product/kraft-insulated-cold-boxes/,Kraft Industrial Packaging,product-grid
https://kraftboxpack.com/product/kraft-chemical-safe-boxes/,https://kraftboxpack.com/product/kraft-insulated-cold-boxes/,Kraft Insulated Cold Boxes,product-grid
https://kraftboxpack.com/product/kraft-chemical-safe-boxes/,https://kraftboxpack.com/cdn-cgi/l/email-protection,info@shopcardboardboxes,product-grid
https://kraftboxpack.com/product/kraft-chemical-safe-boxes/,https://kraftboxpack.com/about-us/,About Us,footer
https://kraftboxpack.com/product/kraft-chemical-safe-boxes/,https://kraftboxpack.com/contact-us/,Contact Us,footer
https://kraftboxpack.com/product/kraft-chemical-safe-boxes/,https://kraftboxpack.com/privacy-policy/,Privacy Policy,footer
https://kraftboxpack.com/product/kraft-chemical-safe-boxes/,https://kraftboxpack.com/refund_returns/,Refund and Returns Policy,footer
https://kraftboxpack.com/product/kraft-chemical-safe-boxes/,https://kraftboxpack.com/terms-conditions/,Terms & Conditions,footer
https://kraftboxpack.com/product/kraft-chocolate-packaging-boxes/,https://kraftboxpack.com/cdn-cgi/l/email-protection,[email protected],navigation
https://kraftboxpack.com/product/kraft-chocolate-packaging-boxes/,https://kraftboxpack.com/cdn-cgi/l/email-protection,Email Us To Get 25% OFF,navigation
https://kraftboxpack.com/product/kraft-chocolate-packaging-boxes/,https://kraftboxpack.com,,navigation
https://kraftboxpack.com/product/kraft-chocolate-packaging-boxes/,https://kraftboxpack.com/,Home,navigation
https://kraftboxpack.com/product/kraft-chocolate-packaging-boxes/,https://kraftboxpack.com/product-category/colored-kraft-boxes/,Colored Kraft Boxes,navigation
https://kraftboxpack.com/product/kraft-chocolate-packaging-boxes/,https://kraftboxpack.com/product-category/kraft-gift-specialty-boxes/,Kraft Gift & Specialty Boxes,navigation
https://kraftboxpack.com/product/kraft-chocolate-packaging-boxes/,https://kraftboxpack.com/product-category/kraft-packaging-boxes/,Kraft Packaging Boxes,navigation
https://kraftboxpack.com/product/kraft-chocolate-packaging-boxes/,https://kraftboxpack.com/product-category/kraft-wrapping-accessories/,Kraft Wrapping & Accessories,navigation
https://kraftboxpack.com/product/kraft-chocolate-packaging-boxes/,https://kraftboxpack.com,Home,breadcrumb
https://kraftboxpack.com/product/kraft-chocolate-packaging-boxes/,https://kraftboxpack.com/products/,Products,breadcrumb
https://kraftboxpack.com/product/kraft-chocolate-packaging-boxes/,https://kraftboxpack.com/product-category/kraft-food-packaging/,Kraft Food Packaging,breadcrumb
https://kraftboxpack.com/product/kraft-chocolate-packaging-boxes/,https://kraftboxpack.com/product/kraft-chocolate-packaging-boxes/,Kraft Chocolate Packaging Boxes,contextual
https://kraftboxpack.com/product/kraft-chocolate-packaging-boxes/,https://kraftboxpack.com?add-to-cart=3261&quantity=1&e-redirect=https://kraftboxpack.com/cart/,Buy Now,contextual
https://kraftboxpack.com/product/kraft-chocolate-packaging-boxes/,https://kraftboxpack.com/product/kraft-popcorn-packaging-boxes/,Kraft Popcorn Packaging Boxes,contextual
https://kraftboxpack.com/product/kraft-chocolate-packaging-boxes/,https://kraftboxpack.com/,Kraft Boxes Wholesale,contextual
https://kraftboxpack.com/product/kraft-chocolate-packaging-boxes/,https://kraftboxpack.com/product/kraft-frozen-food-boxes/,Kraft Food Packaging,related-product
https://kraftboxpack.com/product/kraft-chocolate-packaging-boxes/,https://kraftboxpack.com/product/kraft-frozen-food-boxes/,Kraft Frozen Food Boxes,related-product
https://kraftboxpack.com/product/kraft-chocolate-packaging-boxes/,https://kraftboxpack.com/product/kraft-pastry-boxes/,Kraft Food Packaging,related-product
https://kraftboxpack.com/product/kraft-chocolate-packaging-boxes/,https://kraftboxpack.com/product/kraft-pastry-boxes/,Kraft Pastry Boxes,product-grid
https://kraftboxpack.com/product/kraft-chocolate-packaging-boxes/,https://kraftboxpack.com/product/kraft-meat-packaging-boxes/,Kraft Food Packaging,product-grid
https://kraftboxpack.com/product/kraft-chocolate-packaging-boxes/,https://kraftboxpack.com/product/kraft-meat-packaging-boxes/,Kraft Meat Packaging Boxes,product-grid
https://kraftboxpack.com/product/kraft-chocolate-packaging-boxes/,https://kraftboxpack.com/product/kraft-vegetable-packaging-boxes/,Kraft Food Packaging,product-grid
https://kraftboxpack.com/product/kraft-chocolate-packaging-boxes/,https://kraftboxpack.com/product/kraft-vegetable-packaging-boxes/,Kraft Vegetable Packaging Boxes,product-grid
https://kraftboxpack.com/product/kraft-chocolate-packaging-boxes/,https://kraftboxpack.com/cdn-cgi/l/email-protection,info@shopcardboardboxes,product-grid
https://kraftboxpack.com/product/kraft-chocolate-packaging-boxes/,https://kraftboxpack.com/about-us/,About Us,footer
https://kraftboxpack.com/product/kraft-chocolate-packaging-boxes/,https://kraftboxpack.com/contact-us/,Contact Us,footer
https://kraftboxpack.com/product/kraft-chocolate-packaging-boxes/,https://kraftboxpack.com/privacy-policy/,Privacy Policy,footer
https://kraftboxpack.com/product/kraft-chocolate-packaging-boxes/,https://kraftboxpack.com/refund_returns/,Refund and Returns Policy,footer
https://kraftboxpack.com/product/kraft-chocolate-packaging-boxes/,https://kraftboxpack.com/terms-conditions/,Terms & Conditions,footer
https://kraftboxpack.com/product/kraft-coffee-packaging-boxes/,https://kraftboxpack.com/cdn-cgi/l/email-protection,[email protected],navigation
https://kraftboxpack.com/product/kraft-coffee-packaging-boxes/,https://kraftboxpack.com/cdn-cgi/l/email-protection,Email Us To Get 25% OFF,navigation
https://kraftboxpack.com/product/kraft-coffee-packaging-boxes/,https://kraftboxpack.com,,navigation
https://kraftboxpack.com/product/kraft-coffee-packaging-boxes/,https://kraftboxpack.com/,Home,navigation
https://kraftboxpack.com/product/kraft-coffee-packaging-boxes/,https://kraftboxpack.com/product-category/colored-kraft-boxes/,Colored Kraft Boxes,navigation
https://kraftboxpack.com/product/kraft-coffee-packaging-boxes/,https://kraftboxpack.com/product-category/kraft-gift-specialty-boxes/,Kraft Gift & Specialty Boxes,navigation
https://kraftboxpack.com/product/kraft-coffee-packaging-boxes/,https://kraftboxpack.com/product-category/kraft-packaging-boxes/,Kraft Packaging Boxes,navigation
https://kraftboxpack.com/product/kraft-coffee-packaging-boxes/,https://kraftboxpack.com/product-category/kraft-wrapping-accessories/,Kraft Wrapping & Accessories,navigation
https://kraftboxpack.com/product/kraft-coffee-packaging-boxes/,https://kraftboxpack.com,Home,breadcrumb
https://kraftboxpack.com/product/kraft-coffee-packaging-boxes/,https://kraftboxpack.com/products/,Products,breadcrumb
https://kraftboxpack.com/product/kraft-coffee-packaging-boxes/,https://kraftboxpack.com/product-category/kraft-food-packaging/,Kraft Food Packaging,breadcrumb
https://kraftboxpack.com/product/kraft-coffee-packaging-boxes/,https://kraftboxpack.com/product/kraft-coffee-packaging-boxes/,Kraft Coffee Packaging Boxes,contextual
https://kraftboxpack.com/product/kraft-coffee-packaging-boxes/,https://kraftboxpack.com?add-to-cart=3256&quantity=1&e-redirect=https://kraftboxpack.com/cart/,Buy Now,contextual
https://kraftboxpack.com/product/kraft-coffee-packaging-boxes/,https://kraftboxpack.com/product/kraft-tea-packaging-boxes/,Kraft Tea Packaging Boxes,contextual
https://kraftboxpack.com/product/kraft-coffee-packaging-boxes/,https://kraftboxpack.com/product-category/Kraft-Food-Packaging/,Kraft Food Packaging,contextual
https://kraftboxpack.com/product/kraft-coffee-packaging-boxes/,https://kraftboxpack.com/,Kraft Box Pack,contextual
https://kraftboxpack.com/product/kraft-coffee-packaging-boxes/,https://kraftboxpack.com/product/kraft-tea-packaging-boxes/,Kraft Food Packaging,related-product
https://kraftboxpack.com/product/kraft-coffee-packaging-boxes/,https://kraftboxpack.com/product/kraft-chocolate-packaging-boxes/,Kraft Food Packaging,related-product
https://kraftboxpack.com/product/kraft-coffee-packaging-boxes/,https://kraftboxpack.com/product/kraft-chocolate-packaging-boxes/,Kraft Chocolate Packaging Boxes,product-grid
https://kraftboxpack.com/product/kraft-coffee-packaging-boxes/,https://kraftboxpack.com/product/kraft-macaron-packaging-boxes/,Kraft Food Packaging,product-grid
https://kraftboxpack.com/product/kraft-coffee-packaging-boxes/,https://kraftboxpack.com/product/kraft-macaron-packaging-boxes/,Kraft Macaron Packaging Boxes,product-grid
https://kraftboxpack.com/product/kraft-coffee-packaging-boxes/,https://kraftboxpack.com/product/kraft-noodle-packaging-boxes/,Kraft Food Packaging,product-grid
https://kraftboxpack.com/product/kraft-coffee-packaging-boxes/,https://kraftboxpack.com/product/kraft-noodle-packaging-boxes/,Kraft Noodle Packaging Boxes,product-grid
https://kraftboxpack.com/product/kraft-coffee-packaging-boxes/,https://kraftboxpack.com/cdn-cgi/l/email-protection,info@shopcardboardboxes,product-grid
https://kraftboxpack.com/product/kraft-coffee-packaging-boxes/,https://kraftboxpack.com/about-us/,About Us,footer
https://kraftboxpack.com/product/kraft-coffee-packaging-boxes/,https://kraftboxpack.com/contact-us/,Contact Us,footer
https://kraftboxpack.com/product/kraft-coffee-packaging-boxes/,https://kraftboxpack.com/privacy-policy/,Privacy Policy,footer
https://kraftboxpack.com/product/kraft-coffee-packaging-boxes/,https://kraftboxpack.com/refund_returns/,Refund and Returns Policy,footer
https://kraftboxpack.com/product/kraft-coffee-packaging-boxes/,https://kraftboxpack.com/terms-conditions/,Terms & Conditions,footer
https://kraftboxpack.com/product/kraft-cookie-boxes/,https://kraftboxpack.com/cdn-cgi/l/email-protection,[email protected],navigation
https://kraftboxpack.com/product/kraft-cookie-boxes/,https://kraftboxpack.com/cdn-cgi/l/email-protection,Email Us To Get 25% OFF,navigation
https://kraftboxpack.com/product/kraft-cookie-boxes/,https://kraftboxpack.com,,navigation
https://kraftboxpack.com/product/kraft-cookie-boxes/,https://kraftboxpack.com/,Home,navigation
https://kraftboxpack.com/product/kraft-cookie-boxes/,https://kraftboxpack.com/product-category/colored-kraft-boxes/,Colored Kraft Boxes,navigation
https://kraftboxpack.com/product/kraft-cookie-boxes/,https://kraftboxpack.com/product-category/kraft-gift-specialty-boxes/,Kraft Gift & Specialty Boxes,navigation
https://kraftboxpack.com/product/kraft-cookie-boxes/,https://kraftboxpack.com/product-category/kraft-packaging-boxes/,Kraft Packaging Boxes,navigation
https://kraftboxpack.com/product/kraft-cookie-boxes/,https://kraftboxpack.com/product-category/kraft-wrapping-accessories/,Kraft Wrapping & Accessories,navigation
https://kraftboxpack.com/product/kraft-cookie-boxes/,https://kraftboxpack.com,Home,breadcrumb
https://kraftboxpack.com/product/kraft-cookie-boxes/,https://kraftboxpack.com/products/,Products,breadcrumb
https://kraftboxpack.com/product/kraft-cookie-boxes/,https://kraftboxpack.com/product/kraft-cookie-boxes/,Kraft Cookie Boxes,contextual
https://kraftboxpack.com/product/kraft-cookie-boxes/,https://kraftboxpack.com?add-to-cart=2623&quantity=1&e-redirect=https://kraftboxpack.com/cart/,Buy Now,contextual
https://kraftboxpack.com/product/kraft-cookie-boxes/,https://kraftboxpack.com/,Kraft Box Pack,contextual
https://kraftboxpack.com/product/kraft-cookie-boxes/,https://kraftboxpack.com/product/kraft-shipping-boxes/,Kraft Shipping Boxes,contextual
https://kraftboxpack.com/product/kraft-cookie-boxes/,https://kraftboxpack.com/product/kraft-pizza-boxes/,Kraft Packaging Boxes,related-product
https://kraftboxpack.com/product/kraft-cookie-boxes/,https://kraftboxpack.com/product/kraft-pizza-boxes/,Kraft Pizza Boxes,related-product
https://kraftboxpack.com/product/kraft-cookie-boxes/,https://kraftboxpack.com/product/kraft-dispenser-boxes/,Kraft Packaging Boxes,related-product
https://kraftboxpack.com/product/kraft-cookie-boxes/,https://kraftboxpack.com/product/kraft-dispenser-boxes/,Kraft Dispenser Boxes,product-grid
https://kraftboxpack.com/product/kraft-cookie-boxes/,https://kraftboxpack.com/product/kraft-drawer-boxes/,Kraft Packaging Boxes,product-grid
https://kraftboxpack.com/product/kraft-cookie-boxes/,https://kraftboxpack.com/product/kraft-drawer-boxes/,Kraft Drawer Boxes,product-grid
https://kraftboxpack.com/product/kraft-cookie-boxes/,https://kraftboxpack.com/product/custom-kraft-bags/,Kraft Packaging Boxes,product-grid
https://kraftboxpack.com/product/kraft-cookie-boxes/,https://kraftboxpack.com/product/custom-kraft-bags/,Custom Kraft Bags,product-grid
https://kraftboxpack.com/product/kraft-cookie-boxes/,https://kraftboxpack.com/cdn-cgi/l/email-protection,info@shopcardboardboxes,product-grid
https://kraftboxpack.com/product/kraft-cookie-boxes/,https://kraftboxpack.com/about-us/,About Us,footer
https://kraftboxpack.com/product/kraft-cookie-boxes/,https://kraftboxpack.com/contact-us/,Contact Us,footer
https://kraftboxpack.com/product/kraft-cookie-boxes/,https://kraftboxpack.com/privacy-policy/,Privacy Policy,footer
https://kraftboxpack.com/product/kraft-cookie-boxes/,https://kraftboxpack.com/refund_returns/,Refund and Returns Policy,footer
https://kraftboxpack.com/product/kraft-cookie-boxes/,https://kraftboxpack.com/terms-conditions/,Terms & Conditions,footer
https://kraftboxpack.com/product/kraft-corrugated-boxes/,https://kraftboxpack.com/cdn-cgi/l/email-protection,[email protected],navigation
https://kraftboxpack.com/product/kraft-corrugated-boxes/,https://kraftboxpack.com/cdn-cgi/l/email-protection,Email Us To Get 25% OFF,navigation
https://kraftboxpack.com/product/kraft-corrugated-boxes/,https://kraftboxpack.com,,navigation
https://kraftboxpack.com/product/kraft-corrugated-boxes/,https://kraftboxpack.com/,Home,navigation
https://kraftboxpack.com/product/kraft-corrugated-boxes/,https://kraftboxpack.com/product-category/colored-kraft-boxes/,Colored Kraft Boxes,navigation
https://kraftboxpack.com/product/kraft-corrugated-boxes/,https://kraftboxpack.com/product-category/kraft-gift-specialty-boxes/,Kraft Gift & Specialty Boxes,navigation
https://kraftboxpack.com/product/kraft-corrugated-boxes/,https://kraftboxpack.com/product-category/kraft-packaging-boxes/,Kraft Packaging Boxes,navigation
https://kraftboxpack.com/product/kraft-corrugated-boxes/,https://kraftboxpack.com/product-category/kraft-wrapping-accessories/,Kraft Wrapping & Accessories,navigation
https://kraftboxpack.com/product/kraft-corrugated-boxes/,https://kraftboxpack.com,Home,breadcrumb
https://kraftboxpack.com/product/kraft-corrugated-boxes/,https://kraftboxpack.com/products/,Products,breadcrumb
https://kraftboxpack.com/product/kraft-corrugated-boxes/,https://kraftboxpack.com/product/kraft-corrugated-boxes/,Kraft Corrugated Boxes,contextual
https://kraftboxpack.com/product/kraft-corrugated-boxes/,https://kraftboxpack.com?add-to-cart=2588&quantity=1&e-redirect=https://kraftboxpack.com/cart/,Buy Now,contextual
https://kraftboxpack.com/product/kraft-corrugated-boxes/,https://kraftboxpack.com/product/kraft-favor-boxes/,Kraft Favor Boxes,contextual
https://kraftboxpack.com/product/kraft-corrugated-boxes/,https://kraftboxpack.com/product-category/Kraft-Packaging-Boxes/,Kraft Packaging Boxes,contextual
https://kraftboxpack.com/product/kraft-corrugated-boxes/,https://kraftboxpack.com/,Kraft Box Pack,contextual
https://kraftboxpack.com/product/kraft-corrugated-boxes/,https://kraftboxpack.com/product/kraft-gable-boxes/,Kraft Packaging Boxes,related-product
https://kraftboxpack.com/product/kraft-corrugated-boxes/,https://kraftboxpack.com/product/kraft-gable-boxes/,Kraft Gable Boxes,related-product
https://kraftboxpack.com/product/kraft-corrugated-boxes/,https://kraftboxpack.com/product/kraft-treat-boxes/,Kraft Packaging Boxes,related-product
https://kraftboxpack.com/product/kraft-corrugated-boxes/,https://kraftboxpack.com/product/kraft-treat-boxes/,Kraft Treat Boxes,product-grid
https://kraftboxpack.com/product/kraft-corrugated-boxes/,https://kraftboxpack.com/product/kraft-paper-treat-bags/,Kraft Packaging Boxes,product-grid
https://kraftboxpack.com/product/kraft-corrugated-boxes/,https://kraftboxpack.com/product/kraft-paper-treat-bags/,Kraft Paper Treat Bags,product-grid
https://kraftboxpack.com/product/kraft-corrugated-boxes/,https://kraftboxpack.com/product/kraft-bakery-bags/,Kraft Packaging Boxes,product-grid
https://kraftboxpack.com/product/kraft-corrugated-boxes/,https://kraftboxpack.com/product/kraft-bakery-bags/,Kraft Bakery Bags,product-grid
https://kraftboxpack.com/product/kraft-corrugated-boxes/,https://kraftboxpack.com/cdn-cgi/l/email-protection,info@shopcardboardboxes,product-grid
https://kraftboxpack.com/product/kraft-corrugated-boxes/,https://kraftboxpack.com/about-us/,About Us,footer
https://kraftboxpack.com/product/kraft-corrugated-boxes/,https://kraftboxpack.com/contact-us/,Contact Us,footer
https://kraftboxpack.com/product/kraft-corrugated-boxes/,https://kraftboxpack.com/privacy-policy/,Privacy Policy,footer
https://kraftboxpack.com/product/kraft-corrugated-boxes/,https://kraftboxpack.com/refund_returns/,Refund and Returns Policy,footer
https://kraftboxpack.com/product/kraft-corrugated-boxes/,https://kraftboxpack.com/terms-conditions/,Terms & Conditions,footer
https://kraftboxpack.com/product/kraft-cupcake-boxes/,https://kraftboxpack.com/cdn-cgi/l/email-protection,[email protected],navigation
https://kraftboxpack.com/product/kraft-cupcake-boxes/,https://kraftboxpack.com/cdn-cgi/l/email-protection,Email Us To Get 25% OFF,navigation
https://kraftboxpack.com/product/kraft-cupcake-boxes/,https://kraftboxpack.com,,navigation
https://kraftboxpack.com/product/kraft-cupcake-boxes/,https://kraftboxpack.com/,Home,navigation
https://kraftboxpack.com/product/kraft-cupcake-boxes/,https://kraftboxpack.com/product-category/colored-kraft-boxes/,Colored Kraft Boxes,navigation
https://kraftboxpack.com/product/kraft-cupcake-boxes/,https://kraftboxpack.com/product-category/kraft-gift-specialty-boxes/,Kraft Gift & Specialty Boxes,navigation
https://kraftboxpack.com/product/kraft-cupcake-boxes/,https://kraftboxpack.com/product-category/kraft-packaging-boxes/,Kraft Packaging Boxes,navigation
https://kraftboxpack.com/product/kraft-cupcake-boxes/,https://kraftboxpack.com/product-category/kraft-wrapping-accessories/,Kraft Wrapping & Accessories,navigation
https://kraftboxpack.com/product/kraft-cupcake-boxes/,https://kraftboxpack.com,Home,breadcrumb
https://kraftboxpack.com/product/kraft-cupcake-boxes/,https://kraftboxpack.com/products/,Products,breadcrumb
https://kraftboxpack.com/product/kraft-cupcake-boxes/,https://kraftboxpack.com/product/kraft-cupcake-boxes/,Kraft Cupcake Boxes,contextual
https://kraftboxpack.com/product/kraft-cupcake-boxes/,https://kraftboxpack.com?add-to-cart=2683&quantity=1&e-redirect=https://kraftboxpack.com/cart/,Buy Now,contextual
https://kraftboxpack.com/product/kraft-cupcake-boxes/,https://kraftboxpack.com/,Kraft Box Pack,contextual
https://kraftboxpack.com/product/kraft-cupcake-boxes/,https://kraftboxpack.com/product/kraft-candy-boxes/,Kraft Candy Boxes,contextual
https://kraftboxpack.com/product/kraft-cupcake-boxes/,https://kraftboxpack.com/product/kraft-box-with-window/,Kraft Gift & Specialty Boxes,related-product
https://kraftboxpack.com/product/kraft-cupcake-boxes/,https://kraftboxpack.com/product/kraft-box-with-window/,Kraft Box with Window,related-product
https://kraftboxpack.com/product/kraft-cupcake-boxes/,https://kraftboxpack.com/product/small-kraft-boxes/,Kraft Gift & Specialty Boxes,related-product
https://kraftboxpack.com/product/kraft-cupcake-boxes/,https://kraftboxpack.com/product/small-kraft-boxes/,Small Kraft Boxes,product-grid
https://kraftboxpack.com/product/kraft-cupcake-boxes/,https://kraftboxpack.com/product/kraft-round-boxes/,Kraft Gift & Specialty Boxes,product-grid
https://kraftboxpack.com/product/kraft-cupcake-boxes/,https://kraftboxpack.com/product/kraft-round-boxes/,Kraft Round Boxes,product-grid
https://kraftboxpack.com/product/kraft-cupcake-boxes/,https://kraftboxpack.com/product/kraft-necklace-box/,Kraft Gift & Specialty Boxes,product-grid
https://kraftboxpack.com/product/kraft-cupcake-boxes/,https://kraftboxpack.com/product/kraft-necklace-box/,Kraft Necklace Box,product-grid
https://kraftboxpack.com/product/kraft-cupcake-boxes/,https://kraftboxpack.com/cdn-cgi/l/email-protection,info@shopcardboardboxes,product-grid
https://kraftboxpack.com/product/kraft-cupcake-boxes/,https://kraftboxpack.com/about-us/,About Us,footer
https://kraftboxpack.com/product/kraft-cupcake-boxes/,https://kraftboxpack.com/contact-us/,Contact Us,footer
https://kraftboxpack.com/product/kraft-cupcake-boxes/,https://kraftboxpack.com/privacy-policy/,Privacy Policy,footer
https://kraftboxpack.com/product/kraft-cupcake-boxes/,https://kraftboxpack.com/refund_returns/,Refund and Returns Policy,footer
https://kraftboxpack.com/product/kraft-cupcake-boxes/,https://kraftboxpack.com/terms-conditions/,Terms & Conditions,footer
https://kraftboxpack.com/product/kraft-cylindrical-boxes/,https://kraftboxpack.com/cdn-cgi/l/email-protection,[email protected],navigation
https://kraftboxpack.com/product/kraft-cylindrical-boxes/,https://kraftboxpack.com/cdn-cgi/l/email-protection,Email Us To Get 25% OFF,navigation
https://kraftboxpack.com/product/kraft-cylindrical-boxes/,https://kraftboxpack.com,,navigation
https://kraftboxpack.com/product/kraft-cylindrical-boxes/,https://kraftboxpack.com/,Home,navigation
https://kraftboxpack.com/product/kraft-cylindrical-boxes/,https://kraftboxpack.com/product-category/colored-kraft-boxes/,Colored Kraft Boxes,navigation
https://kraftboxpack.com/product/kraft-cylindrical-boxes/,https://kraftboxpack.com/product-category/kraft-gift-specialty-boxes/,Kraft Gift & Specialty Boxes,navigation
https://kraftboxpack.com/product/kraft-cylindrical-boxes/,https://kraftboxpack.com/product-category/kraft-packaging-boxes/,Kraft Packaging Boxes,navigation
https://kraftboxpack.com/product/kraft-cylindrical-boxes/,https://kraftboxpack.com/product-category/kraft-wrapping-accessories/,Kraft Wrapping & Accessories,navigation
https://kraftboxpack.com/product/kraft-cylindrical-boxes/,https://kraftboxpack.com,Home,breadcrumb
https://kraftboxpack.com/product/kraft-cylindrical-boxes/,https://kraftboxpack.com/products/,Products,breadcrumb
https://kraftboxpack.com/product/kraft-cylindrical-boxes/,https://kraftboxpack.com/product-category/kraft-luxury-packaging/,Kraft Luxury Packaging,breadcrumb
https://kraftboxpack.com/product/kraft-cylindrical-boxes/,https://kraftboxpack.com/product/kraft-cylindrical-boxes/,Kraft Cylindrical Boxes,contextual
https://kraftboxpack.com/product/kraft-cylindrical-boxes/,https://kraftboxpack.com?add-to-cart=3148&quantity=1&e-redirect=https://kraftboxpack.com/cart/,Buy Now,contextual
https://kraftboxpack.com/product/kraft-cylindrical-boxes/,https://kraftboxpack.com/product/kraft-rigid-boxes/,Kraft Rigid Boxes,contextual
https://kraftboxpack.com/product/kraft-cylindrical-boxes/,https://kraftboxpack.com/,kraft cardboard boxes,contextual
https://kraftboxpack.com/product/kraft-cylindrical-boxes/,https://kraftboxpack.com/product/kraft-hexagon-boxes/,Kraft Luxury Packaging,related-product
https://kraftboxpack.com/product/kraft-cylindrical-boxes/,https://kraftboxpack.com/product/kraft-hexagon-boxes/,Kraft Hexagon Boxes,related-product
https://kraftboxpack.com/product/kraft-cylindrical-boxes/,https://kraftboxpack.com/product/kraft-rigid-boxes/,Kraft Luxury Packaging,related-product
https://kraftboxpack.com/product/kraft-cylindrical-boxes/,https://kraftboxpack.com/product/kraft-octagon-boxes/,Kraft Luxury Packaging,product-grid
https://kraftboxpack.com/product/kraft-cylindrical-boxes/,https://kraftboxpack.com/product/kraft-octagon-boxes/,Kraft Octagon Boxes,product-grid
https://kraftboxpack.com/product/kraft-cylindrical-boxes/,https://kraftboxpack.com/product/kraft-triangle-boxes/,Kraft Luxury Packaging,product-grid
https://kraftboxpack.com/product/kraft-cylindrical-boxes/,https://kraftboxpack.com/product/kraft-triangle-boxes/,Kraft Triangle Boxes,product-grid
https://kraftboxpack.com/product/kraft-cylindrical-boxes/,https://kraftboxpack.com/cdn-cgi/l/email-protection,info@shopcardboardboxes,product-grid
https://kraftboxpack.com/product/kraft-cylindrical-boxes/,https://kraftboxpack.com/about-us/,About Us,footer
https://kraftboxpack.com/product/kraft-cylindrical-boxes/,https://kraftboxpack.com/contact-us/,Contact Us,footer
https://kraftboxpack.com/product/kraft-cylindrical-boxes/,https://kraftboxpack.com/privacy-policy/,Privacy Policy,footer
https://kraftboxpack.com/product/kraft-cylindrical-boxes/,https://kraftboxpack.com/refund_returns/,Refund and Returns Policy,footer
https://kraftboxpack.com/product/kraft-cylindrical-boxes/,https://kraftboxpack.com/terms-conditions/,Terms & Conditions,footer
https://kraftboxpack.com/product/kraft-dispenser-boxes/,https://kraftboxpack.com/cdn-cgi/l/email-protection,[email protected],navigation
https://kraftboxpack.com/product/kraft-dispenser-boxes/,https://kraftboxpack.com/cdn-cgi/l/email-protection,Email Us To Get 25% OFF,navigation
https://kraftboxpack.com/product/kraft-dispenser-boxes/,https://kraftboxpack.com,,navigation
https://kraftboxpack.com/product/kraft-dispenser-boxes/,https://kraftboxpack.com/,Home,navigation
https://kraftboxpack.com/product/kraft-dispenser-boxes/,https://kraftboxpack.com/product-category/colored-kraft-boxes/,Colored Kraft Boxes,navigation
https://kraftboxpack.com/product/kraft-dispenser-boxes/,https://kraftboxpack.com/product-category/kraft-gift-specialty-boxes/,Kraft Gift & Specialty Boxes,navigation
https://kraftboxpack.com/product/kraft-dispenser-boxes/,https://kraftboxpack.com/product-category/kraft-packaging-boxes/,Kraft Packaging Boxes,navigation
https://kraftboxpack.com/product/kraft-dispenser-boxes/,https://kraftboxpack.com/product-category/kraft-wrapping-accessories/,Kraft Wrapping & Accessories,navigation
https://kraftboxpack.com/product/kraft-dispenser-boxes/,https://kraftboxpack.com,Home,breadcrumb
https://kraftboxpack.com/product/kraft-dispenser-boxes/,https://kraftboxpack.com/products/,Products,breadcrumb
https://kraftboxpack.com/product/kraft-dispenser-boxes/,https://kraftboxpack.com/product/kraft-dispenser-boxes/,Kraft Dispenser Boxes,contextual
https://kraftboxpack.com/product/kraft-dispenser-boxes/,https://kraftboxpack.com?add-to-cart=2638&quantity=1&e-redirect=https://kraftboxpack.com/cart/,Buy Now,contextual
https://kraftboxpack.com/product/kraft-dispenser-boxes/,https://kraftboxpack.com/,Kraft Box Pack,contextual
https://kraftboxpack.com/product/kraft-dispenser-boxes/,https://kraftboxpack.com/product/kraft-shoe-boxes/,Kraft Shoe Boxes,contextual
https://kraftboxpack.com/product/kraft-dispenser-boxes/,https://kraftboxpack.com/product/kraft-take-out-boxes/,Kraft Packaging Boxes,related-product
https://kraftboxpack.com/product/kraft-dispenser-boxes/,https://kraftboxpack.com/product/kraft-take-out-boxes/,Kraft Take Out Boxes,related-product
https://kraftboxpack.com/product/kraft-dispenser-boxes/,https://kraftboxpack.com/product/kraft-drawer-boxes/,Kraft Packaging Boxes,related-product
https://kraftboxpack.com/product/kraft-dispenser-boxes/,https://kraftboxpack.com/product/kraft-drawer-boxes/,Kraft Drawer Boxes,product-grid
https://kraftboxpack.com/product/kraft-dispenser-boxes/,https://kraftboxpack.com/product/custom-kraft-bags/,Kraft Packaging Boxes,product-grid
https://kraftboxpack.com/product/kraft-dispenser-boxes/,https://kraftboxpack.com/product/custom-kraft-bags/,Custom Kraft Bags,product-grid
https://kraftboxpack.com/product/kraft-dispenser-boxes/,https://kraftboxpack.com/product/kraft-bakery-bags/,Kraft Packaging Boxes,product-grid
https://kraftboxpack.com/product/kraft-dispenser-boxes/,https://kraftboxpack.com/product/kraft-bakery-bags/,Kraft Bakery Bags,product-grid
https://kraftboxpack.com/product/kraft-dispenser-boxes/,https://kraftboxpack.com/cdn-cgi/l/email-protection,info@shopcardboardboxes,product-grid
https://kraftboxpack.com/product/kraft-dispenser-boxes/,https://kraftboxpack.com/about-us/,About Us,footer
https://kraftboxpack.com/product/kraft-dispenser-boxes/,https://kraftboxpack.com/contact-us/,Contact Us,footer
https://kraftboxpack.com/product/kraft-dispenser-boxes/,https://kraftboxpack.com/privacy-policy/,Privacy Policy,footer
https://kraftboxpack.com/product/kraft-dispenser-boxes/,https://kraftboxpack.com/refund_returns/,Refund and Returns Policy,footer
https://kraftboxpack.com/product/kraft-dispenser-boxes/,https://kraftboxpack.com/terms-conditions/,Terms & Conditions,footer
https://kraftboxpack.com/product/kraft-display-boxes/,https://kraftboxpack.com/cdn-cgi/l/email-protection,[email protected],navigation
https://kraftboxpack.com/product/kraft-display-boxes/,https://kraftboxpack.com/cdn-cgi/l/email-protection,Email Us To Get 25% OFF,navigation
https://kraftboxpack.com/product/kraft-display-boxes/,https://kraftboxpack.com,,navigation
https://kraftboxpack.com/product/kraft-display-boxes/,https://kraftboxpack.com/,Home,navigation
https://kraftboxpack.com/product/kraft-display-boxes/,https://kraftboxpack.com/product-category/colored-kraft-boxes/,Colored Kraft Boxes,navigation
https://kraftboxpack.com/product/kraft-display-boxes/,https://kraftboxpack.com/product-category/kraft-gift-specialty-boxes/,Kraft Gift & Specialty Boxes,navigation
https://kraftboxpack.com/product/kraft-display-boxes/,https://kraftboxpack.com/product-category/kraft-packaging-boxes/,Kraft Packaging Boxes,navigation
https://kraftboxpack.com/product/kraft-display-boxes/,https://kraftboxpack.com/product-category/kraft-wrapping-accessories/,Kraft Wrapping & Accessories,navigation
https://kraftboxpack.com/product/kraft-display-boxes/,https://kraftboxpack.com,Home,breadcrumb
https://kraftboxpack.com/product/kraft-display-boxes/,https://kraftboxpack.com/products/,Products,breadcrumb
https://kraftboxpack.com/product/kraft-display-boxes/,https://kraftboxpack.com/product/kraft-display-boxes/,Kraft Display Boxes,contextual
https://kraftboxpack.com/product/kraft-display-boxes/,https://kraftboxpack.com?add-to-cart=3078&quantity=1&e-redirect=https://kraftboxpack.com/cart/,Buy Now,contextual
https://kraftboxpack.com/product/kraft-display-boxes/,https://kraftboxpack.com/product/mini-kraft-boxes/,Mini Kraft Boxes,contextual
https://kraftboxpack.com/product/kraft-display-boxes/,https://kraftboxpack.com/product-category/Kraft-Gift-&-Specialty-Boxes/,Kraft Gift & Specialty Boxes,contextual
https://kraftboxpack.com/product/kraft-display-boxes/,https://kraftboxpack.com/,kraft box pack,contextual
https://kraftboxpack.com/product/kraft-display-boxes/,https://kraftboxpack.com/product/kraft-box-with-window/,Kraft Gift & Specialty Boxes,related-product
https://kraftboxpack.com/product/kraft-display-boxes/,https://kraftboxpack.com/product/kraft-box-with-window/,Kraft Box with Window,related-product
https://kraftboxpack.com/product/kraft-display-boxes/,https://kraftboxpack.com/product/large-kraft-gift-boxes/,Kraft Gift & Specialty Boxes,related-product
https://kraftboxpack.com/product/kraft-display-boxes/,https://kraftboxpack.com/product/large-kraft-gift-boxes/,Large Kraft Gift Boxes,product-grid
https://kraftboxpack.com/product/kraft-display-boxes/,https://kraftboxpack.com/product/kraft-candy-boxes/,Kraft Gift & Specialty Boxes,product-grid
https://kraftboxpack.com/product/kraft-display-boxes/,https://kraftboxpack.com/product/kraft-candy-boxes/,Kraft Candy Boxes,product-grid
https://kraftboxpack.com/product/kraft-display-boxes/,https://kraftboxpack.com/product/kraft-necklace-box/,Kraft Gift & Specialty Boxes,product-grid
https://kraftboxpack.com/product/kraft-display-boxes/,https://kraftboxpack.com/product/kraft-necklace-box/,Kraft Necklace Box,product-grid
https://kraftboxpack.com/product/kraft-display-boxes/,https://kraftboxpack.com/cdn-cgi/l/email-protection,info@shopcardboardboxes,product-grid
https://kraftboxpack.com/product/kraft-display-boxes/,https://kraftboxpack.com/about-us/,About Us,footer
https://kraftboxpack.com/product/kraft-display-boxes/,https://kraftboxpack.com/contact-us/,Contact Us,footer
https://kraftboxpack.com/product/kraft-display-boxes/,https://kraftboxpack.com/privacy-policy/,Privacy Policy,footer
https://kraftboxpack.com/product/kraft-display-boxes/,https://kraftboxpack.com/refund_returns/,Refund and Returns Policy,footer
https://kraftboxpack.com/product/kraft-display-boxes/,https://kraftboxpack.com/terms-conditions/,Terms & Conditions,footer
https://kraftboxpack.com/product/kraft-document-mailers/,https://kraftboxpack.com/cdn-cgi/l/email-protection,[email protected],navigation
https://kraftboxpack.com/product/kraft-document-mailers/,https://kraftboxpack.com/cdn-cgi/l/email-protection,Email Us To Get 25% OFF,navigation
https://kraftboxpack.com/product/kraft-document-mailers/,https://kraftboxpack.com,,navigation
https://kraftboxpack.com/product/kraft-document-mailers/,https://kraftboxpack.com/,Home,navigation
https://kraftboxpack.com/product/kraft-document-mailers/,https://kraftboxpack.com/product-category/colored-kraft-boxes/,Colored Kraft Boxes,navigation
https://kraftboxpack.com/product/kraft-document-mailers/,https://kraftboxpack.com/product-category/kraft-gift-specialty-boxes/,Kraft Gift & Specialty Boxes,navigation
https://kraftboxpack.com/product/kraft-document-mailers/,https://kraftboxpack.com/product-category/kraft-packaging-boxes/,Kraft Packaging Boxes,navigation
https://kraftboxpack.com/product/kraft-document-mailers/,https://kraftboxpack.com/product-category/kraft-wrapping-accessories/,Kraft Wrapping & Accessories,navigation
https://kraftboxpack.com/product/kraft-document-mailers/,https://kraftboxpack.com,Home,breadcrumb
https://kraftboxpack.com/product/kraft-document-mailers/,https://kraftboxpack.com/products/,Products,breadcrumb
https://kraftboxpack.com/product/kraft-document-mailers/,https://kraftboxpack.com/product-category/kraft-art-boxes/,Kraft Art Boxes,breadcrumb
https://kraftboxpack.com/product/kraft-document-mailers/,https://kraftboxpack.com/product/kraft-document-mailers/,Kraft Document Mailers,contextual
https://kraftboxpack.com/product/kraft-document-mailers/,https://kraftboxpack.com?add-to-cart=3316&quantity=1&e-redirect=https://kraftboxpack.com/cart/,Buy Now,contextual
https://kraftboxpack.com/product/kraft-document-mailers/,https://kraftboxpack.com/product/kraft-certificate-boxes/,Kraft Certificate Boxes,contextual
https://kraftboxpack.com/product/kraft-document-mailers/,https://kraftboxpack.com/product-category/Kraft-Art-Boxes/,Kraft Art Boxes,contextual
https://kraftboxpack.com/product/kraft-document-mailers/,https://kraftboxpack.com/,Kraft Box Pack,contextual
https://kraftboxpack.com/product/kraft-document-mailers/,https://kraftboxpack.com/product/kraft-calendar-boxes/,Kraft Art Boxes,related-product
https://kraftboxpack.com/product/kraft-document-mailers/,https://kraftboxpack.com/product/kraft-calendar-boxes/,Kraft Calendar Boxes,related-product
https://kraftboxpack.com/product/kraft-document-mailers/,https://kraftboxpack.com/product/kraft-brochure-packaging-boxes/,Kraft Art Boxes,related-product
https://kraftboxpack.com/product/kraft-document-mailers/,https://kraftboxpack.com/product/kraft-brochure-packaging-boxes/,Kraft Brochure Packaging Boxes,product-grid
https://kraftboxpack.com/product/kraft-document-mailers/,https://kraftboxpack.com/product/kraft-certificate-boxes/,Kraft Art Boxes,product-grid
https://kraftboxpack.com/product/kraft-document-mailers/,https://kraftboxpack.com/product/kraft-photo-frame-boxes/,Kraft Art Boxes,product-grid
https://kraftboxpack.com/product/kraft-document-mailers/,https://kraftboxpack.com/product/kraft-photo-frame-boxes/,Kraft Photo Frame Boxes,product-grid
https://kraftboxpack.com/product/kraft-document-mailers/,https://kraftboxpack.com/cdn-cgi/l/email-protection,info@shopcardboardboxes,product-grid
https://kraftboxpack.com/product/kraft-document-mailers/,https://kraftboxpack.com/about-us/,About Us,footer
https://kraftboxpack.com/product/kraft-document-mailers/,https://kraftboxpack.com/contact-us/,Contact Us,footer
https://kraftboxpack.com/product/kraft-document-mailers/,https://kraftboxpack.com/privacy-policy/,Privacy Policy,footer
https://kraftboxpack.com/product/kraft-document-mailers/,https://kraftboxpack.com/refund_returns/,Refund and Returns Policy,footer
https://kraftboxpack.com/product/kraft-document-mailers/,https://kraftboxpack.com/terms-conditions/,Terms & Conditions,footer
https://kraftboxpack.com/product/kraft-donut-packaging-boxes/,https://kraftboxpack.com/cdn-cgi/l/email-protection,[email protected],navigation
https://kraftboxpack.com/product/kraft-donut-packaging-boxes/,https://kraftboxpack.com/cdn-cgi/l/email-protection,Email Us To Get 25% OFF,navigation
https://kraftboxpack.com/product/kraft-donut-packaging-boxes/,https://kraftboxpack.com,,navigation
https://kraftboxpack.com/product/kraft-donut-packaging-boxes/,https://kraftboxpack.com/,Home,navigation
https://kraftboxpack.com/product/kraft-donut-packaging-boxes/,https://kraftboxpack.com/product-category/colored-kraft-boxes/,Colored Kraft Boxes,navigation
https://kraftboxpack.com/product/kraft-donut-packaging-boxes/,https://kraftboxpack.com/product-category/kraft-gift-specialty-boxes/,Kraft Gift & Specialty Boxes,navigation
https://kraftboxpack.com/product/kraft-donut-packaging-boxes/,https://kraftboxpack.com/product-category/kraft-packaging-boxes/,Kraft Packaging Boxes,navigation
https://kraftboxpack.com/product/kraft-donut-packaging-boxes/,https://kraftboxpack.com/product-category/kraft-wrapping-accessories/,Kraft Wrapping & Accessories,navigation
https://kraftboxpack.com/product/kraft-donut-packaging-boxes/,https://kraftboxpack.com,Home,breadcrumb
https://kraftboxpack.com/product/kraft-donut-packaging-boxes/,https://kraftboxpack.com/products/,Products,breadcrumb
https://kraftboxpack.com/product/kraft-donut-packaging-boxes/,https://kraftboxpack.com/product-category/kraft-food-packaging/,Kraft Food Packaging,breadcrumb
https://kraftboxpack.com/product/kraft-donut-packaging-boxes/,https://kraftboxpack.com/product/kraft-donut-packaging-boxes/,Kraft Donut Packaging Boxes,contextual
https://kraftboxpack.com/product/kraft-donut-packaging-boxes/,https://kraftboxpack.com?add-to-cart=3264&quantity=1&e-redirect=https://kraftboxpack.com/cart/,Buy Now,contextual
https://kraftboxpack.com/product/kraft-donut-packaging-boxes/,https://kraftboxpack.com/product/kraft-pastry-boxes/,Kraft Pastry Boxes,contextual
https://kraftboxpack.com/product/kraft-donut-packaging-boxes/,https://kraftboxpack.com/,Kraft Box Pack,contextual
https://kraftboxpack.com/product/kraft-donut-packaging-boxes/,https://kraftboxpack.com/product/kraft-frozen-food-boxes/,Kraft Food Packaging,related-product
https://kraftboxpack.com/product/kraft-donut-packaging-boxes/,https://kraftboxpack.com/product/kraft-frozen-food-boxes/,Kraft Frozen Food Boxes,related-product
https://kraftboxpack.com/product/kraft-donut-packaging-boxes/,https://kraftboxpack.com/product/kraft-granola-bar-boxes/,Kraft Food Packaging,related-product
https://kraftboxpack.com/product/kraft-donut-packaging-boxes/,https://kraftboxpack.com/product/kraft-granola-bar-boxes/,Kraft Granola Bar Boxes,product-grid
https://kraftboxpack.com/product/kraft-donut-packaging-boxes/,https://kraftboxpack.com/product/kraft-muffin-packaging-boxes/,Kraft Food Packaging,product-grid
https://kraftboxpack.com/product/kraft-donut-packaging-boxes/,https://kraftboxpack.com/product/kraft-muffin-packaging-boxes/,Kraft Muffin Packaging Boxes,product-grid
https://kraftboxpack.com/product/kraft-donut-packaging-boxes/,https://kraftboxpack.com/product/kraft-salad-boxes/,Kraft Food Packaging,product-grid
https://kraftboxpack.com/product/kraft-donut-packaging-boxes/,https://kraftboxpack.com/product/kraft-salad-boxes/,Kraft Salad Boxes,product-grid
https://kraftboxpack.com/product/kraft-donut-packaging-boxes/,https://kraftboxpack.com/cdn-cgi/l/email-protection,info@shopcardboardboxes,product-grid
https://kraftboxpack.com/product/kraft-donut-packaging-boxes/,https://kraftboxpack.com/about-us/,About Us,footer
https://kraftboxpack.com/product/kraft-donut-packaging-boxes/,https://kraftboxpack.com/contact-us/,Contact Us,footer
https://kraftboxpack.com/product/kraft-donut-packaging-boxes/,https://kraftboxpack.com/privacy-policy/,Privacy Policy,footer
https://kraftboxpack.com/product/kraft-donut-packaging-boxes/,https://kraftboxpack.com/refund_returns/,Refund and Returns Policy,footer
https://kraftboxpack.com/product/kraft-donut-packaging-boxes/,https://kraftboxpack.com/terms-conditions/,Terms & Conditions,footer
https://kraftboxpack.com/product/kraft-drawer-boxes/,https://kraftboxpack.com/cdn-cgi/l/email-protection,[email protected],navigation
https://kraftboxpack.com/product/kraft-drawer-boxes/,https://kraftboxpack.com/cdn-cgi/l/email-protection,Email Us To Get 25% OFF,navigation
https://kraftboxpack.com/product/kraft-drawer-boxes/,https://kraftboxpack.com,,navigation
https://kraftboxpack.com/product/kraft-drawer-boxes/,https://kraftboxpack.com/,Home,navigation
https://kraftboxpack.com/product/kraft-drawer-boxes/,https://kraftboxpack.com/product-category/colored-kraft-boxes/,Colored Kraft Boxes,navigation
https://kraftboxpack.com/product/kraft-drawer-boxes/,https://kraftboxpack.com/product-category/kraft-gift-specialty-boxes/,Kraft Gift & Specialty Boxes,navigation
https://kraftboxpack.com/product/kraft-drawer-boxes/,https://kraftboxpack.com/product-category/kraft-packaging-boxes/,Kraft Packaging Boxes,navigation
https://kraftboxpack.com/product/kraft-drawer-boxes/,https://kraftboxpack.com/product-category/kraft-wrapping-accessories/,Kraft Wrapping & Accessories,navigation
https://kraftboxpack.com/product/kraft-drawer-boxes/,https://kraftboxpack.com,Home,breadcrumb
https://kraftboxpack.com/product/kraft-drawer-boxes/,https://kraftboxpack.com/products/,Products,breadcrumb
https://kraftboxpack.com/product/kraft-drawer-boxes/,https://kraftboxpack.com/product/kraft-drawer-boxes/,Kraft Drawer Boxes,contextual
https://kraftboxpack.com/product/kraft-drawer-boxes/,https://kraftboxpack.com?add-to-cart=2653&quantity=1&e-redirect=https://kraftboxpack.com/cart/,Buy Now,contextual
https://kraftboxpack.com/product/kraft-drawer-boxes/,https://kraftboxpack.com/,Kraft Box Pack,contextual
https://kraftboxpack.com/product/kraft-drawer-boxes/,https://kraftboxpack.com/product/kraft-mailer-boxes/,Kraft Mailer Boxes,contextual
https://kraftboxpack.com/product/kraft-drawer-boxes/,https://kraftboxpack.com/product/kraft-mailer-boxes/,Kraft Packaging Boxes,related-product
https://kraftboxpack.com/product/kraft-drawer-boxes/,https://kraftboxpack.com/product/kraft-gable-boxes/,Kraft Packaging Boxes,related-product
https://kraftboxpack.com/product/kraft-drawer-boxes/,https://kraftboxpack.com/product/kraft-gable-boxes/,Kraft Gable Boxes,product-grid
https://kraftboxpack.com/product/kraft-drawer-boxes/,https://kraftboxpack.com/product/kraft-cookie-boxes/,Kraft Packaging Boxes,product-grid
https://kraftboxpack.com/product/kraft-drawer-boxes/,https://kraftboxpack.com/product/kraft-cookie-boxes/,Kraft Cookie Boxes,product-grid
https://kraftboxpack.com/product/kraft-drawer-boxes/,https://kraftboxpack.com/product/kraft-paperboard-boxes/,Kraft Packaging Boxes,product-grid
https://kraftboxpack.com/product/kraft-drawer-boxes/,https://kraftboxpack.com/product/kraft-paperboard-boxes/,Kraft Paperboard Boxes,product-grid
https://kraftboxpack.com/product/kraft-drawer-boxes/,https://kraftboxpack.com/cdn-cgi/l/email-protection,info@shopcardboardboxes,product-grid
https://kraftboxpack.com/product/kraft-drawer-boxes/,https://kraftboxpack.com/about-us/,About Us,footer
https://kraftboxpack.com/product/kraft-drawer-boxes/,https://kraftboxpack.com/contact-us/,Contact Us,footer
https://kraftboxpack.com/product/kraft-drawer-boxes/,https://kraftboxpack.com/privacy-policy/,Privacy Policy,footer
https://kraftboxpack.com/product/kraft-drawer-boxes/,https://kraftboxpack.com/refund_returns/,Refund and Returns Policy,footer
https://kraftboxpack.com/product/kraft-drawer-boxes/,https://kraftboxpack.com/terms-conditions/,Terms & Conditions,footer
https://kraftboxpack.com/product/kraft-drawer-gift-boxes/,https://kraftboxpack.com/cdn-cgi/l/email-protection,[email protected],navigation
https://kraftboxpack.com/product/kraft-drawer-gift-boxes/,https://kraftboxpack.com/cdn-cgi/l/email-protection,Email Us To Get 25% OFF,navigation
https://kraftboxpack.com/product/kraft-drawer-gift-boxes/,https://kraftboxpack.com,,navigation
https://kraftboxpack.com/product/kraft-drawer-gift-boxes/,https://kraftboxpack.com/,Home,navigation
https://kraftboxpack.com/product/kraft-drawer-gift-boxes/,https://kraftboxpack.com/product-category/colored-kraft-boxes/,Colored Kraft Boxes,navigation
https://kraftboxpack.com/product/kraft-drawer-gift-boxes/,https://kraftboxpack.com/product-category/kraft-gift-specialty-boxes/,Kraft Gift & Specialty Boxes,navigation
https://kraftboxpack.com/product/kraft-drawer-gift-boxes/,https://kraftboxpack.com/product-category/kraft-packaging-boxes/,Kraft Packaging Boxes,navigation
https://kraftboxpack.com/product/kraft-drawer-gift-boxes/,https://kraftboxpack.com/product-category/kraft-wrapping-accessories/,Kraft Wrapping & Accessories,navigation
https://kraftboxpack.com/product/kraft-drawer-gift-boxes/,https://kraftboxpack.com,Home,breadcrumb
https://kraftboxpack.com/product/kraft-drawer-gift-boxes/,https://kraftboxpack.com/products/,Products,breadcrumb
https://kraftboxpack.com/product/kraft-drawer-gift-boxes/,https://kraftboxpack.com/product-category/kraft-gift-specialty-boxes/custom-gift-boxes/,Custom Gift Boxes,contextual
https://kraftboxpack.com/product/kraft-drawer-gift-boxes/,https://kraftboxpack.com/product/kraft-drawer-gift-boxes/,Kraft Drawer Gift Boxes,contextual
https://kraftboxpack.com/product/kraft-drawer-gift-boxes/,https://kraftboxpack.com?add-to-cart=3110&quantity=1&e-redirect=https://kraftboxpack.com/cart/,Buy Now,contextual
https://kraftboxpack.com/product/kraft-drawer-gift-boxes/,https://kraftboxpack.com/product/kraft-luxury-magnet-boxes/,Kraft Luxury Magnet Boxes,contextual
https://kraftboxpack.com/product/kraft-drawer-gift-boxes/,https://kraftboxpack.com/,kraft Box Pack,contextual
https://kraftboxpack.com/product/kraft-drawer-gift-boxes/,https://kraftboxpack.com/product/kraft-flip-top-rigid-boxes/,Custom Gift Boxes,related-product
https://kraftboxpack.com/product/kraft-drawer-gift-boxes/,https://kraftboxpack.com/product/kraft-flip-top-rigid-boxes/,Kraft Flip Top Rigid Boxes,related-product
https://kraftboxpack.com/product/kraft-drawer-gift-boxes/,https://kraftboxpack.com/product/kraft-flower-boxes/,Custom Gift Boxes,related-product
https://kraftboxpack.com/product/kraft-drawer-gift-boxes/,https://kraftboxpack.com/product/kraft-flower-boxes/,Kraft Flower Boxes,product-grid
https://kraftboxpack.com/product/kraft-drawer-gift-boxes/,https://kraftboxpack.com/product/kraft-rectangular-gift-boxes/,Custom Gift Boxes,product-grid
https://kraftboxpack.com/product/kraft-drawer-gift-boxes/,https://kraftboxpack.com/product/kraft-rectangular-gift-boxes/,Kraft Rectangular Gift Boxes,product-grid
https://kraftboxpack.com/product/kraft-drawer-gift-boxes/,https://kraftboxpack.com/product/kraft-pr-packaging-boxes/,Custom Gift Boxes,product-grid
https://kraftboxpack.com/product/kraft-drawer-gift-boxes/,https://kraftboxpack.com/product/kraft-pr-packaging-boxes/,Kraft PR Packaging Boxes,product-grid
https://kraftboxpack.com/product/kraft-drawer-gift-boxes/,https://kraftboxpack.com/cdn-cgi/l/email-protection,info@shopcardboardboxes,product-grid
https://kraftboxpack.com/product/kraft-drawer-gift-boxes/,https://kraftboxpack.com/about-us/,About Us,footer
https://kraftboxpack.com/product/kraft-drawer-gift-boxes/,https://kraftboxpack.com/contact-us/,Contact Us,footer
https://kraftboxpack.com/product/kraft-drawer-gift-boxes/,https://kraftboxpack.com/privacy-policy/,Privacy Policy,footer
https://kraftboxpack.com/product/kraft-drawer-gift-boxes/,https://kraftboxpack.com/refund_returns/,Refund and Returns Policy,footer
https://kraftboxpack.com/product/kraft-drawer-gift-boxes/,https://kraftboxpack.com/terms-conditions/,Terms & Conditions,footer
https://kraftboxpack.com/product/kraft-earring-packaging-boxes/,https://kraftboxpack.com/cdn-cgi/l/email-protection,[email protected],navigation
https://kraftboxpack.com/product/kraft-earring-packaging-boxes/,https://kraftboxpack.com/cdn-cgi/l/email-protection,Email Us To Get 25% OFF,navigation
https://kraftboxpack.com/product/kraft-earring-packaging-boxes/,https://kraftboxpack.com,,navigation
https://kraftboxpack.com/product/kraft-earring-packaging-boxes/,https://kraftboxpack.com/,Home,navigation
https://kraftboxpack.com/product/kraft-earring-packaging-boxes/,https://kraftboxpack.com/product-category/colored-kraft-boxes/,Colored Kraft Boxes,navigation
https://kraftboxpack.com/product/kraft-earring-packaging-boxes/,https://kraftboxpack.com/product-category/kraft-gift-specialty-boxes/,Kraft Gift & Specialty Boxes,navigation
https://kraftboxpack.com/product/kraft-earring-packaging-boxes/,https://kraftboxpack.com/product-category/kraft-packaging-boxes/,Kraft Packaging Boxes,navigation
https://kraftboxpack.com/product/kraft-earring-packaging-boxes/,https://kraftboxpack.com/product-category/kraft-wrapping-accessories/,Kraft Wrapping & Accessories,navigation
https://kraftboxpack.com/product/kraft-earring-packaging-boxes/,https://kraftboxpack.com,Home,breadcrumb
https://kraftboxpack.com/product/kraft-earring-packaging-boxes/,https://kraftboxpack.com/products/,Products,breadcrumb
https://kraftboxpack.com/product/kraft-earring-packaging-boxes/,https://kraftboxpack.com/product-category/jewelry-accessories-boxes/,Jewelry & Accessories Boxes,breadcrumb
https://kraftboxpack.com/product/kraft-earring-packaging-boxes/,https://kraftboxpack.com/product/kraft-earring-packaging-boxes/,Kraft Earring Packaging Boxes,contextual
https://kraftboxpack.com/product/kraft-earring-packaging-boxes/,https://kraftboxpack.com?add-to-cart=3158&quantity=1&e-redirect=https://kraftboxpack.com/cart/,Buy Now,contextual
https://kraftboxpack.com/product/kraft-earring-packaging-boxes/,https://kraftboxpack.com/product/Kraft-Jewelry-Insert-Boxes/,Kraft Jewelry Insert Boxes,contextual
https://kraftboxpack.com/product/kraft-earring-packaging-boxes/,https://kraftboxpack.com/product-category/Jewelry-&-Accessories-Boxes/,Jewelry & Accessories Boxes,contextual
https://kraftboxpack.com/product/kraft-earring-packaging-boxes/,https://kraftboxpack.com/,Kraft Box Pack,contextual
https://kraftboxpack.com/product/kraft-earring-packaging-boxes/,https://kraftboxpack.com/product/kraft-jewelry-insert-boxes/,Jewelry & Accessories Boxes,related-product
https://kraftboxpack.com/product/kraft-earring-packaging-boxes/,https://kraftboxpack.com/product/kraft-jewelry-insert-boxes/,Kraft Jewelry Insert Boxes,related-product
https://kraftboxpack.com/product/kraft-earring-packaging-boxes/,https://kraftboxpack.com/product/kraft-bracelet-packaging-boxes/,Jewelry & Accessories Boxes,related-product
https://kraftboxpack.com/product/kraft-earring-packaging-boxes/,https://kraftboxpack.com/product/kraft-bracelet-packaging-boxes/,Kraft Bracelet Packaging Boxes,product-grid
https://kraftboxpack.com/product/kraft-earring-packaging-boxes/,https://kraftboxpack.com/product/kraft-ring-packaging-boxes/,Jewelry & Accessories Boxes,product-grid
https://kraftboxpack.com/product/kraft-earring-packaging-boxes/,https://kraftboxpack.com/product/kraft-ring-packaging-boxes/,Kraft Ring Packaging Boxes,product-grid
https://kraftboxpack.com/product/kraft-earring-packaging-boxes/,https://kraftboxpack.com/product/kraft-watch-packaging-boxes/,Jewelry & Accessories Boxes,product-grid
https://kraftboxpack.com/product/kraft-earring-packaging-boxes/,https://kraftboxpack.com/product/kraft-watch-packaging-boxes/,Kraft Watch Packaging Boxes,product-grid
https://kraftboxpack.com/product/kraft-earring-packaging-boxes/,https://kraftboxpack.com/cdn-cgi/l/email-protection,info@shopcardboardboxes,product-grid
https://kraftboxpack.com/product/kraft-earring-packaging-boxes/,https://kraftboxpack.com/about-us/,About Us,footer
https://kraftboxpack.com/product/kraft-earring-packaging-boxes/,https://kraftboxpack.com/contact-us/,Contact Us,footer
https://kraftboxpack.com/product/kraft-earring-packaging-boxes/,https://kraftboxpack.com/privacy-policy/,Privacy Policy,footer
https://kraftboxpack.com/product/kraft-earring-packaging-boxes/,https://kraftboxpack.com/refund_returns/,Refund and Returns Policy,footer
https://kraftboxpack.com/product/kraft-earring-packaging-boxes/,https://kraftboxpack.com/terms-conditions/,Terms & Conditions,footer
https://kraftboxpack.com/product/kraft-eco-friendly-compostable-boxes/,https://kraftboxpack.com/cdn-cgi/l/email-protection,[email protected],navigation
https://kraftboxpack.com/product/kraft-eco-friendly-compostable-boxes/,https://kraftboxpack.com/cdn-cgi/l/email-protection,Email Us To Get 25% OFF,navigation
https://kraftboxpack.com/product/kraft-eco-friendly-compostable-boxes/,https://kraftboxpack.com,,navigation
https://kraftboxpack.com/product/kraft-eco-friendly-compostable-boxes/,https://kraftboxpack.com/,Home,navigation
https://kraftboxpack.com/product/kraft-eco-friendly-compostable-boxes/,https://kraftboxpack.com/product-category/colored-kraft-boxes/,Colored Kraft Boxes,navigation
https://kraftboxpack.com/product/kraft-eco-friendly-compostable-boxes/,https://kraftboxpack.com/product-category/kraft-gift-specialty-boxes/,Kraft Gift & Specialty Boxes,navigation
https://kraftboxpack.com/product/kraft-eco-friendly-compostable-boxes/,https://kraftboxpack.com/product-category/kraft-packaging-boxes/,Kraft Packaging Boxes,navigation
https://kraftboxpack.com/product/kraft-eco-friendly-compostable-boxes/,https://kraftboxpack.com/product-category/kraft-wrapping-accessories/,Kraft Wrapping & Accessories,navigation
https://kraftboxpack.com/product/kraft-eco-friendly-compostable-boxes/,https://kraftboxpack.com,Home,breadcrumb
https://kraftboxpack.com/product/kraft-eco-friendly-compostable-boxes/,https://kraftboxpack.com/products/,Products,breadcrumb
https://kraftboxpack.com/product/kraft-eco-friendly-compostable-boxes/,https://kraftboxpack.com/product-category/kraft-industrial-packaging/,Kraft Industrial Packaging,breadcrumb
https://kraftboxpack.com/product/kraft-eco-friendly-compostable-boxes/,https://kraftboxpack.com/product/kraft-eco-friendly-compostable-boxes/,Kraft Eco Friendly Compostable Boxes,contextual
https://kraftboxpack.com/product/kraft-eco-friendly-compostable-boxes/,https://kraftboxpack.com?add-to-cart=3093&quantity=1&e-redirect=https://kraftboxpack.com/cart/,Buy Now,contextual
https://kraftboxpack.com/product/kraft-eco-friendly-compostable-boxes/,https://kraftboxpack.com/product/kraft-minimalist-kraft-boxes/,Kraft Minimalist Kraft Boxes,contextual
https://kraftboxpack.com/product/kraft-eco-friendly-compostable-boxes/,https://kraftboxpack.com/product-category/Kraft-Industrial-Packaging/,Kraft Industrial Packaging,contextual
https://kraftboxpack.com/product/kraft-eco-friendly-compostable-boxes/,https://kraftboxpack.com/,kraft boxes wholesale,contextual
https://kraftboxpack.com/product/kraft-eco-friendly-compostable-boxes/,https://kraftboxpack.com/product/kraft-bulk-shipping-crates/,Kraft Industrial Packaging,related-product
https://kraftboxpack.com/product/kraft-eco-friendly-compostable-boxes/,https://kraftboxpack.com/product/kraft-bulk-shipping-crates/,Kraft Bulk Shipping Crates,related-product
https://kraftboxpack.com/product/kraft-eco-friendly-compostable-boxes/,https://kraftboxpack.com/product/kraft-heavy-duty-storage-boxes/,Kraft Industrial Packaging,related-product
https://kraftboxpack.com/product/kraft-eco-friendly-compostable-boxes/,https://kraftboxpack.com/product/kraft-heavy-duty-storage-boxes/,Kraft Heavy Duty Storage Boxes,product-grid
https://kraftboxpack.com/product/kraft-eco-friendly-compostable-boxes/,https://kraftboxpack.com/product/kraft-industrial-parts-boxes/,Kraft Industrial Packaging,product-grid
https://kraftboxpack.com/product/kraft-eco-friendly-compostable-boxes/,https://kraftboxpack.com/product/kraft-industrial-parts-boxes/,Kraft Industrial Parts Boxes,product-grid
https://kraftboxpack.com/product/kraft-eco-friendly-compostable-boxes/,https://kraftboxpack.com/product/kraft-chemical-safe-boxes/,Kraft Industrial Packaging,product-grid
https://kraftboxpack.com/product/kraft-eco-friendly-compostable-boxes/,https://kraftboxpack.com/product/kraft-chemical-safe-boxes/,Kraft Chemical Safe Boxes,product-grid
https://kraftboxpack.com/product/kraft-eco-friendly-compostable-boxes/,https://kraftboxpack.com/cdn-cgi/l/email-protection,info@shopcardboardboxes,product-grid
https://kraftboxpack.com/product/kraft-eco-friendly-compostable-boxes/,https://kraftboxpack.com/about-us/,About Us,footer
https://kraftboxpack.com/product/kraft-eco-friendly-compostable-boxes/,https://kraftboxpack.com/contact-us/,Contact Us,footer
https://kraftboxpack.com/product/kraft-eco-friendly-compostable-boxes/,https://kraftboxpack.com/privacy-policy/,Privacy Policy,footer
https://kraftboxpack.com/product/kraft-eco-friendly-compostable-boxes/,https://kraftboxpack.com/refund_returns/,Refund and Returns Policy,footer
https://kraftboxpack.com/product/kraft-eco-friendly-compostable-boxes/,https://kraftboxpack.com/terms-conditions/,Terms & Conditions,footer
https://kraftboxpack.com/product/kraft-egg-cartons/,https://kraftboxpack.com/cdn-cgi/l/email-protection,[email protected],navigation
https://kraftboxpack.com/product/kraft-egg-cartons/,https://kraftboxpack.com/cdn-cgi/l/email-protection,Email Us To Get 25% OFF,navigation
https://kraftboxpack.com/product/kraft-egg-cartons/,https://kraftboxpack.com,,navigation
https://kraftboxpack.com/product/kraft-egg-cartons/,https://kraftboxpack.com/,Home,navigation
https://kraftboxpack.com/product/kraft-egg-cartons/,https://kraftboxpack.com/product-category/colored-kraft-boxes/,Colored Kraft Boxes,navigation
https://kraftboxpack.com/product/kraft-egg-cartons/,https://kraftboxpack.com/product-category/kraft-gift-specialty-boxes/,Kraft Gift & Specialty Boxes,navigation
https://kraftboxpack.com/product/kraft-egg-cartons/,https://kraftboxpack.com/product-category/kraft-packaging-boxes/,Kraft Packaging Boxes,navigation
https://kraftboxpack.com/product/kraft-egg-cartons/,https://kraftboxpack.com/product-category/kraft-wrapping-accessories/,Kraft Wrapping & Accessories,navigation
https://kraftboxpack.com/product/kraft-egg-cartons/,https://kraftboxpack.com,Home,breadcrumb
https://kraftboxpack.com/product/kraft-egg-cartons/,https://kraftboxpack.com/products/,Products,breadcrumb
https://kraftboxpack.com/product/kraft-egg-cartons/,https://kraftboxpack.com/product-category/kraft-food-packaging/,Kraft Food Packaging,breadcrumb
https://kraftboxpack.com/product/kraft-egg-cartons/,https://kraftboxpack.com/product/kraft-egg-cartons/,Kraft Egg Cartons,contextual
https://kraftboxpack.com/product/kraft-egg-cartons/,https://kraftboxpack.com?add-to-cart=3289&quantity=1&e-redirect=https://kraftboxpack.com/cart/,Buy Now,contextual
https://kraftboxpack.com/product/kraft-egg-cartons/,https://kraftboxpack.com/product/kraft-vegetable-packaging-boxes/,Kraft Vegetable Packaging Boxes,contextual
https://kraftboxpack.com/product/kraft-egg-cartons/,https://kraftboxpack.com/,Custom Kraft Boxes,contextual
https://kraftboxpack.com/product/kraft-egg-cartons/,https://kraftboxpack.com/product/kraft-granola-bar-boxes/,Kraft Food Packaging,related-product
https://kraftboxpack.com/product/kraft-egg-cartons/,https://kraftboxpack.com/product/kraft-granola-bar-boxes/,Kraft Granola Bar Boxes,related-product
https://kraftboxpack.com/product/kraft-egg-cartons/,https://kraftboxpack.com/product/kraft-tea-packaging-boxes/,Kraft Food Packaging,related-product
https://kraftboxpack.com/product/kraft-egg-cartons/,https://kraftboxpack.com/product/kraft-tea-packaging-boxes/,Kraft Tea Packaging Boxes,product-grid
https://kraftboxpack.com/product/kraft-egg-cartons/,https://kraftboxpack.com/product/kraft-brownie-packaging-boxes/,Kraft Food Packaging,product-grid
https://kraftboxpack.com/product/kraft-egg-cartons/,https://kraftboxpack.com/product/kraft-brownie-packaging-boxes/,Kraft Brownie Packaging Boxes,product-grid
https://kraftboxpack.com/product/kraft-egg-cartons/,https://kraftboxpack.com/product/kraft-vegetable-packaging-boxes/,Kraft Food Packaging,product-grid
https://kraftboxpack.com/product/kraft-egg-cartons/,https://kraftboxpack.com/cdn-cgi/l/email-protection,info@shopcardboardboxes,product-grid
https://kraftboxpack.com/product/kraft-egg-cartons/,https://kraftboxpack.com/about-us/,About Us,footer
https://kraftboxpack.com/product/kraft-egg-cartons/,https://kraftboxpack.com/contact-us/,Contact Us,footer
https://kraftboxpack.com/product/kraft-egg-cartons/,https://kraftboxpack.com/privacy-policy/,Privacy Policy,footer
https://kraftboxpack.com/product/kraft-egg-cartons/,https://kraftboxpack.com/refund_returns/,Refund and Returns Policy,footer
https://kraftboxpack.com/product/kraft-egg-cartons/,https://kraftboxpack.com/terms-conditions/,Terms & Conditions,footer
https://kraftboxpack.com/product/kraft-event-favor-boxes/,https://kraftboxpack.com/cdn-cgi/l/email-protection,[email protected],navigation
https://kraftboxpack.com/product/kraft-event-favor-boxes/,https://kraftboxpack.com/cdn-cgi/l/email-protection,Email Us To Get 25% OFF,navigation
https://kraftboxpack.com/product/kraft-event-favor-boxes/,https://kraftboxpack.com,,navigation
https://kraftboxpack.com/product/kraft-event-favor-boxes/,https://kraftboxpack.com/,Home,navigation
https://kraftboxpack.com/product/kraft-event-favor-boxes/,https://kraftboxpack.com/product-category/colored-kraft-boxes/,Colored Kraft Boxes,navigation
https://kraftboxpack.com/product/kraft-event-favor-boxes/,https://kraftboxpack.com/product-category/kraft-gift-specialty-boxes/,Kraft Gift & Specialty Boxes,navigation
https://kraftboxpack.com/product/kraft-event-favor-boxes/,https://kraftboxpack.com/product-category/kraft-packaging-boxes/,Kraft Packaging Boxes,navigation
https://kraftboxpack.com/product/kraft-event-favor-boxes/,https://kraftboxpack.com/product-category/kraft-wrapping-accessories/,Kraft Wrapping & Accessories,navigation
https://kraftboxpack.com/product/kraft-event-favor-boxes/,https://kraftboxpack.com,Home,breadcrumb
https://kraftboxpack.com/product/kraft-event-favor-boxes/,https://kraftboxpack.com/products/,Products,breadcrumb
https://kraftboxpack.com/product/kraft-event-favor-boxes/,https://kraftboxpack.com/product-category/kraft-gift-specialty-boxes/custom-gift-boxes/,Custom Gift Boxes,contextual
https://kraftboxpack.com/product/kraft-event-favor-boxes/,https://kraftboxpack.com/product/kraft-event-favor-boxes/,Kraft Event Favor Boxes,contextual
https://kraftboxpack.com/product/kraft-event-favor-boxes/,https://kraftboxpack.com?add-to-cart=3140&quantity=1&e-redirect=https://kraftboxpack.com/cart/,Buy Now,contextual
https://kraftboxpack.com/product/kraft-event-favor-boxes/,https://kraftboxpack.com/product/kraft-Influencer-boxes/,Kraft Influencer Boxes,contextual
https://kraftboxpack.com/product/kraft-event-favor-boxes/,https://kraftboxpack.com/product-category/Custom-Gift-Boxes/,Custom Gift Boxes,contextual
https://kraftboxpack.com/product/kraft-event-favor-boxes/,https://kraftboxpack.com/,Custom Kraft Boxes,contextual
https://kraftboxpack.com/product/kraft-event-favor-boxes/,https://kraftboxpack.com/product/kraft-lid-base-rigid-boxes/,Custom Gift Boxes,related-product
https://kraftboxpack.com/product/kraft-event-favor-boxes/,https://kraftboxpack.com/product/kraft-lid-base-rigid-boxes/,Kraft Lid & Base Rigid Boxes,related-product
https://kraftboxpack.com/product/kraft-event-favor-boxes/,https://kraftboxpack.com/product/kraft-shoulder-boxes/,Custom Gift Boxes,related-product
https://kraftboxpack.com/product/kraft-event-favor-boxes/,https://kraftboxpack.com/product/kraft-shoulder-boxes/,Kraft Shoulder Boxes,product-grid
https://kraftboxpack.com/product/kraft-event-favor-boxes/,https://kraftboxpack.com/product/kraft-rectangular-gift-boxes/,Custom Gift Boxes,product-grid
https://kraftboxpack.com/product/kraft-event-favor-boxes/,https://kraftboxpack.com/product/kraft-rectangular-gift-boxes/,Kraft Rectangular Gift Boxes,product-grid
https://kraftboxpack.com/product/kraft-event-favor-boxes/,https://kraftboxpack.com/product/kraft-round-gift-containers/,Custom Gift Boxes,product-grid
https://kraftboxpack.com/product/kraft-event-favor-boxes/,https://kraftboxpack.com/product/kraft-round-gift-containers/,Kraft Round Gift Containers,product-grid
https://kraftboxpack.com/product/kraft-event-favor-boxes/,https://kraftboxpack.com/cdn-cgi/l/email-protection,info@shopcardboardboxes,product-grid
https://kraftboxpack.com/product/kraft-event-favor-boxes/,https://kraftboxpack.com/about-us/,About Us,footer
https://kraftboxpack.com/product/kraft-event-favor-boxes/,https://kraftboxpack.com/contact-us/,Contact Us,footer
https://kraftboxpack.com/product/kraft-event-favor-boxes/,https://kraftboxpack.com/privacy-policy/,Privacy Policy,footer
https://kraftboxpack.com/product/kraft-event-favor-boxes/,https://kraftboxpack.com/refund_returns/,Refund and Returns Policy,footer
https://kraftboxpack.com/product/kraft-event-favor-boxes/,https://kraftboxpack.com/terms-conditions/,Terms & Conditions,footer
https://kraftboxpack.com/product/kraft-eyelash-packaging-boxes/,https://kraftboxpack.com/cdn-cgi/l/email-protection,[email protected],navigation
https://kraftboxpack.com/product/kraft-eyelash-packaging-boxes/,https://kraftboxpack.com/cdn-cgi/l/email-protection,Email Us To Get 25% OFF,navigation
https://kraftboxpack.com/product/kraft-eyelash-packaging-boxes/,https://kraftboxpack.com,,navigation
https://kraftboxpack.com/product/kraft-eyelash-packaging-boxes/,https://kraftboxpack.com/,Home,navigation
https://kraftboxpack.com/product/kraft-eyelash-packaging-boxes/,https://kraftboxpack.com/product-category/colored-kraft-boxes/,Colored Kraft Boxes,navigation
https://kraftboxpack.com/product/kraft-eyelash-packaging-boxes/,https://kraftboxpack.com/product-category/kraft-gift-specialty-boxes/,Kraft Gift & Specialty Boxes,navigation
https://kraftboxpack.com/product/kraft-eyelash-packaging-boxes/,https://kraftboxpack.com/product-category/kraft-packaging-boxes/,Kraft Packaging Boxes,navigation
https://kraftboxpack.com/product/kraft-eyelash-packaging-boxes/,https://kraftboxpack.com/product-category/kraft-wrapping-accessories/,Kraft Wrapping & Accessories,navigation
https://kraftboxpack.com/product/kraft-eyelash-packaging-boxes/,https://kraftboxpack.com,Home,breadcrumb
https://kraftboxpack.com/product/kraft-eyelash-packaging-boxes/,https://kraftboxpack.com/products/,Products,breadcrumb
https://kraftboxpack.com/product/kraft-eyelash-packaging-boxes/,https://kraftboxpack.com/product-category/kraft-packaging-boxes/karft-cosmetic-boxes/,Kraft Cosmetic Boxes,contextual
https://kraftboxpack.com/product/kraft-eyelash-packaging-boxes/,https://kraftboxpack.com/product/kraft-eyelash-packaging-boxes/,Kraft Eyelash Packaging Boxes,contextual
https://kraftboxpack.com/product/kraft-eyelash-packaging-boxes/,https://kraftboxpack.com?add-to-cart=3165&quantity=1&e-redirect=https://kraftboxpack.com/cart/,Buy Now,contextual
https://kraftboxpack.com/product/kraft-eyelash-packaging-boxes/,https://kraftboxpack.com/product/Kraft-Cosmetic-Serum-Boxes/,Kraft Cosmetic Serum Boxes,contextual
https://kraftboxpack.com/product/kraft-eyelash-packaging-boxes/,https://kraftboxpack.com/product-category/Kraft-Cosmetic-Boxes/,Kraft Cosmetic Boxes,contextual
https://kraftboxpack.com/product/kraft-eyelash-packaging-boxes/,https://kraftboxpack.com/,Kraft Box Wholesale,contextual
https://kraftboxpack.com/product/kraft-eyelash-packaging-boxes/,https://kraftboxpack.com/product/kraft-perfume-boxes/,Kraft Cosmetic Boxes,related-product
https://kraftboxpack.com/product/kraft-eyelash-packaging-boxes/,https://kraftboxpack.com/product/kraft-perfume-boxes/,Kraft Perfume Boxes,related-product
https://kraftboxpack.com/product/kraft-eyelash-packaging-boxes/,https://kraftboxpack.com/product/kraft-skincare-boxes/,Kraft Cosmetic Boxes,related-product
https://kraftboxpack.com/product/kraft-eyelash-packaging-boxes/,https://kraftboxpack.com/product/kraft-skincare-boxes/,Kraft Skincare Boxes,product-grid
https://kraftboxpack.com/product/kraft-eyelash-packaging-boxes/,https://kraftboxpack.com/product/kraft-wax-melt-boxes/,Kraft Cosmetic Boxes,product-grid
https://kraftboxpack.com/product/kraft-eyelash-packaging-boxes/,https://kraftboxpack.com/product/kraft-wax-melt-boxes/,Kraft Wax Melt Boxes,product-grid
https://kraftboxpack.com/product/kraft-eyelash-packaging-boxes/,https://kraftboxpack.com/product/kraft-soap-sleeve-boxes/,Kraft Cosmetic Boxes,product-grid
https://kraftboxpack.com/product/kraft-eyelash-packaging-boxes/,https://kraftboxpack.com/product/kraft-soap-sleeve-boxes/,Kraft Soap Sleeve Boxes,product-grid
https://kraftboxpack.com/product/kraft-eyelash-packaging-boxes/,https://kraftboxpack.com/cdn-cgi/l/email-protection,info@shopcardboardboxes,product-grid
https://kraftboxpack.com/product/kraft-eyelash-packaging-boxes/,https://kraftboxpack.com/about-us/,About Us,footer
https://kraftboxpack.com/product/kraft-eyelash-packaging-boxes/,https://kraftboxpack.com/contact-us/,Contact Us,footer
https://kraftboxpack.com/product/kraft-eyelash-packaging-boxes/,https://kraftboxpack.com/privacy-policy/,Privacy Policy,footer
https://kraftboxpack.com/product/kraft-eyelash-packaging-boxes/,https://kraftboxpack.com/refund_returns/,Refund and Returns Policy,footer
https://kraftboxpack.com/product/kraft-eyelash-packaging-boxes/,https://kraftboxpack.com/terms-conditions/,Terms & Conditions,footer
https://kraftboxpack.com/product/kraft-favor-boxes/,https://kraftboxpack.com/cdn-cgi/l/email-protection,[email protected],navigation
https://kraftboxpack.com/product/kraft-favor-boxes/,https://kraftboxpack.com/cdn-cgi/l/email-protection,Email Us To Get 25% OFF,navigation
https://kraftboxpack.com/product/kraft-favor-boxes/,https://kraftboxpack.com,,navigation
https://kraftboxpack.com/product/kraft-favor-boxes/,https://kraftboxpack.com/,Home,navigation
https://kraftboxpack.com/product/kraft-favor-boxes/,https://kraftboxpack.com/product-category/colored-kraft-boxes/,Colored Kraft Boxes,navigation
https://kraftboxpack.com/product/kraft-favor-boxes/,https://kraftboxpack.com/product-category/kraft-gift-specialty-boxes/,Kraft Gift & Specialty Boxes,navigation
https://kraftboxpack.com/product/kraft-favor-boxes/,https://kraftboxpack.com/product-category/kraft-packaging-boxes/,Kraft Packaging Boxes,navigation
https://kraftboxpack.com/product/kraft-favor-boxes/,https://kraftboxpack.com/product-category/kraft-wrapping-accessories/,Kraft Wrapping & Accessories,navigation
https://kraftboxpack.com/product/kraft-favor-boxes/,https://kraftboxpack.com,Home,breadcrumb
https://kraftboxpack.com/product/kraft-favor-boxes/,https://kraftboxpack.com/products/,Products,breadcrumb
https://kraftboxpack.com/product/kraft-favor-boxes/,https://kraftboxpack.com/product/kraft-favor-boxes/,Kraft Favor Boxes,contextual
https://kraftboxpack.com/product/kraft-favor-boxes/,https://kraftboxpack.com?add-to-cart=2633&quantity=1&e-redirect=https://kraftboxpack.com/cart/,Buy Now,contextual
https://kraftboxpack.com/product/kraft-favor-boxes/,https://kraftboxpack.com/,Kraft Box Pack,contextual
https://kraftboxpack.com/product/kraft-favor-boxes/,https://kraftboxpack.com/product/kraft-storage-boxes/,Kraft Storage Boxes,contextual
https://kraftboxpack.com/product/kraft-favor-boxes/,https://kraftboxpack.com/product/kraft-shipping-boxes/,Kraft Packaging Boxes,related-product
https://kraftboxpack.com/product/kraft-favor-boxes/,https://kraftboxpack.com/product/kraft-shipping-boxes/,Kraft Shipping Boxes,related-product
https://kraftboxpack.com/product/kraft-favor-boxes/,https://kraftboxpack.com/product/kraft-corrugated-boxes/,Kraft Packaging Boxes,related-product
https://kraftboxpack.com/product/kraft-favor-boxes/,https://kraftboxpack.com/product/kraft-corrugated-boxes/,Kraft Corrugated Boxes,product-grid
https://kraftboxpack.com/product/kraft-favor-boxes/,https://kraftboxpack.com/product/kraft-pizza-boxes/,Kraft Packaging Boxes,product-grid
https://kraftboxpack.com/product/kraft-favor-boxes/,https://kraftboxpack.com/product/kraft-pizza-boxes/,Kraft Pizza Boxes,product-grid
https://kraftboxpack.com/product/kraft-favor-boxes/,https://kraftboxpack.com/product/kraft-treat-boxes/,Kraft Packaging Boxes,product-grid
https://kraftboxpack.com/product/kraft-favor-boxes/,https://kraftboxpack.com/product/kraft-treat-boxes/,Kraft Treat Boxes,product-grid
https://kraftboxpack.com/product/kraft-favor-boxes/,https://kraftboxpack.com/cdn-cgi/l/email-protection,info@shopcardboardboxes,product-grid
https://kraftboxpack.com/product/kraft-favor-boxes/,https://kraftboxpack.com/about-us/,About Us,footer
https://kraftboxpack.com/product/kraft-favor-boxes/,https://kraftboxpack.com/contact-us/,Contact Us,footer
https://kraftboxpack.com/product/kraft-favor-boxes/,https://kraftboxpack.com/privacy-policy/,Privacy Policy,footer
https://kraftboxpack.com/product/kraft-favor-boxes/,https://kraftboxpack.com/refund_returns/,Refund and Returns Policy,footer
https://kraftboxpack.com/product/kraft-favor-boxes/,https://kraftboxpack.com/terms-conditions/,Terms & Conditions,footer
https://kraftboxpack.com/product/kraft-first-aid-kit-boxes/,https://kraftboxpack.com/cdn-cgi/l/email-protection,[email protected],navigation
https://kraftboxpack.com/product/kraft-first-aid-kit-boxes/,https://kraftboxpack.com/cdn-cgi/l/email-protection,Email Us To Get 25% OFF,navigation
https://kraftboxpack.com/product/kraft-first-aid-kit-boxes/,https://kraftboxpack.com,,navigation
https://kraftboxpack.com/product/kraft-first-aid-kit-boxes/,https://kraftboxpack.com/,Home,navigation
https://kraftboxpack.com/product/kraft-first-aid-kit-boxes/,https://kraftboxpack.com/product-category/colored-kraft-boxes/,Colored Kraft Boxes,navigation
https://kraftboxpack.com/product/kraft-first-aid-kit-boxes/,https://kraftboxpack.com/product-category/kraft-gift-specialty-boxes/,Kraft Gift & Specialty Boxes,navigation
https://kraftboxpack.com/product/kraft-first-aid-kit-boxes/,https://kraftboxpack.com/product-category/kraft-packaging-boxes/,Kraft Packaging Boxes,navigation
https://kraftboxpack.com/product/kraft-first-aid-kit-boxes/,https://kraftboxpack.com/product-category/kraft-wrapping-accessories/,Kraft Wrapping & Accessories,navigation
https://kraftboxpack.com/product/kraft-first-aid-kit-boxes/,https://kraftboxpack.com,Home,breadcrumb
https://kraftboxpack.com/product/kraft-first-aid-kit-boxes/,https://kraftboxpack.com/products/,Products,breadcrumb
https://kraftboxpack.com/product/kraft-first-aid-kit-boxes/,https://kraftboxpack.com/product-category/kraft-pharma-boxes/,Kraft Pharma boxes,breadcrumb
https://kraftboxpack.com/product/kraft-first-aid-kit-boxes/,https://kraftboxpack.com/product/kraft-first-aid-kit-boxes/,Kraft First Aid Kit Boxes,contextual
https://kraftboxpack.com/product/kraft-first-aid-kit-boxes/,https://kraftboxpack.com?add-to-cart=3251&quantity=1&e-redirect=https://kraftboxpack.com/cart/,Buy Now,contextual
https://kraftboxpack.com/product/kraft-first-aid-kit-boxes/,https://kraftboxpack.com/product/kraft-supplement-boxes/,Kraft Supplement Boxes,contextual
https://kraftboxpack.com/product/kraft-first-aid-kit-boxes/,https://kraftboxpack.com/product-category/kraft-pharma-Boxes/,Kraft Pharma boxes,contextual
https://kraftboxpack.com/product/kraft-first-aid-kit-boxes/,https://kraftboxpack.com/,Custom Kraft Boxes,contextual
https://kraftboxpack.com/product/kraft-first-aid-kit-boxes/,https://kraftboxpack.com/product/kraft-vitamin-packaging-boxes/,Kraft Pharma boxes,related-product
https://kraftboxpack.com/product/kraft-first-aid-kit-boxes/,https://kraftboxpack.com/product/kraft-vitamin-packaging-boxes/,Kraft Vitamin Packaging Boxes,related-product
https://kraftboxpack.com/product/kraft-first-aid-kit-boxes/,https://kraftboxpack.com/product/kraft-supplement-boxes/,Kraft Pharma boxes,related-product
https://kraftboxpack.com/product/kraft-first-aid-kit-boxes/,https://kraftboxpack.com/product/kraft-syrup-packaging-boxes/,Kraft Pharma boxes,product-grid
https://kraftboxpack.com/product/kraft-first-aid-kit-boxes/,https://kraftboxpack.com/product/kraft-syrup-packaging-boxes/,Kraft Syrup Packaging Boxes,product-grid
https://kraftboxpack.com/product/kraft-first-aid-kit-boxes/,https://kraftboxpack.com/product/kraft-ppe-packaging-boxes/,Kraft Pharma boxes,product-grid
https://kraftboxpack.com/product/kraft-first-aid-kit-boxes/,https://kraftboxpack.com/product/kraft-ppe-packaging-boxes/,Kraft PPE Packaging Boxes,product-grid
https://kraftboxpack.com/product/kraft-first-aid-kit-boxes/,https://kraftboxpack.com/cdn-cgi/l/email-protection,info@shopcardboardboxes,product-grid
https://kraftboxpack.com/product/kraft-first-aid-kit-boxes/,https://kraftboxpack.com/about-us/,About Us,footer
https://kraftboxpack.com/product/kraft-first-aid-kit-boxes/,https://kraftboxpack.com/contact-us/,Contact Us,footer
https://kraftboxpack.com/product/kraft-first-aid-kit-boxes/,https://kraftboxpack.com/privacy-policy/,Privacy Policy,footer
https://kraftboxpack.com/product/kraft-first-aid-kit-boxes/,https://kraftboxpack.com/refund_returns/,Refund and Returns Policy,footer
https://kraftboxpack.com/product/kraft-first-aid-kit-boxes/,https://kraftboxpack.com/terms-conditions/,Terms & Conditions,footer
https://kraftboxpack.com/product/kraft-flip-top-rigid-boxes/,https://kraftboxpack.com/cdn-cgi/l/email-protection,[email protected],navigation
https://kraftboxpack.com/product/kraft-flip-top-rigid-boxes/,https://kraftboxpack.com/cdn-cgi/l/email-protection,Email Us To Get 25% OFF,navigation
https://kraftboxpack.com/product/kraft-flip-top-rigid-boxes/,https://kraftboxpack.com,,navigation
https://kraftboxpack.com/product/kraft-flip-top-rigid-boxes/,https://kraftboxpack.com/,Home,navigation
https://kraftboxpack.com/product/kraft-flip-top-rigid-boxes/,https://kraftboxpack.com/product-category/colored-kraft-boxes/,Colored Kraft Boxes,navigation
https://kraftboxpack.com/product/kraft-flip-top-rigid-boxes/,https://kraftboxpack.com/product-category/kraft-gift-specialty-boxes/,Kraft Gift & Specialty Boxes,navigation
https://kraftboxpack.com/product/kraft-flip-top-rigid-boxes/,https://kraftboxpack.com/product-category/kraft-packaging-boxes/,Kraft Packaging Boxes,navigation
https://kraftboxpack.com/product/kraft-flip-top-rigid-boxes/,https://kraftboxpack.com/product-category/kraft-wrapping-accessories/,Kraft Wrapping & Accessories,navigation
https://kraftboxpack.com/product/kraft-flip-top-rigid-boxes/,https://kraftboxpack.com,Home,breadcrumb
https://kraftboxpack.com/product/kraft-flip-top-rigid-boxes/,https://kraftboxpack.com/products/,Products,breadcrumb
https://kraftboxpack.com/product/kraft-flip-top-rigid-boxes/,https://kraftboxpack.com/product-category/kraft-gift-specialty-boxes/custom-gift-boxes/,Custom Gift Boxes,contextual
https://kraftboxpack.com/product/kraft-flip-top-rigid-boxes/,https://kraftboxpack.com/product/kraft-flip-top-rigid-boxes/,Kraft Flip Top Rigid Boxes,contextual
https://kraftboxpack.com/product/kraft-flip-top-rigid-boxes/,https://kraftboxpack.com?add-to-cart=3123&quantity=1&e-redirect=https://kraftboxpack.com/cart/,Buy Now,contextual
https://kraftboxpack.com/product/kraft-flip-top-rigid-boxes/,https://kraftboxpack.com/product/kraft-lid-base-rigid-boxes/,Kraft Lid & Base Rigid Boxes,contextual
https://kraftboxpack.com/product/kraft-flip-top-rigid-boxes/,https://kraftboxpack.com/,kraft Box Pack,contextual
https://kraftboxpack.com/product/kraft-flip-top-rigid-boxes/,https://kraftboxpack.com/product/kraft-luxury-magnet-boxes/,Custom Gift Boxes,related-product
https://kraftboxpack.com/product/kraft-flip-top-rigid-boxes/,https://kraftboxpack.com/product/kraft-luxury-magnet-boxes/,Kraft Luxury Magnet Boxes,related-product
https://kraftboxpack.com/product/kraft-flip-top-rigid-boxes/,https://kraftboxpack.com/product/kraft-ribbon-closure-boxes/,Custom Gift Boxes,related-product
https://kraftboxpack.com/product/kraft-flip-top-rigid-boxes/,https://kraftboxpack.com/product/kraft-ribbon-closure-boxes/,Kraft Ribbon Closure Boxes,product-grid
https://kraftboxpack.com/product/kraft-flip-top-rigid-boxes/,https://kraftboxpack.com/product/kraft-candy-favor-boxes/,Custom Gift Boxes,product-grid
https://kraftboxpack.com/product/kraft-flip-top-rigid-boxes/,https://kraftboxpack.com/product/kraft-candy-favor-boxes/,Kraft Candy Favor Boxes,product-grid
https://kraftboxpack.com/product/kraft-flip-top-rigid-boxes/,https://kraftboxpack.com/product/kraft-subscription-boxes/,Custom Gift Boxes,product-grid
https://kraftboxpack.com/product/kraft-flip-top-rigid-boxes/,https://kraftboxpack.com/product/kraft-subscription-boxes/,Kraft Subscription Boxes,product-grid
https://kraftboxpack.com/product/kraft-flip-top-rigid-boxes/,https://kraftboxpack.com/cdn-cgi/l/email-protection,info@shopcardboardboxes,product-grid
https://kraftboxpack.com/product/kraft-flip-top-rigid-boxes/,https://kraftboxpack.com/about-us/,About Us,footer
https://kraftboxpack.com/product/kraft-flip-top-rigid-boxes/,https://kraftboxpack.com/contact-us/,Contact Us,footer
https://kraftboxpack.com/product/kraft-flip-top-rigid-boxes/,https://kraftboxpack.com/privacy-policy/,Privacy Policy,footer
https://kraftboxpack.com/product/kraft-flip-top-rigid-boxes/,https://kraftboxpack.com/refund_returns/,Refund and Returns Policy,footer
https://kraftboxpack.com/product/kraft-flip-top-rigid-boxes/,https://kraftboxpack.com/terms-conditions/,Terms & Conditions,footer
https://kraftboxpack.com/product/kraft-flower-boxes/,https://kraftboxpack.com/cdn-cgi/l/email-protection,[email protected],navigation
https://kraftboxpack.com/product/kraft-flower-boxes/,https://kraftboxpack.com/cdn-cgi/l/email-protection,Email Us To Get 25% OFF,navigation
https://kraftboxpack.com/product/kraft-flower-boxes/,https://kraftboxpack.com,,navigation
https://kraftboxpack.com/product/kraft-flower-boxes/,https://kraftboxpack.com/,Home,navigation
https://kraftboxpack.com/product/kraft-flower-boxes/,https://kraftboxpack.com/product-category/colored-kraft-boxes/,Colored Kraft Boxes,navigation
https://kraftboxpack.com/product/kraft-flower-boxes/,https://kraftboxpack.com/product-category/kraft-gift-specialty-boxes/,Kraft Gift & Specialty Boxes,navigation
https://kraftboxpack.com/product/kraft-flower-boxes/,https://kraftboxpack.com/product-category/kraft-packaging-boxes/,Kraft Packaging Boxes,navigation
https://kraftboxpack.com/product/kraft-flower-boxes/,https://kraftboxpack.com/product-category/kraft-wrapping-accessories/,Kraft Wrapping & Accessories,navigation
https://kraftboxpack.com/product/kraft-flower-boxes/,https://kraftboxpack.com,Home,breadcrumb
https://kraftboxpack.com/product/kraft-flower-boxes/,https://kraftboxpack.com/products/,Products,breadcrumb
https://kraftboxpack.com/product/kraft-flower-boxes/,https://kraftboxpack.com/product-category/kraft-gift-specialty-boxes/custom-gift-boxes/,Custom Gift Boxes,contextual
https://kraftboxpack.com/product/kraft-flower-boxes/,https://kraftboxpack.com/product/kraft-flower-boxes/,Kraft Flower Boxes,contextual
https://kraftboxpack.com/product/kraft-flower-boxes/,https://kraftboxpack.com?add-to-cart=3142&quantity=1&e-redirect=https://kraftboxpack.com/cart/,Buy Now,contextual
https://kraftboxpack.com/product/kraft-flower-boxes/,https://kraftboxpack.com/product/kraft-candy-favor-boxes/,Kraft Candy Favor Boxes,contextual
https://kraftboxpack.com/product/kraft-flower-boxes/,https://kraftboxpack.com/product-category/Custom-Gift-Boxes/,Custom Gift Boxes,contextual
https://kraftboxpack.com/product/kraft-flower-boxes/,https://kraftboxpack.com/,Kraft Boxes Wholesale,contextual
https://kraftboxpack.com/product/kraft-flower-boxes/,https://kraftboxpack.com/product/kraft-gift-hamper-boxes/,Custom Gift Boxes,related-product
https://kraftboxpack.com/product/kraft-flower-boxes/,https://kraftboxpack.com/product/kraft-gift-hamper-boxes/,Kraft Gift Hamper Boxes,related-product
https://kraftboxpack.com/product/kraft-flower-boxes/,https://kraftboxpack.com/product/kraft-influencer-boxes/,Custom Gift Boxes,related-product
https://kraftboxpack.com/product/kraft-flower-boxes/,https://kraftboxpack.com/product/kraft-influencer-boxes/,Kraft Influencer Boxes,product-grid
https://kraftboxpack.com/product/kraft-flower-boxes/,https://kraftboxpack.com/product/kraft-round-gift-containers/,Custom Gift Boxes,product-grid
https://kraftboxpack.com/product/kraft-flower-boxes/,https://kraftboxpack.com/product/kraft-round-gift-containers/,Kraft Round Gift Containers,product-grid
https://kraftboxpack.com/product/kraft-flower-boxes/,https://kraftboxpack.com/product/kraft-invitation-boxes/,Custom Gift Boxes,product-grid
https://kraftboxpack.com/product/kraft-flower-boxes/,https://kraftboxpack.com/product/kraft-invitation-boxes/,Kraft Invitation Boxes,product-grid
https://kraftboxpack.com/product/kraft-flower-boxes/,https://kraftboxpack.com/cdn-cgi/l/email-protection,info@shopcardboardboxes,product-grid
https://kraftboxpack.com/product/kraft-flower-boxes/,https://kraftboxpack.com/about-us/,About Us,footer
https://kraftboxpack.com/product/kraft-flower-boxes/,https://kraftboxpack.com/contact-us/,Contact Us,footer
https://kraftboxpack.com/product/kraft-flower-boxes/,https://kraftboxpack.com/privacy-policy/,Privacy Policy,footer
https://kraftboxpack.com/product/kraft-flower-boxes/,https://kraftboxpack.com/refund_returns/,Refund and Returns Policy,footer
https://kraftboxpack.com/product/kraft-flower-boxes/,https://kraftboxpack.com/terms-conditions/,Terms & Conditions,footer
https://kraftboxpack.com/product/kraft-food-boxes/,https://kraftboxpack.com/cdn-cgi/l/email-protection,[email protected],navigation
https://kraftboxpack.com/product/kraft-food-boxes/,https://kraftboxpack.com/cdn-cgi/l/email-protection,Email Us To Get 25% OFF,navigation
https://kraftboxpack.com/product/kraft-food-boxes/,https://kraftboxpack.com,,navigation
https://kraftboxpack.com/product/kraft-food-boxes/,https://kraftboxpack.com/,Home,navigation
https://kraftboxpack.com/product/kraft-food-boxes/,https://kraftboxpack.com/product-category/colored-kraft-boxes/,Colored Kraft Boxes,navigation
https://kraftboxpack.com/product/kraft-food-boxes/,https://kraftboxpack.com/product-category/kraft-gift-specialty-boxes/,Kraft Gift & Specialty Boxes,navigation
https://kraftboxpack.com/product/kraft-food-boxes/,https://kraftboxpack.com/product-category/kraft-packaging-boxes/,Kraft Packaging Boxes,navigation
https://kraftboxpack.com/product/kraft-food-boxes/,https://kraftboxpack.com/product-category/kraft-wrapping-accessories/,Kraft Wrapping & Accessories,navigation
https://kraftboxpack.com/product/kraft-food-boxes/,https://kraftboxpack.com,Home,breadcrumb
https://kraftboxpack.com/product/kraft-food-boxes/,https://kraftboxpack.com/products/,Products,breadcrumb
https://kraftboxpack.com/product/kraft-food-boxes/,https://kraftboxpack.com/product/kraft-food-boxes/,Kraft Food Boxes,contextual
https://kraftboxpack.com/product/kraft-food-boxes/,https://kraftboxpack.com?add-to-cart=2593&quantity=1&e-redirect=https://kraftboxpack.com/cart/,Buy Now,contextual
https://kraftboxpack.com/product/kraft-food-boxes/,https://kraftboxpack.com/product/kraft-gable-boxes/,Kraft Gable Boxes,contextual
https://kraftboxpack.com/product/kraft-food-boxes/,https://kraftboxpack.com/product-category/Kraft-Packaging-Boxes/,Kraft Packaging Boxes,contextual
https://kraftboxpack.com/product/kraft-food-boxes/,https://kraftboxpack.com/,Kraft Box Pack,contextual
https://kraftboxpack.com/product/kraft-food-boxes/,https://kraftboxpack.com/product/kraft-shoe-boxes/,Kraft Packaging Boxes,related-product
https://kraftboxpack.com/product/kraft-food-boxes/,https://kraftboxpack.com/product/kraft-shoe-boxes/,Kraft Shoe Boxes,related-product
https://kraftboxpack.com/product/kraft-food-boxes/,https://kraftboxpack.com/product/kraft-drawer-boxes/,Kraft Packaging Boxes,related-product
https://kraftboxpack.com/product/kraft-food-boxes/,https://kraftboxpack.com/product/kraft-drawer-boxes/,Kraft Drawer Boxes,product-grid
https://kraftboxpack.com/product/kraft-food-boxes/,https://kraftboxpack.com/product/custom-kraft-bags/,Kraft Packaging Boxes,product-grid
https://kraftboxpack.com/product/kraft-food-boxes/,https://kraftboxpack.com/product/custom-kraft-bags/,Custom Kraft Bags,product-grid
https://kraftboxpack.com/product/kraft-food-boxes/,https://kraftboxpack.com/product/kraft-bakery-bags/,Kraft Packaging Boxes,product-grid
https://kraftboxpack.com/product/kraft-food-boxes/,https://kraftboxpack.com/product/kraft-bakery-bags/,Kraft Bakery Bags,product-grid
https://kraftboxpack.com/product/kraft-food-boxes/,https://kraftboxpack.com/cdn-cgi/l/email-protection,info@shopcardboardboxes,product-grid
https://kraftboxpack.com/product/kraft-food-boxes/,https://kraftboxpack.com/about-us/,About Us,footer
https://kraftboxpack.com/product/kraft-food-boxes/,https://kraftboxpack.com/contact-us/,Contact Us,footer
https://kraftboxpack.com/product/kraft-food-boxes/,https://kraftboxpack.com/privacy-policy/,Privacy Policy,footer
https://kraftboxpack.com/product/kraft-food-boxes/,https://kraftboxpack.com/refund_returns/,Refund and Returns Policy,footer
https://kraftboxpack.com/product/kraft-food-boxes/,https://kraftboxpack.com/terms-conditions/,Terms & Conditions,footer
https://kraftboxpack.com/product/kraft-frozen-food-boxes/,https://kraftboxpack.com/cdn-cgi/l/email-protection,[email protected],navigation
https://kraftboxpack.com/product/kraft-frozen-food-boxes/,https://kraftboxpack.com/cdn-cgi/l/email-protection,Email Us To Get 25% OFF,navigation
https://kraftboxpack.com/product/kraft-frozen-food-boxes/,https://kraftboxpack.com,,navigation
https://kraftboxpack.com/product/kraft-frozen-food-boxes/,https://kraftboxpack.com/,Home,navigation
https://kraftboxpack.com/product/kraft-frozen-food-boxes/,https://kraftboxpack.com/product-category/colored-kraft-boxes/,Colored Kraft Boxes,navigation
https://kraftboxpack.com/product/kraft-frozen-food-boxes/,https://kraftboxpack.com/product-category/kraft-gift-specialty-boxes/,Kraft Gift & Specialty Boxes,navigation
https://kraftboxpack.com/product/kraft-frozen-food-boxes/,https://kraftboxpack.com/product-category/kraft-packaging-boxes/,Kraft Packaging Boxes,navigation
https://kraftboxpack.com/product/kraft-frozen-food-boxes/,https://kraftboxpack.com/product-category/kraft-wrapping-accessories/,Kraft Wrapping & Accessories,navigation
https://kraftboxpack.com/product/kraft-frozen-food-boxes/,https://kraftboxpack.com,Home,breadcrumb
https://kraftboxpack.com/product/kraft-frozen-food-boxes/,https://kraftboxpack.com/products/,Products,breadcrumb
https://kraftboxpack.com/product/kraft-frozen-food-boxes/,https://kraftboxpack.com/product-category/kraft-food-packaging/,Kraft Food Packaging,breadcrumb
https://kraftboxpack.com/product/kraft-frozen-food-boxes/,https://kraftboxpack.com/product/kraft-frozen-food-boxes/,Kraft Frozen Food Boxes,contextual
https://kraftboxpack.com/product/kraft-frozen-food-boxes/,https://kraftboxpack.com?add-to-cart=3274&quantity=1&e-redirect=https://kraftboxpack.com/cart/,Buy Now,contextual
https://kraftboxpack.com/product/kraft-frozen-food-boxes/,https://kraftboxpack.com/product/kraft-salad-boxes/,Kraft Salad Boxes,contextual
https://kraftboxpack.com/product/kraft-frozen-food-boxes/,https://kraftboxpack.com/,Kraft Box Pack,contextual
https://kraftboxpack.com/product/kraft-frozen-food-boxes/,https://kraftboxpack.com/product/kraft-coffee-packaging-boxes/,Kraft Food Packaging,related-product
https://kraftboxpack.com/product/kraft-frozen-food-boxes/,https://kraftboxpack.com/product/kraft-coffee-packaging-boxes/,Kraft Coffee Packaging Boxes,related-product
https://kraftboxpack.com/product/kraft-frozen-food-boxes/,https://kraftboxpack.com/product/kraft-muffin-packaging-boxes/,Kraft Food Packaging,related-product
https://kraftboxpack.com/product/kraft-frozen-food-boxes/,https://kraftboxpack.com/product/kraft-muffin-packaging-boxes/,Kraft Muffin Packaging Boxes,product-grid
https://kraftboxpack.com/product/kraft-frozen-food-boxes/,https://kraftboxpack.com/product/kraft-salad-boxes/,Kraft Food Packaging,product-grid
https://kraftboxpack.com/product/kraft-frozen-food-boxes/,https://kraftboxpack.com/product/kraft-seafood-boxes/,Kraft Food Packaging,product-grid
https://kraftboxpack.com/product/kraft-frozen-food-boxes/,https://kraftboxpack.com/product/kraft-seafood-boxes/,Kraft Seafood Boxes,product-grid
https://kraftboxpack.com/product/kraft-frozen-food-boxes/,https://kraftboxpack.com/cdn-cgi/l/email-protection,info@shopcardboardboxes,product-grid
https://kraftboxpack.com/product/kraft-frozen-food-boxes/,https://kraftboxpack.com/about-us/,About Us,footer
https://kraftboxpack.com/product/kraft-frozen-food-boxes/,https://kraftboxpack.com/contact-us/,Contact Us,footer
https://kraftboxpack.com/product/kraft-frozen-food-boxes/,https://kraftboxpack.com/privacy-policy/,Privacy Policy,footer
https://kraftboxpack.com/product/kraft-frozen-food-boxes/,https://kraftboxpack.com/refund_returns/,Refund and Returns Policy,footer
https://kraftboxpack.com/product/kraft-frozen-food-boxes/,https://kraftboxpack.com/terms-conditions/,Terms & Conditions,footer
https://kraftboxpack.com/product/kraft-fruit-packaging-boxes/,https://kraftboxpack.com/cdn-cgi/l/email-protection,[email protected],navigation
https://kraftboxpack.com/product/kraft-fruit-packaging-boxes/,https://kraftboxpack.com/cdn-cgi/l/email-protection,Email Us To Get 25% OFF,navigation
https://kraftboxpack.com/product/kraft-fruit-packaging-boxes/,https://kraftboxpack.com,,navigation
https://kraftboxpack.com/product/kraft-fruit-packaging-boxes/,https://kraftboxpack.com/,Home,navigation
https://kraftboxpack.com/product/kraft-fruit-packaging-boxes/,https://kraftboxpack.com/product-category/colored-kraft-boxes/,Colored Kraft Boxes,navigation
https://kraftboxpack.com/product/kraft-fruit-packaging-boxes/,https://kraftboxpack.com/product-category/kraft-gift-specialty-boxes/,Kraft Gift & Specialty Boxes,navigation
https://kraftboxpack.com/product/kraft-fruit-packaging-boxes/,https://kraftboxpack.com/product-category/kraft-packaging-boxes/,Kraft Packaging Boxes,navigation
https://kraftboxpack.com/product/kraft-fruit-packaging-boxes/,https://kraftboxpack.com/product-category/kraft-wrapping-accessories/,Kraft Wrapping & Accessories,navigation
https://kraftboxpack.com/product/kraft-fruit-packaging-boxes/,https://kraftboxpack.com,Home,breadcrumb
https://kraftboxpack.com/product/kraft-fruit-packaging-boxes/,https://kraftboxpack.com/products/,Products,breadcrumb
https://kraftboxpack.com/product/kraft-fruit-packaging-boxes/,https://kraftboxpack.com/product-category/kraft-food-packaging/,Kraft Food Packaging,breadcrumb
https://kraftboxpack.com/product/kraft-fruit-packaging-boxes/,https://kraftboxpack.com/product/kraft-fruit-packaging-boxes/,Kraft Fruit Packaging Boxes,contextual
https://kraftboxpack.com/product/kraft-fruit-packaging-boxes/,https://kraftboxpack.com?add-to-cart=3287&quantity=1&e-redirect=https://kraftboxpack.com/cart/,Buy Now,contextual
https://kraftboxpack.com/product/kraft-fruit-packaging-boxes/,https://kraftboxpack.com/product/kraft-seafood-boxes/,Kraft Seafood Boxes,contextual
https://kraftboxpack.com/product/kraft-fruit-packaging-boxes/,https://kraftboxpack.com/,Custom Box Packaging,contextual
https://kraftboxpack.com/product/kraft-fruit-packaging-boxes/,https://kraftboxpack.com/product/kraft-popcorn-packaging-boxes/,Kraft Food Packaging,related-product
https://kraftboxpack.com/product/kraft-fruit-packaging-boxes/,https://kraftboxpack.com/product/kraft-popcorn-packaging-boxes/,Kraft Popcorn Packaging Boxes,related-product
https://kraftboxpack.com/product/kraft-fruit-packaging-boxes/,https://kraftboxpack.com/product/kraft-sandwich-wedge-boxes/,Kraft Food Packaging,related-product
https://kraftboxpack.com/product/kraft-fruit-packaging-boxes/,https://kraftboxpack.com/product/kraft-sandwich-wedge-boxes/,Kraft Sandwich Wedge Boxes,product-grid
https://kraftboxpack.com/product/kraft-fruit-packaging-boxes/,https://kraftboxpack.com/product/kraft-vegetable-packaging-boxes/,Kraft Food Packaging,product-grid
https://kraftboxpack.com/product/kraft-fruit-packaging-boxes/,https://kraftboxpack.com/product/kraft-vegetable-packaging-boxes/,Kraft Vegetable Packaging Boxes,product-grid
https://kraftboxpack.com/product/kraft-fruit-packaging-boxes/,https://kraftboxpack.com/product/kraft-juice-bottle-carriers/,Kraft Food Packaging,product-grid
https://kraftboxpack.com/product/kraft-fruit-packaging-boxes/,https://kraftboxpack.com/product/kraft-juice-bottle-carriers/,Kraft Juice Bottle Carriers,product-grid
https://kraftboxpack.com/product/kraft-fruit-packaging-boxes/,https://kraftboxpack.com/cdn-cgi/l/email-protection,info@shopcardboardboxes,product-grid
https://kraftboxpack.com/product/kraft-fruit-packaging-boxes/,https://kraftboxpack.com/about-us/,About Us,footer
https://kraftboxpack.com/product/kraft-fruit-packaging-boxes/,https://kraftboxpack.com/contact-us/,Contact Us,footer
https://kraftboxpack.com/product/kraft-fruit-packaging-boxes/,https://kraftboxpack.com/privacy-policy/,Privacy Policy,footer
https://kraftboxpack.com/product/kraft-fruit-packaging-boxes/,https://kraftboxpack.com/refund_returns/,Refund and Returns Policy,footer
https://kraftboxpack.com/product/kraft-fruit-packaging-boxes/,https://kraftboxpack.com/terms-conditions/,Terms & Conditions,footer
https://kraftboxpack.com/product/kraft-gable-boxes/,https://kraftboxpack.com/cdn-cgi/l/email-protection,[email protected],navigation
https://kraftboxpack.com/product/kraft-gable-boxes/,https://kraftboxpack.com/cdn-cgi/l/email-protection,Email Us To Get 25% OFF,navigation
https://kraftboxpack.com/product/kraft-gable-boxes/,https://kraftboxpack.com,,navigation
https://kraftboxpack.com/product/kraft-gable-boxes/,https://kraftboxpack.com/,Home,navigation
https://kraftboxpack.com/product/kraft-gable-boxes/,https://kraftboxpack.com/product-category/colored-kraft-boxes/,Colored Kraft Boxes,navigation
https://kraftboxpack.com/product/kraft-gable-boxes/,https://kraftboxpack.com/product-category/kraft-gift-specialty-boxes/,Kraft Gift & Specialty Boxes,navigation
https://kraftboxpack.com/product/kraft-gable-boxes/,https://kraftboxpack.com/product-category/kraft-packaging-boxes/,Kraft Packaging Boxes,navigation
https://kraftboxpack.com/product/kraft-gable-boxes/,https://kraftboxpack.com/product-category/kraft-wrapping-accessories/,Kraft Wrapping & Accessories,navigation
https://kraftboxpack.com/product/kraft-gable-boxes/,https://kraftboxpack.com,Home,breadcrumb
https://kraftboxpack.com/product/kraft-gable-boxes/,https://kraftboxpack.com/products/,Products,breadcrumb
https://kraftboxpack.com/product/kraft-gable-boxes/,https://kraftboxpack.com/product/kraft-gable-boxes/,Kraft Gable Boxes,contextual
https://kraftboxpack.com/product/kraft-gable-boxes/,https://kraftboxpack.com?add-to-cart=2578&quantity=1&e-redirect=https://kraftboxpack.com/cart/,Buy Now,contextual
https://kraftboxpack.com/product/kraft-gable-boxes/,https://kraftboxpack.com/product/kraft-cake-boxes/,Kraft Cake Boxes,contextual
https://kraftboxpack.com/product/kraft-gable-boxes/,https://kraftboxpack.com/product-category/Kraft-Packaging-Boxes/,Kraft Packaging Boxes,contextual
https://kraftboxpack.com/product/kraft-gable-boxes/,https://kraftboxpack.com/,Kraft Box Pack,contextual
https://kraftboxpack.com/product/kraft-gable-boxes/,https://kraftboxpack.com/product/kraft-storage-boxes/,Kraft Packaging Boxes,related-product
https://kraftboxpack.com/product/kraft-gable-boxes/,https://kraftboxpack.com/product/kraft-storage-boxes/,Kraft Storage Boxes,related-product
https://kraftboxpack.com/product/kraft-gable-boxes/,https://kraftboxpack.com/product/kraft-bakery-boxes/,Kraft Packaging Boxes,related-product
https://kraftboxpack.com/product/kraft-gable-boxes/,https://kraftboxpack.com/product/kraft-bakery-boxes/,Kraft Bakery Boxes,product-grid
https://kraftboxpack.com/product/kraft-gable-boxes/,https://kraftboxpack.com/product/kraft-paperboard-boxes/,Kraft Packaging Boxes,product-grid
https://kraftboxpack.com/product/kraft-gable-boxes/,https://kraftboxpack.com/product/kraft-paperboard-boxes/,Kraft Paperboard Boxes,product-grid
https://kraftboxpack.com/product/kraft-gable-boxes/,https://kraftboxpack.com/product/custom-kraft-bags/,Kraft Packaging Boxes,product-grid
https://kraftboxpack.com/product/kraft-gable-boxes/,https://kraftboxpack.com/product/custom-kraft-bags/,Custom Kraft Bags,product-grid
https://kraftboxpack.com/product/kraft-gable-boxes/,https://kraftboxpack.com/cdn-cgi/l/email-protection,info@shopcardboardboxes,product-grid
https://kraftboxpack.com/product/kraft-gable-boxes/,https://kraftboxpack.com/about-us/,About Us,footer
https://kraftboxpack.com/product/kraft-gable-boxes/,https://kraftboxpack.com/contact-us/,Contact Us,footer
https://kraftboxpack.com/product/kraft-gable-boxes/,https://kraftboxpack.com/privacy-policy/,Privacy Policy,footer
https://kraftboxpack.com/product/kraft-gable-boxes/,https://kraftboxpack.com/refund_returns/,Refund and Returns Policy,footer
https://kraftboxpack.com/product/kraft-gable-boxes/,https://kraftboxpack.com/terms-conditions/,Terms & Conditions,footer
https://kraftboxpack.com/product/kraft-gift-boxes-with-lids/,https://kraftboxpack.com/cdn-cgi/l/email-protection,[email protected],navigation
https://kraftboxpack.com/product/kraft-gift-boxes-with-lids/,https://kraftboxpack.com/cdn-cgi/l/email-protection,Email Us To Get 25% OFF,navigation
https://kraftboxpack.com/product/kraft-gift-boxes-with-lids/,https://kraftboxpack.com,,navigation
https://kraftboxpack.com/product/kraft-gift-boxes-with-lids/,https://kraftboxpack.com/,Home,navigation
https://kraftboxpack.com/product/kraft-gift-boxes-with-lids/,https://kraftboxpack.com/product-category/colored-kraft-boxes/,Colored Kraft Boxes,navigation
https://kraftboxpack.com/product/kraft-gift-boxes-with-lids/,https://kraftboxpack.com/product-category/kraft-gift-specialty-boxes/,Kraft Gift & Specialty Boxes,navigation
https://kraftboxpack.com/product/kraft-gift-boxes-with-lids/,https://kraftboxpack.com/product-category/kraft-packaging-boxes/,Kraft Packaging Boxes,navigation
https://kraftboxpack.com/product/kraft-gift-boxes-with-lids/,https://kraftboxpack.com/product-category/kraft-wrapping-accessories/,Kraft Wrapping & Accessories,navigation
https://kraftboxpack.com/product/kraft-gift-boxes-with-lids/,https://kraftboxpack.com,Home,breadcrumb
https://kraftboxpack.com/product/kraft-gift-boxes-with-lids/,https://kraftboxpack.com/products/,Products,breadcrumb
https://kraftboxpack.com/product/kraft-gift-boxes-with-lids/,https://kraftboxpack.com/product/kraft-gift-boxes-with-lids/,Kraft Gift Boxes With Lids,contextual
https://kraftboxpack.com/product/kraft-gift-boxes-with-lids/,https://kraftboxpack.com?add-to-cart=2678&quantity=1&e-redirect=https://kraftboxpack.com/cart/,Buy Now,contextual
https://kraftboxpack.com/product/kraft-gift-boxes-with-lids/,https://kraftboxpack.com/,Kraft Box Pack,contextual
https://kraftboxpack.com/product/kraft-gift-boxes-with-lids/,https://kraftboxpack.com/product/mini-kraft-boxes/,Mini Kraft Boxes,contextual
https://kraftboxpack.com/product/kraft-gift-boxes-with-lids/,https://kraftboxpack.com/product/kraft-paper-gift-boxes/,Kraft Gift & Specialty Boxes,related-product
https://kraftboxpack.com/product/kraft-gift-boxes-with-lids/,https://kraftboxpack.com/product/kraft-paper-gift-boxes/,Kraft Paper Gift Boxes,related-product
https://kraftboxpack.com/product/kraft-gift-boxes-with-lids/,https://kraftboxpack.com/product/large-kraft-gift-boxes/,Kraft Gift & Specialty Boxes,related-product
https://kraftboxpack.com/product/kraft-gift-boxes-with-lids/,https://kraftboxpack.com/product/large-kraft-gift-boxes/,Large Kraft Gift Boxes,product-grid
https://kraftboxpack.com/product/kraft-gift-boxes-with-lids/,https://kraftboxpack.com/product/kraft-round-boxes/,Kraft Gift & Specialty Boxes,product-grid
https://kraftboxpack.com/product/kraft-gift-boxes-with-lids/,https://kraftboxpack.com/product/kraft-round-boxes/,Kraft Round Boxes,product-grid
https://kraftboxpack.com/product/kraft-gift-boxes-with-lids/,https://kraftboxpack.com/product/kraft-candy-boxes/,Kraft Gift & Specialty Boxes,product-grid
https://kraftboxpack.com/product/kraft-gift-boxes-with-lids/,https://kraftboxpack.com/product/kraft-candy-boxes/,Kraft Candy Boxes,product-grid
https://kraftboxpack.com/product/kraft-gift-boxes-with-lids/,https://kraftboxpack.com/cdn-cgi/l/email-protection,info@shopcardboardboxes,product-grid
https://kraftboxpack.com/product/kraft-gift-boxes-with-lids/,https://kraftboxpack.com/about-us/,About Us,footer
https://kraftboxpack.com/product/kraft-gift-boxes-with-lids/,https://kraftboxpack.com/contact-us/,Contact Us,footer
https://kraftboxpack.com/product/kraft-gift-boxes-with-lids/,https://kraftboxpack.com/privacy-policy/,Privacy Policy,footer
https://kraftboxpack.com/product/kraft-gift-boxes-with-lids/,https://kraftboxpack.com/refund_returns/,Refund and Returns Policy,footer
https://kraftboxpack.com/product/kraft-gift-boxes-with-lids/,https://kraftboxpack.com/terms-conditions/,Terms & Conditions,footer
https://kraftboxpack.com/product/kraft-gift-card-boxes/,https://kraftboxpack.com/cdn-cgi/l/email-protection,[email protected],navigation
https://kraftboxpack.com/product/kraft-gift-card-boxes/,https://kraftboxpack.com/cdn-cgi/l/email-protection,Email Us To Get 25% OFF,navigation
https://kraftboxpack.com/product/kraft-gift-card-boxes/,https://kraftboxpack.com,,navigation
https://kraftboxpack.com/product/kraft-gift-card-boxes/,https://kraftboxpack.com/,Home,navigation
https://kraftboxpack.com/product/kraft-gift-card-boxes/,https://kraftboxpack.com/product-category/colored-kraft-boxes/,Colored Kraft Boxes,navigation
https://kraftboxpack.com/product/kraft-gift-card-boxes/,https://kraftboxpack.com/product-category/kraft-gift-specialty-boxes/,Kraft Gift & Specialty Boxes,navigation
https://kraftboxpack.com/product/kraft-gift-card-boxes/,https://kraftboxpack.com/product-category/kraft-packaging-boxes/,Kraft Packaging Boxes,navigation
https://kraftboxpack.com/product/kraft-gift-card-boxes/,https://kraftboxpack.com/product-category/kraft-wrapping-accessories/,Kraft Wrapping & Accessories,navigation
https://kraftboxpack.com/product/kraft-gift-card-boxes/,https://kraftboxpack.com,Home,breadcrumb
https://kraftboxpack.com/product/kraft-gift-card-boxes/,https://kraftboxpack.com/products/,Products,breadcrumb
https://kraftboxpack.com/product/kraft-gift-card-boxes/,https://kraftboxpack.com/product-category/kraft-gift-specialty-boxes/custom-gift-boxes/,Custom Gift Boxes,contextual
https://kraftboxpack.com/product/kraft-gift-card-boxes/,https://kraftboxpack.com/product/kraft-gift-card-boxes/,Kraft Gift Card Boxes,contextual
https://kraftboxpack.com/product/kraft-gift-card-boxes/,https://kraftboxpack.com?add-to-cart=3134&quantity=1&e-redirect=https://kraftboxpack.com/cart/,Buy Now,contextual
https://kraftboxpack.com/product/kraft-gift-card-boxes/,https://kraftboxpack.com/product/kraft-invitation-boxes/,Kraft Invitation Boxes,contextual
https://kraftboxpack.com/product/kraft-gift-card-boxes/,https://kraftboxpack.com/product-category/Custom-Gift-Boxes/,Custom Gift Boxes,contextual
https://kraftboxpack.com/product/kraft-gift-card-boxes/,https://kraftboxpack.com/,Kraft Box Pack,contextual
https://kraftboxpack.com/product/kraft-gift-card-boxes/,https://kraftboxpack.com/product/kraft-shoulder-boxes/,Custom Gift Boxes,related-product
https://kraftboxpack.com/product/kraft-gift-card-boxes/,https://kraftboxpack.com/product/kraft-shoulder-boxes/,Kraft Shoulder Boxes,related-product
https://kraftboxpack.com/product/kraft-gift-card-boxes/,https://kraftboxpack.com/product/kraft-square-gift-boxes/,Custom Gift Boxes,related-product
https://kraftboxpack.com/product/kraft-gift-card-boxes/,https://kraftboxpack.com/product/kraft-square-gift-boxes/,Kraft Square Gift Boxes,product-grid
https://kraftboxpack.com/product/kraft-gift-card-boxes/,https://kraftboxpack.com/product/kraft-candy-favor-boxes/,Custom Gift Boxes,product-grid
https://kraftboxpack.com/product/kraft-gift-card-boxes/,https://kraftboxpack.com/product/kraft-candy-favor-boxes/,Kraft Candy Favor Boxes,product-grid
https://kraftboxpack.com/product/kraft-gift-card-boxes/,https://kraftboxpack.com/product/kraft-subscription-boxes/,Custom Gift Boxes,product-grid
https://kraftboxpack.com/product/kraft-gift-card-boxes/,https://kraftboxpack.com/product/kraft-subscription-boxes/,Kraft Subscription Boxes,product-grid
https://kraftboxpack.com/product/kraft-gift-card-boxes/,https://kraftboxpack.com/cdn-cgi/l/email-protection,info@shopcardboardboxes,product-grid
https://kraftboxpack.com/product/kraft-gift-card-boxes/,https://kraftboxpack.com/about-us/,About Us,footer
https://kraftboxpack.com/product/kraft-gift-card-boxes/,https://kraftboxpack.com/contact-us/,Contact Us,footer
https://kraftboxpack.com/product/kraft-gift-card-boxes/,https://kraftboxpack.com/privacy-policy/,Privacy Policy,footer
https://kraftboxpack.com/product/kraft-gift-card-boxes/,https://kraftboxpack.com/refund_returns/,Refund and Returns Policy,footer
https://kraftboxpack.com/product/kraft-gift-card-boxes/,https://kraftboxpack.com/terms-conditions/,Terms & Conditions,footer
https://kraftboxpack.com/product/kraft-gift-hamper-boxes/,https://kraftboxpack.com/cdn-cgi/l/email-protection,[email protected],navigation
https://kraftboxpack.com/product/kraft-gift-hamper-boxes/,https://kraftboxpack.com/cdn-cgi/l/email-protection,Email Us To Get 25% OFF,navigation
https://kraftboxpack.com/product/kraft-gift-hamper-boxes/,https://kraftboxpack.com,,navigation
https://kraftboxpack.com/product/kraft-gift-hamper-boxes/,https://kraftboxpack.com/,Home,navigation
https://kraftboxpack.com/product/kraft-gift-hamper-boxes/,https://kraftboxpack.com/product-category/colored-kraft-boxes/,Colored Kraft Boxes,navigation
https://kraftboxpack.com/product/kraft-gift-hamper-boxes/,https://kraftboxpack.com/product-category/kraft-gift-specialty-boxes/,Kraft Gift & Specialty Boxes,navigation
https://kraftboxpack.com/product/kraft-gift-hamper-boxes/,https://kraftboxpack.com/product-category/kraft-packaging-boxes/,Kraft Packaging Boxes,navigation
https://kraftboxpack.com/product/kraft-gift-hamper-boxes/,https://kraftboxpack.com/product-category/kraft-wrapping-accessories/,Kraft Wrapping & Accessories,navigation
https://kraftboxpack.com/product/kraft-gift-hamper-boxes/,https://kraftboxpack.com,Home,breadcrumb
https://kraftboxpack.com/product/kraft-gift-hamper-boxes/,https://kraftboxpack.com/products/,Products,breadcrumb
https://kraftboxpack.com/product/kraft-gift-hamper-boxes/,https://kraftboxpack.com/product-category/kraft-gift-specialty-boxes/custom-gift-boxes/,Custom Gift Boxes,contextual
https://kraftboxpack.com/product/kraft-gift-hamper-boxes/,https://kraftboxpack.com/product/kraft-gift-hamper-boxes/,Kraft Gift Hamper Boxes,contextual
https://kraftboxpack.com/product/kraft-gift-hamper-boxes/,https://kraftboxpack.com?add-to-cart=3154&quantity=1&e-redirect=https://kraftboxpack.com/cart/,Buy Now,contextual
https://kraftboxpack.com/product/kraft-gift-hamper-boxes/,https://kraftboxpack.com/product/kraft-luxury-magnet-boxes/,Kraft Luxury Magnet Boxes,contextual
https://kraftboxpack.com/product/kraft-gift-hamper-boxes/,https://kraftboxpack.com/,kraft Box Pack,contextual
https://kraftboxpack.com/product/kraft-gift-hamper-boxes/,https://kraftboxpack.com/product/kraft-influencer-boxes/,Custom Gift Boxes,related-product
https://kraftboxpack.com/product/kraft-gift-hamper-boxes/,https://kraftboxpack.com/product/kraft-influencer-boxes/,Kraft Influencer Boxes,related-product
https://kraftboxpack.com/product/kraft-gift-hamper-boxes/,https://kraftboxpack.com/product/kraft-liquor-gift-boxes/,Custom Gift Boxes,related-product
https://kraftboxpack.com/product/kraft-gift-hamper-boxes/,https://kraftboxpack.com/product/kraft-liquor-gift-boxes/,Kraft Liquor Gift Boxes,product-grid
https://kraftboxpack.com/product/kraft-gift-hamper-boxes/,https://kraftboxpack.com/product/kraft-shoulder-boxes/,Custom Gift Boxes,product-grid
https://kraftboxpack.com/product/kraft-gift-hamper-boxes/,https://kraftboxpack.com/product/kraft-shoulder-boxes/,Kraft Shoulder Boxes,product-grid
https://kraftboxpack.com/product/kraft-gift-hamper-boxes/,https://kraftboxpack.com/product/kraft-promotional-boxes/,Custom Gift Boxes,product-grid
https://kraftboxpack.com/product/kraft-gift-hamper-boxes/,https://kraftboxpack.com/product/kraft-promotional-boxes/,Kraft Promotional Boxes,product-grid
https://kraftboxpack.com/product/kraft-gift-hamper-boxes/,https://kraftboxpack.com/cdn-cgi/l/email-protection,info@shopcardboardboxes,product-grid
https://kraftboxpack.com/product/kraft-gift-hamper-boxes/,https://kraftboxpack.com/about-us/,About Us,footer
https://kraftboxpack.com/product/kraft-gift-hamper-boxes/,https://kraftboxpack.com/contact-us/,Contact Us,footer
https://kraftboxpack.com/product/kraft-gift-hamper-boxes/,https://kraftboxpack.com/privacy-policy/,Privacy Policy,footer
https://kraftboxpack.com/product/kraft-gift-hamper-boxes/,https://kraftboxpack.com/refund_returns/,Refund and Returns Policy,footer
https://kraftboxpack.com/product/kraft-gift-hamper-boxes/,https://kraftboxpack.com/terms-conditions/,Terms & Conditions,footer
https://kraftboxpack.com/product/kraft-giveaway-packaging-boxes/,https://kraftboxpack.com/cdn-cgi/l/email-protection,[email protected],navigation
https://kraftboxpack.com/product/kraft-giveaway-packaging-boxes/,https://kraftboxpack.com/cdn-cgi/l/email-protection,Email Us To Get 25% OFF,navigation
https://kraftboxpack.com/product/kraft-giveaway-packaging-boxes/,https://kraftboxpack.com,,navigation
https://kraftboxpack.com/product/kraft-giveaway-packaging-boxes/,https://kraftboxpack.com/,Home,navigation
https://kraftboxpack.com/product/kraft-giveaway-packaging-boxes/,https://kraftboxpack.com/product-category/colored-kraft-boxes/,Colored Kraft Boxes,navigation
https://kraftboxpack.com/product/kraft-giveaway-packaging-boxes/,https://kraftboxpack.com/product-category/kraft-gift-specialty-boxes/,Kraft Gift & Specialty Boxes,navigation
https://kraftboxpack.com/product/kraft-giveaway-packaging-boxes/,https://kraftboxpack.com/product-category/kraft-packaging-boxes/,Kraft Packaging Boxes,navigation
https://kraftboxpack.com/product/kraft-giveaway-packaging-boxes/,https://kraftboxpack.com/product-category/kraft-wrapping-accessories/,Kraft Wrapping & Accessories,navigation
https://kraftboxpack.com/product/kraft-giveaway-packaging-boxes/,https://kraftboxpack.com,Home,breadcrumb
https://kraftboxpack.com/product/kraft-giveaway-packaging-boxes/,https://kraftboxpack.com/products/,Products,breadcrumb
https://kraftboxpack.com/product/kraft-giveaway-packaging-boxes/,https://kraftboxpack.com/product-category/kraft-gift-specialty-boxes/custom-gift-boxes/,Custom Gift Boxes,contextual
https://kraftboxpack.com/product/kraft-giveaway-packaging-boxes/,https://kraftboxpack.com/product/kraft-giveaway-packaging-boxes/,Kraft Giveaway Packaging Boxes,contextual
https://kraftboxpack.com/product/kraft-giveaway-packaging-boxes/,https://kraftboxpack.com?add-to-cart=3136&quantity=1&e-redirect=https://kraftboxpack.com/cart/,Buy Now,contextual
https://kraftboxpack.com/product/kraft-giveaway-packaging-boxes/,https://kraftboxpack.com/product/kraft-corporate%20gift-boxes/,Kraft Corporate Gift Boxes,contextual
https://kraftboxpack.com/product/kraft-giveaway-packaging-boxes/,https://kraftboxpack.com/product-category/Custom-Gift-Boxes/,Custom Gift Boxes,contextual
https://kraftboxpack.com/product/kraft-giveaway-packaging-boxes/,https://kraftboxpack.com/,Kraft Packaging Boxes,contextual
https://kraftboxpack.com/product/kraft-giveaway-packaging-boxes/,https://kraftboxpack.com/product/kraft-shoulder-boxes/,Custom Gift Boxes,related-product
https://kraftboxpack.com/product/kraft-giveaway-packaging-boxes/,https://kraftboxpack.com/product/kraft-shoulder-boxes/,Kraft Shoulder Boxes,related-product
https://kraftboxpack.com/product/kraft-giveaway-packaging-boxes/,https://kraftboxpack.com/product/kraft-ribbon-closure-boxes/,Custom Gift Boxes,related-product
https://kraftboxpack.com/product/kraft-giveaway-packaging-boxes/,https://kraftboxpack.com/product/kraft-ribbon-closure-boxes/,Kraft Ribbon Closure Boxes,product-grid
https://kraftboxpack.com/product/kraft-giveaway-packaging-boxes/,https://kraftboxpack.com/product/kraft-square-gift-boxes/,Custom Gift Boxes,product-grid
https://kraftboxpack.com/product/kraft-giveaway-packaging-boxes/,https://kraftboxpack.com/product/kraft-square-gift-boxes/,Kraft Square Gift Boxes,product-grid
https://kraftboxpack.com/product/kraft-giveaway-packaging-boxes/,https://kraftboxpack.com/product/kraft-marketing-kit-boxes/,Custom Gift Boxes,product-grid
https://kraftboxpack.com/product/kraft-giveaway-packaging-boxes/,https://kraftboxpack.com/product/kraft-marketing-kit-boxes/,Kraft Marketing Kit Boxes,product-grid
https://kraftboxpack.com/product/kraft-giveaway-packaging-boxes/,https://kraftboxpack.com/cdn-cgi/l/email-protection,info@shopcardboardboxes,product-grid
https://kraftboxpack.com/product/kraft-giveaway-packaging-boxes/,https://kraftboxpack.com/about-us/,About Us,footer
https://kraftboxpack.com/product/kraft-giveaway-packaging-boxes/,https://kraftboxpack.com/contact-us/,Contact Us,footer
https://kraftboxpack.com/product/kraft-giveaway-packaging-boxes/,https://kraftboxpack.com/privacy-policy/,Privacy Policy,footer
https://kraftboxpack.com/product/kraft-giveaway-packaging-boxes/,https://kraftboxpack.com/refund_returns/,Refund and Returns Policy,footer
https://kraftboxpack.com/product/kraft-giveaway-packaging-boxes/,https://kraftboxpack.com/terms-conditions/,Terms & Conditions,footer
https://kraftboxpack.com/product/kraft-granola-bar-boxes/,https://kraftboxpack.com/cdn-cgi/l/email-protection,[email protected],navigation
https://kraftboxpack.com/product/kraft-granola-bar-boxes/,https://kraftboxpack.com/cdn-cgi/l/email-protection,Email Us To Get 25% OFF,navigation
https://kraftboxpack.com/product/kraft-granola-bar-boxes/,https://kraftboxpack.com,,navigation
https://kraftboxpack.com/product/kraft-granola-bar-boxes/,https://kraftboxpack.com/,Home,navigation
https://kraftboxpack.com/product/kraft-granola-bar-boxes/,https://kraftboxpack.com/product-category/colored-kraft-boxes/,Colored Kraft Boxes,navigation
https://kraftboxpack.com/product/kraft-granola-bar-boxes/,https://kraftboxpack.com/product-category/kraft-gift-specialty-boxes/,Kraft Gift & Specialty Boxes,navigation
https://kraftboxpack.com/product/kraft-granola-bar-boxes/,https://kraftboxpack.com/product-category/kraft-packaging-boxes/,Kraft Packaging Boxes,navigation
https://kraftboxpack.com/product/kraft-granola-bar-boxes/,https://kraftboxpack.com/product-category/kraft-wrapping-accessories/,Kraft Wrapping & Accessories,navigation
https://kraftboxpack.com/product/kraft-granola-bar-boxes/,https://kraftboxpack.com,Home,breadcrumb
https://kraftboxpack.com/product/kraft-granola-bar-boxes/,https://kraftboxpack.com/products/,Products,breadcrumb
https://kraftboxpack.com/product/kraft-granola-bar-boxes/,https://kraftboxpack.com/product-category/kraft-food-packaging/,Kraft Food Packaging,breadcrumb
https://kraftboxpack.com/product/kraft-granola-bar-boxes/,https://kraftboxpack.com/product/kraft-granola-bar-boxes/,Kraft Granola Bar Boxes,contextual
https://kraftboxpack.com/product/kraft-granola-bar-boxes/,https://kraftboxpack.com?add-to-cart=3259&quantity=1&e-redirect=https://kraftboxpack.com/cart/,Buy Now,contextual
https://kraftboxpack.com/product/kraft-granola-bar-boxes/,https://kraftboxpack.com/product/kraft-coffee-packaging-boxes,Kraft Coffee Packaging Boxes,contextual
https://kraftboxpack.com/product/kraft-granola-bar-boxes/,https://kraftboxpack.com/,Kraft Box Pack,contextual
https://kraftboxpack.com/product/kraft-granola-bar-boxes/,https://kraftboxpack.com/product/kraft-egg-cartons/,Kraft Food Packaging,related-product
https://kraftboxpack.com/product/kraft-granola-bar-boxes/,https://kraftboxpack.com/product/kraft-egg-cartons/,Kraft Egg Cartons,related-product
https://kraftboxpack.com/product/kraft-granola-bar-boxes/,https://kraftboxpack.com/product/kraft-muffin-packaging-boxes/,Kraft Food Packaging,related-product
https://kraftboxpack.com/product/kraft-granola-bar-boxes/,https://kraftboxpack.com/product/kraft-muffin-packaging-boxes/,Kraft Muffin Packaging Boxes,product-grid
https://kraftboxpack.com/product/kraft-granola-bar-boxes/,https://kraftboxpack.com/product/kraft-sandwich-wedge-boxes/,Kraft Food Packaging,product-grid
https://kraftboxpack.com/product/kraft-granola-bar-boxes/,https://kraftboxpack.com/product/kraft-sandwich-wedge-boxes/,Kraft Sandwich Wedge Boxes,product-grid
https://kraftboxpack.com/product/kraft-granola-bar-boxes/,https://kraftboxpack.com/product/kraft-noodle-packaging-boxes/,Kraft Food Packaging,product-grid
https://kraftboxpack.com/product/kraft-granola-bar-boxes/,https://kraftboxpack.com/product/kraft-noodle-packaging-boxes/,Kraft Noodle Packaging Boxes,product-grid
https://kraftboxpack.com/product/kraft-granola-bar-boxes/,https://kraftboxpack.com/cdn-cgi/l/email-protection,info@shopcardboardboxes,product-grid
https://kraftboxpack.com/product/kraft-granola-bar-boxes/,https://kraftboxpack.com/about-us/,About Us,footer
https://kraftboxpack.com/product/kraft-granola-bar-boxes/,https://kraftboxpack.com/contact-us/,Contact Us,footer
https://kraftboxpack.com/product/kraft-granola-bar-boxes/,https://kraftboxpack.com/privacy-policy/,Privacy Policy,footer
https://kraftboxpack.com/product/kraft-granola-bar-boxes/,https://kraftboxpack.com/refund_returns/,Refund and Returns Policy,footer
https://kraftboxpack.com/product/kraft-granola-bar-boxes/,https://kraftboxpack.com/terms-conditions/,Terms & Conditions,footer
https://kraftboxpack.com/product/kraft-hanging-display-boxes/,https://kraftboxpack.com/cdn-cgi/l/email-protection,[email protected],navigation
https://kraftboxpack.com/product/kraft-hanging-display-boxes/,https://kraftboxpack.com/cdn-cgi/l/email-protection,Email Us To Get 25% OFF,navigation
https://kraftboxpack.com/product/kraft-hanging-display-boxes/,https://kraftboxpack.com,,navigation
https://kraftboxpack.com/product/kraft-hanging-display-boxes/,https://kraftboxpack.com/,Home,navigation
https://kraftboxpack.com/product/kraft-hanging-display-boxes/,https://kraftboxpack.com/product-category/colored-kraft-boxes/,Colored Kraft Boxes,navigation
https://kraftboxpack.com/product/kraft-hanging-display-boxes/,https://kraftboxpack.com/product-category/kraft-gift-specialty-boxes/,Kraft Gift & Specialty Boxes,navigation
https://kraftboxpack.com/product/kraft-hanging-display-boxes/,https://kraftboxpack.com/product-category/kraft-packaging-boxes/,Kraft Packaging Boxes,navigation
https://kraftboxpack.com/product/kraft-hanging-display-boxes/,https://kraftboxpack.com/product-category/kraft-wrapping-accessories/,Kraft Wrapping & Accessories,navigation
https://kraftboxpack.com/product/kraft-hanging-display-boxes/,https://kraftboxpack.com,Home,breadcrumb
https://kraftboxpack.com/product/kraft-hanging-display-boxes/,https://kraftboxpack.com/products/,Products,breadcrumb
https://kraftboxpack.com/product/kraft-hanging-display-boxes/,https://kraftboxpack.com/product-category/kraft-display-packaging/,Kraft Display Packaging,breadcrumb
https://kraftboxpack.com/product/kraft-hanging-display-boxes/,https://kraftboxpack.com/product/kraft-hanging-display-boxes/,Kraft Hanging Display Boxes,contextual
https://kraftboxpack.com/product/kraft-hanging-display-boxes/,https://kraftboxpack.com?add-to-cart=3330&quantity=1&e-redirect=https://kraftboxpack.com/cart/,Buy Now,contextual
https://kraftboxpack.com/product/kraft-hanging-display-boxes/,https://kraftboxpack.com/product/kraft-pop-display-boxes/,Kraft POP Display Boxes,contextual
https://kraftboxpack.com/product/kraft-hanging-display-boxes/,https://kraftboxpack.com/product-category/Kraft-Display-Packaging/,Kraft Display Packaging,contextual
https://kraftboxpack.com/product/kraft-hanging-display-boxes/,https://kraftboxpack.com/,Kraft Box Pack,contextual
https://kraftboxpack.com/product/kraft-hanging-display-boxes/,https://kraftboxpack.com/product/kraft-shelf-ready-packaging/,Kraft Display Packaging,related-product
https://kraftboxpack.com/product/kraft-hanging-display-boxes/,https://kraftboxpack.com/product/kraft-shelf-ready-packaging/,Kraft Shelf Ready Packaging,related-product
https://kraftboxpack.com/product/kraft-hanging-display-boxes/,https://kraftboxpack.com/product/kraft-retail-display-trays/,Kraft Display Packaging,related-product
https://kraftboxpack.com/product/kraft-hanging-display-boxes/,https://kraftboxpack.com/product/kraft-retail-display-trays/,Kraft Retail Display Trays,product-grid
https://kraftboxpack.com/product/kraft-hanging-display-boxes/,https://kraftboxpack.com/product/kraft-pop-display-boxes/,Kraft Display Packaging,product-grid
https://kraftboxpack.com/product/kraft-hanging-display-boxes/,https://kraftboxpack.com/cdn-cgi/l/email-protection,info@shopcardboardboxes,product-grid
https://kraftboxpack.com/product/kraft-hanging-display-boxes/,https://kraftboxpack.com/about-us/,About Us,footer
https://kraftboxpack.com/product/kraft-hanging-display-boxes/,https://kraftboxpack.com/contact-us/,Contact Us,footer
https://kraftboxpack.com/product/kraft-hanging-display-boxes/,https://kraftboxpack.com/privacy-policy/,Privacy Policy,footer
https://kraftboxpack.com/product/kraft-hanging-display-boxes/,https://kraftboxpack.com/refund_returns/,Refund and Returns Policy,footer
https://kraftboxpack.com/product/kraft-hanging-display-boxes/,https://kraftboxpack.com/terms-conditions/,Terms & Conditions,footer
https://kraftboxpack.com/product/kraft-heart-shaped-boxes/,https://kraftboxpack.com/cdn-cgi/l/email-protection,[email protected],navigation
https://kraftboxpack.com/product/kraft-heart-shaped-boxes/,https://kraftboxpack.com/cdn-cgi/l/email-protection,Email Us To Get 25% OFF,navigation
https://kraftboxpack.com/product/kraft-heart-shaped-boxes/,https://kraftboxpack.com,,navigation
https://kraftboxpack.com/product/kraft-heart-shaped-boxes/,https://kraftboxpack.com/,Home,navigation
https://kraftboxpack.com/product/kraft-heart-shaped-boxes/,https://kraftboxpack.com/product-category/colored-kraft-boxes/,Colored Kraft Boxes,navigation
https://kraftboxpack.com/product/kraft-heart-shaped-boxes/,https://kraftboxpack.com/product-category/kraft-gift-specialty-boxes/,Kraft Gift & Specialty Boxes,navigation
https://kraftboxpack.com/product/kraft-heart-shaped-boxes/,https://kraftboxpack.com/product-category/kraft-packaging-boxes/,Kraft Packaging Boxes,navigation
https://kraftboxpack.com/product/kraft-heart-shaped-boxes/,https://kraftboxpack.com/product-category/kraft-wrapping-accessories/,Kraft Wrapping & Accessories,navigation
https://kraftboxpack.com/product/kraft-heart-shaped-boxes/,https://kraftboxpack.com,Home,breadcrumb
https://kraftboxpack.com/product/kraft-heart-shaped-boxes/,https://kraftboxpack.com/products/,Products,breadcrumb
https://kraftboxpack.com/product/kraft-heart-shaped-boxes/,https://kraftboxpack.com/product-category/kraft-gift-specialty-boxes/custom-gift-boxes/,Custom Gift Boxes,contextual
https://kraftboxpack.com/product/kraft-heart-shaped-boxes/,https://kraftboxpack.com/product/kraft-heart-shaped-boxes/,Kraft Heart Shaped Boxes,contextual
https://kraftboxpack.com/product/kraft-heart-shaped-boxes/,https://kraftboxpack.com?add-to-cart=3128&quantity=1&e-redirect=https://kraftboxpack.com/cart/,Buy Now,contextual
https://kraftboxpack.com/product/kraft-heart-shaped-boxes/,https://kraftboxpack.com/product/kraft-ribbon-closure-boxes/,Kraft Ribbon Closure Boxes,contextual
https://kraftboxpack.com/product/kraft-heart-shaped-boxes/,https://kraftboxpack.com/,Custom kraft Boxes,contextual
https://kraftboxpack.com/product/kraft-heart-shaped-boxes/,https://kraftboxpack.com/product/kraft-liquor-gift-boxes/,Custom Gift Boxes,related-product
https://kraftboxpack.com/product/kraft-heart-shaped-boxes/,https://kraftboxpack.com/product/kraft-liquor-gift-boxes/,Kraft Liquor Gift Boxes,related-product
https://kraftboxpack.com/product/kraft-heart-shaped-boxes/,https://kraftboxpack.com/product/kraft-square-gift-boxes/,Custom Gift Boxes,related-product
https://kraftboxpack.com/product/kraft-heart-shaped-boxes/,https://kraftboxpack.com/product/kraft-square-gift-boxes/,Kraft Square Gift Boxes,product-grid
https://kraftboxpack.com/product/kraft-heart-shaped-boxes/,https://kraftboxpack.com/product/kraft-marketing-kit-boxes/,Custom Gift Boxes,product-grid
https://kraftboxpack.com/product/kraft-heart-shaped-boxes/,https://kraftboxpack.com/product/kraft-marketing-kit-boxes/,Kraft Marketing Kit Boxes,product-grid
https://kraftboxpack.com/product/kraft-heart-shaped-boxes/,https://kraftboxpack.com/product/kraft-pr-packaging-boxes/,Custom Gift Boxes,product-grid
https://kraftboxpack.com/product/kraft-heart-shaped-boxes/,https://kraftboxpack.com/product/kraft-pr-packaging-boxes/,Kraft PR Packaging Boxes,product-grid
https://kraftboxpack.com/product/kraft-heart-shaped-boxes/,https://kraftboxpack.com/cdn-cgi/l/email-protection,info@shopcardboardboxes,product-grid
https://kraftboxpack.com/product/kraft-heart-shaped-boxes/,https://kraftboxpack.com/about-us/,About Us,footer
https://kraftboxpack.com/product/kraft-heart-shaped-boxes/,https://kraftboxpack.com/contact-us/,Contact Us,footer
https://kraftboxpack.com/product/kraft-heart-shaped-boxes/,https://kraftboxpack.com/privacy-policy/,Privacy Policy,footer
https://kraftboxpack.com/product/kraft-heart-shaped-boxes/,https://kraftboxpack.com/refund_returns/,Refund and Returns Policy,footer
https://kraftboxpack.com/product/kraft-heart-shaped-boxes/,https://kraftboxpack.com/terms-conditions/,Terms & Conditions,footer
https://kraftboxpack.com/product/kraft-heavy-duty-storage-boxes/,https://kraftboxpack.com/cdn-cgi/l/email-protection,[email protected],navigation
https://kraftboxpack.com/product/kraft-heavy-duty-storage-boxes/,https://kraftboxpack.com/cdn-cgi/l/email-protection,Email Us To Get 25% OFF,navigation
https://kraftboxpack.com/product/kraft-heavy-duty-storage-boxes/,https://kraftboxpack.com,,navigation
https://kraftboxpack.com/product/kraft-heavy-duty-storage-boxes/,https://kraftboxpack.com/,Home,navigation
https://kraftboxpack.com/product/kraft-heavy-duty-storage-boxes/,https://kraftboxpack.com/product-category/colored-kraft-boxes/,Colored Kraft Boxes,navigation
https://kraftboxpack.com/product/kraft-heavy-duty-storage-boxes/,https://kraftboxpack.com/product-category/kraft-gift-specialty-boxes/,Kraft Gift & Specialty Boxes,navigation
https://kraftboxpack.com/product/kraft-heavy-duty-storage-boxes/,https://kraftboxpack.com/product-category/kraft-packaging-boxes/,Kraft Packaging Boxes,navigation
https://kraftboxpack.com/product/kraft-heavy-duty-storage-boxes/,https://kraftboxpack.com/product-category/kraft-wrapping-accessories/,Kraft Wrapping & Accessories,navigation
https://kraftboxpack.com/product/kraft-heavy-duty-storage-boxes/,https://kraftboxpack.com,Home,breadcrumb
https://kraftboxpack.com/product/kraft-heavy-duty-storage-boxes/,https://kraftboxpack.com/products/,Products,breadcrumb
https://kraftboxpack.com/product/kraft-heavy-duty-storage-boxes/,https://kraftboxpack.com/product-category/kraft-industrial-packaging/,Kraft Industrial Packaging,breadcrumb
https://kraftboxpack.com/product/kraft-heavy-duty-storage-boxes/,https://kraftboxpack.com/product/kraft-heavy-duty-storage-boxes/,Kraft Heavy Duty Storage Boxes,contextual
https://kraftboxpack.com/product/kraft-heavy-duty-storage-boxes/,https://kraftboxpack.com?add-to-cart=3321&quantity=1&e-redirect=https://kraftboxpack.com/cart/,Buy Now,contextual
https://kraftboxpack.com/product/kraft-heavy-duty-storage-boxes/,https://kraftboxpack.com/product/kraft-bulk-shipping-crates/,Kraft Bulk Shipping Crates,contextual
https://kraftboxpack.com/product/kraft-heavy-duty-storage-boxes/,https://kraftboxpack.com/product-category/Kraft-Industrial-Packaging/,Kraft Industrial Packaging,contextual
https://kraftboxpack.com/product/kraft-heavy-duty-storage-boxes/,https://kraftboxpack.com/,Custom Kraft Packaging,contextual
https://kraftboxpack.com/product/kraft-heavy-duty-storage-boxes/,https://kraftboxpack.com/product/kraft-bulk-shipping-crates/,Kraft Industrial Packaging,related-product
https://kraftboxpack.com/product/kraft-heavy-duty-storage-boxes/,https://kraftboxpack.com/product/kraft-industrial-parts-boxes/,Kraft Industrial Packaging,related-product
https://kraftboxpack.com/product/kraft-heavy-duty-storage-boxes/,https://kraftboxpack.com/product/kraft-industrial-parts-boxes/,Kraft Industrial Parts Boxes,product-grid
https://kraftboxpack.com/product/kraft-heavy-duty-storage-boxes/,https://kraftboxpack.com/product/kraft-insulated-cold-boxes/,Kraft Industrial Packaging,product-grid
https://kraftboxpack.com/product/kraft-heavy-duty-storage-boxes/,https://kraftboxpack.com/product/kraft-insulated-cold-boxes/,Kraft Insulated Cold Boxes,product-grid
https://kraftboxpack.com/product/kraft-heavy-duty-storage-boxes/,https://kraftboxpack.com/product/kraft-chemical-safe-boxes/,Kraft Industrial Packaging,product-grid
https://kraftboxpack.com/product/kraft-heavy-duty-storage-boxes/,https://kraftboxpack.com/product/kraft-chemical-safe-boxes/,Kraft Chemical Safe Boxes,product-grid
https://kraftboxpack.com/product/kraft-heavy-duty-storage-boxes/,https://kraftboxpack.com/cdn-cgi/l/email-protection,info@shopcardboardboxes,product-grid
https://kraftboxpack.com/product/kraft-heavy-duty-storage-boxes/,https://kraftboxpack.com/about-us/,About Us,footer
https://kraftboxpack.com/product/kraft-heavy-duty-storage-boxes/,https://kraftboxpack.com/contact-us/,Contact Us,footer
https://kraftboxpack.com/product/kraft-heavy-duty-storage-boxes/,https://kraftboxpack.com/privacy-policy/,Privacy Policy,footer
https://kraftboxpack.com/product/kraft-heavy-duty-storage-boxes/,https://kraftboxpack.com/refund_returns/,Refund and Returns Policy,footer
https://kraftboxpack.com/product/kraft-heavy-duty-storage-boxes/,https://kraftboxpack.com/terms-conditions/,Terms & Conditions,footer
https://kraftboxpack.com/product/kraft-hexagon-boxes/,https://kraftboxpack.com/cdn-cgi/l/email-protection,[email protected],navigation
https://kraftboxpack.com/product/kraft-hexagon-boxes/,https://kraftboxpack.com/cdn-cgi/l/email-protection,Email Us To Get 25% OFF,navigation
https://kraftboxpack.com/product/kraft-hexagon-boxes/,https://kraftboxpack.com,,navigation
https://kraftboxpack.com/product/kraft-hexagon-boxes/,https://kraftboxpack.com/,Home,navigation
https://kraftboxpack.com/product/kraft-hexagon-boxes/,https://kraftboxpack.com/product-category/colored-kraft-boxes/,Colored Kraft Boxes,navigation
https://kraftboxpack.com/product/kraft-hexagon-boxes/,https://kraftboxpack.com/product-category/kraft-gift-specialty-boxes/,Kraft Gift & Specialty Boxes,navigation
https://kraftboxpack.com/product/kraft-hexagon-boxes/,https://kraftboxpack.com/product-category/kraft-packaging-boxes/,Kraft Packaging Boxes,navigation
https://kraftboxpack.com/product/kraft-hexagon-boxes/,https://kraftboxpack.com/product-category/kraft-wrapping-accessories/,Kraft Wrapping & Accessories,navigation
https://kraftboxpack.com/product/kraft-hexagon-boxes/,https://kraftboxpack.com,Home,breadcrumb
https://kraftboxpack.com/product/kraft-hexagon-boxes/,https://kraftboxpack.com/products/,Products,breadcrumb
https://kraftboxpack.com/product/kraft-hexagon-boxes/,https://kraftboxpack.com/product-category/kraft-luxury-packaging/,Kraft Luxury Packaging,breadcrumb
https://kraftboxpack.com/product/kraft-hexagon-boxes/,https://kraftboxpack.com/product/kraft-hexagon-boxes/,Kraft Hexagon Boxes,contextual
https://kraftboxpack.com/product/kraft-hexagon-boxes/,https://kraftboxpack.com?add-to-cart=3149&quantity=1&e-redirect=https://kraftboxpack.com/cart/,Buy Now,contextual
https://kraftboxpack.com/product/kraft-hexagon-boxes/,https://kraftboxpack.com/product/kraft-Cylindrical-boxes/,Kraft Cylindrical Boxes,contextual
https://kraftboxpack.com/product/kraft-hexagon-boxes/,https://kraftboxpack.com/product-category/Kraft-Luxury-Packaging/,Kraft Luxury Packaging,contextual
https://kraftboxpack.com/product/kraft-hexagon-boxes/,https://kraftboxpack.com/,kraft packaging boxes,contextual
https://kraftboxpack.com/product/kraft-hexagon-boxes/,https://kraftboxpack.com/product/kraft-cylindrical-boxes/,Kraft Luxury Packaging,related-product
https://kraftboxpack.com/product/kraft-hexagon-boxes/,https://kraftboxpack.com/product/kraft-cylindrical-boxes/,Kraft Cylindrical Boxes,related-product
https://kraftboxpack.com/product/kraft-hexagon-boxes/,https://kraftboxpack.com/product/kraft-pyramid-boxes/,Kraft Luxury Packaging,related-product
https://kraftboxpack.com/product/kraft-hexagon-boxes/,https://kraftboxpack.com/product/kraft-pyramid-boxes/,Kraft Pyramid Boxes,product-grid
https://kraftboxpack.com/product/kraft-hexagon-boxes/,https://kraftboxpack.com/product/kraft-triangle-boxes/,Kraft Luxury Packaging,product-grid
https://kraftboxpack.com/product/kraft-hexagon-boxes/,https://kraftboxpack.com/product/kraft-triangle-boxes/,Kraft Triangle Boxes,product-grid
https://kraftboxpack.com/product/kraft-hexagon-boxes/,https://kraftboxpack.com/product/kraft-tube-packaging/,Kraft Luxury Packaging,product-grid
https://kraftboxpack.com/product/kraft-hexagon-boxes/,https://kraftboxpack.com/product/kraft-tube-packaging/,Kraft Tube Packaging,product-grid
https://kraftboxpack.com/product/kraft-hexagon-boxes/,https://kraftboxpack.com/cdn-cgi/l/email-protection,info@shopcardboardboxes,product-grid
https://kraftboxpack.com/product/kraft-hexagon-boxes/,https://kraftboxpack.com/about-us/,About Us,footer
https://kraftboxpack.com/product/kraft-hexagon-boxes/,https://kraftboxpack.com/contact-us/,Contact Us,footer
https://kraftboxpack.com/product/kraft-hexagon-boxes/,https://kraftboxpack.com/privacy-policy/,Privacy Policy,footer
https://kraftboxpack.com/product/kraft-hexagon-boxes/,https://kraftboxpack.com/refund_returns/,Refund and Returns Policy,footer
https://kraftboxpack.com/product/kraft-hexagon-boxes/,https://kraftboxpack.com/terms-conditions/,Terms & Conditions,footer
https://kraftboxpack.com/product/kraft-industrial-parts-boxes/,https://kraftboxpack.com/cdn-cgi/l/email-protection,[email protected],navigation
https://kraftboxpack.com/product/kraft-industrial-parts-boxes/,https://kraftboxpack.com/cdn-cgi/l/email-protection,Email Us To Get 25% OFF,navigation
https://kraftboxpack.com/product/kraft-industrial-parts-boxes/,https://kraftboxpack.com,,navigation
https://kraftboxpack.com/product/kraft-industrial-parts-boxes/,https://kraftboxpack.com/,Home,navigation
https://kraftboxpack.com/product/kraft-industrial-parts-boxes/,https://kraftboxpack.com/product-category/colored-kraft-boxes/,Colored Kraft Boxes,navigation
https://kraftboxpack.com/product/kraft-industrial-parts-boxes/,https://kraftboxpack.com/product-category/kraft-gift-specialty-boxes/,Kraft Gift & Specialty Boxes,navigation
https://kraftboxpack.com/product/kraft-industrial-parts-boxes/,https://kraftboxpack.com/product-category/kraft-packaging-boxes/,Kraft Packaging Boxes,navigation
https://kraftboxpack.com/product/kraft-industrial-parts-boxes/,https://kraftboxpack.com/product-category/kraft-wrapping-accessories/,Kraft Wrapping & Accessories,navigation
https://kraftboxpack.com/product/kraft-industrial-parts-boxes/,https://kraftboxpack.com,Home,breadcrumb
https://kraftboxpack.com/product/kraft-industrial-parts-boxes/,https://kraftboxpack.com/products/,Products,breadcrumb
https://kraftboxpack.com/product/kraft-industrial-parts-boxes/,https://kraftboxpack.com/product-category/kraft-industrial-packaging/,Kraft Industrial Packaging,breadcrumb
https://kraftboxpack.com/product/kraft-industrial-parts-boxes/,https://kraftboxpack.com/product/kraft-industrial-parts-boxes/,Kraft Industrial Parts Boxes,contextual
https://kraftboxpack.com/product/kraft-industrial-parts-boxes/,https://kraftboxpack.com?add-to-cart=3322&quantity=1&e-redirect=https://kraftboxpack.com/cart/,Buy Now,contextual
https://kraftboxpack.com/product/kraft-industrial-parts-boxes/,https://kraftboxpack.com/product/kraft-bulk-shipping-crates/,Kraft Bulk Shipping Crates,contextual
https://kraftboxpack.com/product/kraft-industrial-parts-boxes/,https://kraftboxpack.com/product-category/Kraft-Industrial-Packaging/,Kraft Industrial Packaging,contextual
https://kraftboxpack.com/product/kraft-industrial-parts-boxes/,https://kraftboxpack.com/,Kraft Packaging Wholesale,contextual
https://kraftboxpack.com/product/kraft-industrial-parts-boxes/,https://kraftboxpack.com/product/kraft-bulk-shipping-crates/,Kraft Industrial Packaging,related-product
https://kraftboxpack.com/product/kraft-industrial-parts-boxes/,https://kraftboxpack.com/product/kraft-insulated-cold-boxes/,Kraft Industrial Packaging,related-product
https://kraftboxpack.com/product/kraft-industrial-parts-boxes/,https://kraftboxpack.com/product/kraft-insulated-cold-boxes/,Kraft Insulated Cold Boxes,product-grid
https://kraftboxpack.com/product/kraft-industrial-parts-boxes/,https://kraftboxpack.com/product/kraft-chemical-safe-boxes/,Kraft Industrial Packaging,product-grid
https://kraftboxpack.com/product/kraft-industrial-parts-boxes/,https://kraftboxpack.com/product/kraft-chemical-safe-boxes/,Kraft Chemical Safe Boxes,product-grid
https://kraftboxpack.com/product/kraft-industrial-parts-boxes/,https://kraftboxpack.com/product/kraft-recycled-kraft-boxes/,Kraft Industrial Packaging,product-grid
https://kraftboxpack.com/product/kraft-industrial-parts-boxes/,https://kraftboxpack.com/product/kraft-recycled-kraft-boxes/,Kraft Recycled Kraft Boxes,product-grid
https://kraftboxpack.com/product/kraft-industrial-parts-boxes/,https://kraftboxpack.com/cdn-cgi/l/email-protection,info@shopcardboardboxes,product-grid
https://kraftboxpack.com/product/kraft-industrial-parts-boxes/,https://kraftboxpack.com/about-us/,About Us,footer
https://kraftboxpack.com/product/kraft-industrial-parts-boxes/,https://kraftboxpack.com/contact-us/,Contact Us,footer
https://kraftboxpack.com/product/kraft-industrial-parts-boxes/,https://kraftboxpack.com/privacy-policy/,Privacy Policy,footer
https://kraftboxpack.com/product/kraft-industrial-parts-boxes/,https://kraftboxpack.com/refund_returns/,Refund and Returns Policy,footer
https://kraftboxpack.com/product/kraft-industrial-parts-boxes/,https://kraftboxpack.com/terms-conditions/,Terms & Conditions,footer
https://kraftboxpack.com/product/kraft-influencer-boxes/,https://kraftboxpack.com/cdn-cgi/l/email-protection,[email protected],navigation
https://kraftboxpack.com/product/kraft-influencer-boxes/,https://kraftboxpack.com/cdn-cgi/l/email-protection,Email Us To Get 25% OFF,navigation
https://kraftboxpack.com/product/kraft-influencer-boxes/,https://kraftboxpack.com,,navigation
https://kraftboxpack.com/product/kraft-influencer-boxes/,https://kraftboxpack.com/,Home,navigation
https://kraftboxpack.com/product/kraft-influencer-boxes/,https://kraftboxpack.com/product-category/colored-kraft-boxes/,Colored Kraft Boxes,navigation
https://kraftboxpack.com/product/kraft-influencer-boxes/,https://kraftboxpack.com/product-category/kraft-gift-specialty-boxes/,Kraft Gift & Specialty Boxes,navigation
https://kraftboxpack.com/product/kraft-influencer-boxes/,https://kraftboxpack.com/product-category/kraft-packaging-boxes/,Kraft Packaging Boxes,navigation
https://kraftboxpack.com/product/kraft-influencer-boxes/,https://kraftboxpack.com/product-category/kraft-wrapping-accessories/,Kraft Wrapping & Accessories,navigation
https://kraftboxpack.com/product/kraft-influencer-boxes/,https://kraftboxpack.com,Home,breadcrumb
https://kraftboxpack.com/product/kraft-influencer-boxes/,https://kraftboxpack.com/products/,Products,breadcrumb
https://kraftboxpack.com/product/kraft-influencer-boxes/,https://kraftboxpack.com/product-category/kraft-gift-specialty-boxes/custom-gift-boxes/,Custom Gift Boxes,contextual
https://kraftboxpack.com/product/kraft-influencer-boxes/,https://kraftboxpack.com/product/kraft-influencer-boxes/,Kraft Influencer Boxes,contextual
https://kraftboxpack.com/product/kraft-influencer-boxes/,https://kraftboxpack.com?add-to-cart=3139&quantity=1&e-redirect=https://kraftboxpack.com/cart/,Buy Now,contextual
https://kraftboxpack.com/product/kraft-influencer-boxes/,https://kraftboxpack.com/product/kraft-marketing-kit-boxes/,Kraft Marketing Kit Boxes,contextual
https://kraftboxpack.com/product/kraft-influencer-boxes/,https://kraftboxpack.com/product-category/Custom-Gift-Boxes/,Custom Gift Boxes,contextual
https://kraftboxpack.com/product/kraft-influencer-boxes/,https://kraftboxpack.com/,Kraft Box Pack,contextual
https://kraftboxpack.com/product/kraft-influencer-boxes/,https://kraftboxpack.com/product/kraft-event-favor-boxes/,Custom Gift Boxes,related-product
https://kraftboxpack.com/product/kraft-influencer-boxes/,https://kraftboxpack.com/product/kraft-event-favor-boxes/,Kraft Event Favor Boxes,related-product
https://kraftboxpack.com/product/kraft-influencer-boxes/,https://kraftboxpack.com/product/kraft-flower-boxes/,Custom Gift Boxes,related-product
https://kraftboxpack.com/product/kraft-influencer-boxes/,https://kraftboxpack.com/product/kraft-flower-boxes/,Kraft Flower Boxes,product-grid
https://kraftboxpack.com/product/kraft-influencer-boxes/,https://kraftboxpack.com/product/kraft-gift-card-boxes/,Custom Gift Boxes,product-grid
https://kraftboxpack.com/product/kraft-influencer-boxes/,https://kraftboxpack.com/product/kraft-gift-card-boxes/,Kraft Gift Card Boxes,product-grid
https://kraftboxpack.com/product/kraft-influencer-boxes/,https://kraftboxpack.com/product/kraft-rectangular-gift-boxes/,Custom Gift Boxes,product-grid
https://kraftboxpack.com/product/kraft-influencer-boxes/,https://kraftboxpack.com/product/kraft-rectangular-gift-boxes/,Kraft Rectangular Gift Boxes,product-grid
https://kraftboxpack.com/product/kraft-influencer-boxes/,https://kraftboxpack.com/cdn-cgi/l/email-protection,info@shopcardboardboxes,product-grid
https://kraftboxpack.com/product/kraft-influencer-boxes/,https://kraftboxpack.com/about-us/,About Us,footer
https://kraftboxpack.com/product/kraft-influencer-boxes/,https://kraftboxpack.com/contact-us/,Contact Us,footer
https://kraftboxpack.com/product/kraft-influencer-boxes/,https://kraftboxpack.com/privacy-policy/,Privacy Policy,footer
https://kraftboxpack.com/product/kraft-influencer-boxes/,https://kraftboxpack.com/refund_returns/,Refund and Returns Policy,footer
https://kraftboxpack.com/product/kraft-influencer-boxes/,https://kraftboxpack.com/terms-conditions/,Terms & Conditions,footer
https://kraftboxpack.com/product/kraft-insulated-cold-boxes/,https://kraftboxpack.com/cdn-cgi/l/email-protection,[email protected],navigation
https://kraftboxpack.com/product/kraft-insulated-cold-boxes/,https://kraftboxpack.com/cdn-cgi/l/email-protection,Email Us To Get 25% OFF,navigation
https://kraftboxpack.com/product/kraft-insulated-cold-boxes/,https://kraftboxpack.com,,navigation
https://kraftboxpack.com/product/kraft-insulated-cold-boxes/,https://kraftboxpack.com/,Home,navigation
https://kraftboxpack.com/product/kraft-insulated-cold-boxes/,https://kraftboxpack.com/product-category/colored-kraft-boxes/,Colored Kraft Boxes,navigation
https://kraftboxpack.com/product/kraft-insulated-cold-boxes/,https://kraftboxpack.com/product-category/kraft-gift-specialty-boxes/,Kraft Gift & Specialty Boxes,navigation
https://kraftboxpack.com/product/kraft-insulated-cold-boxes/,https://kraftboxpack.com/product-category/kraft-packaging-boxes/,Kraft Packaging Boxes,navigation
https://kraftboxpack.com/product/kraft-insulated-cold-boxes/,https://kraftboxpack.com/product-category/kraft-wrapping-accessories/,Kraft Wrapping & Accessories,navigation
https://kraftboxpack.com/product/kraft-insulated-cold-boxes/,https://kraftboxpack.com,Home,breadcrumb
https://kraftboxpack.com/product/kraft-insulated-cold-boxes/,https://kraftboxpack.com/products/,Products,breadcrumb
https://kraftboxpack.com/product/kraft-insulated-cold-boxes/,https://kraftboxpack.com/product-category/kraft-industrial-packaging/,Kraft Industrial Packaging,breadcrumb
https://kraftboxpack.com/product/kraft-insulated-cold-boxes/,https://kraftboxpack.com/product/kraft-insulated-cold-boxes/,Kraft Insulated Cold Boxes,contextual
https://kraftboxpack.com/product/kraft-insulated-cold-boxes/,https://kraftboxpack.com?add-to-cart=3325&quantity=1&e-redirect=https://kraftboxpack.com/cart/,Buy Now,contextual
https://kraftboxpack.com/product/kraft-insulated-cold-boxes/,https://kraftboxpack.com/product/kraft-thermal-kraft-boxes/,Kraft Thermal Kraft Boxes,contextual
https://kraftboxpack.com/product/kraft-insulated-cold-boxes/,https://kraftboxpack.com/product-category/Kraft-Industrial-Packaging/,Kraft Industrial Packaging,contextual
https://kraftboxpack.com/product/kraft-insulated-cold-boxes/,https://kraftboxpack.com/,Kraft Wholesale Packaging,contextual
https://kraftboxpack.com/product/kraft-insulated-cold-boxes/,https://kraftboxpack.com/product/kraft-bulk-shipping-crates/,Kraft Industrial Packaging,related-product
https://kraftboxpack.com/product/kraft-insulated-cold-boxes/,https://kraftboxpack.com/product/kraft-bulk-shipping-crates/,Kraft Bulk Shipping Crates,related-product
https://kraftboxpack.com/product/kraft-insulated-cold-boxes/,https://kraftboxpack.com/product/kraft-heavy-duty-storage-boxes/,Kraft Industrial Packaging,related-product
https://kraftboxpack.com/product/kraft-insulated-cold-boxes/,https://kraftboxpack.com/product/kraft-heavy-duty-storage-boxes/,Kraft Heavy Duty Storage Boxes,product-grid
https://kraftboxpack.com/product/kraft-insulated-cold-boxes/,https://kraftboxpack.com/product/kraft-chemical-safe-boxes/,Kraft Industrial Packaging,product-grid
https://kraftboxpack.com/product/kraft-insulated-cold-boxes/,https://kraftboxpack.com/product/kraft-chemical-safe-boxes/,Kraft Chemical Safe Boxes,product-grid
https://kraftboxpack.com/product/kraft-insulated-cold-boxes/,https://kraftboxpack.com/product/kraft-recycled-kraft-boxes/,Kraft Industrial Packaging,product-grid
https://kraftboxpack.com/product/kraft-insulated-cold-boxes/,https://kraftboxpack.com/product/kraft-recycled-kraft-boxes/,Kraft Recycled Kraft Boxes,product-grid
https://kraftboxpack.com/product/kraft-insulated-cold-boxes/,https://kraftboxpack.com/cdn-cgi/l/email-protection,info@shopcardboardboxes,product-grid
https://kraftboxpack.com/product/kraft-insulated-cold-boxes/,https://kraftboxpack.com/about-us/,About Us,footer
https://kraftboxpack.com/product/kraft-insulated-cold-boxes/,https://kraftboxpack.com/contact-us/,Contact Us,footer
https://kraftboxpack.com/product/kraft-insulated-cold-boxes/,https://kraftboxpack.com/privacy-policy/,Privacy Policy,footer
https://kraftboxpack.com/product/kraft-insulated-cold-boxes/,https://kraftboxpack.com/refund_returns/,Refund and Returns Policy,footer
https://kraftboxpack.com/product/kraft-insulated-cold-boxes/,https://kraftboxpack.com/terms-conditions/,Terms & Conditions,footer
https://kraftboxpack.com/product/kraft-invitation-boxes/,https://kraftboxpack.com/cdn-cgi/l/email-protection,[email protected],navigation
https://kraftboxpack.com/product/kraft-invitation-boxes/,https://kraftboxpack.com/cdn-cgi/l/email-protection,Email Us To Get 25% OFF,navigation
https://kraftboxpack.com/product/kraft-invitation-boxes/,https://kraftboxpack.com,,navigation
https://kraftboxpack.com/product/kraft-invitation-boxes/,https://kraftboxpack.com/,Home,navigation
https://kraftboxpack.com/product/kraft-invitation-boxes/,https://kraftboxpack.com/product-category/colored-kraft-boxes/,Colored Kraft Boxes,navigation
https://kraftboxpack.com/product/kraft-invitation-boxes/,https://kraftboxpack.com/product-category/kraft-gift-specialty-boxes/,Kraft Gift & Specialty Boxes,navigation
https://kraftboxpack.com/product/kraft-invitation-boxes/,https://kraftboxpack.com/product-category/kraft-packaging-boxes/,Kraft Packaging Boxes,navigation
https://kraftboxpack.com/product/kraft-invitation-boxes/,https://kraftboxpack.com/product-category/kraft-wrapping-accessories/,Kraft Wrapping & Accessories,navigation
https://kraftboxpack.com/product/kraft-invitation-boxes/,https://kraftboxpack.com,Home,breadcrumb
https://kraftboxpack.com/product/kraft-invitation-boxes/,https://kraftboxpack.com/products/,Products,breadcrumb
https://kraftboxpack.com/product/kraft-invitation-boxes/,https://kraftboxpack.com/product-category/kraft-gift-specialty-boxes/custom-gift-boxes/,Custom Gift Boxes,contextual
https://kraftboxpack.com/product/kraft-invitation-boxes/,https://kraftboxpack.com/product/kraft-invitation-boxes/,Kraft Invitation Boxes,contextual
https://kraftboxpack.com/product/kraft-invitation-boxes/,https://kraftboxpack.com?add-to-cart=3133&quantity=1&e-redirect=https://kraftboxpack.com/cart/,Buy Now,contextual
https://kraftboxpack.com/product/kraft-invitation-boxes/,https://kraftboxpack.com/product/kraft-round-gift-containers/,Kraft Round Gift Containers,contextual
https://kraftboxpack.com/product/kraft-invitation-boxes/,https://kraftboxpack.com/product-category/Custom-Gift-Boxes/,Custom Gift Boxes,contextual
https://kraftboxpack.com/product/kraft-invitation-boxes/,https://kraftboxpack.com/,Kraft Box Pack,contextual
https://kraftboxpack.com/product/kraft-invitation-boxes/,https://kraftboxpack.com/product/kraft-drawer-gift-boxes/,Custom Gift Boxes,related-product
https://kraftboxpack.com/product/kraft-invitation-boxes/,https://kraftboxpack.com/product/kraft-drawer-gift-boxes/,Kraft Drawer Gift Boxes,related-product
https://kraftboxpack.com/product/kraft-invitation-boxes/,https://kraftboxpack.com/product/kraft-luxury-magnet-boxes/,Custom Gift Boxes,related-product
https://kraftboxpack.com/product/kraft-invitation-boxes/,https://kraftboxpack.com/product/kraft-luxury-magnet-boxes/,Kraft Luxury Magnet Boxes,product-grid
https://kraftboxpack.com/product/kraft-invitation-boxes/,https://kraftboxpack.com/product/kraft-promotional-boxes/,Custom Gift Boxes,product-grid
https://kraftboxpack.com/product/kraft-invitation-boxes/,https://kraftboxpack.com/product/kraft-promotional-boxes/,Kraft Promotional Boxes,product-grid
https://kraftboxpack.com/product/kraft-invitation-boxes/,https://kraftboxpack.com/product/kraft-marketing-kit-boxes/,Custom Gift Boxes,product-grid
https://kraftboxpack.com/product/kraft-invitation-boxes/,https://kraftboxpack.com/product/kraft-marketing-kit-boxes/,Kraft Marketing Kit Boxes,product-grid
https://kraftboxpack.com/product/kraft-invitation-boxes/,https://kraftboxpack.com/cdn-cgi/l/email-protection,info@shopcardboardboxes,product-grid
https://kraftboxpack.com/product/kraft-invitation-boxes/,https://kraftboxpack.com/about-us/,About Us,footer
https://kraftboxpack.com/product/kraft-invitation-boxes/,https://kraftboxpack.com/contact-us/,Contact Us,footer
https://kraftboxpack.com/product/kraft-invitation-boxes/,https://kraftboxpack.com/privacy-policy/,Privacy Policy,footer
https://kraftboxpack.com/product/kraft-invitation-boxes/,https://kraftboxpack.com/refund_returns/,Refund and Returns Policy,footer
https://kraftboxpack.com/product/kraft-invitation-boxes/,https://kraftboxpack.com/terms-conditions/,Terms & Conditions,footer
https://kraftboxpack.com/product/kraft-jewelry-boxes/,https://kraftboxpack.com/cdn-cgi/l/email-protection,[email protected],navigation
https://kraftboxpack.com/product/kraft-jewelry-boxes/,https://kraftboxpack.com/cdn-cgi/l/email-protection,Email Us To Get 25% OFF,navigation
https://kraftboxpack.com/product/kraft-jewelry-boxes/,https://kraftboxpack.com,,navigation
https://kraftboxpack.com/product/kraft-jewelry-boxes/,https://kraftboxpack.com/,Home,navigation
https://kraftboxpack.com/product/kraft-jewelry-boxes/,https://kraftboxpack.com/product-category/colored-kraft-boxes/,Colored Kraft Boxes,navigation
https://kraftboxpack.com/product/kraft-jewelry-boxes/,https://kraftboxpack.com/product-category/kraft-gift-specialty-boxes/,Kraft Gift & Specialty Boxes,navigation
https://kraftboxpack.com/product/kraft-jewelry-boxes/,https://kraftboxpack.com/product-category/kraft-packaging-boxes/,Kraft Packaging Boxes,navigation
https://kraftboxpack.com/product/kraft-jewelry-boxes/,https://kraftboxpack.com/product-category/kraft-wrapping-accessories/,Kraft Wrapping & Accessories,navigation
https://kraftboxpack.com/product/kraft-jewelry-boxes/,https://kraftboxpack.com,Home,breadcrumb
https://kraftboxpack.com/product/kraft-jewelry-boxes/,https://kraftboxpack.com/products/,Products,breadcrumb
https://kraftboxpack.com/product/kraft-jewelry-boxes/,https://kraftboxpack.com/product/kraft-jewelry-boxes/,Kraft Jewelry Boxes,contextual
https://kraftboxpack.com/product/kraft-jewelry-boxes/,https://kraftboxpack.com?add-to-cart=2663&quantity=1&e-redirect=https://kraftboxpack.com/cart/,Buy Now,contextual
https://kraftboxpack.com/product/kraft-jewelry-boxes/,https://kraftboxpack.com/,Kraft Box Pack,contextual
https://kraftboxpack.com/product/kraft-jewelry-boxes/,https://kraftboxpack.com/product/kraft-paper-gift-boxes/,Kraft Paper Gift Boxes,contextual
https://kraftboxpack.com/product/kraft-jewelry-boxes/,https://kraftboxpack.com/product/kraft-round-boxes/,Kraft Gift & Specialty Boxes,related-product
https://kraftboxpack.com/product/kraft-jewelry-boxes/,https://kraftboxpack.com/product/kraft-round-boxes/,Kraft Round Boxes,related-product
https://kraftboxpack.com/product/kraft-jewelry-boxes/,https://kraftboxpack.com/product/kraft-candy-boxes/,Kraft Gift & Specialty Boxes,related-product
https://kraftboxpack.com/product/kraft-jewelry-boxes/,https://kraftboxpack.com/product/kraft-candy-boxes/,Kraft Candy Boxes,product-grid
https://kraftboxpack.com/product/kraft-jewelry-boxes/,https://kraftboxpack.com/product/kraft-necklace-box/,Kraft Gift & Specialty Boxes,product-grid
https://kraftboxpack.com/product/kraft-jewelry-boxes/,https://kraftboxpack.com/product/kraft-necklace-box/,Kraft Necklace Box,product-grid
https://kraftboxpack.com/product/kraft-jewelry-boxes/,https://kraftboxpack.com/product/kraft-display-boxes/,Kraft Gift & Specialty Boxes,product-grid
https://kraftboxpack.com/product/kraft-jewelry-boxes/,https://kraftboxpack.com/product/kraft-display-boxes/,Kraft Display Boxes,product-grid
https://kraftboxpack.com/product/kraft-jewelry-boxes/,https://kraftboxpack.com/cdn-cgi/l/email-protection,info@shopcardboardboxes,product-grid
https://kraftboxpack.com/product/kraft-jewelry-boxes/,https://kraftboxpack.com/about-us/,About Us,footer
https://kraftboxpack.com/product/kraft-jewelry-boxes/,https://kraftboxpack.com/contact-us/,Contact Us,footer
https://kraftboxpack.com/product/kraft-jewelry-boxes/,https://kraftboxpack.com/privacy-policy/,Privacy Policy,footer
https://kraftboxpack.com/product/kraft-jewelry-boxes/,https://kraftboxpack.com/refund_returns/,Refund and Returns Policy,footer
https://kraftboxpack.com/product/kraft-jewelry-boxes/,https://kraftboxpack.com/terms-conditions/,Terms & Conditions,footer
https://kraftboxpack.com/product/kraft-jewelry-insert-boxes/,https://kraftboxpack.com/cdn-cgi/l/email-protection,[email protected],navigation
https://kraftboxpack.com/product/kraft-jewelry-insert-boxes/,https://kraftboxpack.com/cdn-cgi/l/email-protection,Email Us To Get 25% OFF,navigation
https://kraftboxpack.com/product/kraft-jewelry-insert-boxes/,https://kraftboxpack.com,,navigation
https://kraftboxpack.com/product/kraft-jewelry-insert-boxes/,https://kraftboxpack.com/,Home,navigation
https://kraftboxpack.com/product/kraft-jewelry-insert-boxes/,https://kraftboxpack.com/product-category/colored-kraft-boxes/,Colored Kraft Boxes,navigation
https://kraftboxpack.com/product/kraft-jewelry-insert-boxes/,https://kraftboxpack.com/product-category/kraft-gift-specialty-boxes/,Kraft Gift & Specialty Boxes,navigation
https://kraftboxpack.com/product/kraft-jewelry-insert-boxes/,https://kraftboxpack.com/product-category/kraft-packaging-boxes/,Kraft Packaging Boxes,navigation
https://kraftboxpack.com/product/kraft-jewelry-insert-boxes/,https://kraftboxpack.com/product-category/kraft-wrapping-accessories/,Kraft Wrapping & Accessories,navigation
https://kraftboxpack.com/product/kraft-jewelry-insert-boxes/,https://kraftboxpack.com,Home,breadcrumb
https://kraftboxpack.com/product/kraft-jewelry-insert-boxes/,https://kraftboxpack.com/products/,Products,breadcrumb
https://kraftboxpack.com/product/kraft-jewelry-insert-boxes/,https://kraftboxpack.com/product-category/jewelry-accessories-boxes/,Jewelry & Accessories Boxes,breadcrumb
https://kraftboxpack.com/product/kraft-jewelry-insert-boxes/,https://kraftboxpack.com/product/kraft-jewelry-insert-boxes/,Kraft Jewelry Insert Boxes,contextual
https://kraftboxpack.com/product/kraft-jewelry-insert-boxes/,https://kraftboxpack.com?add-to-cart=3157&quantity=1&e-redirect=https://kraftboxpack.com/cart/,Buy Now,contextual
https://kraftboxpack.com/product/kraft-jewelry-insert-boxes/,https://kraftboxpack.com/product/kraft-earring-packaging-boxes/,Kraft Earring Packaging Boxes,contextual
https://kraftboxpack.com/product/kraft-jewelry-insert-boxes/,https://kraftboxpack.com/product-category/Jewelry-&-Accessories-Boxes/,Jewelry & Accessories Boxes,contextual
https://kraftboxpack.com/product/kraft-jewelry-insert-boxes/,https://kraftboxpack.com/,Kraft Boxes Wholesale,contextual
https://kraftboxpack.com/product/kraft-jewelry-insert-boxes/,https://kraftboxpack.com/product/kraft-earring-packaging-boxes/,Jewelry & Accessories Boxes,related-product
https://kraftboxpack.com/product/kraft-jewelry-insert-boxes/,https://kraftboxpack.com/product/kraft-bracelet-packaging-boxes/,Jewelry & Accessories Boxes,related-product
https://kraftboxpack.com/product/kraft-jewelry-insert-boxes/,https://kraftboxpack.com/product/kraft-bracelet-packaging-boxes/,Kraft Bracelet Packaging Boxes,product-grid
https://kraftboxpack.com/product/kraft-jewelry-insert-boxes/,https://kraftboxpack.com/product/kraft-ring-packaging-boxes/,Jewelry & Accessories Boxes,product-grid
https://kraftboxpack.com/product/kraft-jewelry-insert-boxes/,https://kraftboxpack.com/product/kraft-ring-packaging-boxes/,Kraft Ring Packaging Boxes,product-grid
https://kraftboxpack.com/product/kraft-jewelry-insert-boxes/,https://kraftboxpack.com/product/kraft-watch-packaging-boxes/,Jewelry & Accessories Boxes,product-grid
https://kraftboxpack.com/product/kraft-jewelry-insert-boxes/,https://kraftboxpack.com/product/kraft-watch-packaging-boxes/,Kraft Watch Packaging Boxes,product-grid
https://kraftboxpack.com/product/kraft-jewelry-insert-boxes/,https://kraftboxpack.com/cdn-cgi/l/email-protection,info@shopcardboardboxes,product-grid
https://kraftboxpack.com/product/kraft-jewelry-insert-boxes/,https://kraftboxpack.com/about-us/,About Us,footer
https://kraftboxpack.com/product/kraft-jewelry-insert-boxes/,https://kraftboxpack.com/contact-us/,Contact Us,footer
https://kraftboxpack.com/product/kraft-jewelry-insert-boxes/,https://kraftboxpack.com/privacy-policy/,Privacy Policy,footer
https://kraftboxpack.com/product/kraft-jewelry-insert-boxes/,https://kraftboxpack.com/refund_returns/,Refund and Returns Policy,footer
https://kraftboxpack.com/product/kraft-jewelry-insert-boxes/,https://kraftboxpack.com/terms-conditions/,Terms & Conditions,footer
https://kraftboxpack.com/product/kraft-juice-bottle-carriers/,https://kraftboxpack.com/cdn-cgi/l/email-protection,[email protected],navigation
https://kraftboxpack.com/product/kraft-juice-bottle-carriers/,https://kraftboxpack.com/cdn-cgi/l/email-protection,Email Us To Get 25% OFF,navigation
https://kraftboxpack.com/product/kraft-juice-bottle-carriers/,https://kraftboxpack.com,,navigation
https://kraftboxpack.com/product/kraft-juice-bottle-carriers/,https://kraftboxpack.com/,Home,navigation
https://kraftboxpack.com/product/kraft-juice-bottle-carriers/,https://kraftboxpack.com/product-category/colored-kraft-boxes/,Colored Kraft Boxes,navigation
https://kraftboxpack.com/product/kraft-juice-bottle-carriers/,https://kraftboxpack.com/product-category/kraft-gift-specialty-boxes/,Kraft Gift & Specialty Boxes,navigation
https://kraftboxpack.com/product/kraft-juice-bottle-carriers/,https://kraftboxpack.com/product-category/kraft-packaging-boxes/,Kraft Packaging Boxes,navigation
https://kraftboxpack.com/product/kraft-juice-bottle-carriers/,https://kraftboxpack.com/product-category/kraft-wrapping-accessories/,Kraft Wrapping & Accessories,navigation
https://kraftboxpack.com/product/kraft-juice-bottle-carriers/,https://kraftboxpack.com,Home,breadcrumb
https://kraftboxpack.com/product/kraft-juice-bottle-carriers/,https://kraftboxpack.com/products/,Products,breadcrumb
https://kraftboxpack.com/product/kraft-juice-bottle-carriers/,https://kraftboxpack.com/product-category/kraft-food-packaging/,Kraft Food Packaging,breadcrumb
https://kraftboxpack.com/product/kraft-juice-bottle-carriers/,https://kraftboxpack.com/product/kraft-juice-bottle-carriers/,Kraft Juice Bottle Carriers,contextual
https://kraftboxpack.com/product/kraft-juice-bottle-carriers/,https://kraftboxpack.com?add-to-cart=3290&quantity=1&e-redirect=https://kraftboxpack.com/cart/,Buy Now,contextual
https://kraftboxpack.com/product/kraft-juice-bottle-carriers/,https://kraftboxpack.com/product/kraft-egg-cartons/,Kraft Egg Cartons,contextual
https://kraftboxpack.com/product/kraft-juice-bottle-carriers/,https://kraftboxpack.com/,Kraft Boxes Wholesale,contextual
https://kraftboxpack.com/product/kraft-juice-bottle-carriers/,https://kraftboxpack.com/product/kraft-egg-cartons/,Kraft Food Packaging,related-product
https://kraftboxpack.com/product/kraft-juice-bottle-carriers/,https://kraftboxpack.com/product/kraft-frozen-food-boxes/,Kraft Food Packaging,related-product
https://kraftboxpack.com/product/kraft-juice-bottle-carriers/,https://kraftboxpack.com/product/kraft-frozen-food-boxes/,Kraft Frozen Food Boxes,product-grid
https://kraftboxpack.com/product/kraft-juice-bottle-carriers/,https://kraftboxpack.com/product/kraft-salad-boxes/,Kraft Food Packaging,product-grid
https://kraftboxpack.com/product/kraft-juice-bottle-carriers/,https://kraftboxpack.com/product/kraft-salad-boxes/,Kraft Salad Boxes,product-grid
https://kraftboxpack.com/product/kraft-juice-bottle-carriers/,https://kraftboxpack.com/product/kraft-meat-packaging-boxes/,Kraft Food Packaging,product-grid
https://kraftboxpack.com/product/kraft-juice-bottle-carriers/,https://kraftboxpack.com/product/kraft-meat-packaging-boxes/,Kraft Meat Packaging Boxes,product-grid
https://kraftboxpack.com/product/kraft-juice-bottle-carriers/,https://kraftboxpack.com/cdn-cgi/l/email-protection,info@shopcardboardboxes,product-grid
https://kraftboxpack.com/product/kraft-juice-bottle-carriers/,https://kraftboxpack.com/about-us/,About Us,footer
https://kraftboxpack.com/product/kraft-juice-bottle-carriers/,https://kraftboxpack.com/contact-us/,Contact Us,footer
https://kraftboxpack.com/product/kraft-juice-bottle-carriers/,https://kraftboxpack.com/privacy-policy/,Privacy Policy,footer
https://kraftboxpack.com/product/kraft-juice-bottle-carriers/,https://kraftboxpack.com/refund_returns/,Refund and Returns Policy,footer
https://kraftboxpack.com/product/kraft-juice-bottle-carriers/,https://kraftboxpack.com/terms-conditions/,Terms & Conditions,footer
https://kraftboxpack.com/product/kraft-keychain-packaging-boxes/,https://kraftboxpack.com/cdn-cgi/l/email-protection,[email protected],navigation
https://kraftboxpack.com/product/kraft-keychain-packaging-boxes/,https://kraftboxpack.com/cdn-cgi/l/email-protection,Email Us To Get 25% OFF,navigation
https://kraftboxpack.com/product/kraft-keychain-packaging-boxes/,https://kraftboxpack.com,,navigation
https://kraftboxpack.com/product/kraft-keychain-packaging-boxes/,https://kraftboxpack.com/,Home,navigation
https://kraftboxpack.com/product/kraft-keychain-packaging-boxes/,https://kraftboxpack.com/product-category/colored-kraft-boxes/,Colored Kraft Boxes,navigation
https://kraftboxpack.com/product/kraft-keychain-packaging-boxes/,https://kraftboxpack.com/product-category/kraft-gift-specialty-boxes/,Kraft Gift & Specialty Boxes,navigation
https://kraftboxpack.com/product/kraft-keychain-packaging-boxes/,https://kraftboxpack.com/product-category/kraft-packaging-boxes/,Kraft Packaging Boxes,navigation
https://kraftboxpack.com/product/kraft-keychain-packaging-boxes/,https://kraftboxpack.com/product-category/kraft-wrapping-accessories/,Kraft Wrapping & Accessories,navigation
https://kraftboxpack.com/product/kraft-keychain-packaging-boxes/,https://kraftboxpack.com,Home,breadcrumb
https://kraftboxpack.com/product/kraft-keychain-packaging-boxes/,https://kraftboxpack.com/products/,Products,breadcrumb
https://kraftboxpack.com/product/kraft-keychain-packaging-boxes/,https://kraftboxpack.com/product-category/kraft-electronics-boxes/,Kraft Electronics Boxes,breadcrumb
https://kraftboxpack.com/product/kraft-keychain-packaging-boxes/,https://kraftboxpack.com/product/kraft-keychain-packaging-boxes/,Kraft Keychain Packaging Boxes,contextual
https://kraftboxpack.com/product/kraft-keychain-packaging-boxes/,https://kraftboxpack.com?add-to-cart=3307&quantity=1&e-redirect=https://kraftboxpack.com/cart/,Buy Now,contextual
https://kraftboxpack.com/product/kraft-keychain-packaging-boxes/,https://kraftboxpack.com/product/kraft-badge-packaging-boxes/,Kraft Badge Packaging Boxes,contextual
https://kraftboxpack.com/product/kraft-keychain-packaging-boxes/,https://kraftboxpack.com/product-category/Kraft-Electronics-Boxes/,Kraft Electronics Boxes,contextual
https://kraftboxpack.com/product/kraft-keychain-packaging-boxes/,https://kraftboxpack.com/,Kraft Boxes Wholesale,contextual
https://kraftboxpack.com/product/kraft-keychain-packaging-boxes/,https://kraftboxpack.com/product/kraft-badge-packaging-boxes/,Kraft Electronics Boxes,related-product
https://kraftboxpack.com/product/kraft-keychain-packaging-boxes/,https://kraftboxpack.com/product/kraft-pen-packaging-boxes/,Kraft Electronics Boxes,related-product
https://kraftboxpack.com/product/kraft-keychain-packaging-boxes/,https://kraftboxpack.com/product/kraft-pen-packaging-boxes/,Kraft Pen Packaging Boxes,product-grid
https://kraftboxpack.com/product/kraft-keychain-packaging-boxes/,https://kraftboxpack.com/product/kraft-notebook-packaging/,Kraft Electronics Boxes,product-grid
https://kraftboxpack.com/product/kraft-keychain-packaging-boxes/,https://kraftboxpack.com/product/kraft-notebook-packaging/,Kraft Notebook Packaging,product-grid
https://kraftboxpack.com/product/kraft-keychain-packaging-boxes/,https://kraftboxpack.com/product/kraft-pencil-packaging-boxes/,Kraft Electronics Boxes,product-grid
https://kraftboxpack.com/product/kraft-keychain-packaging-boxes/,https://kraftboxpack.com/product/kraft-pencil-packaging-boxes/,Kraft Pencil Packaging Boxes,product-grid
https://kraftboxpack.com/product/kraft-keychain-packaging-boxes/,https://kraftboxpack.com/cdn-cgi/l/email-protection,info@shopcardboardboxes,product-grid
https://kraftboxpack.com/product/kraft-keychain-packaging-boxes/,https://kraftboxpack.com/about-us/,About Us,footer
https://kraftboxpack.com/product/kraft-keychain-packaging-boxes/,https://kraftboxpack.com/contact-us/,Contact Us,footer
https://kraftboxpack.com/product/kraft-keychain-packaging-boxes/,https://kraftboxpack.com/privacy-policy/,Privacy Policy,footer
https://kraftboxpack.com/product/kraft-keychain-packaging-boxes/,https://kraftboxpack.com/refund_returns/,Refund and Returns Policy,footer
https://kraftboxpack.com/product/kraft-keychain-packaging-boxes/,https://kraftboxpack.com/terms-conditions/,Terms & Conditions,footer
https://kraftboxpack.com/product/kraft-lid-base-rigid-boxes/,https://kraftboxpack.com/cdn-cgi/l/email-protection,[email protected],navigation
https://kraftboxpack.com/product/kraft-lid-base-rigid-boxes/,https://kraftboxpack.com/cdn-cgi/l/email-protection,Email Us To Get 25% OFF,navigation
https://kraftboxpack.com/product/kraft-lid-base-rigid-boxes/,https://kraftboxpack.com,,navigation
https://kraftboxpack.com/product/kraft-lid-base-rigid-boxes/,https://kraftboxpack.com/,Home,navigation
https://kraftboxpack.com/product/kraft-lid-base-rigid-boxes/,https://kraftboxpack.com/product-category/colored-kraft-boxes/,Colored Kraft Boxes,navigation
https://kraftboxpack.com/product/kraft-lid-base-rigid-boxes/,https://kraftboxpack.com/product-category/kraft-gift-specialty-boxes/,Kraft Gift & Specialty Boxes,navigation
https://kraftboxpack.com/product/kraft-lid-base-rigid-boxes/,https://kraftboxpack.com/product-category/kraft-packaging-boxes/,Kraft Packaging Boxes,navigation
https://kraftboxpack.com/product/kraft-lid-base-rigid-boxes/,https://kraftboxpack.com/product-category/kraft-wrapping-accessories/,Kraft Wrapping & Accessories,navigation
https://kraftboxpack.com/product/kraft-lid-base-rigid-boxes/,https://kraftboxpack.com,Home,breadcrumb
https://kraftboxpack.com/product/kraft-lid-base-rigid-boxes/,https://kraftboxpack.com/products/,Products,breadcrumb
https://kraftboxpack.com/product/kraft-lid-base-rigid-boxes/,https://kraftboxpack.com/product-category/kraft-gift-specialty-boxes/custom-gift-boxes/,Custom Gift Boxes,contextual
https://kraftboxpack.com/product/kraft-lid-base-rigid-boxes/,https://kraftboxpack.com/product/kraft-lid-base-rigid-boxes/,Kraft Lid & Base Rigid Boxes,contextual
https://kraftboxpack.com/product/kraft-lid-base-rigid-boxes/,https://kraftboxpack.com?add-to-cart=3107&quantity=1&e-redirect=https://kraftboxpack.com/cart/,Buy Now,contextual
https://kraftboxpack.com/product/kraft-lid-base-rigid-boxes/,https://kraftboxpack.com/product/kraft-drawer-gift-boxes/,Kraft Drawer Gift Boxes,contextual
https://kraftboxpack.com/product/kraft-lid-base-rigid-boxes/,https://kraftboxpack.com/,kraft Box Pack,contextual
https://kraftboxpack.com/product/kraft-lid-base-rigid-boxes/,https://kraftboxpack.com/product/kraft-gift-card-boxes/,Custom Gift Boxes,related-product
https://kraftboxpack.com/product/kraft-lid-base-rigid-boxes/,https://kraftboxpack.com/product/kraft-gift-card-boxes/,Kraft Gift Card Boxes,related-product
https://kraftboxpack.com/product/kraft-lid-base-rigid-boxes/,https://kraftboxpack.com/product/kraft-influencer-boxes/,Custom Gift Boxes,related-product
https://kraftboxpack.com/product/kraft-lid-base-rigid-boxes/,https://kraftboxpack.com/product/kraft-influencer-boxes/,Kraft Influencer Boxes,product-grid
https://kraftboxpack.com/product/kraft-lid-base-rigid-boxes/,https://kraftboxpack.com/product/kraft-pillow-gift-boxes/,Custom Gift Boxes,product-grid
https://kraftboxpack.com/product/kraft-lid-base-rigid-boxes/,https://kraftboxpack.com/product/kraft-pillow-gift-boxes/,Kraft Pillow Gift Boxes,product-grid
https://kraftboxpack.com/product/kraft-lid-base-rigid-boxes/,https://kraftboxpack.com/product/kraft-candy-favor-boxes/,Custom Gift Boxes,product-grid
https://kraftboxpack.com/product/kraft-lid-base-rigid-boxes/,https://kraftboxpack.com/product/kraft-candy-favor-boxes/,Kraft Candy Favor Boxes,product-grid
https://kraftboxpack.com/product/kraft-lid-base-rigid-boxes/,https://kraftboxpack.com/cdn-cgi/l/email-protection,info@shopcardboardboxes,product-grid
https://kraftboxpack.com/product/kraft-lid-base-rigid-boxes/,https://kraftboxpack.com/about-us/,About Us,footer
https://kraftboxpack.com/product/kraft-lid-base-rigid-boxes/,https://kraftboxpack.com/contact-us/,Contact Us,footer
https://kraftboxpack.com/product/kraft-lid-base-rigid-boxes/,https://kraftboxpack.com/privacy-policy/,Privacy Policy,footer
https://kraftboxpack.com/product/kraft-lid-base-rigid-boxes/,https://kraftboxpack.com/refund_returns/,Refund and Returns Policy,footer
https://kraftboxpack.com/product/kraft-lid-base-rigid-boxes/,https://kraftboxpack.com/terms-conditions/,Terms & Conditions,footer
https://kraftboxpack.com/product/kraft-lip-balm-packaging-boxes/,https://kraftboxpack.com/cdn-cgi/l/email-protection,[email protected],navigation
https://kraftboxpack.com/product/kraft-lip-balm-packaging-boxes/,https://kraftboxpack.com/cdn-cgi/l/email-protection,Email Us To Get 25% OFF,navigation
https://kraftboxpack.com/product/kraft-lip-balm-packaging-boxes/,https://kraftboxpack.com,,navigation
https://kraftboxpack.com/product/kraft-lip-balm-packaging-boxes/,https://kraftboxpack.com/,Home,navigation
https://kraftboxpack.com/product/kraft-lip-balm-packaging-boxes/,https://kraftboxpack.com/product-category/colored-kraft-boxes/,Colored Kraft Boxes,navigation
https://kraftboxpack.com/product/kraft-lip-balm-packaging-boxes/,https://kraftboxpack.com/product-category/kraft-gift-specialty-boxes/,Kraft Gift & Specialty Boxes,navigation
https://kraftboxpack.com/product/kraft-lip-balm-packaging-boxes/,https://kraftboxpack.com/product-category/kraft-packaging-boxes/,Kraft Packaging Boxes,navigation
https://kraftboxpack.com/product/kraft-lip-balm-packaging-boxes/,https://kraftboxpack.com/product-category/kraft-wrapping-accessories/,Kraft Wrapping & Accessories,navigation
https://kraftboxpack.com/product/kraft-lip-balm-packaging-boxes/,https://kraftboxpack.com,Home,breadcrumb
https://kraftboxpack.com/product/kraft-lip-balm-packaging-boxes/,https://kraftboxpack.com/products/,Products,breadcrumb
https://kraftboxpack.com/product/kraft-lip-balm-packaging-boxes/,https://kraftboxpack.com/product-category/kraft-packaging-boxes/karft-cosmetic-boxes/,Kraft Cosmetic Boxes,contextual
https://kraftboxpack.com/product/kraft-lip-balm-packaging-boxes/,https://kraftboxpack.com/product/kraft-lip-balm-packaging-boxes/,Kraft Lip Balm Packaging Boxes,contextual
https://kraftboxpack.com/product/kraft-lip-balm-packaging-boxes/,https://kraftboxpack.com?add-to-cart=3172&quantity=1&e-redirect=https://kraftboxpack.com/cart/,Buy Now,contextual
https://kraftboxpack.com/product/kraft-lip-balm-packaging-boxes/,https://kraftboxpack.com/product/Kraft-Soap-Sleeve-Boxes/,Kraft Soap Sleeve Boxes,contextual
https://kraftboxpack.com/product/kraft-lip-balm-packaging-boxes/,https://kraftboxpack.com/product-category/Karft-Cosmetic-Boxes/,Karft Cosmetic Boxes,contextual
https://kraftboxpack.com/product/kraft-lip-balm-packaging-boxes/,https://kraftboxpack.com/,Kraft Boxes Wholesale,contextual
https://kraftboxpack.com/product/kraft-lip-balm-packaging-boxes/,https://kraftboxpack.com/product/kraft-skincare-boxes/,Kraft Cosmetic Boxes,related-product
https://kraftboxpack.com/product/kraft-lip-balm-packaging-boxes/,https://kraftboxpack.com/product/kraft-skincare-boxes/,Kraft Skincare Boxes,related-product
https://kraftboxpack.com/product/kraft-lip-balm-packaging-boxes/,https://kraftboxpack.com/product/kraft-makeup-palette-boxes/,Kraft Cosmetic Boxes,related-product
https://kraftboxpack.com/product/kraft-lip-balm-packaging-boxes/,https://kraftboxpack.com/product/kraft-makeup-palette-boxes/,Kraft Makeup Palette Boxes,product-grid
https://kraftboxpack.com/product/kraft-lip-balm-packaging-boxes/,https://kraftboxpack.com/product/kraft-soap-sleeve-boxes/,Kraft Cosmetic Boxes,product-grid
https://kraftboxpack.com/product/kraft-lip-balm-packaging-boxes/,https://kraftboxpack.com/product/kraft-soap-sleeve-boxes/,Kraft Soap Sleeve Boxes,product-grid
https://kraftboxpack.com/product/kraft-lip-balm-packaging-boxes/,https://kraftboxpack.com/product/kraft-beard-oil-boxes/,Kraft Cosmetic Boxes,product-grid
https://kraftboxpack.com/product/kraft-lip-balm-packaging-boxes/,https://kraftboxpack.com/product/kraft-beard-oil-boxes/,Kraft Beard Oil Boxes,product-grid
https://kraftboxpack.com/product/kraft-lip-balm-packaging-boxes/,https://kraftboxpack.com/cdn-cgi/l/email-protection,info@shopcardboardboxes,product-grid
https://kraftboxpack.com/product/kraft-lip-balm-packaging-boxes/,https://kraftboxpack.com/about-us/,About Us,footer
https://kraftboxpack.com/product/kraft-lip-balm-packaging-boxes/,https://kraftboxpack.com/contact-us/,Contact Us,footer
https://kraftboxpack.com/product/kraft-lip-balm-packaging-boxes/,https://kraftboxpack.com/privacy-policy/,Privacy Policy,footer
https://kraftboxpack.com/product/kraft-lip-balm-packaging-boxes/,https://kraftboxpack.com/refund_returns/,Refund and Returns Policy,footer
https://kraftboxpack.com/product/kraft-lip-balm-packaging-boxes/,https://kraftboxpack.com/terms-conditions/,Terms & Conditions,footer
https://kraftboxpack.com/product/kraft-liquor-gift-boxes/,https://kraftboxpack.com/cdn-cgi/l/email-protection,[email protected],navigation
https://kraftboxpack.com/product/kraft-liquor-gift-boxes/,https://kraftboxpack.com/cdn-cgi/l/email-protection,Email Us To Get 25% OFF,navigation
https://kraftboxpack.com/product/kraft-liquor-gift-boxes/,https://kraftboxpack.com,,navigation
https://kraftboxpack.com/product/kraft-liquor-gift-boxes/,https://kraftboxpack.com/,Home,navigation
https://kraftboxpack.com/product/kraft-liquor-gift-boxes/,https://kraftboxpack.com/product-category/colored-kraft-boxes/,Colored Kraft Boxes,navigation
https://kraftboxpack.com/product/kraft-liquor-gift-boxes/,https://kraftboxpack.com/product-category/kraft-gift-specialty-boxes/,Kraft Gift & Specialty Boxes,navigation
https://kraftboxpack.com/product/kraft-liquor-gift-boxes/,https://kraftboxpack.com/product-category/kraft-packaging-boxes/,Kraft Packaging Boxes,navigation
https://kraftboxpack.com/product/kraft-liquor-gift-boxes/,https://kraftboxpack.com/product-category/kraft-wrapping-accessories/,Kraft Wrapping & Accessories,navigation
https://kraftboxpack.com/product/kraft-liquor-gift-boxes/,https://kraftboxpack.com,Home,breadcrumb
https://kraftboxpack.com/product/kraft-liquor-gift-boxes/,https://kraftboxpack.com/products/,Products,breadcrumb
https://kraftboxpack.com/product/kraft-liquor-gift-boxes/,https://kraftboxpack.com/product-category/kraft-gift-specialty-boxes/custom-gift-boxes/,Custom Gift Boxes,contextual
https://kraftboxpack.com/product/kraft-liquor-gift-boxes/,https://kraftboxpack.com/product/kraft-liquor-gift-boxes/,Kraft Liquor Gift Boxes,contextual
https://kraftboxpack.com/product/kraft-liquor-gift-boxes/,https://kraftboxpack.com?add-to-cart=3100&quantity=1&e-redirect=https://kraftboxpack.com/cart/,Buy Now,contextual
https://kraftboxpack.com/product/kraft-liquor-gift-boxes/,https://kraftboxpack.com/product/kraft-gift-hamper-boxes/,Kraft Gift Hamper Boxes,contextual
https://kraftboxpack.com/product/kraft-liquor-gift-boxes/,https://kraftboxpack.com/,kraft Box Pack,contextual
https://kraftboxpack.com/product/kraft-liquor-gift-boxes/,https://kraftboxpack.com/product/kraft-giveaway-packaging-boxes/,Custom Gift Boxes,related-product
https://kraftboxpack.com/product/kraft-liquor-gift-boxes/,https://kraftboxpack.com/product/kraft-giveaway-packaging-boxes/,Kraft Giveaway Packaging Boxes,related-product
https://kraftboxpack.com/product/kraft-liquor-gift-boxes/,https://kraftboxpack.com/product/kraft-ribbon-closure-boxes/,Custom Gift Boxes,related-product
https://kraftboxpack.com/product/kraft-liquor-gift-boxes/,https://kraftboxpack.com/product/kraft-ribbon-closure-boxes/,Kraft Ribbon Closure Boxes,product-grid
https://kraftboxpack.com/product/kraft-liquor-gift-boxes/,https://kraftboxpack.com/product/kraft-round-gift-containers/,Custom Gift Boxes,product-grid
https://kraftboxpack.com/product/kraft-liquor-gift-boxes/,https://kraftboxpack.com/product/kraft-round-gift-containers/,Kraft Round Gift Containers,product-grid
https://kraftboxpack.com/product/kraft-liquor-gift-boxes/,https://kraftboxpack.com/product/kraft-subscription-boxes/,Custom Gift Boxes,product-grid
https://kraftboxpack.com/product/kraft-liquor-gift-boxes/,https://kraftboxpack.com/product/kraft-subscription-boxes/,Kraft Subscription Boxes,product-grid
https://kraftboxpack.com/product/kraft-liquor-gift-boxes/,https://kraftboxpack.com/cdn-cgi/l/email-protection,info@shopcardboardboxes,product-grid
https://kraftboxpack.com/product/kraft-liquor-gift-boxes/,https://kraftboxpack.com/about-us/,About Us,footer
https://kraftboxpack.com/product/kraft-liquor-gift-boxes/,https://kraftboxpack.com/contact-us/,Contact Us,footer
https://kraftboxpack.com/product/kraft-liquor-gift-boxes/,https://kraftboxpack.com/privacy-policy/,Privacy Policy,footer
https://kraftboxpack.com/product/kraft-liquor-gift-boxes/,https://kraftboxpack.com/refund_returns/,Refund and Returns Policy,footer
https://kraftboxpack.com/product/kraft-liquor-gift-boxes/,https://kraftboxpack.com/terms-conditions/,Terms & Conditions,footer
https://kraftboxpack.com/product/kraft-luxury-magnet-boxes/,https://kraftboxpack.com/cdn-cgi/l/email-protection,[email protected],navigation
https://kraftboxpack.com/product/kraft-luxury-magnet-boxes/,https://kraftboxpack.com/cdn-cgi/l/email-protection,Email Us To Get 25% OFF,navigation
https://kraftboxpack.com/product/kraft-luxury-magnet-boxes/,https://kraftboxpack.com,,navigation
https://kraftboxpack.com/product/kraft-luxury-magnet-boxes/,https://kraftboxpack.com/,Home,navigation
https://kraftboxpack.com/product/kraft-luxury-magnet-boxes/,https://kraftboxpack.com/product-category/colored-kraft-boxes/,Colored Kraft Boxes,navigation
https://kraftboxpack.com/product/kraft-luxury-magnet-boxes/,https://kraftboxpack.com/product-category/kraft-gift-specialty-boxes/,Kraft Gift & Specialty Boxes,navigation
https://kraftboxpack.com/product/kraft-luxury-magnet-boxes/,https://kraftboxpack.com/product-category/kraft-packaging-boxes/,Kraft Packaging Boxes,navigation
https://kraftboxpack.com/product/kraft-luxury-magnet-boxes/,https://kraftboxpack.com/product-category/kraft-wrapping-accessories/,Kraft Wrapping & Accessories,navigation
https://kraftboxpack.com/product/kraft-luxury-magnet-boxes/,https://kraftboxpack.com,Home,breadcrumb
https://kraftboxpack.com/product/kraft-luxury-magnet-boxes/,https://kraftboxpack.com/products/,Products,breadcrumb
https://kraftboxpack.com/product/kraft-luxury-magnet-boxes/,https://kraftboxpack.com/product-category/kraft-gift-specialty-boxes/custom-gift-boxes/,Custom Gift Boxes,contextual
https://kraftboxpack.com/product/kraft-luxury-magnet-boxes/,https://kraftboxpack.com/product/kraft-luxury-magnet-boxes/,Kraft Luxury Magnet Boxes,contextual
https://kraftboxpack.com/product/kraft-luxury-magnet-boxes/,https://kraftboxpack.com?add-to-cart=3108&quantity=1&e-redirect=https://kraftboxpack.com/cart/,Buy Now,contextual
https://kraftboxpack.com/product/kraft-luxury-magnet-boxes/,https://kraftboxpack.com/product/kraft-gift-hamper-boxes/,Kraft Gift Hamper Boxes,contextual
https://kraftboxpack.com/product/kraft-luxury-magnet-boxes/,https://kraftboxpack.com/,kraft Box Pack,contextual
https://kraftboxpack.com/product/kraft-luxury-magnet-boxes/,https://kraftboxpack.com/product/kraft-drawer-gift-boxes/,Custom Gift Boxes,related-product
https://kraftboxpack.com/product/kraft-luxury-magnet-boxes/,https://kraftboxpack.com/product/kraft-drawer-gift-boxes/,Kraft Drawer Gift Boxes,related-product
https://kraftboxpack.com/product/kraft-luxury-magnet-boxes/,https://kraftboxpack.com/product/kraft-round-gift-containers/,Custom Gift Boxes,related-product
https://kraftboxpack.com/product/kraft-luxury-magnet-boxes/,https://kraftboxpack.com/product/kraft-round-gift-containers/,Kraft Round Gift Containers,product-grid
https://kraftboxpack.com/product/kraft-luxury-magnet-boxes/,https://kraftboxpack.com/product/kraft-marketing-kit-boxes/,Custom Gift Boxes,product-grid
https://kraftboxpack.com/product/kraft-luxury-magnet-boxes/,https://kraftboxpack.com/product/kraft-marketing-kit-boxes/,Kraft Marketing Kit Boxes,product-grid
https://kraftboxpack.com/product/kraft-luxury-magnet-boxes/,https://kraftboxpack.com/product/kraft-pr-packaging-boxes/,Custom Gift Boxes,product-grid
https://kraftboxpack.com/product/kraft-luxury-magnet-boxes/,https://kraftboxpack.com/product/kraft-pr-packaging-boxes/,Kraft PR Packaging Boxes,product-grid
https://kraftboxpack.com/product/kraft-luxury-magnet-boxes/,https://kraftboxpack.com/cdn-cgi/l/email-protection,info@shopcardboardboxes,product-grid
https://kraftboxpack.com/product/kraft-luxury-magnet-boxes/,https://kraftboxpack.com/about-us/,About Us,footer
https://kraftboxpack.com/product/kraft-luxury-magnet-boxes/,https://kraftboxpack.com/contact-us/,Contact Us,footer
https://kraftboxpack.com/product/kraft-luxury-magnet-boxes/,https://kraftboxpack.com/privacy-policy/,Privacy Policy,footer
https://kraftboxpack.com/product/kraft-luxury-magnet-boxes/,https://kraftboxpack.com/refund_returns/,Refund and Returns Policy,footer
https://kraftboxpack.com/product/kraft-luxury-magnet-boxes/,https://kraftboxpack.com/terms-conditions/,Terms & Conditions,footer
https://kraftboxpack.com/product/kraft-macaron-packaging-boxes/,https://kraftboxpack.com/cdn-cgi/l/email-protection,[email protected],navigation
https://kraftboxpack.com/product/kraft-macaron-packaging-boxes/,https://kraftboxpack.com/cdn-cgi/l/email-protection,Email Us To Get 25% OFF,navigation
https://kraftboxpack.com/product/kraft-macaron-packaging-boxes/,https://kraftboxpack.com,,navigation
https://kraftboxpack.com/product/kraft-macaron-packaging-boxes/,https://kraftboxpack.com/,Home,navigation
https://kraftboxpack.com/product/kraft-macaron-packaging-boxes/,https://kraftboxpack.com/product-category/colored-kraft-boxes/,Colored Kraft Boxes,navigation
https://kraftboxpack.com/product/kraft-macaron-packaging-boxes/,https://kraftboxpack.com/product-category/kraft-gift-specialty-boxes/,Kraft Gift & Specialty Boxes,navigation
https://kraftboxpack.com/product/kraft-macaron-packaging-boxes/,https://kraftboxpack.com/product-category/kraft-packaging-boxes/,Kraft Packaging Boxes,navigation
https://kraftboxpack.com/product/kraft-macaron-packaging-boxes/,https://kraftboxpack.com/product-category/kraft-wrapping-accessories/,Kraft Wrapping & Accessories,navigation
https://kraftboxpack.com/product/kraft-macaron-packaging-boxes/,https://kraftboxpack.com,Home,breadcrumb
https://kraftboxpack.com/product/kraft-macaron-packaging-boxes/,https://kraftboxpack.com/products/,Products,breadcrumb
https://kraftboxpack.com/product/kraft-macaron-packaging-boxes/,https://kraftboxpack.com/product-category/kraft-food-packaging/,Kraft Food Packaging,breadcrumb
https://kraftboxpack.com/product/kraft-macaron-packaging-boxes/,https://kraftboxpack.com/product/kraft-macaron-packaging-boxes/,Kraft Macaron Packaging Boxes,contextual
https://kraftboxpack.com/product/kraft-macaron-packaging-boxes/,https://kraftboxpack.com?add-to-cart=3268&quantity=1&e-redirect=https://kraftboxpack.com/cart/,Buy Now,contextual
https://kraftboxpack.com/product/kraft-macaron-packaging-boxes/,https://kraftboxpack.com/product/kraft-muffin-packaging-boxes/,Kraft Muffin Packaging Boxes,contextual
https://kraftboxpack.com/product/kraft-macaron-packaging-boxes/,https://kraftboxpack.com/,Kraft Boxes Wholesale,contextual
https://kraftboxpack.com/product/kraft-macaron-packaging-boxes/,https://kraftboxpack.com/product/kraft-tea-packaging-boxes/,Kraft Food Packaging,related-product
https://kraftboxpack.com/product/kraft-macaron-packaging-boxes/,https://kraftboxpack.com/product/kraft-tea-packaging-boxes/,Kraft Tea Packaging Boxes,related-product
https://kraftboxpack.com/product/kraft-macaron-packaging-boxes/,https://kraftboxpack.com/product/kraft-chocolate-packaging-boxes/,Kraft Food Packaging,related-product
https://kraftboxpack.com/product/kraft-macaron-packaging-boxes/,https://kraftboxpack.com/product/kraft-chocolate-packaging-boxes/,Kraft Chocolate Packaging Boxes,product-grid
https://kraftboxpack.com/product/kraft-macaron-packaging-boxes/,https://kraftboxpack.com/product/kraft-sandwich-wedge-boxes/,Kraft Food Packaging,product-grid
https://kraftboxpack.com/product/kraft-macaron-packaging-boxes/,https://kraftboxpack.com/product/kraft-sandwich-wedge-boxes/,Kraft Sandwich Wedge Boxes,product-grid
https://kraftboxpack.com/product/kraft-macaron-packaging-boxes/,https://kraftboxpack.com/product/kraft-meat-packaging-boxes/,Kraft Food Packaging,product-grid
https://kraftboxpack.com/product/kraft-macaron-packaging-boxes/,https://kraftboxpack.com/product/kraft-meat-packaging-boxes/,Kraft Meat Packaging Boxes,product-grid
https://kraftboxpack.com/product/kraft-macaron-packaging-boxes/,https://kraftboxpack.com/cdn-cgi/l/email-protection,info@shopcardboardboxes,product-grid
https://kraftboxpack.com/product/kraft-macaron-packaging-boxes/,https://kraftboxpack.com/about-us/,About Us,footer
https://kraftboxpack.com/product/kraft-macaron-packaging-boxes/,https://kraftboxpack.com/contact-us/,Contact Us,footer
https://kraftboxpack.com/product/kraft-macaron-packaging-boxes/,https://kraftboxpack.com/privacy-policy/,Privacy Policy,footer
https://kraftboxpack.com/product/kraft-macaron-packaging-boxes/,https://kraftboxpack.com/refund_returns/,Refund and Returns Policy,footer
https://kraftboxpack.com/product/kraft-macaron-packaging-boxes/,https://kraftboxpack.com/terms-conditions/,Terms & Conditions,footer
https://kraftboxpack.com/product/kraft-magnetic-closure-boxes/,https://kraftboxpack.com/cdn-cgi/l/email-protection,[email protected],navigation
https://kraftboxpack.com/product/kraft-magnetic-closure-boxes/,https://kraftboxpack.com/cdn-cgi/l/email-protection,Email Us To Get 25% OFF,navigation
https://kraftboxpack.com/product/kraft-magnetic-closure-boxes/,https://kraftboxpack.com,,navigation
https://kraftboxpack.com/product/kraft-magnetic-closure-boxes/,https://kraftboxpack.com/,Home,navigation
https://kraftboxpack.com/product/kraft-magnetic-closure-boxes/,https://kraftboxpack.com/product-category/colored-kraft-boxes/,Colored Kraft Boxes,navigation
https://kraftboxpack.com/product/kraft-magnetic-closure-boxes/,https://kraftboxpack.com/product-category/kraft-gift-specialty-boxes/,Kraft Gift & Specialty Boxes,navigation
https://kraftboxpack.com/product/kraft-magnetic-closure-boxes/,https://kraftboxpack.com/product-category/kraft-packaging-boxes/,Kraft Packaging Boxes,navigation
https://kraftboxpack.com/product/kraft-magnetic-closure-boxes/,https://kraftboxpack.com/product-category/kraft-wrapping-accessories/,Kraft Wrapping & Accessories,navigation
https://kraftboxpack.com/product/kraft-magnetic-closure-boxes/,https://kraftboxpack.com,Home,breadcrumb
https://kraftboxpack.com/product/kraft-magnetic-closure-boxes/,https://kraftboxpack.com/products/,Products,breadcrumb
https://kraftboxpack.com/product/kraft-magnetic-closure-boxes/,https://kraftboxpack.com/product-category/kraft-luxury-packaging/,Kraft Luxury Packaging,breadcrumb
https://kraftboxpack.com/product/kraft-magnetic-closure-boxes/,https://kraftboxpack.com/product/kraft-magnetic-closure-boxes/,Kraft Magnetic Closure Boxes,contextual
https://kraftboxpack.com/product/kraft-magnetic-closure-boxes/,https://kraftboxpack.com?add-to-cart=3146&quantity=1&e-redirect=https://kraftboxpack.com/cart/,Buy Now,contextual
https://kraftboxpack.com/product/kraft-magnetic-closure-boxes/,https://kraftboxpack.com/product/kraft-Rigid-boxes/,Kraft Rigid Boxes,contextual
https://kraftboxpack.com/product/kraft-magnetic-closure-boxes/,https://kraftboxpack.com/product-category/Kraft-Luxury-Packaging/,Kraft Luxury Packaging,contextual
https://kraftboxpack.com/product/kraft-magnetic-closure-boxes/,https://kraftboxpack.com/,Kraft Box Pack,contextual
https://kraftboxpack.com/product/kraft-magnetic-closure-boxes/,https://kraftboxpack.com/product/kraft-rigid-boxes/,Kraft Luxury Packaging,related-product
https://kraftboxpack.com/product/kraft-magnetic-closure-boxes/,https://kraftboxpack.com/product/kraft-rigid-boxes/,Kraft Rigid Boxes,related-product
https://kraftboxpack.com/product/kraft-magnetic-closure-boxes/,https://kraftboxpack.com/product/kraft-octagon-boxes/,Kraft Luxury Packaging,related-product
https://kraftboxpack.com/product/kraft-magnetic-closure-boxes/,https://kraftboxpack.com/product/kraft-octagon-boxes/,Kraft Octagon Boxes,product-grid
https://kraftboxpack.com/product/kraft-magnetic-closure-boxes/,https://kraftboxpack.com/product/kraft-triangle-boxes/,Kraft Luxury Packaging,product-grid
https://kraftboxpack.com/product/kraft-magnetic-closure-boxes/,https://kraftboxpack.com/product/kraft-triangle-boxes/,Kraft Triangle Boxes,product-grid
https://kraftboxpack.com/product/kraft-magnetic-closure-boxes/,https://kraftboxpack.com/product/kraft-tube-packaging/,Kraft Luxury Packaging,product-grid
https://kraftboxpack.com/product/kraft-magnetic-closure-boxes/,https://kraftboxpack.com/product/kraft-tube-packaging/,Kraft Tube Packaging,product-grid
https://kraftboxpack.com/product/kraft-magnetic-closure-boxes/,https://kraftboxpack.com/cdn-cgi/l/email-protection,info@shopcardboardboxes,product-grid
https://kraftboxpack.com/product/kraft-magnetic-closure-boxes/,https://kraftboxpack.com/about-us/,About Us,footer
https://kraftboxpack.com/product/kraft-magnetic-closure-boxes/,https://kraftboxpack.com/contact-us/,Contact Us,footer
https://kraftboxpack.com/product/kraft-magnetic-closure-boxes/,https://kraftboxpack.com/privacy-policy/,Privacy Policy,footer
https://kraftboxpack.com/product/kraft-magnetic-closure-boxes/,https://kraftboxpack.com/refund_returns/,Refund and Returns Policy,footer
https://kraftboxpack.com/product/kraft-magnetic-closure-boxes/,https://kraftboxpack.com/terms-conditions/,Terms & Conditions,footer
https://kraftboxpack.com/product/kraft-mailer-boxes/,https://kraftboxpack.com/cdn-cgi/l/email-protection,[email protected],navigation
https://kraftboxpack.com/product/kraft-mailer-boxes/,https://kraftboxpack.com/cdn-cgi/l/email-protection,Email Us To Get 25% OFF,navigation
https://kraftboxpack.com/product/kraft-mailer-boxes/,https://kraftboxpack.com,,navigation
https://kraftboxpack.com/product/kraft-mailer-boxes/,https://kraftboxpack.com/,Home,navigation
https://kraftboxpack.com/product/kraft-mailer-boxes/,https://kraftboxpack.com/product-category/colored-kraft-boxes/,Colored Kraft Boxes,navigation
https://kraftboxpack.com/product/kraft-mailer-boxes/,https://kraftboxpack.com/product-category/kraft-gift-specialty-boxes/,Kraft Gift & Specialty Boxes,navigation
https://kraftboxpack.com/product/kraft-mailer-boxes/,https://kraftboxpack.com/product-category/kraft-packaging-boxes/,Kraft Packaging Boxes,navigation
https://kraftboxpack.com/product/kraft-mailer-boxes/,https://kraftboxpack.com/product-category/kraft-wrapping-accessories/,Kraft Wrapping & Accessories,navigation
https://kraftboxpack.com/product/kraft-mailer-boxes/,https://kraftboxpack.com,Home,breadcrumb
https://kraftboxpack.com/product/kraft-mailer-boxes/,https://kraftboxpack.com/products/,Products,breadcrumb
https://kraftboxpack.com/product/kraft-mailer-boxes/,https://kraftboxpack.com/product/kraft-mailer-boxes/,Kraft Mailer Boxes,contextual
https://kraftboxpack.com/product/kraft-mailer-boxes/,https://kraftboxpack.com?add-to-cart=2573&quantity=1&e-redirect=https://kraftboxpack.com/cart/,Buy Now,contextual
https://kraftboxpack.com/product/kraft-mailer-boxes/,https://kraftboxpack.com/product/kraft-bakery-boxes/,Kraft Bakery Boxes,contextual
https://kraftboxpack.com/product/kraft-mailer-boxes/,https://kraftboxpack.com/product-category/Kraft-Packaging-Boxes/,Kraft Packaging Boxes,contextual
https://kraftboxpack.com/product/kraft-mailer-boxes/,https://kraftboxpack.com/,Kraft Box Pack,contextual
https://kraftboxpack.com/product/kraft-mailer-boxes/,https://kraftboxpack.com/product/kraft-favor-boxes/,Kraft Packaging Boxes,related-product
https://kraftboxpack.com/product/kraft-mailer-boxes/,https://kraftboxpack.com/product/kraft-favor-boxes/,Kraft Favor Boxes,related-product
https://kraftboxpack.com/product/kraft-mailer-boxes/,https://kraftboxpack.com/product/kraft-shoe-boxes/,Kraft Packaging Boxes,related-product
https://kraftboxpack.com/product/kraft-mailer-boxes/,https://kraftboxpack.com/product/kraft-shoe-boxes/,Kraft Shoe Boxes,product-grid
https://kraftboxpack.com/product/kraft-mailer-boxes/,https://kraftboxpack.com/product/kraft-cardboard-boxes/,Kraft Packaging Boxes,product-grid
https://kraftboxpack.com/product/kraft-mailer-boxes/,https://kraftboxpack.com/product/kraft-cardboard-boxes/,Kraft Cardboard Boxes,product-grid
https://kraftboxpack.com/product/kraft-mailer-boxes/,https://kraftboxpack.com/product/kraft-drawer-boxes/,Kraft Packaging Boxes,product-grid
https://kraftboxpack.com/product/kraft-mailer-boxes/,https://kraftboxpack.com/product/kraft-drawer-boxes/,Kraft Drawer Boxes,product-grid
https://kraftboxpack.com/product/kraft-mailer-boxes/,https://kraftboxpack.com/cdn-cgi/l/email-protection,info@shopcardboardboxes,product-grid
https://kraftboxpack.com/product/kraft-mailer-boxes/,https://kraftboxpack.com/about-us/,About Us,footer
https://kraftboxpack.com/product/kraft-mailer-boxes/,https://kraftboxpack.com/contact-us/,Contact Us,footer
https://kraftboxpack.com/product/kraft-mailer-boxes/,https://kraftboxpack.com/privacy-policy/,Privacy Policy,footer
https://kraftboxpack.com/product/kraft-mailer-boxes/,https://kraftboxpack.com/refund_returns/,Refund and Returns Policy,footer
https://kraftboxpack.com/product/kraft-mailer-boxes/,https://kraftboxpack.com/terms-conditions/,Terms & Conditions,footer
https://kraftboxpack.com/product/kraft-makeup-palette-boxes/,https://kraftboxpack.com/cdn-cgi/l/email-protection,[email protected],navigation
https://kraftboxpack.com/product/kraft-makeup-palette-boxes/,https://kraftboxpack.com/cdn-cgi/l/email-protection,Email Us To Get 25% OFF,navigation
https://kraftboxpack.com/product/kraft-makeup-palette-boxes/,https://kraftboxpack.com,,navigation
https://kraftboxpack.com/product/kraft-makeup-palette-boxes/,https://kraftboxpack.com/,Home,navigation
https://kraftboxpack.com/product/kraft-makeup-palette-boxes/,https://kraftboxpack.com/product-category/colored-kraft-boxes/,Colored Kraft Boxes,navigation
https://kraftboxpack.com/product/kraft-makeup-palette-boxes/,https://kraftboxpack.com/product-category/kraft-gift-specialty-boxes/,Kraft Gift & Specialty Boxes,navigation
https://kraftboxpack.com/product/kraft-makeup-palette-boxes/,https://kraftboxpack.com/product-category/kraft-packaging-boxes/,Kraft Packaging Boxes,navigation
https://kraftboxpack.com/product/kraft-makeup-palette-boxes/,https://kraftboxpack.com/product-category/kraft-wrapping-accessories/,Kraft Wrapping & Accessories,navigation
https://kraftboxpack.com/product/kraft-makeup-palette-boxes/,https://kraftboxpack.com,Home,breadcrumb
https://kraftboxpack.com/product/kraft-makeup-palette-boxes/,https://kraftboxpack.com/products/,Products,breadcrumb
https://kraftboxpack.com/product/kraft-makeup-palette-boxes/,https://kraftboxpack.com/product-category/kraft-packaging-boxes/karft-cosmetic-boxes/,Kraft Cosmetic Boxes,contextual
https://kraftboxpack.com/product/kraft-makeup-palette-boxes/,https://kraftboxpack.com/product/kraft-makeup-palette-boxes/,Kraft Makeup Palette Boxes,contextual
https://kraftboxpack.com/product/kraft-makeup-palette-boxes/,https://kraftboxpack.com?add-to-cart=3166&quantity=1&e-redirect=https://kraftboxpack.com/cart/,Buy Now,contextual
https://kraftboxpack.com/product/kraft-makeup-palette-boxes/,https://kraftboxpack.com/product/Kraft-Eyelash-Packaging-Boxes/,Kraft Eyelash Packaging Boxes,contextual
https://kraftboxpack.com/product/kraft-makeup-palette-boxes/,https://kraftboxpack.com/product-category/Karft-Cosmetic-Boxes/,Kraft Cosmetic Boxes,contextual
https://kraftboxpack.com/product/kraft-makeup-palette-boxes/,https://kraftboxpack.com/,Custom Kraft Boxes,contextual
https://kraftboxpack.com/product/kraft-makeup-palette-boxes/,https://kraftboxpack.com/product/kraft-eyelash-packaging-boxes/,Kraft Cosmetic Boxes,related-product
https://kraftboxpack.com/product/kraft-makeup-palette-boxes/,https://kraftboxpack.com/product/kraft-eyelash-packaging-boxes/,Kraft Eyelash Packaging Boxes,related-product
https://kraftboxpack.com/product/kraft-makeup-palette-boxes/,https://kraftboxpack.com/product/kraft-perfume-boxes/,Kraft Cosmetic Boxes,related-product
https://kraftboxpack.com/product/kraft-makeup-palette-boxes/,https://kraftboxpack.com/product/kraft-perfume-boxes/,Kraft Perfume Boxes,product-grid
https://kraftboxpack.com/product/kraft-makeup-palette-boxes/,https://kraftboxpack.com/product/kraft-soap-sleeve-boxes/,Kraft Cosmetic Boxes,product-grid
https://kraftboxpack.com/product/kraft-makeup-palette-boxes/,https://kraftboxpack.com/product/kraft-soap-sleeve-boxes/,Kraft Soap Sleeve Boxes,product-grid
https://kraftboxpack.com/product/kraft-makeup-palette-boxes/,https://kraftboxpack.com/product/kraft-beard-oil-boxes/,Kraft Cosmetic Boxes,product-grid
https://kraftboxpack.com/product/kraft-makeup-palette-boxes/,https://kraftboxpack.com/product/kraft-beard-oil-boxes/,Kraft Beard Oil Boxes,product-grid
https://kraftboxpack.com/product/kraft-makeup-palette-boxes/,https://kraftboxpack.com/cdn-cgi/l/email-protection,info@shopcardboardboxes,product-grid
https://kraftboxpack.com/product/kraft-makeup-palette-boxes/,https://kraftboxpack.com/about-us/,About Us,footer
https://kraftboxpack.com/product/kraft-makeup-palette-boxes/,https://kraftboxpack.com/contact-us/,Contact Us,footer
https://kraftboxpack.com/product/kraft-makeup-palette-boxes/,https://kraftboxpack.com/privacy-policy/,Privacy Policy,footer
https://kraftboxpack.com/product/kraft-makeup-palette-boxes/,https://kraftboxpack.com/refund_returns/,Refund and Returns Policy,footer
https://kraftboxpack.com/product/kraft-makeup-palette-boxes/,https://kraftboxpack.com/terms-conditions/,Terms & Conditions,footer
https://kraftboxpack.com/product/kraft-marketing-kit-boxes/,https://kraftboxpack.com/cdn-cgi/l/email-protection,[email protected],navigation
https://kraftboxpack.com/product/kraft-marketing-kit-boxes/,https://kraftboxpack.com/cdn-cgi/l/email-protection,Email Us To Get 25% OFF,navigation
https://kraftboxpack.com/product/kraft-marketing-kit-boxes/,https://kraftboxpack.com,,navigation
https://kraftboxpack.com/product/kraft-marketing-kit-boxes/,https://kraftboxpack.com/,Home,navigation
https://kraftboxpack.com/product/kraft-marketing-kit-boxes/,https://kraftboxpack.com/product-category/colored-kraft-boxes/,Colored Kraft Boxes,navigation
https://kraftboxpack.com/product/kraft-marketing-kit-boxes/,https://kraftboxpack.com/product-category/kraft-gift-specialty-boxes/,Kraft Gift & Specialty Boxes,navigation
https://kraftboxpack.com/product/kraft-marketing-kit-boxes/,https://kraftboxpack.com/product-category/kraft-packaging-boxes/,Kraft Packaging Boxes,navigation
https://kraftboxpack.com/product/kraft-marketing-kit-boxes/,https://kraftboxpack.com/product-category/kraft-wrapping-accessories/,Kraft Wrapping & Accessories,navigation
https://kraftboxpack.com/product/kraft-marketing-kit-boxes/,https://kraftboxpack.com,Home,breadcrumb
https://kraftboxpack.com/product/kraft-marketing-kit-boxes/,https://kraftboxpack.com/products/,Products,breadcrumb
https://kraftboxpack.com/product/kraft-marketing-kit-boxes/,https://kraftboxpack.com/product-category/kraft-gift-specialty-boxes/custom-gift-boxes/,Custom Gift Boxes,contextual
https://kraftboxpack.com/product/kraft-marketing-kit-boxes/,https://kraftboxpack.com/product/kraft-marketing-kit-boxes/,Kraft Marketing Kit Boxes,contextual
https://kraftboxpack.com/product/kraft-marketing-kit-boxes/,https://kraftboxpack.com?add-to-cart=3138&quantity=1&e-redirect=https://kraftboxpack.com/cart/,Buy Now,contextual
https://kraftboxpack.com/product/kraft-marketing-kit-boxes/,https://kraftboxpack.com/product/kraft-promotional-boxes/,Kraft Promotional Boxes,contextual
https://kraftboxpack.com/product/kraft-marketing-kit-boxes/,https://kraftboxpack.com/product-category/Custom-Gift-Boxes/,Custom Gift Boxes,contextual
https://kraftboxpack.com/product/kraft-marketing-kit-boxes/,https://kraftboxpack.com/,Kraft Boxes Wholesale,contextual
https://kraftboxpack.com/product/kraft-marketing-kit-boxes/,https://kraftboxpack.com/product/kraft-drawer-gift-boxes/,Custom Gift Boxes,related-product
https://kraftboxpack.com/product/kraft-marketing-kit-boxes/,https://kraftboxpack.com/product/kraft-drawer-gift-boxes/,Kraft Drawer Gift Boxes,related-product
https://kraftboxpack.com/product/kraft-marketing-kit-boxes/,https://kraftboxpack.com/product/kraft-gift-hamper-boxes/,Custom Gift Boxes,related-product
https://kraftboxpack.com/product/kraft-marketing-kit-boxes/,https://kraftboxpack.com/product/kraft-gift-hamper-boxes/,Kraft Gift Hamper Boxes,product-grid
https://kraftboxpack.com/product/kraft-marketing-kit-boxes/,https://kraftboxpack.com/product/kraft-giveaway-packaging-boxes/,Custom Gift Boxes,product-grid
https://kraftboxpack.com/product/kraft-marketing-kit-boxes/,https://kraftboxpack.com/product/kraft-giveaway-packaging-boxes/,Kraft Giveaway Packaging Boxes,product-grid
https://kraftboxpack.com/product/kraft-marketing-kit-boxes/,https://kraftboxpack.com/product/kraft-square-gift-boxes/,Custom Gift Boxes,product-grid
https://kraftboxpack.com/product/kraft-marketing-kit-boxes/,https://kraftboxpack.com/product/kraft-square-gift-boxes/,Kraft Square Gift Boxes,product-grid
https://kraftboxpack.com/product/kraft-marketing-kit-boxes/,https://kraftboxpack.com/cdn-cgi/l/email-protection,info@shopcardboardboxes,product-grid
https://kraftboxpack.com/product/kraft-marketing-kit-boxes/,https://kraftboxpack.com/about-us/,About Us,footer
https://kraftboxpack.com/product/kraft-marketing-kit-boxes/,https://kraftboxpack.com/contact-us/,Contact Us,footer
https://kraftboxpack.com/product/kraft-marketing-kit-boxes/,https://kraftboxpack.com/privacy-policy/,Privacy Policy,footer
https://kraftboxpack.com/product/kraft-marketing-kit-boxes/,https://kraftboxpack.com/refund_returns/,Refund and Returns Policy,footer
https://kraftboxpack.com/product/kraft-marketing-kit-boxes/,https://kraftboxpack.com/terms-conditions/,Terms & Conditions,footer
https://kraftboxpack.com/product/kraft-mascara-boxes/,https://kraftboxpack.com/cdn-cgi/l/email-protection,[email protected],navigation
https://kraftboxpack.com/product/kraft-mascara-boxes/,https://kraftboxpack.com/cdn-cgi/l/email-protection,Email Us To Get 25% OFF,navigation
https://kraftboxpack.com/product/kraft-mascara-boxes/,https://kraftboxpack.com,,navigation
https://kraftboxpack.com/product/kraft-mascara-boxes/,https://kraftboxpack.com/,Home,navigation
https://kraftboxpack.com/product/kraft-mascara-boxes/,https://kraftboxpack.com/product-category/colored-kraft-boxes/,Colored Kraft Boxes,navigation
https://kraftboxpack.com/product/kraft-mascara-boxes/,https://kraftboxpack.com/product-category/kraft-gift-specialty-boxes/,Kraft Gift & Specialty Boxes,navigation
https://kraftboxpack.com/product/kraft-mascara-boxes/,https://kraftboxpack.com/product-category/kraft-packaging-boxes/,Kraft Packaging Boxes,navigation
https://kraftboxpack.com/product/kraft-mascara-boxes/,https://kraftboxpack.com/product-category/kraft-wrapping-accessories/,Kraft Wrapping & Accessories,navigation
https://kraftboxpack.com/product/kraft-mascara-boxes/,https://kraftboxpack.com,Home,breadcrumb
https://kraftboxpack.com/product/kraft-mascara-boxes/,https://kraftboxpack.com/products/,Products,breadcrumb
https://kraftboxpack.com/product/kraft-mascara-boxes/,https://kraftboxpack.com/product-category/kraft-cosmetic-boxes/,Kraft Cosmetic Boxes,breadcrumb
https://kraftboxpack.com/product/kraft-mascara-boxes/,https://kraftboxpack.com/product/kraft-mascara-boxes/,Kraft Mascara Boxes,contextual
https://kraftboxpack.com/product/kraft-mascara-boxes/,https://kraftboxpack.com?add-to-cart=3173&quantity=1&e-redirect=https://kraftboxpack.com/cart/,Buy Now,contextual
https://kraftboxpack.com/product/kraft-mascara-boxes/,https://kraftboxpack.com/product/Kraft-Lip-Balm-Packaging-Boxes/,Kraft Lip Balm Packaging Boxes,contextual
https://kraftboxpack.com/product/kraft-mascara-boxes/,https://kraftboxpack.com/product-category/Karft-Cosmetic-Boxes/,Kraft Cosmetic Boxes,contextual
https://kraftboxpack.com/product/kraft-mascara-boxes/,https://kraftboxpack.com/,Custom,contextual
https://kraftboxpack.com/product/kraft-mascara-boxes/,https://kraftboxpack.com/,Kraft Boxes,contextual
https://kraftboxpack.com/product/kraft-mascara-boxes/,https://kraftboxpack.com/product/kraft-beauty-kit-boxes/,Kraft Cosmetic Boxes,related-product
https://kraftboxpack.com/product/kraft-mascara-boxes/,https://kraftboxpack.com/product/kraft-beauty-kit-boxes/,Kraft Beauty Kit Boxes,related-product
https://kraftboxpack.com/product/kraft-mascara-boxes/,https://kraftboxpack.com/cdn-cgi/l/email-protection,info@shopcardboardboxes,product-grid
https://kraftboxpack.com/product/kraft-mascara-boxes/,https://kraftboxpack.com/about-us/,About Us,footer
https://kraftboxpack.com/product/kraft-mascara-boxes/,https://kraftboxpack.com/contact-us/,Contact Us,footer
https://kraftboxpack.com/product/kraft-mascara-boxes/,https://kraftboxpack.com/privacy-policy/,Privacy Policy,footer
https://kraftboxpack.com/product/kraft-mascara-boxes/,https://kraftboxpack.com/refund_returns/,Refund and Returns Policy,footer
https://kraftboxpack.com/product/kraft-mascara-boxes/,https://kraftboxpack.com/terms-conditions/,Terms & Conditions,footer
https://kraftboxpack.com/product/kraft-meat-packaging-boxes/,https://kraftboxpack.com/cdn-cgi/l/email-protection,[email protected],navigation
https://kraftboxpack.com/product/kraft-meat-packaging-boxes/,https://kraftboxpack.com/cdn-cgi/l/email-protection,Email Us To Get 25% OFF,navigation
https://kraftboxpack.com/product/kraft-meat-packaging-boxes/,https://kraftboxpack.com,,navigation
https://kraftboxpack.com/product/kraft-meat-packaging-boxes/,https://kraftboxpack.com/,Home,navigation
https://kraftboxpack.com/product/kraft-meat-packaging-boxes/,https://kraftboxpack.com/product-category/colored-kraft-boxes/,Colored Kraft Boxes,navigation
https://kraftboxpack.com/product/kraft-meat-packaging-boxes/,https://kraftboxpack.com/product-category/kraft-gift-specialty-boxes/,Kraft Gift & Specialty Boxes,navigation
https://kraftboxpack.com/product/kraft-meat-packaging-boxes/,https://kraftboxpack.com/product-category/kraft-packaging-boxes/,Kraft Packaging Boxes,navigation
https://kraftboxpack.com/product/kraft-meat-packaging-boxes/,https://kraftboxpack.com/product-category/kraft-wrapping-accessories/,Kraft Wrapping & Accessories,navigation
https://kraftboxpack.com/product/kraft-meat-packaging-boxes/,https://kraftboxpack.com,Home,breadcrumb
https://kraftboxpack.com/product/kraft-meat-packaging-boxes/,https://kraftboxpack.com/products/,Products,breadcrumb
https://kraftboxpack.com/product/kraft-meat-packaging-boxes/,https://kraftboxpack.com/product-category/kraft-food-packaging/,Kraft Food Packaging,breadcrumb
https://kraftboxpack.com/product/kraft-meat-packaging-boxes/,https://kraftboxpack.com/product/kraft-meat-packaging-boxes/,Kraft Meat Packaging Boxes,contextual
https://kraftboxpack.com/product/kraft-meat-packaging-boxes/,https://kraftboxpack.com?add-to-cart=3280&quantity=1&e-redirect=https://kraftboxpack.com/cart/,Buy Now,contextual
https://kraftboxpack.com/product/kraft-meat-packaging-boxes/,https://kraftboxpack.com/product/kraft-frozen-food-boxes/,Kraft Frozen Food Boxes,contextual
https://kraftboxpack.com/product/kraft-meat-packaging-boxes/,https://kraftboxpack.com/,Custom Kraft Boxes,contextual
https://kraftboxpack.com/product/kraft-meat-packaging-boxes/,https://kraftboxpack.com/product/kraft-chocolate-packaging-boxes/,Kraft Food Packaging,related-product
https://kraftboxpack.com/product/kraft-meat-packaging-boxes/,https://kraftboxpack.com/product/kraft-chocolate-packaging-boxes/,Kraft Chocolate Packaging Boxes,related-product
https://kraftboxpack.com/product/kraft-meat-packaging-boxes/,https://kraftboxpack.com/product/kraft-pastry-boxes/,Kraft Food Packaging,related-product
https://kraftboxpack.com/product/kraft-meat-packaging-boxes/,https://kraftboxpack.com/product/kraft-pastry-boxes/,Kraft Pastry Boxes,product-grid
https://kraftboxpack.com/product/kraft-meat-packaging-boxes/,https://kraftboxpack.com/product/kraft-muffin-packaging-boxes/,Kraft Food Packaging,product-grid
https://kraftboxpack.com/product/kraft-meat-packaging-boxes/,https://kraftboxpack.com/product/kraft-muffin-packaging-boxes/,Kraft Muffin Packaging Boxes,product-grid
https://kraftboxpack.com/product/kraft-meat-packaging-boxes/,https://kraftboxpack.com/product/kraft-brownie-packaging-boxes/,Kraft Food Packaging,product-grid
https://kraftboxpack.com/product/kraft-meat-packaging-boxes/,https://kraftboxpack.com/product/kraft-brownie-packaging-boxes/,Kraft Brownie Packaging Boxes,product-grid
https://kraftboxpack.com/product/kraft-meat-packaging-boxes/,https://kraftboxpack.com/cdn-cgi/l/email-protection,info@shopcardboardboxes,product-grid
https://kraftboxpack.com/product/kraft-meat-packaging-boxes/,https://kraftboxpack.com/about-us/,About Us,footer
https://kraftboxpack.com/product/kraft-meat-packaging-boxes/,https://kraftboxpack.com/contact-us/,Contact Us,footer
https://kraftboxpack.com/product/kraft-meat-packaging-boxes/,https://kraftboxpack.com/privacy-policy/,Privacy Policy,footer
https://kraftboxpack.com/product/kraft-meat-packaging-boxes/,https://kraftboxpack.com/refund_returns/,Refund and Returns Policy,footer
https://kraftboxpack.com/product/kraft-meat-packaging-boxes/,https://kraftboxpack.com/terms-conditions/,Terms & Conditions,footer
https://kraftboxpack.com/product/kraft-medicine-packaging-boxes/,https://kraftboxpack.com/cdn-cgi/l/email-protection,[email protected],navigation
https://kraftboxpack.com/product/kraft-medicine-packaging-boxes/,https://kraftboxpack.com/cdn-cgi/l/email-protection,Email Us To Get 25% OFF,navigation
https://kraftboxpack.com/product/kraft-medicine-packaging-boxes/,https://kraftboxpack.com,,navigation
https://kraftboxpack.com/product/kraft-medicine-packaging-boxes/,https://kraftboxpack.com/,Home,navigation
https://kraftboxpack.com/product/kraft-medicine-packaging-boxes/,https://kraftboxpack.com/product-category/colored-kraft-boxes/,Colored Kraft Boxes,navigation
https://kraftboxpack.com/product/kraft-medicine-packaging-boxes/,https://kraftboxpack.com/product-category/kraft-gift-specialty-boxes/,Kraft Gift & Specialty Boxes,navigation
https://kraftboxpack.com/product/kraft-medicine-packaging-boxes/,https://kraftboxpack.com/product-category/kraft-packaging-boxes/,Kraft Packaging Boxes,navigation
https://kraftboxpack.com/product/kraft-medicine-packaging-boxes/,https://kraftboxpack.com/product-category/kraft-wrapping-accessories/,Kraft Wrapping & Accessories,navigation
https://kraftboxpack.com/product/kraft-medicine-packaging-boxes/,https://kraftboxpack.com,Home,breadcrumb
https://kraftboxpack.com/product/kraft-medicine-packaging-boxes/,https://kraftboxpack.com/products/,Products,breadcrumb
https://kraftboxpack.com/product/kraft-medicine-packaging-boxes/,https://kraftboxpack.com/product-category/kraft-pharma-boxes/,Kraft Pharma boxes,breadcrumb
https://kraftboxpack.com/product/kraft-medicine-packaging-boxes/,https://kraftboxpack.com/product/kraft-medicine-packaging-boxes/,Kraft Medicine Packaging Boxes,contextual
https://kraftboxpack.com/product/kraft-medicine-packaging-boxes/,https://kraftboxpack.com?add-to-cart=3175&quantity=1&e-redirect=https://kraftboxpack.com/cart/,Buy Now,contextual
https://kraftboxpack.com/product/kraft-medicine-packaging-boxes/,https://kraftboxpack.com/product/kraft-vitamin-packaging-boxes/,Kraft Vitamin Packaging Boxes,contextual
https://kraftboxpack.com/product/kraft-medicine-packaging-boxes/,https://kraftboxpack.com/product-category/Kraft-Pharma-Boxes/,Kraft Pharma boxes,contextual
https://kraftboxpack.com/product/kraft-medicine-packaging-boxes/,https://kraftboxpack.com/,Kraft Box Packaging,related-product
https://kraftboxpack.com/product/kraft-medicine-packaging-boxes/,https://kraftboxpack.com/product/kraft-first-aid-kit-boxes/,Kraft Pharma boxes,related-product
https://kraftboxpack.com/product/kraft-medicine-packaging-boxes/,https://kraftboxpack.com/product/kraft-first-aid-kit-boxes/,Kraft First Aid Kit Boxes,related-product
https://kraftboxpack.com/product/kraft-medicine-packaging-boxes/,https://kraftboxpack.com/product/kraft-supplement-boxes/,Kraft Pharma boxes,related-product
https://kraftboxpack.com/product/kraft-medicine-packaging-boxes/,https://kraftboxpack.com/product/kraft-supplement-boxes/,Kraft Supplement Boxes,product-grid
https://kraftboxpack.com/product/kraft-medicine-packaging-boxes/,https://kraftboxpack.com/product/kraft-syrup-packaging-boxes/,Kraft Pharma boxes,product-grid
https://kraftboxpack.com/product/kraft-medicine-packaging-boxes/,https://kraftboxpack.com/product/kraft-syrup-packaging-boxes/,Kraft Syrup Packaging Boxes,product-grid
https://kraftboxpack.com/product/kraft-medicine-packaging-boxes/,https://kraftboxpack.com/product/kraft-ppe-packaging-boxes/,Kraft Pharma boxes,product-grid
https://kraftboxpack.com/product/kraft-medicine-packaging-boxes/,https://kraftboxpack.com/product/kraft-ppe-packaging-boxes/,Kraft PPE Packaging Boxes,product-grid
https://kraftboxpack.com/product/kraft-medicine-packaging-boxes/,https://kraftboxpack.com/cdn-cgi/l/email-protection,info@shopcardboardboxes,product-grid
https://kraftboxpack.com/product/kraft-medicine-packaging-boxes/,https://kraftboxpack.com/about-us/,About Us,footer
https://kraftboxpack.com/product/kraft-medicine-packaging-boxes/,https://kraftboxpack.com/contact-us/,Contact Us,footer
https://kraftboxpack.com/product/kraft-medicine-packaging-boxes/,https://kraftboxpack.com/privacy-policy/,Privacy Policy,footer
https://kraftboxpack.com/product/kraft-medicine-packaging-boxes/,https://kraftboxpack.com/refund_returns/,Refund and Returns Policy,footer
https://kraftboxpack.com/product/kraft-medicine-packaging-boxes/,https://kraftboxpack.com/terms-conditions/,Terms & Conditions,footer
https://kraftboxpack.com/product/kraft-milk-bottle-carriers/,https://kraftboxpack.com/cdn-cgi/l/email-protection,[email protected],navigation
https://kraftboxpack.com/product/kraft-milk-bottle-carriers/,https://kraftboxpack.com/cdn-cgi/l/email-protection,Email Us To Get 25% OFF,navigation
https://kraftboxpack.com/product/kraft-milk-bottle-carriers/,https://kraftboxpack.com,,navigation
https://kraftboxpack.com/product/kraft-milk-bottle-carriers/,https://kraftboxpack.com/,Home,navigation
https://kraftboxpack.com/product/kraft-milk-bottle-carriers/,https://kraftboxpack.com/product-category/colored-kraft-boxes/,Colored Kraft Boxes,navigation
https://kraftboxpack.com/product/kraft-milk-bottle-carriers/,https://kraftboxpack.com/product-category/kraft-gift-specialty-boxes/,Kraft Gift & Specialty Boxes,navigation
https://kraftboxpack.com/product/kraft-milk-bottle-carriers/,https://kraftboxpack.com/product-category/kraft-packaging-boxes/,Kraft Packaging Boxes,navigation
https://kraftboxpack.com/product/kraft-milk-bottle-carriers/,https://kraftboxpack.com/product-category/kraft-wrapping-accessories/,Kraft Wrapping & Accessories,navigation
https://kraftboxpack.com/product/kraft-milk-bottle-carriers/,https://kraftboxpack.com,Home,breadcrumb
https://kraftboxpack.com/product/kraft-milk-bottle-carriers/,https://kraftboxpack.com/products/,Products,breadcrumb
https://kraftboxpack.com/product/kraft-milk-bottle-carriers/,https://kraftboxpack.com/product-category/kraft-food-packaging/,Kraft Food Packaging,breadcrumb
https://kraftboxpack.com/product/kraft-milk-bottle-carriers/,https://kraftboxpack.com/product/kraft-milk-bottle-carriers/,Kraft Milk Bottle Carriers,contextual
https://kraftboxpack.com/product/kraft-milk-bottle-carriers/,https://kraftboxpack.com?add-to-cart=3291&quantity=1&e-redirect=https://kraftboxpack.com/cart/,Buy Now,contextual
https://kraftboxpack.com/product/kraft-milk-bottle-carriers/,https://kraftboxpack.com/product/kraft-juice-bottle-carriers/,Kraft Juice Bottle Carriers,contextual
https://kraftboxpack.com/product/kraft-milk-bottle-carriers/,https://kraftboxpack.com/,Kraft Box Pack,contextual
https://kraftboxpack.com/product/kraft-milk-bottle-carriers/,https://kraftboxpack.com/product/kraft-popcorn-packaging-boxes/,Kraft Food Packaging,related-product
https://kraftboxpack.com/product/kraft-milk-bottle-carriers/,https://kraftboxpack.com/product/kraft-popcorn-packaging-boxes/,Kraft Popcorn Packaging Boxes,related-product
https://kraftboxpack.com/product/kraft-milk-bottle-carriers/,https://kraftboxpack.com/product/kraft-pastry-boxes/,Kraft Food Packaging,related-product
https://kraftboxpack.com/product/kraft-milk-bottle-carriers/,https://kraftboxpack.com/product/kraft-pastry-boxes/,Kraft Pastry Boxes,product-grid
https://kraftboxpack.com/product/kraft-milk-bottle-carriers/,https://kraftboxpack.com/product/kraft-brownie-packaging-boxes/,Kraft Food Packaging,product-grid
https://kraftboxpack.com/product/kraft-milk-bottle-carriers/,https://kraftboxpack.com/product/kraft-brownie-packaging-boxes/,Kraft Brownie Packaging Boxes,product-grid
https://kraftboxpack.com/product/kraft-milk-bottle-carriers/,https://kraftboxpack.com/product/kraft-salad-boxes/,Kraft Food Packaging,product-grid
https://kraftboxpack.com/product/kraft-milk-bottle-carriers/,https://kraftboxpack.com/product/kraft-salad-boxes/,Kraft Salad Boxes,product-grid
https://kraftboxpack.com/product/kraft-milk-bottle-carriers/,https://kraftboxpack.com/cdn-cgi/l/email-protection,info@shopcardboardboxes,product-grid
https://kraftboxpack.com/product/kraft-milk-bottle-carriers/,https://kraftboxpack.com/about-us/,About Us,footer
https://kraftboxpack.com/product/kraft-milk-bottle-carriers/,https://kraftboxpack.com/contact-us/,Contact Us,footer
https://kraftboxpack.com/product/kraft-milk-bottle-carriers/,https://kraftboxpack.com/privacy-policy/,Privacy Policy,footer
https://kraftboxpack.com/product/kraft-milk-bottle-carriers/,https://kraftboxpack.com/refund_returns/,Refund and Returns Policy,footer
https://kraftboxpack.com/product/kraft-milk-bottle-carriers/,https://kraftboxpack.com/terms-conditions/,Terms & Conditions,footer
https://kraftboxpack.com/product/kraft-minimalist-boxes/,https://kraftboxpack.com/cdn-cgi/l/email-protection,[email protected],navigation
https://kraftboxpack.com/product/kraft-minimalist-boxes/,https://kraftboxpack.com/cdn-cgi/l/email-protection,Email Us To Get 25% OFF,navigation
https://kraftboxpack.com/product/kraft-minimalist-boxes/,https://kraftboxpack.com,,navigation
https://kraftboxpack.com/product/kraft-minimalist-boxes/,https://kraftboxpack.com/,Home,navigation
https://kraftboxpack.com/product/kraft-minimalist-boxes/,https://kraftboxpack.com/product-category/colored-kraft-boxes/,Colored Kraft Boxes,navigation
https://kraftboxpack.com/product/kraft-minimalist-boxes/,https://kraftboxpack.com/product-category/kraft-gift-specialty-boxes/,Kraft Gift & Specialty Boxes,navigation
https://kraftboxpack.com/product/kraft-minimalist-boxes/,https://kraftboxpack.com/product-category/kraft-packaging-boxes/,Kraft Packaging Boxes,navigation
https://kraftboxpack.com/product/kraft-minimalist-boxes/,https://kraftboxpack.com/product-category/kraft-wrapping-accessories/,Kraft Wrapping & Accessories,navigation
https://kraftboxpack.com/product/kraft-minimalist-boxes/,https://kraftboxpack.com,Home,breadcrumb
https://kraftboxpack.com/product/kraft-minimalist-boxes/,https://kraftboxpack.com/products/,Products,breadcrumb
https://kraftboxpack.com/product/kraft-minimalist-boxes/,https://kraftboxpack.com/product/kraft-minimalist-boxes/,Kraft Minimalist Boxes,contextual
https://kraftboxpack.com/product/kraft-minimalist-boxes/,https://kraftboxpack.com?add-to-cart=3091&quantity=1&e-redirect=https://kraftboxpack.com/cart/,Buy Now,contextual
https://kraftboxpack.com/product/kraft-minimalist-boxes/,https://kraftboxpack.com/product/black-kraft-boxes/,Black Kraft Boxes,contextual
https://kraftboxpack.com/product/kraft-minimalist-boxes/,https://kraftboxpack.com/,Kraft Packaging Boxes,contextual
https://kraftboxpack.com/product/kraft-minimalist-boxes/,https://kraftboxpack.com/product/black-kraft-boxes/,Colored Kraft Boxes,related-product
https://kraftboxpack.com/product/kraft-minimalist-boxes/,https://kraftboxpack.com/product/kraft-boxes-with-lid/,Colored Kraft Boxes,related-product
https://kraftboxpack.com/product/kraft-minimalist-boxes/,https://kraftboxpack.com/product/kraft-boxes-with-lid/,Kraft Boxes With Lid,product-grid
https://kraftboxpack.com/product/kraft-minimalist-boxes/,https://kraftboxpack.com/product/colored-kraft-paper/,Colored Kraft Boxes,product-grid
https://kraftboxpack.com/product/kraft-minimalist-boxes/,https://kraftboxpack.com/product/colored-kraft-paper/,Colored Kraft Paper,product-grid
https://kraftboxpack.com/product/kraft-minimalist-boxes/,https://kraftboxpack.com/product/kraft-thermal-kraft-boxes/,Colored Kraft Boxes,product-grid
https://kraftboxpack.com/product/kraft-minimalist-boxes/,https://kraftboxpack.com/product/kraft-thermal-kraft-boxes/,Kraft Thermal Kraft Boxes,product-grid
https://kraftboxpack.com/product/kraft-minimalist-boxes/,https://kraftboxpack.com/cdn-cgi/l/email-protection,info@shopcardboardboxes,product-grid
https://kraftboxpack.com/product/kraft-minimalist-boxes/,https://kraftboxpack.com/about-us/,About Us,footer
https://kraftboxpack.com/product/kraft-minimalist-boxes/,https://kraftboxpack.com/contact-us/,Contact Us,footer
https://kraftboxpack.com/product/kraft-minimalist-boxes/,https://kraftboxpack.com/privacy-policy/,Privacy Policy,footer
https://kraftboxpack.com/product/kraft-minimalist-boxes/,https://kraftboxpack.com/refund_returns/,Refund and Returns Policy,footer
https://kraftboxpack.com/product/kraft-minimalist-boxes/,https://kraftboxpack.com/terms-conditions/,Terms & Conditions,footer
https://kraftboxpack.com/product/kraft-muffin-packaging-boxes/,https://kraftboxpack.com/cdn-cgi/l/email-protection,[email protected],navigation
https://kraftboxpack.com/product/kraft-muffin-packaging-boxes/,https://kraftboxpack.com/cdn-cgi/l/email-protection,Email Us To Get 25% OFF,navigation
https://kraftboxpack.com/product/kraft-muffin-packaging-boxes/,https://kraftboxpack.com,,navigation
https://kraftboxpack.com/product/kraft-muffin-packaging-boxes/,https://kraftboxpack.com/,Home,navigation
https://kraftboxpack.com/product/kraft-muffin-packaging-boxes/,https://kraftboxpack.com/product-category/colored-kraft-boxes/,Colored Kraft Boxes,navigation
https://kraftboxpack.com/product/kraft-muffin-packaging-boxes/,https://kraftboxpack.com/product-category/kraft-gift-specialty-boxes/,Kraft Gift & Specialty Boxes,navigation
https://kraftboxpack.com/product/kraft-muffin-packaging-boxes/,https://kraftboxpack.com/product-category/kraft-packaging-boxes/,Kraft Packaging Boxes,navigation
https://kraftboxpack.com/product/kraft-muffin-packaging-boxes/,https://kraftboxpack.com/product-category/kraft-wrapping-accessories/,Kraft Wrapping & Accessories,navigation
https://kraftboxpack.com/product/kraft-muffin-packaging-boxes/,https://kraftboxpack.com,Home,breadcrumb
https://kraftboxpack.com/product/kraft-muffin-packaging-boxes/,https://kraftboxpack.com/products/,Products,breadcrumb
https://kraftboxpack.com/product/kraft-muffin-packaging-boxes/,https://kraftboxpack.com/product-category/kraft-food-packaging/,Kraft Food Packaging,breadcrumb
https://kraftboxpack.com/product/kraft-muffin-packaging-boxes/,https://kraftboxpack.com/product/kraft-muffin-packaging-boxes/,Kraft Muffin Packaging Boxes,contextual
https://kraftboxpack.com/product/kraft-muffin-packaging-boxes/,https://kraftboxpack.com?add-to-cart=3265&quantity=1&e-redirect=https://kraftboxpack.com/cart/,Buy Now,contextual
https://kraftboxpack.com/product/kraft-muffin-packaging-boxes/,https://kraftboxpack.com/product/kraft-donut-packaging-boxes/,Kraft Donut Packaging Boxes,contextual
https://kraftboxpack.com/product/kraft-muffin-packaging-boxes/,https://kraftboxpack.com/,Kraft Box Packaging,contextual
https://kraftboxpack.com/product/kraft-muffin-packaging-boxes/,https://kraftboxpack.com/product/kraft-egg-cartons/,Kraft Food Packaging,related-product
https://kraftboxpack.com/product/kraft-muffin-packaging-boxes/,https://kraftboxpack.com/product/kraft-egg-cartons/,Kraft Egg Cartons,related-product
https://kraftboxpack.com/product/kraft-muffin-packaging-boxes/,https://kraftboxpack.com/product/kraft-snack-packaging-boxes/,Kraft Food Packaging,related-product
https://kraftboxpack.com/product/kraft-muffin-packaging-boxes/,https://kraftboxpack.com/product/kraft-snack-packaging-boxes/,Kraft Snack Packaging Boxes,product-grid
https://kraftboxpack.com/product/kraft-muffin-packaging-boxes/,https://kraftboxpack.com/product/kraft-brownie-packaging-boxes/,Kraft Food Packaging,product-grid
https://kraftboxpack.com/product/kraft-muffin-packaging-boxes/,https://kraftboxpack.com/product/kraft-brownie-packaging-boxes/,Kraft Brownie Packaging Boxes,product-grid
https://kraftboxpack.com/product/kraft-muffin-packaging-boxes/,https://kraftboxpack.com/product/kraft-salad-boxes/,Kraft Food Packaging,product-grid
https://kraftboxpack.com/product/kraft-muffin-packaging-boxes/,https://kraftboxpack.com/product/kraft-salad-boxes/,Kraft Salad Boxes,product-grid
https://kraftboxpack.com/product/kraft-muffin-packaging-boxes/,https://kraftboxpack.com/cdn-cgi/l/email-protection,info@shopcardboardboxes,product-grid
https://kraftboxpack.com/product/kraft-muffin-packaging-boxes/,https://kraftboxpack.com/about-us/,About Us,footer
https://kraftboxpack.com/product/kraft-muffin-packaging-boxes/,https://kraftboxpack.com/contact-us/,Contact Us,footer
https://kraftboxpack.com/product/kraft-muffin-packaging-boxes/,https://kraftboxpack.com/privacy-policy/,Privacy Policy,footer
https://kraftboxpack.com/product/kraft-muffin-packaging-boxes/,https://kraftboxpack.com/refund_returns/,Refund and Returns Policy,footer
https://kraftboxpack.com/product/kraft-muffin-packaging-boxes/,https://kraftboxpack.com/terms-conditions/,Terms & Conditions,footer
https://kraftboxpack.com/product/kraft-necklace-box/,https://kraftboxpack.com/cdn-cgi/l/email-protection,[email protected],navigation
https://kraftboxpack.com/product/kraft-necklace-box/,https://kraftboxpack.com/cdn-cgi/l/email-protection,Email Us To Get 25% OFF,navigation
https://kraftboxpack.com/product/kraft-necklace-box/,https://kraftboxpack.com,,navigation
https://kraftboxpack.com/product/kraft-necklace-box/,https://kraftboxpack.com/,Home,navigation
https://kraftboxpack.com/product/kraft-necklace-box/,https://kraftboxpack.com/product-category/colored-kraft-boxes/,Colored Kraft Boxes,navigation
https://kraftboxpack.com/product/kraft-necklace-box/,https://kraftboxpack.com/product-category/kraft-gift-specialty-boxes/,Kraft Gift & Specialty Boxes,navigation
https://kraftboxpack.com/product/kraft-necklace-box/,https://kraftboxpack.com/product-category/kraft-packaging-boxes/,Kraft Packaging Boxes,navigation
https://kraftboxpack.com/product/kraft-necklace-box/,https://kraftboxpack.com/product-category/kraft-wrapping-accessories/,Kraft Wrapping & Accessories,navigation
https://kraftboxpack.com/product/kraft-necklace-box/,https://kraftboxpack.com,Home,breadcrumb
https://kraftboxpack.com/product/kraft-necklace-box/,https://kraftboxpack.com/products/,Products,breadcrumb
https://kraftboxpack.com/product/kraft-necklace-box/,https://kraftboxpack.com/product/kraft-necklace-box/,Kraft Necklace Box,contextual
https://kraftboxpack.com/product/kraft-necklace-box/,https://kraftboxpack.com?add-to-cart=3062&quantity=1&e-redirect=https://kraftboxpack.com/cart/,Buy Now,contextual
https://kraftboxpack.com/product/kraft-necklace-box/,https://kraftboxpack.com/product/kraft-candy-boxes/,Kraft candy Boxes,contextual
https://kraftboxpack.com/product/kraft-necklace-box/,https://kraftboxpack.com/product-category/Kraft-Gift-&-Specialty-Boxes/,Kraft Gift & Specialty Boxes,contextual
https://kraftboxpack.com/product/kraft-necklace-box/,https://kraftboxpack.com/,kraft box pack,contextual
https://kraftboxpack.com/product/kraft-necklace-box/,https://kraftboxpack.com/product/kraft-box-with-window/,Kraft Gift & Specialty Boxes,related-product
https://kraftboxpack.com/product/kraft-necklace-box/,https://kraftboxpack.com/product/kraft-box-with-window/,Kraft Box with Window,related-product
https://kraftboxpack.com/product/kraft-necklace-box/,https://kraftboxpack.com/product/kraft-jewelry-boxes/,Kraft Gift & Specialty Boxes,related-product
https://kraftboxpack.com/product/kraft-necklace-box/,https://kraftboxpack.com/product/kraft-jewelry-boxes/,Kraft Jewelry Boxes,product-grid
https://kraftboxpack.com/product/kraft-necklace-box/,https://kraftboxpack.com/product/kraft-pillow-boxes/,Kraft Gift & Specialty Boxes,product-grid
https://kraftboxpack.com/product/kraft-necklace-box/,https://kraftboxpack.com/product/kraft-pillow-boxes/,Kraft Pillow Boxes,product-grid
https://kraftboxpack.com/product/kraft-necklace-box/,https://kraftboxpack.com/product/kraft-display-boxes/,Kraft Gift & Specialty Boxes,product-grid
https://kraftboxpack.com/product/kraft-necklace-box/,https://kraftboxpack.com/product/kraft-display-boxes/,Kraft Display Boxes,product-grid
https://kraftboxpack.com/product/kraft-necklace-box/,https://kraftboxpack.com/cdn-cgi/l/email-protection,info@shopcardboardboxes,product-grid
https://kraftboxpack.com/product/kraft-necklace-box/,https://kraftboxpack.com/about-us/,About Us,footer
https://kraftboxpack.com/product/kraft-necklace-box/,https://kraftboxpack.com/contact-us/,Contact Us,footer
https://kraftboxpack.com/product/kraft-necklace-box/,https://kraftboxpack.com/privacy-policy/,Privacy Policy,footer
https://kraftboxpack.com/product/kraft-necklace-box/,https://kraftboxpack.com/refund_returns/,Refund and Returns Policy,footer
https://kraftboxpack.com/product/kraft-necklace-box/,https://kraftboxpack.com/terms-conditions/,Terms & Conditions,footer
https://kraftboxpack.com/product/kraft-noodle-packaging-boxes/,https://kraftboxpack.com/cdn-cgi/l/email-protection,[email protected],navigation
https://kraftboxpack.com/product/kraft-noodle-packaging-boxes/,https://kraftboxpack.com/cdn-cgi/l/email-protection,Email Us To Get 25% OFF,navigation
https://kraftboxpack.com/product/kraft-noodle-packaging-boxes/,https://kraftboxpack.com,,navigation
https://kraftboxpack.com/product/kraft-noodle-packaging-boxes/,https://kraftboxpack.com/,Home,navigation
https://kraftboxpack.com/product/kraft-noodle-packaging-boxes/,https://kraftboxpack.com/product-category/colored-kraft-boxes/,Colored Kraft Boxes,navigation
https://kraftboxpack.com/product/kraft-noodle-packaging-boxes/,https://kraftboxpack.com/product-category/kraft-gift-specialty-boxes/,Kraft Gift & Specialty Boxes,navigation
https://kraftboxpack.com/product/kraft-noodle-packaging-boxes/,https://kraftboxpack.com/product-category/kraft-packaging-boxes/,Kraft Packaging Boxes,navigation
https://kraftboxpack.com/product/kraft-noodle-packaging-boxes/,https://kraftboxpack.com/product-category/kraft-wrapping-accessories/,Kraft Wrapping & Accessories,navigation
https://kraftboxpack.com/product/kraft-noodle-packaging-boxes/,https://kraftboxpack.com,Home,breadcrumb
https://kraftboxpack.com/product/kraft-noodle-packaging-boxes/,https://kraftboxpack.com/products/,Products,breadcrumb
https://kraftboxpack.com/product/kraft-noodle-packaging-boxes/,https://kraftboxpack.com/product-category/kraft-food-packaging/,Kraft Food Packaging,breadcrumb
https://kraftboxpack.com/product/kraft-noodle-packaging-boxes/,https://kraftboxpack.com/product/kraft-noodle-packaging-boxes/,Kraft Noodle Packaging Boxes,contextual
https://kraftboxpack.com/product/kraft-noodle-packaging-boxes/,https://kraftboxpack.com?add-to-cart=3272&quantity=1&e-redirect=https://kraftboxpack.com/cart/,Buy Now,contextual
https://kraftboxpack.com/product/kraft-noodle-packaging-boxes/,https://kraftboxpack.com/product/kraft-sushi-packaging-boxes/,Kraft Sushi Packaging Boxes,contextual
https://kraftboxpack.com/product/kraft-noodle-packaging-boxes/,https://kraftboxpack.com/,Kraft Packaging Whoesale,contextual
https://kraftboxpack.com/product/kraft-noodle-packaging-boxes/,https://kraftboxpack.com/product/kraft-granola-bar-boxes/,Kraft Food Packaging,related-product
https://kraftboxpack.com/product/kraft-noodle-packaging-boxes/,https://kraftboxpack.com/product/kraft-granola-bar-boxes/,Kraft Granola Bar Boxes,related-product
https://kraftboxpack.com/product/kraft-noodle-packaging-boxes/,https://kraftboxpack.com/product/kraft-tea-packaging-boxes/,Kraft Food Packaging,related-product
https://kraftboxpack.com/product/kraft-noodle-packaging-boxes/,https://kraftboxpack.com/product/kraft-tea-packaging-boxes/,Kraft Tea Packaging Boxes,product-grid
https://kraftboxpack.com/product/kraft-noodle-packaging-boxes/,https://kraftboxpack.com/product/kraft-snack-packaging-boxes/,Kraft Food Packaging,product-grid
https://kraftboxpack.com/product/kraft-noodle-packaging-boxes/,https://kraftboxpack.com/product/kraft-snack-packaging-boxes/,Kraft Snack Packaging Boxes,product-grid
https://kraftboxpack.com/product/kraft-noodle-packaging-boxes/,https://kraftboxpack.com/product/kraft-salad-boxes/,Kraft Food Packaging,product-grid
https://kraftboxpack.com/product/kraft-noodle-packaging-boxes/,https://kraftboxpack.com/product/kraft-salad-boxes/,Kraft Salad Boxes,product-grid
https://kraftboxpack.com/product/kraft-noodle-packaging-boxes/,https://kraftboxpack.com/cdn-cgi/l/email-protection,info@shopcardboardboxes,product-grid
https://kraftboxpack.com/product/kraft-noodle-packaging-boxes/,https://kraftboxpack.com/about-us/,About Us,footer
https://kraftboxpack.com/product/kraft-noodle-packaging-boxes/,https://kraftboxpack.com/contact-us/,Contact Us,footer
https://kraftboxpack.com/product/kraft-noodle-packaging-boxes/,https://kraftboxpack.com/privacy-policy/,Privacy Policy,footer
https://kraftboxpack.com/product/kraft-noodle-packaging-boxes/,https://kraftboxpack.com/refund_returns/,Refund and Returns Policy,footer
https://kraftboxpack.com/product/kraft-noodle-packaging-boxes/,https://kraftboxpack.com/terms-conditions/,Terms & Conditions,footer
https://kraftboxpack.com/product/kraft-notebook-packaging/,https://kraftboxpack.com/cdn-cgi/l/email-protection,[email protected],navigation
https://kraftboxpack.com/product/kraft-notebook-packaging/,https://kraftboxpack.com/cdn-cgi/l/email-protection,Email Us To Get 25% OFF,navigation
https://kraftboxpack.com/product/kraft-notebook-packaging/,https://kraftboxpack.com,,navigation
https://kraftboxpack.com/product/kraft-notebook-packaging/,https://kraftboxpack.com/,Home,navigation
https://kraftboxpack.com/product/kraft-notebook-packaging/,https://kraftboxpack.com/product-category/colored-kraft-boxes/,Colored Kraft Boxes,navigation
https://kraftboxpack.com/product/kraft-notebook-packaging/,https://kraftboxpack.com/product-category/kraft-gift-specialty-boxes/,Kraft Gift & Specialty Boxes,navigation
https://kraftboxpack.com/product/kraft-notebook-packaging/,https://kraftboxpack.com/product-category/kraft-packaging-boxes/,Kraft Packaging Boxes,navigation
https://kraftboxpack.com/product/kraft-notebook-packaging/,https://kraftboxpack.com/product-category/kraft-wrapping-accessories/,Kraft Wrapping & Accessories,navigation
https://kraftboxpack.com/product/kraft-notebook-packaging/,https://kraftboxpack.com,Home,breadcrumb
https://kraftboxpack.com/product/kraft-notebook-packaging/,https://kraftboxpack.com/products/,Products,breadcrumb
https://kraftboxpack.com/product/kraft-notebook-packaging/,https://kraftboxpack.com/product-category/kraft-electronics-boxes/,Kraft Electronics Boxes,breadcrumb
https://kraftboxpack.com/product/kraft-notebook-packaging/,https://kraftboxpack.com/product/kraft-notebook-packaging/,Kraft Notebook Packaging,contextual
https://kraftboxpack.com/product/kraft-notebook-packaging/,https://kraftboxpack.com?add-to-cart=3310&quantity=1&e-redirect=https://kraftboxpack.com/cart/,Buy Now,contextual
https://kraftboxpack.com/product/kraft-notebook-packaging/,https://kraftboxpack.com/product/kraft-stationery-boxes/,Kraft Stationery Boxes,contextual
https://kraftboxpack.com/product/kraft-notebook-packaging/,https://kraftboxpack.com/product-category/Kraft-Electronics-Boxes/,Kraft Electronics Boxes,contextual
https://kraftboxpack.com/product/kraft-notebook-packaging/,https://kraftboxpack.com/,Kraft Wholesale Packaging,contextual
https://kraftboxpack.com/product/kraft-notebook-packaging/,https://kraftboxpack.com/product/kraft-badge-packaging-boxes/,Kraft Electronics Boxes,related-product
https://kraftboxpack.com/product/kraft-notebook-packaging/,https://kraftboxpack.com/product/kraft-badge-packaging-boxes/,Kraft Badge Packaging Boxes,related-product
https://kraftboxpack.com/product/kraft-notebook-packaging/,https://kraftboxpack.com/product/kraft-keychain-packaging-boxes/,Kraft Electronics Boxes,related-product
https://kraftboxpack.com/product/kraft-notebook-packaging/,https://kraftboxpack.com/product/kraft-keychain-packaging-boxes/,Kraft Keychain Packaging Boxes,product-grid
https://kraftboxpack.com/product/kraft-notebook-packaging/,https://kraftboxpack.com/product/kraft-pen-packaging-boxes/,Kraft Electronics Boxes,product-grid
https://kraftboxpack.com/product/kraft-notebook-packaging/,https://kraftboxpack.com/product/kraft-pen-packaging-boxes/,Kraft Pen Packaging Boxes,product-grid
https://kraftboxpack.com/product/kraft-notebook-packaging/,https://kraftboxpack.com/product/kraft-stationery-boxes/,Kraft Electronics Boxes,product-grid
https://kraftboxpack.com/product/kraft-notebook-packaging/,https://kraftboxpack.com/cdn-cgi/l/email-protection,info@shopcardboardboxes,product-grid
https://kraftboxpack.com/product/kraft-notebook-packaging/,https://kraftboxpack.com/about-us/,About Us,footer
https://kraftboxpack.com/product/kraft-notebook-packaging/,https://kraftboxpack.com/contact-us/,Contact Us,footer
https://kraftboxpack.com/product/kraft-notebook-packaging/,https://kraftboxpack.com/privacy-policy/,Privacy Policy,footer
https://kraftboxpack.com/product/kraft-notebook-packaging/,https://kraftboxpack.com/refund_returns/,Refund and Returns Policy,footer
https://kraftboxpack.com/product/kraft-notebook-packaging/,https://kraftboxpack.com/terms-conditions/,Terms & Conditions,footer
https://kraftboxpack.com/product/kraft-octagon-boxes/,https://kraftboxpack.com/cdn-cgi/l/email-protection,[email protected],navigation
https://kraftboxpack.com/product/kraft-octagon-boxes/,https://kraftboxpack.com/cdn-cgi/l/email-protection,Email Us To Get 25% OFF,navigation
https://kraftboxpack.com/product/kraft-octagon-boxes/,https://kraftboxpack.com,,navigation
https://kraftboxpack.com/product/kraft-octagon-boxes/,https://kraftboxpack.com/,Home,navigation
https://kraftboxpack.com/product/kraft-octagon-boxes/,https://kraftboxpack.com/product-category/colored-kraft-boxes/,Colored Kraft Boxes,navigation
https://kraftboxpack.com/product/kraft-octagon-boxes/,https://kraftboxpack.com/product-category/kraft-gift-specialty-boxes/,Kraft Gift & Specialty Boxes,navigation
https://kraftboxpack.com/product/kraft-octagon-boxes/,https://kraftboxpack.com/product-category/kraft-packaging-boxes/,Kraft Packaging Boxes,navigation
https://kraftboxpack.com/product/kraft-octagon-boxes/,https://kraftboxpack.com/product-category/kraft-wrapping-accessories/,Kraft Wrapping & Accessories,navigation
https://kraftboxpack.com/product/kraft-octagon-boxes/,https://kraftboxpack.com,Home,breadcrumb
https://kraftboxpack.com/product/kraft-octagon-boxes/,https://kraftboxpack.com/products/,Products,breadcrumb
https://kraftboxpack.com/product/kraft-octagon-boxes/,https://kraftboxpack.com/product-category/kraft-luxury-packaging/,Kraft Luxury Packaging,breadcrumb
https://kraftboxpack.com/product/kraft-octagon-boxes/,https://kraftboxpack.com/product/kraft-octagon-boxes/,Kraft Octagon Boxes,contextual
https://kraftboxpack.com/product/kraft-octagon-boxes/,https://kraftboxpack.com?add-to-cart=3151&quantity=1&e-redirect=https://kraftboxpack.com/cart/,Buy Now,contextual
https://kraftboxpack.com/product/kraft-octagon-boxes/,https://kraftboxpack.com/product/kraft-triangle-boxes/,Kraft Triangle Boxes,contextual
https://kraftboxpack.com/product/kraft-octagon-boxes/,https://kraftboxpack.com/product-category/Kraft-Luxury-Packaging/,Kraft Luxury Packaging,related-product
https://kraftboxpack.com/product/kraft-octagon-boxes/,https://kraftboxpack.com/,Kraft Box Pack,related-product
https://kraftboxpack.com/product/kraft-octagon-boxes/,https://kraftboxpack.com/product/kraft-hexagon-boxes/,Kraft Luxury Packaging,related-product
https://kraftboxpack.com/product/kraft-octagon-boxes/,https://kraftboxpack.com/product/kraft-hexagon-boxes/,Kraft Hexagon Boxes,related-product
https://kraftboxpack.com/product/kraft-octagon-boxes/,https://kraftboxpack.com/product/kraft-cylindrical-boxes/,Kraft Luxury Packaging,related-product
https://kraftboxpack.com/product/kraft-octagon-boxes/,https://kraftboxpack.com/product/kraft-cylindrical-boxes/,Kraft Cylindrical Boxes,related-product
https://kraftboxpack.com/product/kraft-octagon-boxes/,https://kraftboxpack.com/product/kraft-pyramid-boxes/,Kraft Luxury Packaging,product-grid
https://kraftboxpack.com/product/kraft-octagon-boxes/,https://kraftboxpack.com/product/kraft-pyramid-boxes/,Kraft Pyramid Boxes,product-grid
https://kraftboxpack.com/product/kraft-octagon-boxes/,https://kraftboxpack.com/product/kraft-triangle-boxes/,Kraft Luxury Packaging,product-grid
https://kraftboxpack.com/product/kraft-octagon-boxes/,https://kraftboxpack.com/cdn-cgi/l/email-protection,info@shopcardboardboxes,product-grid
https://kraftboxpack.com/product/kraft-octagon-boxes/,https://kraftboxpack.com/about-us/,About Us,footer
https://kraftboxpack.com/product/kraft-octagon-boxes/,https://kraftboxpack.com/contact-us/,Contact Us,footer
https://kraftboxpack.com/product/kraft-octagon-boxes/,https://kraftboxpack.com/privacy-policy/,Privacy Policy,footer
https://kraftboxpack.com/product/kraft-octagon-boxes/,https://kraftboxpack.com/refund_returns/,Refund and Returns Policy,footer
https://kraftboxpack.com/product/kraft-octagon-boxes/,https://kraftboxpack.com/terms-conditions/,Terms & Conditions,footer
https://kraftboxpack.com/product/kraft-paper-boxes/,https://kraftboxpack.com/cdn-cgi/l/email-protection,[email protected],navigation
https://kraftboxpack.com/product/kraft-paper-boxes/,https://kraftboxpack.com/cdn-cgi/l/email-protection,Email Us To Get 25% OFF,navigation
https://kraftboxpack.com/product/kraft-paper-boxes/,https://kraftboxpack.com,,navigation
https://kraftboxpack.com/product/kraft-paper-boxes/,https://kraftboxpack.com/,Home,navigation
https://kraftboxpack.com/product/kraft-paper-boxes/,https://kraftboxpack.com/product-category/colored-kraft-boxes/,Colored Kraft Boxes,navigation
https://kraftboxpack.com/product/kraft-paper-boxes/,https://kraftboxpack.com/product-category/kraft-gift-specialty-boxes/,Kraft Gift & Specialty Boxes,navigation
https://kraftboxpack.com/product/kraft-paper-boxes/,https://kraftboxpack.com/product-category/kraft-packaging-boxes/,Kraft Packaging Boxes,navigation
https://kraftboxpack.com/product/kraft-paper-boxes/,https://kraftboxpack.com/product-category/kraft-wrapping-accessories/,Kraft Wrapping & Accessories,navigation
https://kraftboxpack.com/product/kraft-paper-boxes/,https://kraftboxpack.com,Home,breadcrumb
https://kraftboxpack.com/product/kraft-paper-boxes/,https://kraftboxpack.com/products/,Products,breadcrumb
https://kraftboxpack.com/product/kraft-paper-boxes/,https://kraftboxpack.com/product/kraft-paper-boxes/,Kraft Paper Boxes,contextual
https://kraftboxpack.com/product/kraft-paper-boxes/,https://kraftboxpack.com?add-to-cart=3029&quantity=1&e-redirect=https://kraftboxpack.com/cart/,Buy Now,contextual
https://kraftboxpack.com/product/kraft-paper-boxes/,https://kraftboxpack.com/product/kraft-paper-dispenser-boxes/,Kraft Paper Dispenser Boxes,contextual
https://kraftboxpack.com/product/kraft-paper-boxes/,https://kraftboxpack.com/product-category/Kraft-Wrapping-&-Accessories/,Kraft Wrapping & Accessories,contextual
https://kraftboxpack.com/product/kraft-paper-boxes/,https://kraftboxpack.com/,kraft box pack,contextual
https://kraftboxpack.com/product/kraft-paper-boxes/,https://kraftboxpack.com/product/kraft-paper-packaging/,Kraft Wrapping & Accessories,related-product
https://kraftboxpack.com/product/kraft-paper-boxes/,https://kraftboxpack.com/product/kraft-paper-packaging/,Kraft Paper Packaging,related-product
https://kraftboxpack.com/product/kraft-paper-boxes/,https://kraftboxpack.com/product/kraft-paper-gift-wrapping/,Kraft Wrapping & Accessories,related-product
https://kraftboxpack.com/product/kraft-paper-boxes/,https://kraftboxpack.com/product/kraft-paper-gift-wrapping/,Kraft Paper Gift Wrapping,product-grid
https://kraftboxpack.com/product/kraft-paper-boxes/,https://kraftboxpack.com/product/kraft-paper-dispenser-boxes/,Kraft Wrapping & Accessories,product-grid
https://kraftboxpack.com/product/kraft-paper-boxes/,https://kraftboxpack.com/product/kraft-boxes-for-gifts/,Kraft Wrapping & Accessories,product-grid
https://kraftboxpack.com/product/kraft-paper-boxes/,https://kraftboxpack.com/product/kraft-boxes-for-gifts/,Kraft Boxes For Gifts,product-grid
https://kraftboxpack.com/product/kraft-paper-boxes/,https://kraftboxpack.com/cdn-cgi/l/email-protection,info@shopcardboardboxes,product-grid
https://kraftboxpack.com/product/kraft-paper-boxes/,https://kraftboxpack.com/about-us/,About Us,footer
https://kraftboxpack.com/product/kraft-paper-boxes/,https://kraftboxpack.com/contact-us/,Contact Us,footer
https://kraftboxpack.com/product/kraft-paper-boxes/,https://kraftboxpack.com/privacy-policy/,Privacy Policy,footer
https://kraftboxpack.com/product/kraft-paper-boxes/,https://kraftboxpack.com/refund_returns/,Refund and Returns Policy,footer
https://kraftboxpack.com/product/kraft-paper-boxes/,https://kraftboxpack.com/terms-conditions/,Terms & Conditions,footer
https://kraftboxpack.com/product/kraft-paper-dispenser-boxes/,https://kraftboxpack.com/cdn-cgi/l/email-protection,[email protected],navigation
https://kraftboxpack.com/product/kraft-paper-dispenser-boxes/,https://kraftboxpack.com/cdn-cgi/l/email-protection,Email Us To Get 25% OFF,navigation
https://kraftboxpack.com/product/kraft-paper-dispenser-boxes/,https://kraftboxpack.com,,navigation
https://kraftboxpack.com/product/kraft-paper-dispenser-boxes/,https://kraftboxpack.com/,Home,navigation
https://kraftboxpack.com/product/kraft-paper-dispenser-boxes/,https://kraftboxpack.com/product-category/colored-kraft-boxes/,Colored Kraft Boxes,navigation
https://kraftboxpack.com/product/kraft-paper-dispenser-boxes/,https://kraftboxpack.com/product-category/kraft-gift-specialty-boxes/,Kraft Gift & Specialty Boxes,navigation
https://kraftboxpack.com/product/kraft-paper-dispenser-boxes/,https://kraftboxpack.com/product-category/kraft-packaging-boxes/,Kraft Packaging Boxes,navigation
https://kraftboxpack.com/product/kraft-paper-dispenser-boxes/,https://kraftboxpack.com/product-category/kraft-wrapping-accessories/,Kraft Wrapping & Accessories,navigation
https://kraftboxpack.com/product/kraft-paper-dispenser-boxes/,https://kraftboxpack.com,Home,breadcrumb
https://kraftboxpack.com/product/kraft-paper-dispenser-boxes/,https://kraftboxpack.com/products/,Products,breadcrumb
https://kraftboxpack.com/product/kraft-paper-dispenser-boxes/,https://kraftboxpack.com/product/kraft-paper-dispenser-boxes/,Kraft Paper Dispenser Boxes,contextual
https://kraftboxpack.com/product/kraft-paper-dispenser-boxes/,https://kraftboxpack.com?add-to-cart=2723&quantity=1&e-redirect=https://kraftboxpack.com/cart/,Buy Now,contextual
https://kraftboxpack.com/product/kraft-paper-dispenser-boxes/,https://kraftboxpack.com/product/kraft-paper-packaging/,Kraft Paper Packaging,contextual
https://kraftboxpack.com/product/kraft-paper-dispenser-boxes/,https://kraftboxpack.com/product-category/Kraft-Wrapping-&-Accessories/,Kraft Wrapping & Accessories,contextual
https://kraftboxpack.com/product/kraft-paper-dispenser-boxes/,https://kraftboxpack.com/,Kraft Box Pack,contextual
https://kraftboxpack.com/product/kraft-paper-dispenser-boxes/,https://kraftboxpack.com/product/kraft-paper-packaging/,Kraft Wrapping & Accessories,related-product
https://kraftboxpack.com/product/kraft-paper-dispenser-boxes/,https://kraftboxpack.com/product/kraft-paper-gift-wrapping/,Kraft Wrapping & Accessories,related-product
https://kraftboxpack.com/product/kraft-paper-dispenser-boxes/,https://kraftboxpack.com/product/kraft-paper-gift-wrapping/,Kraft Paper Gift Wrapping,product-grid
https://kraftboxpack.com/product/kraft-paper-dispenser-boxes/,https://kraftboxpack.com/product/kraft-boxes-for-gifts/,Kraft Wrapping & Accessories,product-grid
https://kraftboxpack.com/product/kraft-paper-dispenser-boxes/,https://kraftboxpack.com/product/kraft-boxes-for-gifts/,Kraft Boxes For Gifts,product-grid
https://kraftboxpack.com/product/kraft-paper-dispenser-boxes/,https://kraftboxpack.com/product/kraft-paper-boxes/,Kraft Wrapping & Accessories,product-grid
https://kraftboxpack.com/product/kraft-paper-dispenser-boxes/,https://kraftboxpack.com/product/kraft-paper-boxes/,Kraft Paper Boxes,product-grid
https://kraftboxpack.com/product/kraft-paper-dispenser-boxes/,https://kraftboxpack.com/cdn-cgi/l/email-protection,info@shopcardboardboxes,product-grid
https://kraftboxpack.com/product/kraft-paper-dispenser-boxes/,https://kraftboxpack.com/about-us/,About Us,footer
https://kraftboxpack.com/product/kraft-paper-dispenser-boxes/,https://kraftboxpack.com/contact-us/,Contact Us,footer
https://kraftboxpack.com/product/kraft-paper-dispenser-boxes/,https://kraftboxpack.com/privacy-policy/,Privacy Policy,footer
https://kraftboxpack.com/product/kraft-paper-dispenser-boxes/,https://kraftboxpack.com/refund_returns/,Refund and Returns Policy,footer
https://kraftboxpack.com/product/kraft-paper-dispenser-boxes/,https://kraftboxpack.com/terms-conditions/,Terms & Conditions,footer
https://kraftboxpack.com/product/kraft-paper-gift-boxes/,https://kraftboxpack.com/cdn-cgi/l/email-protection,[email protected],navigation
https://kraftboxpack.com/product/kraft-paper-gift-boxes/,https://kraftboxpack.com/cdn-cgi/l/email-protection,Email Us To Get 25% OFF,navigation
https://kraftboxpack.com/product/kraft-paper-gift-boxes/,https://kraftboxpack.com,,navigation
https://kraftboxpack.com/product/kraft-paper-gift-boxes/,https://kraftboxpack.com/,Home,navigation
https://kraftboxpack.com/product/kraft-paper-gift-boxes/,https://kraftboxpack.com/product-category/colored-kraft-boxes/,Colored Kraft Boxes,navigation
https://kraftboxpack.com/product/kraft-paper-gift-boxes/,https://kraftboxpack.com/product-category/kraft-gift-specialty-boxes/,Kraft Gift & Specialty Boxes,navigation
https://kraftboxpack.com/product/kraft-paper-gift-boxes/,https://kraftboxpack.com/product-category/kraft-packaging-boxes/,Kraft Packaging Boxes,navigation
https://kraftboxpack.com/product/kraft-paper-gift-boxes/,https://kraftboxpack.com/product-category/kraft-wrapping-accessories/,Kraft Wrapping & Accessories,navigation
https://kraftboxpack.com/product/kraft-paper-gift-boxes/,https://kraftboxpack.com,Home,breadcrumb
https://kraftboxpack.com/product/kraft-paper-gift-boxes/,https://kraftboxpack.com/products/,Products,breadcrumb
https://kraftboxpack.com/product/kraft-paper-gift-boxes/,https://kraftboxpack.com/product/kraft-paper-gift-boxes/,Kraft Paper Gift Boxes,contextual
https://kraftboxpack.com/product/kraft-paper-gift-boxes/,https://kraftboxpack.com?add-to-cart=2673&quantity=1&e-redirect=https://kraftboxpack.com/cart/,Buy Now,contextual
https://kraftboxpack.com/product/kraft-paper-gift-boxes/,https://kraftboxpack.com/,Kraft Box Pack,contextual
https://kraftboxpack.com/product/kraft-paper-gift-boxes/,https://kraftboxpack.com/product/large-kraft-gift-boxes/,Kraft Gift & Specialty Boxes,related-product
https://kraftboxpack.com/product/kraft-paper-gift-boxes/,https://kraftboxpack.com/product/large-kraft-gift-boxes/,Large Kraft Gift Boxes,related-product
https://kraftboxpack.com/product/kraft-paper-gift-boxes/,https://kraftboxpack.com/product/mini-kraft-boxes/,Kraft Gift & Specialty Boxes,related-product
https://kraftboxpack.com/product/kraft-paper-gift-boxes/,https://kraftboxpack.com/product/mini-kraft-boxes/,Mini Kraft Boxes,product-grid
https://kraftboxpack.com/product/kraft-paper-gift-boxes/,https://kraftboxpack.com/product/kraft-candle-boxes/,Kraft Gift & Specialty Boxes,product-grid
https://kraftboxpack.com/product/kraft-paper-gift-boxes/,https://kraftboxpack.com/product/kraft-candle-boxes/,Kraft Candle Boxes,product-grid
https://kraftboxpack.com/product/kraft-paper-gift-boxes/,https://kraftboxpack.com/product/kraft-pillow-boxes/,Kraft Gift & Specialty Boxes,product-grid
https://kraftboxpack.com/product/kraft-paper-gift-boxes/,https://kraftboxpack.com/product/kraft-pillow-boxes/,Kraft Pillow Boxes,product-grid
https://kraftboxpack.com/product/kraft-paper-gift-boxes/,https://kraftboxpack.com/cdn-cgi/l/email-protection,info@shopcardboardboxes,product-grid
https://kraftboxpack.com/product/kraft-paper-gift-boxes/,https://kraftboxpack.com/about-us/,About Us,footer
https://kraftboxpack.com/product/kraft-paper-gift-boxes/,https://kraftboxpack.com/contact-us/,Contact Us,footer
https://kraftboxpack.com/product/kraft-paper-gift-boxes/,https://kraftboxpack.com/privacy-policy/,Privacy Policy,footer
https://kraftboxpack.com/product/kraft-paper-gift-boxes/,https://kraftboxpack.com/refund_returns/,Refund and Returns Policy,footer
https://kraftboxpack.com/product/kraft-paper-gift-boxes/,https://kraftboxpack.com/terms-conditions/,Terms & Conditions,footer
https://kraftboxpack.com/product/kraft-paper-gift-wrapping/,https://kraftboxpack.com/cdn-cgi/l/email-protection,[email protected],navigation
https://kraftboxpack.com/product/kraft-paper-gift-wrapping/,https://kraftboxpack.com/cdn-cgi/l/email-protection,Email Us To Get 25% OFF,navigation
https://kraftboxpack.com/product/kraft-paper-gift-wrapping/,https://kraftboxpack.com,,navigation
https://kraftboxpack.com/product/kraft-paper-gift-wrapping/,https://kraftboxpack.com/,Home,navigation
https://kraftboxpack.com/product/kraft-paper-gift-wrapping/,https://kraftboxpack.com/product-category/colored-kraft-boxes/,Colored Kraft Boxes,navigation
https://kraftboxpack.com/product/kraft-paper-gift-wrapping/,https://kraftboxpack.com/product-category/kraft-gift-specialty-boxes/,Kraft Gift & Specialty Boxes,navigation
https://kraftboxpack.com/product/kraft-paper-gift-wrapping/,https://kraftboxpack.com/product-category/kraft-packaging-boxes/,Kraft Packaging Boxes,navigation
https://kraftboxpack.com/product/kraft-paper-gift-wrapping/,https://kraftboxpack.com/product-category/kraft-wrapping-accessories/,Kraft Wrapping & Accessories,navigation
https://kraftboxpack.com/product/kraft-paper-gift-wrapping/,https://kraftboxpack.com,Home,breadcrumb
https://kraftboxpack.com/product/kraft-paper-gift-wrapping/,https://kraftboxpack.com/products/,Products,breadcrumb
https://kraftboxpack.com/product/kraft-paper-gift-wrapping/,https://kraftboxpack.com/product/kraft-paper-gift-wrapping/,Kraft Paper Gift Wrapping,contextual
https://kraftboxpack.com/product/kraft-paper-gift-wrapping/,https://kraftboxpack.com?add-to-cart=2718&quantity=1&e-redirect=https://kraftboxpack.com/cart/,Buy Now,contextual
https://kraftboxpack.com/product/kraft-paper-gift-wrapping/,https://kraftboxpack.com/product/kraft-paper-packaging/,Kraft Paper Packaging,contextual
https://kraftboxpack.com/product/kraft-paper-gift-wrapping/,https://kraftboxpack.com/product-category/Kraft-Wrapping-&-Accessories/,Kraft Wrapping & Accessories,contextual
https://kraftboxpack.com/product/kraft-paper-gift-wrapping/,https://kraftboxpack.com/,Kraft Box Pack,contextual
https://kraftboxpack.com/product/kraft-paper-gift-wrapping/,https://kraftboxpack.com/product/kraft-paper-packaging/,Kraft Wrapping & Accessories,related-product
https://kraftboxpack.com/product/kraft-paper-gift-wrapping/,https://kraftboxpack.com/product/kraft-paper-dispenser-boxes/,Kraft Wrapping & Accessories,related-product
https://kraftboxpack.com/product/kraft-paper-gift-wrapping/,https://kraftboxpack.com/product/kraft-paper-dispenser-boxes/,Kraft Paper Dispenser Boxes,product-grid
https://kraftboxpack.com/product/kraft-paper-gift-wrapping/,https://kraftboxpack.com/product/kraft-boxes-for-gifts/,Kraft Wrapping & Accessories,product-grid
https://kraftboxpack.com/product/kraft-paper-gift-wrapping/,https://kraftboxpack.com/product/kraft-boxes-for-gifts/,Kraft Boxes For Gifts,product-grid
https://kraftboxpack.com/product/kraft-paper-gift-wrapping/,https://kraftboxpack.com/product/kraft-paper-boxes/,Kraft Wrapping & Accessories,product-grid
https://kraftboxpack.com/product/kraft-paper-gift-wrapping/,https://kraftboxpack.com/product/kraft-paper-boxes/,Kraft Paper Boxes,product-grid
https://kraftboxpack.com/product/kraft-paper-gift-wrapping/,https://kraftboxpack.com/cdn-cgi/l/email-protection,info@shopcardboardboxes,product-grid
https://kraftboxpack.com/product/kraft-paper-gift-wrapping/,https://kraftboxpack.com/about-us/,About Us,footer
https://kraftboxpack.com/product/kraft-paper-gift-wrapping/,https://kraftboxpack.com/contact-us/,Contact Us,footer
https://kraftboxpack.com/product/kraft-paper-gift-wrapping/,https://kraftboxpack.com/privacy-policy/,Privacy Policy,footer
https://kraftboxpack.com/product/kraft-paper-gift-wrapping/,https://kraftboxpack.com/refund_returns/,Refund and Returns Policy,footer
https://kraftboxpack.com/product/kraft-paper-gift-wrapping/,https://kraftboxpack.com/terms-conditions/,Terms & Conditions,footer
https://kraftboxpack.com/product/kraft-paper-packaging/,https://kraftboxpack.com/cdn-cgi/l/email-protection,[email protected],navigation
https://kraftboxpack.com/product/kraft-paper-packaging/,https://kraftboxpack.com/cdn-cgi/l/email-protection,Email Us To Get 25% OFF,navigation
https://kraftboxpack.com/product/kraft-paper-packaging/,https://kraftboxpack.com,,navigation
https://kraftboxpack.com/product/kraft-paper-packaging/,https://kraftboxpack.com/,Home,navigation
https://kraftboxpack.com/product/kraft-paper-packaging/,https://kraftboxpack.com/product-category/colored-kraft-boxes/,Colored Kraft Boxes,navigation
https://kraftboxpack.com/product/kraft-paper-packaging/,https://kraftboxpack.com/product-category/kraft-gift-specialty-boxes/,Kraft Gift & Specialty Boxes,navigation
https://kraftboxpack.com/product/kraft-paper-packaging/,https://kraftboxpack.com/product-category/kraft-packaging-boxes/,Kraft Packaging Boxes,navigation
https://kraftboxpack.com/product/kraft-paper-packaging/,https://kraftboxpack.com/product-category/kraft-wrapping-accessories/,Kraft Wrapping & Accessories,navigation
https://kraftboxpack.com/product/kraft-paper-packaging/,https://kraftboxpack.com,Home,breadcrumb
https://kraftboxpack.com/product/kraft-paper-packaging/,https://kraftboxpack.com/products/,Products,breadcrumb
https://kraftboxpack.com/product/kraft-paper-packaging/,https://kraftboxpack.com/product/kraft-paper-packaging/,Kraft Paper Packaging,contextual
https://kraftboxpack.com/product/kraft-paper-packaging/,https://kraftboxpack.com?add-to-cart=2713&quantity=1&e-redirect=https://kraftboxpack.com/cart/,Buy Now,contextual
https://kraftboxpack.com/product/kraft-paper-packaging/,https://kraftboxpack.com/product/kraft-paper-dispenser-boxes/,Kraft Paper Dispenser Boxes,contextual
https://kraftboxpack.com/product/kraft-paper-packaging/,https://kraftboxpack.com/product-category/Kraft-Wrapping-&-Accessories/,Kraft Wrapping & Accessories,contextual
https://kraftboxpack.com/product/kraft-paper-packaging/,https://kraftboxpack.com/,Kraft Box Pack,contextual
https://kraftboxpack.com/product/kraft-paper-packaging/,https://kraftboxpack.com/product/kraft-paper-gift-wrapping/,Kraft Wrapping & Accessories,related-product
https://kraftboxpack.com/product/kraft-paper-packaging/,https://kraftboxpack.com/product/kraft-paper-gift-wrapping/,Kraft Paper Gift Wrapping,related-product
https://kraftboxpack.com/product/kraft-paper-packaging/,https://kraftboxpack.com/product/kraft-paper-dispenser-boxes/,Kraft Wrapping & Accessories,related-product
https://kraftboxpack.com/product/kraft-paper-packaging/,https://kraftboxpack.com/product/kraft-boxes-for-gifts/,Kraft Wrapping & Accessories,product-grid
https://kraftboxpack.com/product/kraft-paper-packaging/,https://kraftboxpack.com/product/kraft-boxes-for-gifts/,Kraft Boxes For Gifts,product-grid
https://kraftboxpack.com/product/kraft-paper-packaging/,https://kraftboxpack.com/product/kraft-paper-boxes/,Kraft Wrapping & Accessories,product-grid
https://kraftboxpack.com/product/kraft-paper-packaging/,https://kraftboxpack.com/product/kraft-paper-boxes/,Kraft Paper Boxes,product-grid
https://kraftboxpack.com/product/kraft-paper-packaging/,https://kraftboxpack.com/cdn-cgi/l/email-protection,info@shopcardboardboxes,product-grid
https://kraftboxpack.com/product/kraft-paper-packaging/,https://kraftboxpack.com/about-us/,About Us,footer
https://kraftboxpack.com/product/kraft-paper-packaging/,https://kraftboxpack.com/contact-us/,Contact Us,footer
https://kraftboxpack.com/product/kraft-paper-packaging/,https://kraftboxpack.com/privacy-policy/,Privacy Policy,footer
https://kraftboxpack.com/product/kraft-paper-packaging/,https://kraftboxpack.com/refund_returns/,Refund and Returns Policy,footer
https://kraftboxpack.com/product/kraft-paper-packaging/,https://kraftboxpack.com/terms-conditions/,Terms & Conditions,footer
https://kraftboxpack.com/product/kraft-paper-treat-bags/,https://kraftboxpack.com/cdn-cgi/l/email-protection,[email protected],navigation
https://kraftboxpack.com/product/kraft-paper-treat-bags/,https://kraftboxpack.com/cdn-cgi/l/email-protection,Email Us To Get 25% OFF,navigation
https://kraftboxpack.com/product/kraft-paper-treat-bags/,https://kraftboxpack.com,,navigation
https://kraftboxpack.com/product/kraft-paper-treat-bags/,https://kraftboxpack.com/,Home,navigation
https://kraftboxpack.com/product/kraft-paper-treat-bags/,https://kraftboxpack.com/product-category/colored-kraft-boxes/,Colored Kraft Boxes,navigation
https://kraftboxpack.com/product/kraft-paper-treat-bags/,https://kraftboxpack.com/product-category/kraft-gift-specialty-boxes/,Kraft Gift & Specialty Boxes,navigation
https://kraftboxpack.com/product/kraft-paper-treat-bags/,https://kraftboxpack.com/product-category/kraft-packaging-boxes/,Kraft Packaging Boxes,navigation
https://kraftboxpack.com/product/kraft-paper-treat-bags/,https://kraftboxpack.com/product-category/kraft-wrapping-accessories/,Kraft Wrapping & Accessories,navigation
https://kraftboxpack.com/product/kraft-paper-treat-bags/,https://kraftboxpack.com,Home,breadcrumb
https://kraftboxpack.com/product/kraft-paper-treat-bags/,https://kraftboxpack.com/products/,Products,breadcrumb
https://kraftboxpack.com/product/kraft-paper-treat-bags/,https://kraftboxpack.com/product/kraft-paper-treat-bags/,Kraft Paper Treat Bags,contextual
https://kraftboxpack.com/product/kraft-paper-treat-bags/,https://kraftboxpack.com?add-to-cart=3068&quantity=1&e-redirect=https://kraftboxpack.com/cart/,Buy Now,contextual
https://kraftboxpack.com/product/kraft-paper-treat-bags/,https://kraftboxpack.com/product/kraft-cookie-boxes/,Kraft Cookie Boxes,contextual
https://kraftboxpack.com/product/kraft-paper-treat-bags/,https://kraftboxpack.com/product-category/Kraft-Packaging-Boxes/,Kraft Packaging Boxes,contextual
https://kraftboxpack.com/product/kraft-paper-treat-bags/,https://kraftboxpack.com/,kraft box pack,contextual
https://kraftboxpack.com/product/kraft-paper-treat-bags/,https://kraftboxpack.com/product/kraft-corrugated-boxes/,Kraft Packaging Boxes,related-product
https://kraftboxpack.com/product/kraft-paper-treat-bags/,https://kraftboxpack.com/product/kraft-corrugated-boxes/,Kraft Corrugated Boxes,related-product
https://kraftboxpack.com/product/kraft-paper-treat-bags/,https://kraftboxpack.com/product/kraft-cake-boxes/,Kraft Packaging Boxes,related-product
https://kraftboxpack.com/product/kraft-paper-treat-bags/,https://kraftboxpack.com/product/kraft-cake-boxes/,Kraft Cake Boxes,product-grid
https://kraftboxpack.com/product/kraft-paper-treat-bags/,https://kraftboxpack.com/product/kraft-paperboard-boxes/,Kraft Packaging Boxes,product-grid
https://kraftboxpack.com/product/kraft-paper-treat-bags/,https://kraftboxpack.com/product/kraft-paperboard-boxes/,Kraft Paperboard Boxes,product-grid
https://kraftboxpack.com/product/kraft-paper-treat-bags/,https://kraftboxpack.com/product/custom-kraft-bags/,Kraft Packaging Boxes,product-grid
https://kraftboxpack.com/product/kraft-paper-treat-bags/,https://kraftboxpack.com/product/custom-kraft-bags/,Custom Kraft Bags,product-grid
https://kraftboxpack.com/product/kraft-paper-treat-bags/,https://kraftboxpack.com/cdn-cgi/l/email-protection,info@shopcardboardboxes,product-grid
https://kraftboxpack.com/product/kraft-paper-treat-bags/,https://kraftboxpack.com/about-us/,About Us,footer
https://kraftboxpack.com/product/kraft-paper-treat-bags/,https://kraftboxpack.com/contact-us/,Contact Us,footer
https://kraftboxpack.com/product/kraft-paper-treat-bags/,https://kraftboxpack.com/privacy-policy/,Privacy Policy,footer
https://kraftboxpack.com/product/kraft-paper-treat-bags/,https://kraftboxpack.com/refund_returns/,Refund and Returns Policy,footer
https://kraftboxpack.com/product/kraft-paper-treat-bags/,https://kraftboxpack.com/terms-conditions/,Terms & Conditions,footer
https://kraftboxpack.com/product/kraft-paperboard-boxes/,https://kraftboxpack.com/cdn-cgi/l/email-protection,[email protected],navigation
https://kraftboxpack.com/product/kraft-paperboard-boxes/,https://kraftboxpack.com/cdn-cgi/l/email-protection,Email Us To Get 25% OFF,navigation
https://kraftboxpack.com/product/kraft-paperboard-boxes/,https://kraftboxpack.com,,navigation
https://kraftboxpack.com/product/kraft-paperboard-boxes/,https://kraftboxpack.com/,Home,navigation
https://kraftboxpack.com/product/kraft-paperboard-boxes/,https://kraftboxpack.com/product-category/colored-kraft-boxes/,Colored Kraft Boxes,navigation
https://kraftboxpack.com/product/kraft-paperboard-boxes/,https://kraftboxpack.com/product-category/kraft-gift-specialty-boxes/,Kraft Gift & Specialty Boxes,navigation
https://kraftboxpack.com/product/kraft-paperboard-boxes/,https://kraftboxpack.com/product-category/kraft-packaging-boxes/,Kraft Packaging Boxes,navigation
https://kraftboxpack.com/product/kraft-paperboard-boxes/,https://kraftboxpack.com/product-category/kraft-wrapping-accessories/,Kraft Wrapping & Accessories,navigation
https://kraftboxpack.com/product/kraft-paperboard-boxes/,https://kraftboxpack.com,Home,breadcrumb
https://kraftboxpack.com/product/kraft-paperboard-boxes/,https://kraftboxpack.com/products/,Products,breadcrumb
https://kraftboxpack.com/product/kraft-paperboard-boxes/,https://kraftboxpack.com/product/kraft-paperboard-boxes/,Kraft Paperboard Boxes,contextual
https://kraftboxpack.com/product/kraft-paperboard-boxes/,https://kraftboxpack.com?add-to-cart=3027&quantity=1&e-redirect=https://kraftboxpack.com/cart/,Buy Now,contextual
https://kraftboxpack.com/product/kraft-paperboard-boxes/,https://kraftboxpack.com/product/kraft-dispenser-boxes/,Kraft Dispenser Boxes,contextual
https://kraftboxpack.com/product/kraft-paperboard-boxes/,https://kraftboxpack.com/,kraft box packaging,contextual
https://kraftboxpack.com/product/kraft-paperboard-boxes/,https://kraftboxpack.com/product/kraft-corrugated-boxes/,Kraft Packaging Boxes,related-product
https://kraftboxpack.com/product/kraft-paperboard-boxes/,https://kraftboxpack.com/product/kraft-corrugated-boxes/,Kraft Corrugated Boxes,related-product
https://kraftboxpack.com/product/kraft-paperboard-boxes/,https://kraftboxpack.com/product/kraft-dispenser-boxes/,Kraft Packaging Boxes,related-product
https://kraftboxpack.com/product/kraft-paperboard-boxes/,https://kraftboxpack.com/product/kraft-cardboard-boxes/,Kraft Packaging Boxes,product-grid
https://kraftboxpack.com/product/kraft-paperboard-boxes/,https://kraftboxpack.com/product/kraft-cardboard-boxes/,Kraft Cardboard Boxes,product-grid
https://kraftboxpack.com/product/kraft-paperboard-boxes/,https://kraftboxpack.com/product/custom-kraft-bags/,Kraft Packaging Boxes,product-grid
https://kraftboxpack.com/product/kraft-paperboard-boxes/,https://kraftboxpack.com/product/custom-kraft-bags/,Custom Kraft Bags,product-grid
https://kraftboxpack.com/product/kraft-paperboard-boxes/,https://kraftboxpack.com/cdn-cgi/l/email-protection,info@shopcardboardboxes,product-grid
https://kraftboxpack.com/product/kraft-paperboard-boxes/,https://kraftboxpack.com/about-us/,About Us,footer
https://kraftboxpack.com/product/kraft-paperboard-boxes/,https://kraftboxpack.com/contact-us/,Contact Us,footer
https://kraftboxpack.com/product/kraft-paperboard-boxes/,https://kraftboxpack.com/privacy-policy/,Privacy Policy,footer
https://kraftboxpack.com/product/kraft-paperboard-boxes/,https://kraftboxpack.com/refund_returns/,Refund and Returns Policy,footer
https://kraftboxpack.com/product/kraft-paperboard-boxes/,https://kraftboxpack.com/terms-conditions/,Terms & Conditions,footer
https://kraftboxpack.com/product/kraft-pastry-boxes/,https://kraftboxpack.com/cdn-cgi/l/email-protection,[email protected],navigation
https://kraftboxpack.com/product/kraft-pastry-boxes/,https://kraftboxpack.com/cdn-cgi/l/email-protection,Email Us To Get 25% OFF,navigation
https://kraftboxpack.com/product/kraft-pastry-boxes/,https://kraftboxpack.com,,navigation
https://kraftboxpack.com/product/kraft-pastry-boxes/,https://kraftboxpack.com/,Home,navigation
https://kraftboxpack.com/product/kraft-pastry-boxes/,https://kraftboxpack.com/product-category/colored-kraft-boxes/,Colored Kraft Boxes,navigation
https://kraftboxpack.com/product/kraft-pastry-boxes/,https://kraftboxpack.com/product-category/kraft-gift-specialty-boxes/,Kraft Gift & Specialty Boxes,navigation
https://kraftboxpack.com/product/kraft-pastry-boxes/,https://kraftboxpack.com/product-category/kraft-packaging-boxes/,Kraft Packaging Boxes,navigation
https://kraftboxpack.com/product/kraft-pastry-boxes/,https://kraftboxpack.com/product-category/kraft-wrapping-accessories/,Kraft Wrapping & Accessories,navigation
https://kraftboxpack.com/product/kraft-pastry-boxes/,https://kraftboxpack.com,Home,breadcrumb
https://kraftboxpack.com/product/kraft-pastry-boxes/,https://kraftboxpack.com/products/,Products,breadcrumb
https://kraftboxpack.com/product/kraft-pastry-boxes/,https://kraftboxpack.com/product-category/kraft-food-packaging/,Kraft Food Packaging,breadcrumb
https://kraftboxpack.com/product/kraft-pastry-boxes/,https://kraftboxpack.com/product/kraft-pastry-boxes/,Kraft Pastry Boxes,contextual
https://kraftboxpack.com/product/kraft-pastry-boxes/,https://kraftboxpack.com?add-to-cart=3263&quantity=1&e-redirect=https://kraftboxpack.com/cart/,Buy Now,contextual
https://kraftboxpack.com/product/kraft-pastry-boxes/,https://kraftboxpack.com/product/kraft-chocolate-packaging-boxes/,Kraft Chocolate Packaging Boxes,contextual
https://kraftboxpack.com/product/kraft-pastry-boxes/,https://kraftboxpack.com/,Kraft Box Packackaing,contextual
https://kraftboxpack.com/product/kraft-pastry-boxes/,https://kraftboxpack.com/product/kraft-granola-bar-boxes/,Kraft Food Packaging,related-product
https://kraftboxpack.com/product/kraft-pastry-boxes/,https://kraftboxpack.com/product/kraft-granola-bar-boxes/,Kraft Granola Bar Boxes,related-product
https://kraftboxpack.com/product/kraft-pastry-boxes/,https://kraftboxpack.com/product/kraft-macaron-packaging-boxes/,Kraft Food Packaging,related-product
https://kraftboxpack.com/product/kraft-pastry-boxes/,https://kraftboxpack.com/product/kraft-macaron-packaging-boxes/,Kraft Macaron Packaging Boxes,product-grid
https://kraftboxpack.com/product/kraft-pastry-boxes/,https://kraftboxpack.com/product/kraft-sushi-packaging-boxes/,Kraft Food Packaging,product-grid
https://kraftboxpack.com/product/kraft-pastry-boxes/,https://kraftboxpack.com/product/kraft-sushi-packaging-boxes/,Kraft Sushi Packaging Boxes,product-grid
https://kraftboxpack.com/product/kraft-pastry-boxes/,https://kraftboxpack.com/product/kraft-noodle-packaging-boxes/,Kraft Food Packaging,product-grid
https://kraftboxpack.com/product/kraft-pastry-boxes/,https://kraftboxpack.com/product/kraft-noodle-packaging-boxes/,Kraft Noodle Packaging Boxes,product-grid
https://kraftboxpack.com/product/kraft-pastry-boxes/,https://kraftboxpack.com/cdn-cgi/l/email-protection,info@shopcardboardboxes,product-grid
https://kraftboxpack.com/product/kraft-pastry-boxes/,https://kraftboxpack.com/about-us/,About Us,footer
https://kraftboxpack.com/product/kraft-pastry-boxes/,https://kraftboxpack.com/contact-us/,Contact Us,footer
https://kraftboxpack.com/product/kraft-pastry-boxes/,https://kraftboxpack.com/privacy-policy/,Privacy Policy,footer
https://kraftboxpack.com/product/kraft-pastry-boxes/,https://kraftboxpack.com/refund_returns/,Refund and Returns Policy,footer
https://kraftboxpack.com/product/kraft-pastry-boxes/,https://kraftboxpack.com/terms-conditions/,Terms & Conditions,footer
https://kraftboxpack.com/product/kraft-pen-packaging-boxes/,https://kraftboxpack.com/cdn-cgi/l/email-protection,[email protected],navigation
https://kraftboxpack.com/product/kraft-pen-packaging-boxes/,https://kraftboxpack.com/cdn-cgi/l/email-protection,Email Us To Get 25% OFF,navigation
https://kraftboxpack.com/product/kraft-pen-packaging-boxes/,https://kraftboxpack.com,,navigation
https://kraftboxpack.com/product/kraft-pen-packaging-boxes/,https://kraftboxpack.com/,Home,navigation
https://kraftboxpack.com/product/kraft-pen-packaging-boxes/,https://kraftboxpack.com/product-category/colored-kraft-boxes/,Colored Kraft Boxes,navigation
https://kraftboxpack.com/product/kraft-pen-packaging-boxes/,https://kraftboxpack.com/product-category/kraft-gift-specialty-boxes/,Kraft Gift & Specialty Boxes,navigation
https://kraftboxpack.com/product/kraft-pen-packaging-boxes/,https://kraftboxpack.com/product-category/kraft-packaging-boxes/,Kraft Packaging Boxes,navigation
https://kraftboxpack.com/product/kraft-pen-packaging-boxes/,https://kraftboxpack.com/product-category/kraft-wrapping-accessories/,Kraft Wrapping & Accessories,navigation
https://kraftboxpack.com/product/kraft-pen-packaging-boxes/,https://kraftboxpack.com,Home,breadcrumb
https://kraftboxpack.com/product/kraft-pen-packaging-boxes/,https://kraftboxpack.com/products/,Products,breadcrumb
https://kraftboxpack.com/product/kraft-pen-packaging-boxes/,https://kraftboxpack.com/product-category/kraft-electronics-boxes/,Kraft Electronics Boxes,breadcrumb
https://kraftboxpack.com/product/kraft-pen-packaging-boxes/,https://kraftboxpack.com/product/kraft-pen-packaging-boxes/,Kraft Pen Packaging Boxes,contextual
https://kraftboxpack.com/product/kraft-pen-packaging-boxes/,https://kraftboxpack.com?add-to-cart=3308&quantity=1&e-redirect=https://kraftboxpack.com/cart/,Buy Now,contextual
https://kraftboxpack.com/product/kraft-pen-packaging-boxes/,https://kraftboxpack.com/product/kraft-badge-packaging-boxes/,Kraft Badge Packaging Boxes,contextual
https://kraftboxpack.com/product/kraft-pen-packaging-boxes/,https://kraftboxpack.com/product-category/Kraft-Electronics-Boxes/,Kraft Electronics Boxes,contextual
https://kraftboxpack.com/product/kraft-pen-packaging-boxes/,https://kraftboxpack.com/,Kraft Boxes Packaging,contextual
https://kraftboxpack.com/product/kraft-pen-packaging-boxes/,https://kraftboxpack.com/product/kraft-badge-packaging-boxes/,Kraft Electronics Boxes,related-product
https://kraftboxpack.com/product/kraft-pen-packaging-boxes/,https://kraftboxpack.com/product/kraft-keychain-packaging-boxes/,Kraft Electronics Boxes,related-product
https://kraftboxpack.com/product/kraft-pen-packaging-boxes/,https://kraftboxpack.com/product/kraft-keychain-packaging-boxes/,Kraft Keychain Packaging Boxes,product-grid
https://kraftboxpack.com/product/kraft-pen-packaging-boxes/,https://kraftboxpack.com/product/kraft-notebook-packaging/,Kraft Electronics Boxes,product-grid
https://kraftboxpack.com/product/kraft-pen-packaging-boxes/,https://kraftboxpack.com/product/kraft-notebook-packaging/,Kraft Notebook Packaging,product-grid
https://kraftboxpack.com/product/kraft-pen-packaging-boxes/,https://kraftboxpack.com/product/kraft-pencil-packaging-boxes/,Kraft Electronics Boxes,product-grid
https://kraftboxpack.com/product/kraft-pen-packaging-boxes/,https://kraftboxpack.com/product/kraft-pencil-packaging-boxes/,Kraft Pencil Packaging Boxes,product-grid
https://kraftboxpack.com/product/kraft-pen-packaging-boxes/,https://kraftboxpack.com/cdn-cgi/l/email-protection,info@shopcardboardboxes,product-grid
https://kraftboxpack.com/product/kraft-pen-packaging-boxes/,https://kraftboxpack.com/about-us/,About Us,footer
https://kraftboxpack.com/product/kraft-pen-packaging-boxes/,https://kraftboxpack.com/contact-us/,Contact Us,footer
https://kraftboxpack.com/product/kraft-pen-packaging-boxes/,https://kraftboxpack.com/privacy-policy/,Privacy Policy,footer
https://kraftboxpack.com/product/kraft-pen-packaging-boxes/,https://kraftboxpack.com/refund_returns/,Refund and Returns Policy,footer
https://kraftboxpack.com/product/kraft-pen-packaging-boxes/,https://kraftboxpack.com/terms-conditions/,Terms & Conditions,footer
https://kraftboxpack.com/product/kraft-pencil-packaging-boxes/,https://kraftboxpack.com/cdn-cgi/l/email-protection,[email protected],navigation
https://kraftboxpack.com/product/kraft-pencil-packaging-boxes/,https://kraftboxpack.com/cdn-cgi/l/email-protection,Email Us To Get 25% OFF,navigation
https://kraftboxpack.com/product/kraft-pencil-packaging-boxes/,https://kraftboxpack.com,,navigation
https://kraftboxpack.com/product/kraft-pencil-packaging-boxes/,https://kraftboxpack.com/,Home,navigation
https://kraftboxpack.com/product/kraft-pencil-packaging-boxes/,https://kraftboxpack.com/product-category/colored-kraft-boxes/,Colored Kraft Boxes,navigation
https://kraftboxpack.com/product/kraft-pencil-packaging-boxes/,https://kraftboxpack.com/product-category/kraft-gift-specialty-boxes/,Kraft Gift & Specialty Boxes,navigation
https://kraftboxpack.com/product/kraft-pencil-packaging-boxes/,https://kraftboxpack.com/product-category/kraft-packaging-boxes/,Kraft Packaging Boxes,navigation
https://kraftboxpack.com/product/kraft-pencil-packaging-boxes/,https://kraftboxpack.com/product-category/kraft-wrapping-accessories/,Kraft Wrapping & Accessories,navigation
https://kraftboxpack.com/product/kraft-pencil-packaging-boxes/,https://kraftboxpack.com,Home,breadcrumb
https://kraftboxpack.com/product/kraft-pencil-packaging-boxes/,https://kraftboxpack.com/products/,Products,breadcrumb
https://kraftboxpack.com/product/kraft-pencil-packaging-boxes/,https://kraftboxpack.com/product-category/kraft-electronics-boxes/,Kraft Electronics Boxes,breadcrumb
https://kraftboxpack.com/product/kraft-pencil-packaging-boxes/,https://kraftboxpack.com/product/kraft-pencil-packaging-boxes/,Kraft Pencil Packaging Boxes,contextual
https://kraftboxpack.com/product/kraft-pencil-packaging-boxes/,https://kraftboxpack.com?add-to-cart=3311&quantity=1&e-redirect=https://kraftboxpack.com/cart/,Buy Now,contextual
https://kraftboxpack.com/product/kraft-pencil-packaging-boxes/,https://kraftboxpack.com/product/kraft-notebook-packaging/,Kraft Notebook Packaging,contextual
https://kraftboxpack.com/product/kraft-pencil-packaging-boxes/,https://kraftboxpack.com/product-category/Kraft-Electronics-Boxes/,Kraft Electronics Boxes,contextual
https://kraftboxpack.com/product/kraft-pencil-packaging-boxes/,https://kraftboxpack.com/,Custom Kraft Boxes,contextual
https://kraftboxpack.com/product/kraft-pencil-packaging-boxes/,https://kraftboxpack.com/product/kraft-badge-packaging-boxes/,Kraft Electronics Boxes,related-product
https://kraftboxpack.com/product/kraft-pencil-packaging-boxes/,https://kraftboxpack.com/product/kraft-badge-packaging-boxes/,Kraft Badge Packaging Boxes,related-product
https://kraftboxpack.com/product/kraft-pencil-packaging-boxes/,https://kraftboxpack.com/product/kraft-keychain-packaging-boxes/,Kraft Electronics Boxes,related-product
https://kraftboxpack.com/product/kraft-pencil-packaging-boxes/,https://kraftboxpack.com/product/kraft-keychain-packaging-boxes/,Kraft Keychain Packaging Boxes,product-grid
https://kraftboxpack.com/product/kraft-pencil-packaging-boxes/,https://kraftboxpack.com/product/kraft-stationery-boxes/,Kraft Electronics Boxes,product-grid
https://kraftboxpack.com/product/kraft-pencil-packaging-boxes/,https://kraftboxpack.com/product/kraft-stationery-boxes/,Kraft Stationery Boxes,product-grid
https://kraftboxpack.com/product/kraft-pencil-packaging-boxes/,https://kraftboxpack.com/product/kraft-notebook-packaging/,Kraft Electronics Boxes,product-grid
https://kraftboxpack.com/product/kraft-pencil-packaging-boxes/,https://kraftboxpack.com/cdn-cgi/l/email-protection,info@shopcardboardboxes,product-grid
https://kraftboxpack.com/product/kraft-pencil-packaging-boxes/,https://kraftboxpack.com/about-us/,About Us,footer
https://kraftboxpack.com/product/kraft-pencil-packaging-boxes/,https://kraftboxpack.com/contact-us/,Contact Us,footer
https://kraftboxpack.com/product/kraft-pencil-packaging-boxes/,https://kraftboxpack.com/privacy-policy/,Privacy Policy,footer
https://kraftboxpack.com/product/kraft-pencil-packaging-boxes/,https://kraftboxpack.com/refund_returns/,Refund and Returns Policy,footer
https://kraftboxpack.com/product/kraft-pencil-packaging-boxes/,https://kraftboxpack.com/terms-conditions/,Terms & Conditions,footer
https://kraftboxpack.com/product/kraft-perfume-boxes/,https://kraftboxpack.com/cdn-cgi/l/email-protection,[email protected],navigation
https://kraftboxpack.com/product/kraft-perfume-boxes/,https://kraftboxpack.com/cdn-cgi/l/email-protection,Email Us To Get 25% OFF,navigation
https://kraftboxpack.com/product/kraft-perfume-boxes/,https://kraftboxpack.com,,navigation
https://kraftboxpack.com/product/kraft-perfume-boxes/,https://kraftboxpack.com/,Home,navigation
https://kraftboxpack.com/product/kraft-perfume-boxes/,https://kraftboxpack.com/product-category/colored-kraft-boxes/,Colored Kraft Boxes,navigation
https://kraftboxpack.com/product/kraft-perfume-boxes/,https://kraftboxpack.com/product-category/kraft-gift-specialty-boxes/,Kraft Gift & Specialty Boxes,navigation
https://kraftboxpack.com/product/kraft-perfume-boxes/,https://kraftboxpack.com/product-category/kraft-packaging-boxes/,Kraft Packaging Boxes,navigation
https://kraftboxpack.com/product/kraft-perfume-boxes/,https://kraftboxpack.com/product-category/kraft-wrapping-accessories/,Kraft Wrapping & Accessories,navigation
https://kraftboxpack.com/product/kraft-perfume-boxes/,https://kraftboxpack.com,Home,breadcrumb
https://kraftboxpack.com/product/kraft-perfume-boxes/,https://kraftboxpack.com/products/,Products,breadcrumb
https://kraftboxpack.com/product/kraft-perfume-boxes/,https://kraftboxpack.com/product-category/kraft-packaging-boxes/karft-cosmetic-boxes/,Kraft Cosmetic Boxes,contextual
https://kraftboxpack.com/product/kraft-perfume-boxes/,https://kraftboxpack.com/product/kraft-perfume-boxes/,Kraft Perfume Boxes,contextual
https://kraftboxpack.com/product/kraft-perfume-boxes/,https://kraftboxpack.com?add-to-cart=3162&quantity=1&e-redirect=https://kraftboxpack.com/cart/,Buy Now,contextual
https://kraftboxpack.com/product/kraft-perfume-boxes/,https://kraftboxpack.com/product/kraft-skincare-boxes/,Kraft Skincare Boxes,contextual
https://kraftboxpack.com/product/kraft-perfume-boxes/,https://kraftboxpack.com/product-category/Kraft-Cosmetic-Boxes/,Kraft Cosmetic Boxes,contextual
https://kraftboxpack.com/product/kraft-perfume-boxes/,https://kraftboxpack.com/,Kraft Box Packaging,contextual
https://kraftboxpack.com/product/kraft-perfume-boxes/,https://kraftboxpack.com/product/kraft-eyelash-packaging-boxes/,Kraft Cosmetic Boxes,related-product
https://kraftboxpack.com/product/kraft-perfume-boxes/,https://kraftboxpack.com/product/kraft-eyelash-packaging-boxes/,Kraft Eyelash Packaging Boxes,related-product
https://kraftboxpack.com/product/kraft-perfume-boxes/,https://kraftboxpack.com/product/kraft-skincare-boxes/,Kraft Cosmetic Boxes,related-product
https://kraftboxpack.com/product/kraft-perfume-boxes/,https://kraftboxpack.com/product/kraft-makeup-palette-boxes/,Kraft Cosmetic Boxes,product-grid
https://kraftboxpack.com/product/kraft-perfume-boxes/,https://kraftboxpack.com/product/kraft-makeup-palette-boxes/,Kraft Makeup Palette Boxes,product-grid
https://kraftboxpack.com/product/kraft-perfume-boxes/,https://kraftboxpack.com/product/kraft-beard-oil-boxes/,Kraft Cosmetic Boxes,product-grid
https://kraftboxpack.com/product/kraft-perfume-boxes/,https://kraftboxpack.com/product/kraft-beard-oil-boxes/,Kraft Beard Oil Boxes,product-grid
https://kraftboxpack.com/product/kraft-perfume-boxes/,https://kraftboxpack.com/cdn-cgi/l/email-protection,info@shopcardboardboxes,product-grid
https://kraftboxpack.com/product/kraft-perfume-boxes/,https://kraftboxpack.com/about-us/,About Us,footer
https://kraftboxpack.com/product/kraft-perfume-boxes/,https://kraftboxpack.com/contact-us/,Contact Us,footer
https://kraftboxpack.com/product/kraft-perfume-boxes/,https://kraftboxpack.com/privacy-policy/,Privacy Policy,footer
https://kraftboxpack.com/product/kraft-perfume-boxes/,https://kraftboxpack.com/refund_returns/,Refund and Returns Policy,footer
https://kraftboxpack.com/product/kraft-perfume-boxes/,https://kraftboxpack.com/terms-conditions/,Terms & Conditions,footer
https://kraftboxpack.com/product/kraft-photo-frame-boxes/,https://kraftboxpack.com/cdn-cgi/l/email-protection,[email protected],navigation
https://kraftboxpack.com/product/kraft-photo-frame-boxes/,https://kraftboxpack.com/cdn-cgi/l/email-protection,Email Us To Get 25% OFF,navigation
https://kraftboxpack.com/product/kraft-photo-frame-boxes/,https://kraftboxpack.com,,navigation
https://kraftboxpack.com/product/kraft-photo-frame-boxes/,https://kraftboxpack.com/,Home,navigation
https://kraftboxpack.com/product/kraft-photo-frame-boxes/,https://kraftboxpack.com/product-category/colored-kraft-boxes/,Colored Kraft Boxes,navigation
https://kraftboxpack.com/product/kraft-photo-frame-boxes/,https://kraftboxpack.com/product-category/kraft-gift-specialty-boxes/,Kraft Gift & Specialty Boxes,navigation
https://kraftboxpack.com/product/kraft-photo-frame-boxes/,https://kraftboxpack.com/product-category/kraft-packaging-boxes/,Kraft Packaging Boxes,navigation
https://kraftboxpack.com/product/kraft-photo-frame-boxes/,https://kraftboxpack.com/product-category/kraft-wrapping-accessories/,Kraft Wrapping & Accessories,navigation
https://kraftboxpack.com/product/kraft-photo-frame-boxes/,https://kraftboxpack.com,Home,breadcrumb
https://kraftboxpack.com/product/kraft-photo-frame-boxes/,https://kraftboxpack.com/products/,Products,breadcrumb
https://kraftboxpack.com/product/kraft-photo-frame-boxes/,https://kraftboxpack.com/product-category/kraft-art-boxes/,Kraft Art Boxes,breadcrumb
https://kraftboxpack.com/product/kraft-photo-frame-boxes/,https://kraftboxpack.com/product/kraft-photo-frame-boxes/,Kraft Photo Frame Boxes,contextual
https://kraftboxpack.com/product/kraft-photo-frame-boxes/,https://kraftboxpack.com?add-to-cart=3314&quantity=1&e-redirect=https://kraftboxpack.com/cart/,Buy Now,contextual
https://kraftboxpack.com/product/kraft-photo-frame-boxes/,https://kraftboxpack.com/product/kraft-diy-kit-boxes/,Kraft DIY Kit Boxes,contextual
https://kraftboxpack.com/product/kraft-photo-frame-boxes/,https://kraftboxpack.com/product-category/Kraft-Art-Boxes/,Kraft Art Boxes,contextual
https://kraftboxpack.com/product/kraft-photo-frame-boxes/,https://kraftboxpack.com/,Custom Kraft Packaging,contextual
https://kraftboxpack.com/product/kraft-photo-frame-boxes/,https://kraftboxpack.com/product/kraft-cd-dvd-packaging/,Kraft Art Boxes,related-product
https://kraftboxpack.com/product/kraft-photo-frame-boxes/,https://kraftboxpack.com/product/kraft-cd-dvd-packaging/,Kraft CD/DVD Packaging,related-product
https://kraftboxpack.com/product/kraft-photo-frame-boxes/,https://kraftboxpack.com/product/kraft-certificate-boxes/,Kraft Art Boxes,related-product
https://kraftboxpack.com/product/kraft-photo-frame-boxes/,https://kraftboxpack.com/product/kraft-certificate-boxes/,Kraft Certificate Boxes,product-grid
https://kraftboxpack.com/product/kraft-photo-frame-boxes/,https://kraftboxpack.com/product/kraft-art-supply-packaging/,Kraft Art Boxes,product-grid
https://kraftboxpack.com/product/kraft-photo-frame-boxes/,https://kraftboxpack.com/product/kraft-art-supply-packaging/,Kraft Art Supply Packaging,product-grid
https://kraftboxpack.com/product/kraft-photo-frame-boxes/,https://kraftboxpack.com/product/kraft-document-mailers/,Kraft Art Boxes,product-grid
https://kraftboxpack.com/product/kraft-photo-frame-boxes/,https://kraftboxpack.com/product/kraft-document-mailers/,Kraft Document Mailers,product-grid
https://kraftboxpack.com/product/kraft-photo-frame-boxes/,https://kraftboxpack.com/cdn-cgi/l/email-protection,info@shopcardboardboxes,product-grid
https://kraftboxpack.com/product/kraft-photo-frame-boxes/,https://kraftboxpack.com/about-us/,About Us,footer
https://kraftboxpack.com/product/kraft-photo-frame-boxes/,https://kraftboxpack.com/contact-us/,Contact Us,footer
https://kraftboxpack.com/product/kraft-photo-frame-boxes/,https://kraftboxpack.com/privacy-policy/,Privacy Policy,footer
https://kraftboxpack.com/product/kraft-photo-frame-boxes/,https://kraftboxpack.com/refund_returns/,Refund and Returns Policy,footer
https://kraftboxpack.com/product/kraft-photo-frame-boxes/,https://kraftboxpack.com/terms-conditions/,Terms & Conditions,footer
https://kraftboxpack.com/product/kraft-pillow-boxes/,https://kraftboxpack.com/cdn-cgi/l/email-protection,[email protected],navigation
https://kraftboxpack.com/product/kraft-pillow-boxes/,https://kraftboxpack.com/cdn-cgi/l/email-protection,Email Us To Get 25% OFF,navigation
https://kraftboxpack.com/product/kraft-pillow-boxes/,https://kraftboxpack.com,,navigation
https://kraftboxpack.com/product/kraft-pillow-boxes/,https://kraftboxpack.com/,Home,navigation
https://kraftboxpack.com/product/kraft-pillow-boxes/,https://kraftboxpack.com/product-category/colored-kraft-boxes/,Colored Kraft Boxes,navigation
https://kraftboxpack.com/product/kraft-pillow-boxes/,https://kraftboxpack.com/product-category/kraft-gift-specialty-boxes/,Kraft Gift & Specialty Boxes,navigation
https://kraftboxpack.com/product/kraft-pillow-boxes/,https://kraftboxpack.com/product-category/kraft-packaging-boxes/,Kraft Packaging Boxes,navigation
https://kraftboxpack.com/product/kraft-pillow-boxes/,https://kraftboxpack.com/product-category/kraft-wrapping-accessories/,Kraft Wrapping & Accessories,navigation
https://kraftboxpack.com/product/kraft-pillow-boxes/,https://kraftboxpack.com,Home,breadcrumb
https://kraftboxpack.com/product/kraft-pillow-boxes/,https://kraftboxpack.com/products/,Products,breadcrumb
https://kraftboxpack.com/product/kraft-pillow-boxes/,https://kraftboxpack.com/product/kraft-pillow-boxes/,Kraft Pillow Boxes,contextual
https://kraftboxpack.com/product/kraft-pillow-boxes/,https://kraftboxpack.com?add-to-cart=3031&quantity=1&e-redirect=https://kraftboxpack.com/cart/,Buy Now,contextual
https://kraftboxpack.com/product/kraft-pillow-boxes/,https://kraftboxpack.com/product/large-kraft-gift-boxes/,Large Kraft Gift Boxes,contextual
https://kraftboxpack.com/product/kraft-pillow-boxes/,https://kraftboxpack.com/product-category/Kraft-Gift-&-Specialty-Boxes/,Kraft Gift & Specialty Boxes,contextual
https://kraftboxpack.com/product/kraft-pillow-boxes/,https://kraftboxpack.com/,kraft box pack,contextual
https://kraftboxpack.com/product/kraft-pillow-boxes/,https://kraftboxpack.com/product/kraft-gift-boxes-with-lids/,Kraft Gift & Specialty Boxes,related-product
https://kraftboxpack.com/product/kraft-pillow-boxes/,https://kraftboxpack.com/product/kraft-gift-boxes-with-lids/,Kraft Gift Boxes With Lids,related-product
https://kraftboxpack.com/product/kraft-pillow-boxes/,https://kraftboxpack.com/product/large-kraft-gift-boxes/,Kraft Gift & Specialty Boxes,related-product
https://kraftboxpack.com/product/kraft-pillow-boxes/,https://kraftboxpack.com/product/mini-kraft-boxes/,Kraft Gift & Specialty Boxes,product-grid
https://kraftboxpack.com/product/kraft-pillow-boxes/,https://kraftboxpack.com/product/mini-kraft-boxes/,Mini Kraft Boxes,product-grid
https://kraftboxpack.com/product/kraft-pillow-boxes/,https://kraftboxpack.com/product/kraft-necklace-box/,Kraft Gift & Specialty Boxes,product-grid
https://kraftboxpack.com/product/kraft-pillow-boxes/,https://kraftboxpack.com/product/kraft-necklace-box/,Kraft Necklace Box,product-grid
https://kraftboxpack.com/product/kraft-pillow-boxes/,https://kraftboxpack.com/cdn-cgi/l/email-protection,info@shopcardboardboxes,product-grid
https://kraftboxpack.com/product/kraft-pillow-boxes/,https://kraftboxpack.com/about-us/,About Us,footer
https://kraftboxpack.com/product/kraft-pillow-boxes/,https://kraftboxpack.com/contact-us/,Contact Us,footer
https://kraftboxpack.com/product/kraft-pillow-boxes/,https://kraftboxpack.com/privacy-policy/,Privacy Policy,footer
https://kraftboxpack.com/product/kraft-pillow-boxes/,https://kraftboxpack.com/refund_returns/,Refund and Returns Policy,footer
https://kraftboxpack.com/product/kraft-pillow-boxes/,https://kraftboxpack.com/terms-conditions/,Terms & Conditions,footer
https://kraftboxpack.com/product/kraft-pillow-gift-boxes/,https://kraftboxpack.com/cdn-cgi/l/email-protection,[email protected],navigation
https://kraftboxpack.com/product/kraft-pillow-gift-boxes/,https://kraftboxpack.com/cdn-cgi/l/email-protection,Email Us To Get 25% OFF,navigation
https://kraftboxpack.com/product/kraft-pillow-gift-boxes/,https://kraftboxpack.com,,navigation
https://kraftboxpack.com/product/kraft-pillow-gift-boxes/,https://kraftboxpack.com/,Home,navigation
https://kraftboxpack.com/product/kraft-pillow-gift-boxes/,https://kraftboxpack.com/product-category/colored-kraft-boxes/,Colored Kraft Boxes,navigation
https://kraftboxpack.com/product/kraft-pillow-gift-boxes/,https://kraftboxpack.com/product-category/kraft-gift-specialty-boxes/,Kraft Gift & Specialty Boxes,navigation
https://kraftboxpack.com/product/kraft-pillow-gift-boxes/,https://kraftboxpack.com/product-category/kraft-packaging-boxes/,Kraft Packaging Boxes,navigation
https://kraftboxpack.com/product/kraft-pillow-gift-boxes/,https://kraftboxpack.com/product-category/kraft-wrapping-accessories/,Kraft Wrapping & Accessories,navigation
https://kraftboxpack.com/product/kraft-pillow-gift-boxes/,https://kraftboxpack.com,Home,breadcrumb
https://kraftboxpack.com/product/kraft-pillow-gift-boxes/,https://kraftboxpack.com/products/,Products,breadcrumb
https://kraftboxpack.com/product/kraft-pillow-gift-boxes/,https://kraftboxpack.com/product-category/kraft-gift-specialty-boxes/custom-gift-boxes/,Custom Gift Boxes,contextual
https://kraftboxpack.com/product/kraft-pillow-gift-boxes/,https://kraftboxpack.com/product/kraft-pillow-gift-boxes/,Kraft Pillow Gift Boxes,contextual
https://kraftboxpack.com/product/kraft-pillow-gift-boxes/,https://kraftboxpack.com?add-to-cart=3129&quantity=1&e-redirect=https://kraftboxpack.com/cart/,Buy Now,contextual
https://kraftboxpack.com/product/kraft-pillow-gift-boxes/,https://kraftboxpack.com/product/kraft-heart-shaped-boxes/,Kraft Heart Shaped Boxes,contextual
https://kraftboxpack.com/product/kraft-pillow-gift-boxes/,https://kraftboxpack.com/,Kraft Box Pack,contextual
https://kraftboxpack.com/product/kraft-pillow-gift-boxes/,https://kraftboxpack.com/product/kraft-luxury-magnet-boxes/,Custom Gift Boxes,related-product
https://kraftboxpack.com/product/kraft-pillow-gift-boxes/,https://kraftboxpack.com/product/kraft-luxury-magnet-boxes/,Kraft Luxury Magnet Boxes,related-product
https://kraftboxpack.com/product/kraft-pillow-gift-boxes/,https://kraftboxpack.com/product/kraft-shoulder-boxes/,Custom Gift Boxes,related-product
https://kraftboxpack.com/product/kraft-pillow-gift-boxes/,https://kraftboxpack.com/product/kraft-shoulder-boxes/,Kraft Shoulder Boxes,product-grid
https://kraftboxpack.com/product/kraft-pillow-gift-boxes/,https://kraftboxpack.com/product/kraft-ribbon-closure-boxes/,Custom Gift Boxes,product-grid
https://kraftboxpack.com/product/kraft-pillow-gift-boxes/,https://kraftboxpack.com/product/kraft-ribbon-closure-boxes/,Kraft Ribbon Closure Boxes,product-grid
https://kraftboxpack.com/product/kraft-pillow-gift-boxes/,https://kraftboxpack.com/product/kraft-subscription-boxes/,Custom Gift Boxes,product-grid
https://kraftboxpack.com/product/kraft-pillow-gift-boxes/,https://kraftboxpack.com/product/kraft-subscription-boxes/,Kraft Subscription Boxes,product-grid
https://kraftboxpack.com/product/kraft-pillow-gift-boxes/,https://kraftboxpack.com/cdn-cgi/l/email-protection,info@shopcardboardboxes,product-grid
https://kraftboxpack.com/product/kraft-pillow-gift-boxes/,https://kraftboxpack.com/about-us/,About Us,footer
https://kraftboxpack.com/product/kraft-pillow-gift-boxes/,https://kraftboxpack.com/contact-us/,Contact Us,footer
https://kraftboxpack.com/product/kraft-pillow-gift-boxes/,https://kraftboxpack.com/privacy-policy/,Privacy Policy,footer
https://kraftboxpack.com/product/kraft-pillow-gift-boxes/,https://kraftboxpack.com/refund_returns/,Refund and Returns Policy,footer
https://kraftboxpack.com/product/kraft-pillow-gift-boxes/,https://kraftboxpack.com/terms-conditions/,Terms & Conditions,footer
https://kraftboxpack.com/product/kraft-pizza-boxes/,https://kraftboxpack.com/cdn-cgi/l/email-protection,[email protected],navigation
https://kraftboxpack.com/product/kraft-pizza-boxes/,https://kraftboxpack.com/cdn-cgi/l/email-protection,Email Us To Get 25% OFF,navigation
https://kraftboxpack.com/product/kraft-pizza-boxes/,https://kraftboxpack.com,,navigation
https://kraftboxpack.com/product/kraft-pizza-boxes/,https://kraftboxpack.com/,Home,navigation
https://kraftboxpack.com/product/kraft-pizza-boxes/,https://kraftboxpack.com/product-category/colored-kraft-boxes/,Colored Kraft Boxes,navigation
https://kraftboxpack.com/product/kraft-pizza-boxes/,https://kraftboxpack.com/product-category/kraft-gift-specialty-boxes/,Kraft Gift & Specialty Boxes,navigation
https://kraftboxpack.com/product/kraft-pizza-boxes/,https://kraftboxpack.com/product-category/kraft-packaging-boxes/,Kraft Packaging Boxes,navigation
https://kraftboxpack.com/product/kraft-pizza-boxes/,https://kraftboxpack.com/product-category/kraft-wrapping-accessories/,Kraft Wrapping & Accessories,navigation
https://kraftboxpack.com/product/kraft-pizza-boxes/,https://kraftboxpack.com,Home,breadcrumb
https://kraftboxpack.com/product/kraft-pizza-boxes/,https://kraftboxpack.com/products/,Products,breadcrumb
https://kraftboxpack.com/product/kraft-pizza-boxes/,https://kraftboxpack.com/product/kraft-pizza-boxes/,Kraft Pizza Boxes,contextual
https://kraftboxpack.com/product/kraft-pizza-boxes/,https://kraftboxpack.com?add-to-cart=2603&quantity=1&e-redirect=https://kraftboxpack.com/cart/,Buy Now,contextual
https://kraftboxpack.com/product/kraft-pizza-boxes/,https://kraftboxpack.com/,Kraft Box Pack,contextual
https://kraftboxpack.com/product/kraft-pizza-boxes/,https://kraftboxpack.com/product/kraft-cookie-boxes/,Kraft Cookie Boxes,contextual
https://kraftboxpack.com/product/kraft-pizza-boxes/,https://kraftboxpack.com/product/kraft-corrugated-boxes/,Kraft Packaging Boxes,related-product
https://kraftboxpack.com/product/kraft-pizza-boxes/,https://kraftboxpack.com/product/kraft-corrugated-boxes/,Kraft Corrugated Boxes,related-product
https://kraftboxpack.com/product/kraft-pizza-boxes/,https://kraftboxpack.com/product/kraft-food-boxes/,Kraft Packaging Boxes,related-product
https://kraftboxpack.com/product/kraft-pizza-boxes/,https://kraftboxpack.com/product/kraft-food-boxes/,Kraft Food Boxes,product-grid
https://kraftboxpack.com/product/kraft-pizza-boxes/,https://kraftboxpack.com/product/kraft-dispenser-boxes/,Kraft Packaging Boxes,product-grid
https://kraftboxpack.com/product/kraft-pizza-boxes/,https://kraftboxpack.com/product/kraft-dispenser-boxes/,Kraft Dispenser Boxes,product-grid
https://kraftboxpack.com/product/kraft-pizza-boxes/,https://kraftboxpack.com/product/kraft-cardboard-boxes/,Kraft Packaging Boxes,product-grid
https://kraftboxpack.com/product/kraft-pizza-boxes/,https://kraftboxpack.com/product/kraft-cardboard-boxes/,Kraft Cardboard Boxes,product-grid
https://kraftboxpack.com/product/kraft-pizza-boxes/,https://kraftboxpack.com/cdn-cgi/l/email-protection,info@shopcardboardboxes,product-grid
https://kraftboxpack.com/product/kraft-pizza-boxes/,https://kraftboxpack.com/about-us/,About Us,footer
https://kraftboxpack.com/product/kraft-pizza-boxes/,https://kraftboxpack.com/contact-us/,Contact Us,footer
https://kraftboxpack.com/product/kraft-pizza-boxes/,https://kraftboxpack.com/privacy-policy/,Privacy Policy,footer
https://kraftboxpack.com/product/kraft-pizza-boxes/,https://kraftboxpack.com/refund_returns/,Refund and Returns Policy,footer
https://kraftboxpack.com/product/kraft-pizza-boxes/,https://kraftboxpack.com/terms-conditions/,Terms & Conditions,footer
https://kraftboxpack.com/product/kraft-pop-display-boxes/,https://kraftboxpack.com/cdn-cgi/l/email-protection,[email protected],navigation
https://kraftboxpack.com/product/kraft-pop-display-boxes/,https://kraftboxpack.com/cdn-cgi/l/email-protection,Email Us To Get 25% OFF,navigation
https://kraftboxpack.com/product/kraft-pop-display-boxes/,https://kraftboxpack.com,,navigation
https://kraftboxpack.com/product/kraft-pop-display-boxes/,https://kraftboxpack.com/,Home,navigation
https://kraftboxpack.com/product/kraft-pop-display-boxes/,https://kraftboxpack.com/product-category/colored-kraft-boxes/,Colored Kraft Boxes,navigation
https://kraftboxpack.com/product/kraft-pop-display-boxes/,https://kraftboxpack.com/product-category/kraft-gift-specialty-boxes/,Kraft Gift & Specialty Boxes,navigation
https://kraftboxpack.com/product/kraft-pop-display-boxes/,https://kraftboxpack.com/product-category/kraft-packaging-boxes/,Kraft Packaging Boxes,navigation
https://kraftboxpack.com/product/kraft-pop-display-boxes/,https://kraftboxpack.com/product-category/kraft-wrapping-accessories/,Kraft Wrapping & Accessories,navigation
https://kraftboxpack.com/product/kraft-pop-display-boxes/,https://kraftboxpack.com,Home,breadcrumb
https://kraftboxpack.com/product/kraft-pop-display-boxes/,https://kraftboxpack.com/products/,Products,breadcrumb
https://kraftboxpack.com/product/kraft-pop-display-boxes/,https://kraftboxpack.com/product-category/kraft-display-packaging/,Kraft Display Packaging,breadcrumb
https://kraftboxpack.com/product/kraft-pop-display-boxes/,https://kraftboxpack.com/product/kraft-pop-display-boxes/,Kraft POP Display Boxes,contextual
https://kraftboxpack.com/product/kraft-pop-display-boxes/,https://kraftboxpack.com?add-to-cart=3329&quantity=1&e-redirect=https://kraftboxpack.com/cart/,Buy Now,contextual
https://kraftboxpack.com/product/kraft-pop-display-boxes/,https://kraftboxpack.com/product/kraft-counter-display-stands/,Kraft Counter Display Stands,contextual
https://kraftboxpack.com/product/kraft-pop-display-boxes/,https://kraftboxpack.com/product-category/Kraft-Display-Packaging/,Kraft Display Packaging,contextual
https://kraftboxpack.com/product/kraft-pop-display-boxes/,https://kraftboxpack.com/,Kraft Box Pack,contextual
https://kraftboxpack.com/product/kraft-pop-display-boxes/,https://kraftboxpack.com/product/kraft-shelf-ready-packaging/,Kraft Display Packaging,related-product
https://kraftboxpack.com/product/kraft-pop-display-boxes/,https://kraftboxpack.com/product/kraft-shelf-ready-packaging/,Kraft Shelf Ready Packaging,related-product
https://kraftboxpack.com/product/kraft-pop-display-boxes/,https://kraftboxpack.com/product/kraft-hanging-display-boxes/,Kraft Display Packaging,related-product
https://kraftboxpack.com/product/kraft-pop-display-boxes/,https://kraftboxpack.com/product/kraft-hanging-display-boxes/,Kraft Hanging Display Boxes,product-grid
https://kraftboxpack.com/product/kraft-pop-display-boxes/,https://kraftboxpack.com/product/kraft-retail-display-trays/,Kraft Display Packaging,product-grid
https://kraftboxpack.com/product/kraft-pop-display-boxes/,https://kraftboxpack.com/product/kraft-retail-display-trays/,Kraft Retail Display Trays,product-grid
https://kraftboxpack.com/product/kraft-pop-display-boxes/,https://kraftboxpack.com/cdn-cgi/l/email-protection,info@shopcardboardboxes,product-grid
https://kraftboxpack.com/product/kraft-pop-display-boxes/,https://kraftboxpack.com/about-us/,About Us,footer
https://kraftboxpack.com/product/kraft-pop-display-boxes/,https://kraftboxpack.com/contact-us/,Contact Us,footer
https://kraftboxpack.com/product/kraft-pop-display-boxes/,https://kraftboxpack.com/privacy-policy/,Privacy Policy,footer
https://kraftboxpack.com/product/kraft-pop-display-boxes/,https://kraftboxpack.com/refund_returns/,Refund and Returns Policy,footer
https://kraftboxpack.com/product/kraft-pop-display-boxes/,https://kraftboxpack.com/terms-conditions/,Terms & Conditions,footer
https://kraftboxpack.com/product/kraft-popcorn-packaging-boxes/,https://kraftboxpack.com/cdn-cgi/l/email-protection,[email protected],navigation
https://kraftboxpack.com/product/kraft-popcorn-packaging-boxes/,https://kraftboxpack.com/cdn-cgi/l/email-protection,Email Us To Get 25% OFF,navigation
https://kraftboxpack.com/product/kraft-popcorn-packaging-boxes/,https://kraftboxpack.com,,navigation
https://kraftboxpack.com/product/kraft-popcorn-packaging-boxes/,https://kraftboxpack.com/,Home,navigation
https://kraftboxpack.com/product/kraft-popcorn-packaging-boxes/,https://kraftboxpack.com/product-category/colored-kraft-boxes/,Colored Kraft Boxes,navigation
https://kraftboxpack.com/product/kraft-popcorn-packaging-boxes/,https://kraftboxpack.com/product-category/kraft-gift-specialty-boxes/,Kraft Gift & Specialty Boxes,navigation
https://kraftboxpack.com/product/kraft-popcorn-packaging-boxes/,https://kraftboxpack.com/product-category/kraft-packaging-boxes/,Kraft Packaging Boxes,navigation
https://kraftboxpack.com/product/kraft-popcorn-packaging-boxes/,https://kraftboxpack.com/product-category/kraft-wrapping-accessories/,Kraft Wrapping & Accessories,navigation
https://kraftboxpack.com/product/kraft-popcorn-packaging-boxes/,https://kraftboxpack.com,Home,breadcrumb
https://kraftboxpack.com/product/kraft-popcorn-packaging-boxes/,https://kraftboxpack.com/products/,Products,breadcrumb
https://kraftboxpack.com/product/kraft-popcorn-packaging-boxes/,https://kraftboxpack.com/product-category/kraft-food-packaging/,Kraft Food Packaging,breadcrumb
https://kraftboxpack.com/product/kraft-popcorn-packaging-boxes/,https://kraftboxpack.com/product/kraft-popcorn-packaging-boxes/,Kraft Popcorn Packaging Boxes,contextual
https://kraftboxpack.com/product/kraft-popcorn-packaging-boxes/,https://kraftboxpack.com?add-to-cart=3262&quantity=1&e-redirect=https://kraftboxpack.com/cart/,Buy Now,contextual
https://kraftboxpack.com/product/kraft-popcorn-packaging-boxes/,https://kraftboxpack.com/product/kraft-snack-packaging-boxes/,Kraft Snack Packaging Boxes,contextual
https://kraftboxpack.com/product/kraft-popcorn-packaging-boxes/,https://kraftboxpack.com/,Custom Kraft Packaging,contextual
https://kraftboxpack.com/product/kraft-popcorn-packaging-boxes/,https://kraftboxpack.com/product/kraft-pastry-boxes/,Kraft Food Packaging,related-product
https://kraftboxpack.com/product/kraft-popcorn-packaging-boxes/,https://kraftboxpack.com/product/kraft-pastry-boxes/,Kraft Pastry Boxes,related-product
https://kraftboxpack.com/product/kraft-popcorn-packaging-boxes/,https://kraftboxpack.com/product/kraft-sandwich-wedge-boxes/,Kraft Food Packaging,related-product
https://kraftboxpack.com/product/kraft-popcorn-packaging-boxes/,https://kraftboxpack.com/product/kraft-sandwich-wedge-boxes/,Kraft Sandwich Wedge Boxes,product-grid
https://kraftboxpack.com/product/kraft-popcorn-packaging-boxes/,https://kraftboxpack.com/product/kraft-sushi-packaging-boxes/,Kraft Food Packaging,product-grid
https://kraftboxpack.com/product/kraft-popcorn-packaging-boxes/,https://kraftboxpack.com/product/kraft-sushi-packaging-boxes/,Kraft Sushi Packaging Boxes,product-grid
https://kraftboxpack.com/product/kraft-popcorn-packaging-boxes/,https://kraftboxpack.com/product/kraft-juice-bottle-carriers/,Kraft Food Packaging,product-grid
https://kraftboxpack.com/product/kraft-popcorn-packaging-boxes/,https://kraftboxpack.com/product/kraft-juice-bottle-carriers/,Kraft Juice Bottle Carriers,product-grid
https://kraftboxpack.com/product/kraft-popcorn-packaging-boxes/,https://kraftboxpack.com/cdn-cgi/l/email-protection,info@shopcardboardboxes,product-grid
https://kraftboxpack.com/product/kraft-popcorn-packaging-boxes/,https://kraftboxpack.com/about-us/,About Us,footer
https://kraftboxpack.com/product/kraft-popcorn-packaging-boxes/,https://kraftboxpack.com/contact-us/,Contact Us,footer
https://kraftboxpack.com/product/kraft-popcorn-packaging-boxes/,https://kraftboxpack.com/privacy-policy/,Privacy Policy,footer
https://kraftboxpack.com/product/kraft-popcorn-packaging-boxes/,https://kraftboxpack.com/refund_returns/,Refund and Returns Policy,footer
https://kraftboxpack.com/product/kraft-popcorn-packaging-boxes/,https://kraftboxpack.com/terms-conditions/,Terms & Conditions,footer
https://kraftboxpack.com/product/kraft-ppe-packaging-boxes/,https://kraftboxpack.com/cdn-cgi/l/email-protection,[email protected],navigation
https://kraftboxpack.com/product/kraft-ppe-packaging-boxes/,https://kraftboxpack.com/cdn-cgi/l/email-protection,Email Us To Get 25% OFF,navigation
https://kraftboxpack.com/product/kraft-ppe-packaging-boxes/,https://kraftboxpack.com,,navigation
https://kraftboxpack.com/product/kraft-ppe-packaging-boxes/,https://kraftboxpack.com/,Home,navigation
https://kraftboxpack.com/product/kraft-ppe-packaging-boxes/,https://kraftboxpack.com/product-category/colored-kraft-boxes/,Colored Kraft Boxes,navigation
https://kraftboxpack.com/product/kraft-ppe-packaging-boxes/,https://kraftboxpack.com/product-category/kraft-gift-specialty-boxes/,Kraft Gift & Specialty Boxes,navigation
https://kraftboxpack.com/product/kraft-ppe-packaging-boxes/,https://kraftboxpack.com/product-category/kraft-packaging-boxes/,Kraft Packaging Boxes,navigation
https://kraftboxpack.com/product/kraft-ppe-packaging-boxes/,https://kraftboxpack.com/product-category/kraft-wrapping-accessories/,Kraft Wrapping & Accessories,navigation
https://kraftboxpack.com/product/kraft-ppe-packaging-boxes/,https://kraftboxpack.com,Home,breadcrumb
https://kraftboxpack.com/product/kraft-ppe-packaging-boxes/,https://kraftboxpack.com/products/,Products,breadcrumb
https://kraftboxpack.com/product/kraft-ppe-packaging-boxes/,https://kraftboxpack.com/product-category/kraft-pharma-boxes/,Kraft Pharma boxes,breadcrumb
https://kraftboxpack.com/product/kraft-ppe-packaging-boxes/,https://kraftboxpack.com/product/kraft-ppe-packaging-boxes/,Kraft PPE Packaging Boxes,contextual
https://kraftboxpack.com/product/kraft-ppe-packaging-boxes/,https://kraftboxpack.com?add-to-cart=3254&quantity=1&e-redirect=https://kraftboxpack.com/cart/,Buy Now,contextual
https://kraftboxpack.com/product/kraft-ppe-packaging-boxes/,https://kraftboxpack.com/product/kraft-pill-boxes/,Kraft Pill Boxes,contextual
https://kraftboxpack.com/product/kraft-ppe-packaging-boxes/,https://kraftboxpack.com/product-category/Kraft-Pharma-boxes/,Kraft Pharma Boxes,contextual
https://kraftboxpack.com/product/kraft-ppe-packaging-boxes/,https://kraftboxpack.com/,Kraft Boxes Wholesale,contextual
https://kraftboxpack.com/product/kraft-ppe-packaging-boxes/,https://kraftboxpack.com/product/kraft-first-aid-kit-boxes/,Kraft Pharma boxes,related-product
https://kraftboxpack.com/product/kraft-ppe-packaging-boxes/,https://kraftboxpack.com/product/kraft-first-aid-kit-boxes/,Kraft First Aid Kit Boxes,related-product
https://kraftboxpack.com/product/kraft-ppe-packaging-boxes/,https://kraftboxpack.com/product/kraft-medicine-packaging-boxes/,Kraft Pharma boxes,related-product
https://kraftboxpack.com/product/kraft-ppe-packaging-boxes/,https://kraftboxpack.com/product/kraft-medicine-packaging-boxes/,Kraft Medicine Packaging Boxes,product-grid
https://kraftboxpack.com/product/kraft-ppe-packaging-boxes/,https://kraftboxpack.com/product/kraft-vitamin-packaging-boxes/,Kraft Pharma boxes,product-grid
https://kraftboxpack.com/product/kraft-ppe-packaging-boxes/,https://kraftboxpack.com/product/kraft-vitamin-packaging-boxes/,Kraft Vitamin Packaging Boxes,product-grid
https://kraftboxpack.com/product/kraft-ppe-packaging-boxes/,https://kraftboxpack.com/product/kraft-syrup-packaging-boxes/,Kraft Pharma boxes,product-grid
https://kraftboxpack.com/product/kraft-ppe-packaging-boxes/,https://kraftboxpack.com/product/kraft-syrup-packaging-boxes/,Kraft Syrup Packaging Boxes,product-grid
https://kraftboxpack.com/product/kraft-ppe-packaging-boxes/,https://kraftboxpack.com/cdn-cgi/l/email-protection,info@shopcardboardboxes,product-grid
https://kraftboxpack.com/product/kraft-ppe-packaging-boxes/,https://kraftboxpack.com/about-us/,About Us,footer
https://kraftboxpack.com/product/kraft-ppe-packaging-boxes/,https://kraftboxpack.com/contact-us/,Contact Us,footer
https://kraftboxpack.com/product/kraft-ppe-packaging-boxes/,https://kraftboxpack.com/privacy-policy/,Privacy Policy,footer
https://kraftboxpack.com/product/kraft-ppe-packaging-boxes/,https://kraftboxpack.com/refund_returns/,Refund and Returns Policy,footer
https://kraftboxpack.com/product/kraft-ppe-packaging-boxes/,https://kraftboxpack.com/terms-conditions/,Terms & Conditions,footer
https://kraftboxpack.com/product/kraft-pr-packaging-boxes/,https://kraftboxpack.com/cdn-cgi/l/email-protection,[email protected],navigation
https://kraftboxpack.com/product/kraft-pr-packaging-boxes/,https://kraftboxpack.com/cdn-cgi/l/email-protection,Email Us To Get 25% OFF,navigation
https://kraftboxpack.com/product/kraft-pr-packaging-boxes/,https://kraftboxpack.com,,navigation
https://kraftboxpack.com/product/kraft-pr-packaging-boxes/,https://kraftboxpack.com/,Home,navigation
https://kraftboxpack.com/product/kraft-pr-packaging-boxes/,https://kraftboxpack.com/product-category/colored-kraft-boxes/,Colored Kraft Boxes,navigation
https://kraftboxpack.com/product/kraft-pr-packaging-boxes/,https://kraftboxpack.com/product-category/kraft-gift-specialty-boxes/,Kraft Gift & Specialty Boxes,navigation
https://kraftboxpack.com/product/kraft-pr-packaging-boxes/,https://kraftboxpack.com/product-category/kraft-packaging-boxes/,Kraft Packaging Boxes,navigation
https://kraftboxpack.com/product/kraft-pr-packaging-boxes/,https://kraftboxpack.com/product-category/kraft-wrapping-accessories/,Kraft Wrapping & Accessories,navigation
https://kraftboxpack.com/product/kraft-pr-packaging-boxes/,https://kraftboxpack.com,Home,breadcrumb
https://kraftboxpack.com/product/kraft-pr-packaging-boxes/,https://kraftboxpack.com/products/,Products,breadcrumb
https://kraftboxpack.com/product/kraft-pr-packaging-boxes/,https://kraftboxpack.com/product-category/kraft-gift-specialty-boxes/custom-gift-boxes/,Custom Gift Boxes,contextual
https://kraftboxpack.com/product/kraft-pr-packaging-boxes/,https://kraftboxpack.com/product/kraft-pr-packaging-boxes/,Kraft PR Packaging Boxes,contextual
https://kraftboxpack.com/product/kraft-pr-packaging-boxes/,https://kraftboxpack.com?add-to-cart=3145&quantity=1&e-redirect=https://kraftboxpack.com/cart/,Buy Now,contextual
https://kraftboxpack.com/product/kraft-pr-packaging-boxes/,https://kraftboxpack.com/product/kraft-Subscription-boxes/,Kraft Subscription Boxes,contextual
https://kraftboxpack.com/product/kraft-pr-packaging-boxes/,https://kraftboxpack.com/product-category/Custom-Gift-Boxes/,Custom Gift Boxes,contextual
https://kraftboxpack.com/product/kraft-pr-packaging-boxes/,https://kraftboxpack.com/,Kraft Packaging Boxes,contextual
https://kraftboxpack.com/product/kraft-pr-packaging-boxes/,https://kraftboxpack.com/product/kraft-liquor-gift-boxes/,Custom Gift Boxes,related-product
https://kraftboxpack.com/product/kraft-pr-packaging-boxes/,https://kraftboxpack.com/product/kraft-liquor-gift-boxes/,Kraft Liquor Gift Boxes,related-product
https://kraftboxpack.com/product/kraft-pr-packaging-boxes/,https://kraftboxpack.com/product/kraft-luxury-magnet-boxes/,Custom Gift Boxes,related-product
https://kraftboxpack.com/product/kraft-pr-packaging-boxes/,https://kraftboxpack.com/product/kraft-luxury-magnet-boxes/,Kraft Luxury Magnet Boxes,product-grid
https://kraftboxpack.com/product/kraft-pr-packaging-boxes/,https://kraftboxpack.com/product/kraft-square-gift-boxes/,Custom Gift Boxes,product-grid
https://kraftboxpack.com/product/kraft-pr-packaging-boxes/,https://kraftboxpack.com/product/kraft-square-gift-boxes/,Kraft Square Gift Boxes,product-grid
https://kraftboxpack.com/product/kraft-pr-packaging-boxes/,https://kraftboxpack.com/product/kraft-rectangular-gift-boxes/,Custom Gift Boxes,product-grid
https://kraftboxpack.com/product/kraft-pr-packaging-boxes/,https://kraftboxpack.com/product/kraft-rectangular-gift-boxes/,Kraft Rectangular Gift Boxes,product-grid
https://kraftboxpack.com/product/kraft-pr-packaging-boxes/,https://kraftboxpack.com/cdn-cgi/l/email-protection,info@shopcardboardboxes,product-grid
https://kraftboxpack.com/product/kraft-pr-packaging-boxes/,https://kraftboxpack.com/about-us/,About Us,footer
https://kraftboxpack.com/product/kraft-pr-packaging-boxes/,https://kraftboxpack.com/contact-us/,Contact Us,footer
https://kraftboxpack.com/product/kraft-pr-packaging-boxes/,https://kraftboxpack.com/privacy-policy/,Privacy Policy,footer
https://kraftboxpack.com/product/kraft-pr-packaging-boxes/,https://kraftboxpack.com/refund_returns/,Refund and Returns Policy,footer
https://kraftboxpack.com/product/kraft-pr-packaging-boxes/,https://kraftboxpack.com/terms-conditions/,Terms & Conditions,footer
https://kraftboxpack.com/product/kraft-promotional-boxes/,https://kraftboxpack.com/cdn-cgi/l/email-protection,[email protected],navigation
https://kraftboxpack.com/product/kraft-promotional-boxes/,https://kraftboxpack.com/cdn-cgi/l/email-protection,Email Us To Get 25% OFF,navigation
https://kraftboxpack.com/product/kraft-promotional-boxes/,https://kraftboxpack.com,,navigation
https://kraftboxpack.com/product/kraft-promotional-boxes/,https://kraftboxpack.com/,Home,navigation
https://kraftboxpack.com/product/kraft-promotional-boxes/,https://kraftboxpack.com/product-category/colored-kraft-boxes/,Colored Kraft Boxes,navigation
https://kraftboxpack.com/product/kraft-promotional-boxes/,https://kraftboxpack.com/product-category/kraft-gift-specialty-boxes/,Kraft Gift & Specialty Boxes,navigation
https://kraftboxpack.com/product/kraft-promotional-boxes/,https://kraftboxpack.com/product-category/kraft-packaging-boxes/,Kraft Packaging Boxes,navigation
https://kraftboxpack.com/product/kraft-promotional-boxes/,https://kraftboxpack.com/product-category/kraft-wrapping-accessories/,Kraft Wrapping & Accessories,navigation
https://kraftboxpack.com/product/kraft-promotional-boxes/,https://kraftboxpack.com,Home,breadcrumb
https://kraftboxpack.com/product/kraft-promotional-boxes/,https://kraftboxpack.com/products/,Products,breadcrumb
https://kraftboxpack.com/product/kraft-promotional-boxes/,https://kraftboxpack.com/product-category/kraft-gift-specialty-boxes/custom-gift-boxes/,Custom Gift Boxes,contextual
https://kraftboxpack.com/product/kraft-promotional-boxes/,https://kraftboxpack.com/product/kraft-promotional-boxes/,Kraft Promotional Boxes,contextual
https://kraftboxpack.com/product/kraft-promotional-boxes/,https://kraftboxpack.com?add-to-cart=3137&quantity=1&e-redirect=https://kraftboxpack.com/cart/,Buy Now,contextual
https://kraftboxpack.com/product/kraft-promotional-boxes/,https://kraftboxpack.com/product/kraft-giveaway-packaging-boxes/,Kraft Giveaway Packaging Boxes,contextual
https://kraftboxpack.com/product/kraft-promotional-boxes/,https://kraftboxpack.com/product-category/Custom-Gift-Boxes/,Custom Gift Boxes,contextual
https://kraftboxpack.com/product/kraft-promotional-boxes/,https://kraftboxpack.com/,Kraft Box Pack,contextual
https://kraftboxpack.com/product/kraft-promotional-boxes/,https://kraftboxpack.com/product/kraft-luxury-magnet-boxes/,Custom Gift Boxes,related-product
https://kraftboxpack.com/product/kraft-promotional-boxes/,https://kraftboxpack.com/product/kraft-luxury-magnet-boxes/,Kraft Luxury Magnet Boxes,related-product
https://kraftboxpack.com/product/kraft-promotional-boxes/,https://kraftboxpack.com/product/kraft-ribbon-closure-boxes/,Custom Gift Boxes,related-product
https://kraftboxpack.com/product/kraft-promotional-boxes/,https://kraftboxpack.com/product/kraft-ribbon-closure-boxes/,Kraft Ribbon Closure Boxes,product-grid
https://kraftboxpack.com/product/kraft-promotional-boxes/,https://kraftboxpack.com/product/kraft-pillow-gift-boxes/,Custom Gift Boxes,product-grid
https://kraftboxpack.com/product/kraft-promotional-boxes/,https://kraftboxpack.com/product/kraft-pillow-gift-boxes/,Kraft Pillow Gift Boxes,product-grid
https://kraftboxpack.com/product/kraft-promotional-boxes/,https://kraftboxpack.com/product/kraft-rectangular-gift-boxes/,Custom Gift Boxes,product-grid
https://kraftboxpack.com/product/kraft-promotional-boxes/,https://kraftboxpack.com/product/kraft-rectangular-gift-boxes/,Kraft Rectangular Gift Boxes,product-grid
https://kraftboxpack.com/product/kraft-promotional-boxes/,https://kraftboxpack.com/cdn-cgi/l/email-protection,info@shopcardboardboxes,product-grid
https://kraftboxpack.com/product/kraft-promotional-boxes/,https://kraftboxpack.com/about-us/,About Us,footer
https://kraftboxpack.com/product/kraft-promotional-boxes/,https://kraftboxpack.com/contact-us/,Contact Us,footer
https://kraftboxpack.com/product/kraft-promotional-boxes/,https://kraftboxpack.com/privacy-policy/,Privacy Policy,footer
https://kraftboxpack.com/product/kraft-promotional-boxes/,https://kraftboxpack.com/refund_returns/,Refund and Returns Policy,footer
https://kraftboxpack.com/product/kraft-promotional-boxes/,https://kraftboxpack.com/terms-conditions/,Terms & Conditions,footer
https://kraftboxpack.com/product/kraft-puzzle-packaging-boxes/,https://kraftboxpack.com/cdn-cgi/l/email-protection,[email protected],navigation
https://kraftboxpack.com/product/kraft-puzzle-packaging-boxes/,https://kraftboxpack.com/cdn-cgi/l/email-protection,Email Us To Get 25% OFF,navigation
https://kraftboxpack.com/product/kraft-puzzle-packaging-boxes/,https://kraftboxpack.com,,navigation
https://kraftboxpack.com/product/kraft-puzzle-packaging-boxes/,https://kraftboxpack.com/,Home,navigation
https://kraftboxpack.com/product/kraft-puzzle-packaging-boxes/,https://kraftboxpack.com/product-category/colored-kraft-boxes/,Colored Kraft Boxes,navigation
https://kraftboxpack.com/product/kraft-puzzle-packaging-boxes/,https://kraftboxpack.com/product-category/kraft-gift-specialty-boxes/,Kraft Gift & Specialty Boxes,navigation
https://kraftboxpack.com/product/kraft-puzzle-packaging-boxes/,https://kraftboxpack.com/product-category/kraft-packaging-boxes/,Kraft Packaging Boxes,navigation
https://kraftboxpack.com/product/kraft-puzzle-packaging-boxes/,https://kraftboxpack.com/product-category/kraft-wrapping-accessories/,Kraft Wrapping & Accessories,navigation
https://kraftboxpack.com/product/kraft-puzzle-packaging-boxes/,https://kraftboxpack.com,Home,breadcrumb
https://kraftboxpack.com/product/kraft-puzzle-packaging-boxes/,https://kraftboxpack.com/products/,Products,breadcrumb
https://kraftboxpack.com/product/kraft-puzzle-packaging-boxes/,https://kraftboxpack.com/product-category/kraft-toy-packaging/,Kraft Toy Packaging,breadcrumb
https://kraftboxpack.com/product/kraft-puzzle-packaging-boxes/,https://kraftboxpack.com/product/kraft-puzzle-packaging-boxes/,Kraft Puzzle Packaging Boxes,contextual
https://kraftboxpack.com/product/kraft-puzzle-packaging-boxes/,https://kraftboxpack.com?add-to-cart=3304&quantity=1&e-redirect=https://kraftboxpack.com/cart/,Buy Now,contextual
https://kraftboxpack.com/product/kraft-puzzle-packaging-boxes/,https://kraftboxpack.com/product/kraft-toy-packaging-boxes/,Kraft Toy Packaging Boxes,contextual
https://kraftboxpack.com/product/kraft-puzzle-packaging-boxes/,https://kraftboxpack.com/product-category/Kraft-Toy-Packaging/,Kraft Toy Packaging,contextual
https://kraftboxpack.com/product/kraft-puzzle-packaging-boxes/,https://kraftboxpack.com/,Kraft Packaging Wholesale,contextual
https://kraftboxpack.com/product/kraft-puzzle-packaging-boxes/,https://kraftboxpack.com/product/kraft-board-game-packaging-boxes/,Kraft Toy Packaging,related-product
https://kraftboxpack.com/product/kraft-puzzle-packaging-boxes/,https://kraftboxpack.com/product/kraft-board-game-packaging-boxes/,Kraft Board Game Packaging Boxes,related-product
https://kraftboxpack.com/product/kraft-puzzle-packaging-boxes/,https://kraftboxpack.com/product/kraft-baby-product-boxes/,Kraft Toy Packaging,related-product
https://kraftboxpack.com/product/kraft-puzzle-packaging-boxes/,https://kraftboxpack.com/product/kraft-baby-product-boxes/,Kraft Baby Product Boxes,product-grid
https://kraftboxpack.com/product/kraft-puzzle-packaging-boxes/,https://kraftboxpack.com/product/kraft-toy-packaging-boxes/,Kraft Toy Packaging,product-grid
https://kraftboxpack.com/product/kraft-puzzle-packaging-boxes/,https://kraftboxpack.com/cdn-cgi/l/email-protection,info@shopcardboardboxes,product-grid
https://kraftboxpack.com/product/kraft-puzzle-packaging-boxes/,https://kraftboxpack.com/about-us/,About Us,footer
https://kraftboxpack.com/product/kraft-puzzle-packaging-boxes/,https://kraftboxpack.com/contact-us/,Contact Us,footer
https://kraftboxpack.com/product/kraft-puzzle-packaging-boxes/,https://kraftboxpack.com/privacy-policy/,Privacy Policy,footer
https://kraftboxpack.com/product/kraft-puzzle-packaging-boxes/,https://kraftboxpack.com/refund_returns/,Refund and Returns Policy,footer
https://kraftboxpack.com/product/kraft-puzzle-packaging-boxes/,https://kraftboxpack.com/terms-conditions/,Terms & Conditions,footer
https://kraftboxpack.com/product/kraft-pyramid-boxes/,https://kraftboxpack.com/cdn-cgi/l/email-protection,[email protected],navigation
https://kraftboxpack.com/product/kraft-pyramid-boxes/,https://kraftboxpack.com/cdn-cgi/l/email-protection,Email Us To Get 25% OFF,navigation
https://kraftboxpack.com/product/kraft-pyramid-boxes/,https://kraftboxpack.com,,navigation
https://kraftboxpack.com/product/kraft-pyramid-boxes/,https://kraftboxpack.com/,Home,navigation
https://kraftboxpack.com/product/kraft-pyramid-boxes/,https://kraftboxpack.com/product-category/colored-kraft-boxes/,Colored Kraft Boxes,navigation
https://kraftboxpack.com/product/kraft-pyramid-boxes/,https://kraftboxpack.com/product-category/kraft-gift-specialty-boxes/,Kraft Gift & Specialty Boxes,navigation
https://kraftboxpack.com/product/kraft-pyramid-boxes/,https://kraftboxpack.com/product-category/kraft-packaging-boxes/,Kraft Packaging Boxes,navigation
https://kraftboxpack.com/product/kraft-pyramid-boxes/,https://kraftboxpack.com/product-category/kraft-wrapping-accessories/,Kraft Wrapping & Accessories,navigation
https://kraftboxpack.com/product/kraft-pyramid-boxes/,https://kraftboxpack.com,Home,breadcrumb
https://kraftboxpack.com/product/kraft-pyramid-boxes/,https://kraftboxpack.com/products/,Products,breadcrumb
https://kraftboxpack.com/product/kraft-pyramid-boxes/,https://kraftboxpack.com/product-category/kraft-luxury-packaging/,Kraft Luxury Packaging,breadcrumb
https://kraftboxpack.com/product/kraft-pyramid-boxes/,https://kraftboxpack.com/product/kraft-pyramid-boxes/,Kraft Pyramid Boxes,contextual
https://kraftboxpack.com/product/kraft-pyramid-boxes/,https://kraftboxpack.com?add-to-cart=3152&quantity=1&e-redirect=https://kraftboxpack.com/cart/,Buy Now,contextual
https://kraftboxpack.com/product/kraft-pyramid-boxes/,https://kraftboxpack.com/product/kraft-octagon-boxes/,Kraft Octagon Boxes,contextual
https://kraftboxpack.com/product/kraft-pyramid-boxes/,https://kraftboxpack.com/product-category/Kraft-Luxury-Packaging/,Kraft Luxury Packaging,contextual
https://kraftboxpack.com/product/kraft-pyramid-boxes/,https://kraftboxpack.com/,Custom Kraft Box Pack,contextual
https://kraftboxpack.com/product/kraft-pyramid-boxes/,https://kraftboxpack.com/product/kraft-hexagon-boxes/,Kraft Luxury Packaging,related-product
https://kraftboxpack.com/product/kraft-pyramid-boxes/,https://kraftboxpack.com/product/kraft-hexagon-boxes/,Kraft Hexagon Boxes,related-product
https://kraftboxpack.com/product/kraft-pyramid-boxes/,https://kraftboxpack.com/product/kraft-magnetic-closure-boxes/,Kraft Luxury Packaging,related-product
https://kraftboxpack.com/product/kraft-pyramid-boxes/,https://kraftboxpack.com/product/kraft-magnetic-closure-boxes/,Kraft Magnetic Closure Boxes,product-grid
https://kraftboxpack.com/product/kraft-pyramid-boxes/,https://kraftboxpack.com/product/kraft-triangle-boxes/,Kraft Luxury Packaging,product-grid
https://kraftboxpack.com/product/kraft-pyramid-boxes/,https://kraftboxpack.com/product/kraft-triangle-boxes/,Kraft Triangle Boxes,product-grid
https://kraftboxpack.com/product/kraft-pyramid-boxes/,https://kraftboxpack.com/product/kraft-tube-packaging/,Kraft Luxury Packaging,product-grid
https://kraftboxpack.com/product/kraft-pyramid-boxes/,https://kraftboxpack.com/product/kraft-tube-packaging/,Kraft Tube Packaging,product-grid
https://kraftboxpack.com/product/kraft-pyramid-boxes/,https://kraftboxpack.com/cdn-cgi/l/email-protection,info@shopcardboardboxes,product-grid
https://kraftboxpack.com/product/kraft-pyramid-boxes/,https://kraftboxpack.com/about-us/,About Us,footer
https://kraftboxpack.com/product/kraft-pyramid-boxes/,https://kraftboxpack.com/contact-us/,Contact Us,footer
https://kraftboxpack.com/product/kraft-pyramid-boxes/,https://kraftboxpack.com/privacy-policy/,Privacy Policy,footer
https://kraftboxpack.com/product/kraft-pyramid-boxes/,https://kraftboxpack.com/refund_returns/,Refund and Returns Policy,footer
https://kraftboxpack.com/product/kraft-pyramid-boxes/,https://kraftboxpack.com/terms-conditions/,Terms & Conditions,footer
https://kraftboxpack.com/product/kraft-rectangular-gift-boxes/,https://kraftboxpack.com/cdn-cgi/l/email-protection,[email protected],navigation
https://kraftboxpack.com/product/kraft-rectangular-gift-boxes/,https://kraftboxpack.com/cdn-cgi/l/email-protection,Email Us To Get 25% OFF,navigation
https://kraftboxpack.com/product/kraft-rectangular-gift-boxes/,https://kraftboxpack.com,,navigation
https://kraftboxpack.com/product/kraft-rectangular-gift-boxes/,https://kraftboxpack.com/,Home,navigation
https://kraftboxpack.com/product/kraft-rectangular-gift-boxes/,https://kraftboxpack.com/product-category/colored-kraft-boxes/,Colored Kraft Boxes,navigation
https://kraftboxpack.com/product/kraft-rectangular-gift-boxes/,https://kraftboxpack.com/product-category/kraft-gift-specialty-boxes/,Kraft Gift & Specialty Boxes,navigation
https://kraftboxpack.com/product/kraft-rectangular-gift-boxes/,https://kraftboxpack.com/product-category/kraft-packaging-boxes/,Kraft Packaging Boxes,navigation
https://kraftboxpack.com/product/kraft-rectangular-gift-boxes/,https://kraftboxpack.com/product-category/kraft-wrapping-accessories/,Kraft Wrapping & Accessories,navigation
https://kraftboxpack.com/product/kraft-rectangular-gift-boxes/,https://kraftboxpack.com,Home,breadcrumb
https://kraftboxpack.com/product/kraft-rectangular-gift-boxes/,https://kraftboxpack.com/products/,Products,breadcrumb
https://kraftboxpack.com/product/kraft-rectangular-gift-boxes/,https://kraftboxpack.com/product-category/kraft-gift-specialty-boxes/custom-gift-boxes/,Custom Gift Boxes,contextual
https://kraftboxpack.com/product/kraft-rectangular-gift-boxes/,https://kraftboxpack.com/product/kraft-rectangular-gift-boxes/,Kraft Rectangular Gift Boxes,contextual
https://kraftboxpack.com/product/kraft-rectangular-gift-boxes/,https://kraftboxpack.com?add-to-cart=3131&quantity=1&e-redirect=https://kraftboxpack.com/cart/,Buy Now,contextual
https://kraftboxpack.com/product/kraft-rectangular-gift-boxes/,https://kraftboxpack.com/product/kraft-square-gift-boxes/,Kraft Square Gift Boxes,contextual
https://kraftboxpack.com/product/kraft-rectangular-gift-boxes/,https://kraftboxpack.com/,kraft Box Pack,contextual
https://kraftboxpack.com/product/kraft-rectangular-gift-boxes/,https://kraftboxpack.com/product/kraft-lid-base-rigid-boxes/,Custom Gift Boxes,related-product
https://kraftboxpack.com/product/kraft-rectangular-gift-boxes/,https://kraftboxpack.com/product/kraft-lid-base-rigid-boxes/,Kraft Lid & Base Rigid Boxes,related-product
https://kraftboxpack.com/product/kraft-rectangular-gift-boxes/,https://kraftboxpack.com/product/kraft-flower-boxes/,Custom Gift Boxes,related-product
https://kraftboxpack.com/product/kraft-rectangular-gift-boxes/,https://kraftboxpack.com/product/kraft-flower-boxes/,Kraft Flower Boxes,product-grid
https://kraftboxpack.com/product/kraft-rectangular-gift-boxes/,https://kraftboxpack.com/product/kraft-shoulder-boxes/,Custom Gift Boxes,product-grid
https://kraftboxpack.com/product/kraft-rectangular-gift-boxes/,https://kraftboxpack.com/product/kraft-shoulder-boxes/,Kraft Shoulder Boxes,product-grid
https://kraftboxpack.com/product/kraft-rectangular-gift-boxes/,https://kraftboxpack.com/product/kraft-promotional-boxes/,Custom Gift Boxes,product-grid
https://kraftboxpack.com/product/kraft-rectangular-gift-boxes/,https://kraftboxpack.com/product/kraft-promotional-boxes/,Kraft Promotional Boxes,product-grid
https://kraftboxpack.com/product/kraft-rectangular-gift-boxes/,https://kraftboxpack.com/cdn-cgi/l/email-protection,info@shopcardboardboxes,product-grid
https://kraftboxpack.com/product/kraft-rectangular-gift-boxes/,https://kraftboxpack.com/about-us/,About Us,footer
https://kraftboxpack.com/product/kraft-rectangular-gift-boxes/,https://kraftboxpack.com/contact-us/,Contact Us,footer
https://kraftboxpack.com/product/kraft-rectangular-gift-boxes/,https://kraftboxpack.com/privacy-policy/,Privacy Policy,footer
https://kraftboxpack.com/product/kraft-rectangular-gift-boxes/,https://kraftboxpack.com/refund_returns/,Refund and Returns Policy,footer
https://kraftboxpack.com/product/kraft-rectangular-gift-boxes/,https://kraftboxpack.com/terms-conditions/,Terms & Conditions,footer
https://kraftboxpack.com/product/kraft-recycled-kraft-boxes/,https://kraftboxpack.com/cdn-cgi/l/email-protection,[email protected],navigation
https://kraftboxpack.com/product/kraft-recycled-kraft-boxes/,https://kraftboxpack.com/cdn-cgi/l/email-protection,Email Us To Get 25% OFF,navigation
https://kraftboxpack.com/product/kraft-recycled-kraft-boxes/,https://kraftboxpack.com,,navigation
https://kraftboxpack.com/product/kraft-recycled-kraft-boxes/,https://kraftboxpack.com/,Home,navigation
https://kraftboxpack.com/product/kraft-recycled-kraft-boxes/,https://kraftboxpack.com/product-category/colored-kraft-boxes/,Colored Kraft Boxes,navigation
https://kraftboxpack.com/product/kraft-recycled-kraft-boxes/,https://kraftboxpack.com/product-category/kraft-gift-specialty-boxes/,Kraft Gift & Specialty Boxes,navigation
https://kraftboxpack.com/product/kraft-recycled-kraft-boxes/,https://kraftboxpack.com/product-category/kraft-packaging-boxes/,Kraft Packaging Boxes,navigation
https://kraftboxpack.com/product/kraft-recycled-kraft-boxes/,https://kraftboxpack.com/product-category/kraft-wrapping-accessories/,Kraft Wrapping & Accessories,navigation
https://kraftboxpack.com/product/kraft-recycled-kraft-boxes/,https://kraftboxpack.com,Home,breadcrumb
https://kraftboxpack.com/product/kraft-recycled-kraft-boxes/,https://kraftboxpack.com/products/,Products,breadcrumb
https://kraftboxpack.com/product/kraft-recycled-kraft-boxes/,https://kraftboxpack.com/product-category/kraft-industrial-packaging/,Kraft Industrial Packaging,breadcrumb
https://kraftboxpack.com/product/kraft-recycled-kraft-boxes/,https://kraftboxpack.com/product/kraft-recycled-kraft-boxes/,Kraft Recycled Kraft Boxes,contextual
https://kraftboxpack.com/product/kraft-recycled-kraft-boxes/,https://kraftboxpack.com?add-to-cart=3326&quantity=1&e-redirect=https://kraftboxpack.com/cart/,Buy Now,contextual
https://kraftboxpack.com/product/kraft-recycled-kraft-boxes/,https://kraftboxpack.com/product/kraft-insulated-cold-boxes/,Kraft Insulated Cold Boxes,contextual
https://kraftboxpack.com/product/kraft-recycled-kraft-boxes/,https://kraftboxpack.com/product-category/Kraft-Industrial-Packaging/,Kraft Industrial Packaging,contextual
https://kraftboxpack.com/product/kraft-recycled-kraft-boxes/,https://kraftboxpack.com/,Custom Kraft Boxes,contextual
https://kraftboxpack.com/product/kraft-recycled-kraft-boxes/,https://kraftboxpack.com/product/kraft-bulk-shipping-crates/,Kraft Industrial Packaging,related-product
https://kraftboxpack.com/product/kraft-recycled-kraft-boxes/,https://kraftboxpack.com/product/kraft-bulk-shipping-crates/,Kraft Bulk Shipping Crates,related-product
https://kraftboxpack.com/product/kraft-recycled-kraft-boxes/,https://kraftboxpack.com/product/kraft-industrial-parts-boxes/,Kraft Industrial Packaging,related-product
https://kraftboxpack.com/product/kraft-recycled-kraft-boxes/,https://kraftboxpack.com/product/kraft-industrial-parts-boxes/,Kraft Industrial Parts Boxes,product-grid
https://kraftboxpack.com/product/kraft-recycled-kraft-boxes/,https://kraftboxpack.com/product/kraft-insulated-cold-boxes/,Kraft Industrial Packaging,product-grid
https://kraftboxpack.com/product/kraft-recycled-kraft-boxes/,https://kraftboxpack.com/product/kraft-chemical-safe-boxes/,Kraft Industrial Packaging,product-grid
https://kraftboxpack.com/product/kraft-recycled-kraft-boxes/,https://kraftboxpack.com/product/kraft-chemical-safe-boxes/,Kraft Chemical Safe Boxes,product-grid
https://kraftboxpack.com/product/kraft-recycled-kraft-boxes/,https://kraftboxpack.com/cdn-cgi/l/email-protection,info@shopcardboardboxes,product-grid
https://kraftboxpack.com/product/kraft-recycled-kraft-boxes/,https://kraftboxpack.com/about-us/,About Us,footer
https://kraftboxpack.com/product/kraft-recycled-kraft-boxes/,https://kraftboxpack.com/contact-us/,Contact Us,footer
https://kraftboxpack.com/product/kraft-recycled-kraft-boxes/,https://kraftboxpack.com/privacy-policy/,Privacy Policy,footer
https://kraftboxpack.com/product/kraft-recycled-kraft-boxes/,https://kraftboxpack.com/refund_returns/,Refund and Returns Policy,footer
https://kraftboxpack.com/product/kraft-recycled-kraft-boxes/,https://kraftboxpack.com/terms-conditions/,Terms & Conditions,footer
https://kraftboxpack.com/product/kraft-retail-display-trays/,https://kraftboxpack.com/cdn-cgi/l/email-protection,[email protected],navigation
https://kraftboxpack.com/product/kraft-retail-display-trays/,https://kraftboxpack.com/cdn-cgi/l/email-protection,Email Us To Get 25% OFF,navigation
https://kraftboxpack.com/product/kraft-retail-display-trays/,https://kraftboxpack.com,,navigation
https://kraftboxpack.com/product/kraft-retail-display-trays/,https://kraftboxpack.com/,Home,navigation
https://kraftboxpack.com/product/kraft-retail-display-trays/,https://kraftboxpack.com/product-category/colored-kraft-boxes/,Colored Kraft Boxes,navigation
https://kraftboxpack.com/product/kraft-retail-display-trays/,https://kraftboxpack.com/product-category/kraft-gift-specialty-boxes/,Kraft Gift & Specialty Boxes,navigation
https://kraftboxpack.com/product/kraft-retail-display-trays/,https://kraftboxpack.com/product-category/kraft-packaging-boxes/,Kraft Packaging Boxes,navigation
https://kraftboxpack.com/product/kraft-retail-display-trays/,https://kraftboxpack.com/product-category/kraft-wrapping-accessories/,Kraft Wrapping & Accessories,navigation
https://kraftboxpack.com/product/kraft-retail-display-trays/,https://kraftboxpack.com,Home,breadcrumb
https://kraftboxpack.com/product/kraft-retail-display-trays/,https://kraftboxpack.com/products/,Products,breadcrumb
https://kraftboxpack.com/product/kraft-retail-display-trays/,https://kraftboxpack.com/product-category/kraft-display-packaging/,Kraft Display Packaging,breadcrumb
https://kraftboxpack.com/product/kraft-retail-display-trays/,https://kraftboxpack.com/product/kraft-retail-display-trays/,Kraft Retail Display Trays,contextual
https://kraftboxpack.com/product/kraft-retail-display-trays/,https://kraftboxpack.com?add-to-cart=3327&quantity=1&e-redirect=https://kraftboxpack.com/cart/,Buy Now,contextual
https://kraftboxpack.com/product/kraft-retail-display-trays/,https://kraftboxpack.com/product/kraft-display-boxes/,Kraft Counter Display Stands,contextual
https://kraftboxpack.com/product/kraft-retail-display-trays/,https://kraftboxpack.com/product-category/Kraft-Display-Packaging/,Kraft Display Packaging,contextual
https://kraftboxpack.com/product/kraft-retail-display-trays/,https://kraftboxpack.com/,Kraft Box Pack,contextual
https://kraftboxpack.com/product/kraft-retail-display-trays/,https://kraftboxpack.com/product/kraft-shelf-ready-packaging/,Kraft Display Packaging,related-product
https://kraftboxpack.com/product/kraft-retail-display-trays/,https://kraftboxpack.com/product/kraft-shelf-ready-packaging/,Kraft Shelf Ready Packaging,related-product
https://kraftboxpack.com/product/kraft-retail-display-trays/,https://kraftboxpack.com/product/kraft-hanging-display-boxes/,Kraft Display Packaging,related-product
https://kraftboxpack.com/product/kraft-retail-display-trays/,https://kraftboxpack.com/product/kraft-hanging-display-boxes/,Kraft Hanging Display Boxes,product-grid
https://kraftboxpack.com/product/kraft-retail-display-trays/,https://kraftboxpack.com/product/kraft-pop-display-boxes/,Kraft Display Packaging,product-grid
https://kraftboxpack.com/product/kraft-retail-display-trays/,https://kraftboxpack.com/product/kraft-pop-display-boxes/,Kraft POP Display Boxes,product-grid
https://kraftboxpack.com/product/kraft-retail-display-trays/,https://kraftboxpack.com/cdn-cgi/l/email-protection,info@shopcardboardboxes,product-grid
https://kraftboxpack.com/product/kraft-retail-display-trays/,https://kraftboxpack.com/about-us/,About Us,footer
https://kraftboxpack.com/product/kraft-retail-display-trays/,https://kraftboxpack.com/contact-us/,Contact Us,footer
https://kraftboxpack.com/product/kraft-retail-display-trays/,https://kraftboxpack.com/privacy-policy/,Privacy Policy,footer
https://kraftboxpack.com/product/kraft-retail-display-trays/,https://kraftboxpack.com/refund_returns/,Refund and Returns Policy,footer
https://kraftboxpack.com/product/kraft-retail-display-trays/,https://kraftboxpack.com/terms-conditions/,Terms & Conditions,footer
https://kraftboxpack.com/product/kraft-ribbon-closure-boxes/,https://kraftboxpack.com/cdn-cgi/l/email-protection,[email protected],navigation
https://kraftboxpack.com/product/kraft-ribbon-closure-boxes/,https://kraftboxpack.com/cdn-cgi/l/email-protection,Email Us To Get 25% OFF,navigation
https://kraftboxpack.com/product/kraft-ribbon-closure-boxes/,https://kraftboxpack.com,,navigation
https://kraftboxpack.com/product/kraft-ribbon-closure-boxes/,https://kraftboxpack.com/,Home,navigation
https://kraftboxpack.com/product/kraft-ribbon-closure-boxes/,https://kraftboxpack.com/product-category/colored-kraft-boxes/,Colored Kraft Boxes,navigation
https://kraftboxpack.com/product/kraft-ribbon-closure-boxes/,https://kraftboxpack.com/product-category/kraft-gift-specialty-boxes/,Kraft Gift & Specialty Boxes,navigation
https://kraftboxpack.com/product/kraft-ribbon-closure-boxes/,https://kraftboxpack.com/product-category/kraft-packaging-boxes/,Kraft Packaging Boxes,navigation
https://kraftboxpack.com/product/kraft-ribbon-closure-boxes/,https://kraftboxpack.com/product-category/kraft-wrapping-accessories/,Kraft Wrapping & Accessories,navigation
https://kraftboxpack.com/product/kraft-ribbon-closure-boxes/,https://kraftboxpack.com,Home,breadcrumb
https://kraftboxpack.com/product/kraft-ribbon-closure-boxes/,https://kraftboxpack.com/products/,Products,breadcrumb
https://kraftboxpack.com/product/kraft-ribbon-closure-boxes/,https://kraftboxpack.com/product-category/kraft-gift-specialty-boxes/custom-gift-boxes/,Custom Gift Boxes,contextual
https://kraftboxpack.com/product/kraft-ribbon-closure-boxes/,https://kraftboxpack.com/product/kraft-ribbon-closure-boxes/,Kraft Ribbon Closure Boxes,contextual
https://kraftboxpack.com/product/kraft-ribbon-closure-boxes/,https://kraftboxpack.com?add-to-cart=3127&quantity=1&e-redirect=https://kraftboxpack.com/cart/,Buy Now,contextual
https://kraftboxpack.com/product/kraft-ribbon-closure-boxes/,https://kraftboxpack.com/product/kraft-shoulder-boxes/,Kraft Shoulder Boxes,contextual
https://kraftboxpack.com/product/kraft-ribbon-closure-boxes/,https://kraftboxpack.com/,kraft Box Pack,contextual
https://kraftboxpack.com/product/kraft-ribbon-closure-boxes/,https://kraftboxpack.com/product/kraft-event-favor-boxes/,Custom Gift Boxes,related-product
https://kraftboxpack.com/product/kraft-ribbon-closure-boxes/,https://kraftboxpack.com/product/kraft-event-favor-boxes/,Kraft Event Favor Boxes,related-product
https://kraftboxpack.com/product/kraft-ribbon-closure-boxes/,https://kraftboxpack.com/product/kraft-invitation-boxes/,Custom Gift Boxes,related-product
https://kraftboxpack.com/product/kraft-ribbon-closure-boxes/,https://kraftboxpack.com/product/kraft-invitation-boxes/,Kraft Invitation Boxes,product-grid
https://kraftboxpack.com/product/kraft-ribbon-closure-boxes/,https://kraftboxpack.com/product/kraft-promotional-boxes/,Custom Gift Boxes,product-grid
https://kraftboxpack.com/product/kraft-ribbon-closure-boxes/,https://kraftboxpack.com/product/kraft-promotional-boxes/,Kraft Promotional Boxes,product-grid
https://kraftboxpack.com/product/kraft-ribbon-closure-boxes/,https://kraftboxpack.com/product/kraft-subscription-boxes/,Custom Gift Boxes,product-grid
https://kraftboxpack.com/product/kraft-ribbon-closure-boxes/,https://kraftboxpack.com/product/kraft-subscription-boxes/,Kraft Subscription Boxes,product-grid
https://kraftboxpack.com/product/kraft-ribbon-closure-boxes/,https://kraftboxpack.com/cdn-cgi/l/email-protection,info@shopcardboardboxes,product-grid
https://kraftboxpack.com/product/kraft-ribbon-closure-boxes/,https://kraftboxpack.com/about-us/,About Us,footer
https://kraftboxpack.com/product/kraft-ribbon-closure-boxes/,https://kraftboxpack.com/contact-us/,Contact Us,footer
https://kraftboxpack.com/product/kraft-ribbon-closure-boxes/,https://kraftboxpack.com/privacy-policy/,Privacy Policy,footer
https://kraftboxpack.com/product/kraft-ribbon-closure-boxes/,https://kraftboxpack.com/refund_returns/,Refund and Returns Policy,footer
https://kraftboxpack.com/product/kraft-ribbon-closure-boxes/,https://kraftboxpack.com/terms-conditions/,Terms & Conditions,footer
https://kraftboxpack.com/product/kraft-rigid-boxes/,https://kraftboxpack.com/cdn-cgi/l/email-protection,[email protected],navigation
https://kraftboxpack.com/product/kraft-rigid-boxes/,https://kraftboxpack.com/cdn-cgi/l/email-protection,Email Us To Get 25% OFF,navigation
https://kraftboxpack.com/product/kraft-rigid-boxes/,https://kraftboxpack.com,,navigation
https://kraftboxpack.com/product/kraft-rigid-boxes/,https://kraftboxpack.com/,Home,navigation
https://kraftboxpack.com/product/kraft-rigid-boxes/,https://kraftboxpack.com/product-category/colored-kraft-boxes/,Colored Kraft Boxes,navigation
https://kraftboxpack.com/product/kraft-rigid-boxes/,https://kraftboxpack.com/product-category/kraft-gift-specialty-boxes/,Kraft Gift & Specialty Boxes,navigation
https://kraftboxpack.com/product/kraft-rigid-boxes/,https://kraftboxpack.com/product-category/kraft-packaging-boxes/,Kraft Packaging Boxes,navigation
https://kraftboxpack.com/product/kraft-rigid-boxes/,https://kraftboxpack.com/product-category/kraft-wrapping-accessories/,Kraft Wrapping & Accessories,navigation
https://kraftboxpack.com/product/kraft-rigid-boxes/,https://kraftboxpack.com,Home,breadcrumb
https://kraftboxpack.com/product/kraft-rigid-boxes/,https://kraftboxpack.com/products/,Products,breadcrumb
https://kraftboxpack.com/product/kraft-rigid-boxes/,https://kraftboxpack.com/product-category/kraft-luxury-packaging/,Kraft Luxury Packaging,breadcrumb
https://kraftboxpack.com/product/kraft-rigid-boxes/,https://kraftboxpack.com/product/kraft-rigid-boxes/,Kraft Rigid Boxes,contextual
https://kraftboxpack.com/product/kraft-rigid-boxes/,https://kraftboxpack.com?add-to-cart=3147&quantity=1&e-redirect=https://kraftboxpack.com/cart/,Buy Now,contextual
https://kraftboxpack.com/product/kraft-rigid-boxes/,https://kraftboxpack.com/product/kraft-magnetic-closure-boxes/,Kraft Magnetic Closure Boxes,contextual
https://kraftboxpack.com/product/kraft-rigid-boxes/,https://kraftboxpack.com/product-category/Kraft-Luxury-Packaging/,Kraft Luxury Packaging,related-product
https://kraftboxpack.com/product/kraft-rigid-boxes/,https://kraftboxpack.com/,kraft cardboard boxes,contextual
https://kraftboxpack.com/product/kraft-rigid-boxes/,https://kraftboxpack.com/product/kraft-magnetic-closure-boxes/,Kraft Luxury Packaging,related-product
https://kraftboxpack.com/product/kraft-rigid-boxes/,https://kraftboxpack.com/product/kraft-cylindrical-boxes/,Kraft Luxury Packaging,related-product
https://kraftboxpack.com/product/kraft-rigid-boxes/,https://kraftboxpack.com/product/kraft-cylindrical-boxes/,Kraft Cylindrical Boxes,product-grid
https://kraftboxpack.com/product/kraft-rigid-boxes/,https://kraftboxpack.com/product/kraft-triangle-boxes/,Kraft Luxury Packaging,product-grid
https://kraftboxpack.com/product/kraft-rigid-boxes/,https://kraftboxpack.com/product/kraft-triangle-boxes/,Kraft Triangle Boxes,product-grid
https://kraftboxpack.com/product/kraft-rigid-boxes/,https://kraftboxpack.com/product/kraft-tube-packaging/,Kraft Luxury Packaging,product-grid
https://kraftboxpack.com/product/kraft-rigid-boxes/,https://kraftboxpack.com/product/kraft-tube-packaging/,Kraft Tube Packaging,product-grid
https://kraftboxpack.com/product/kraft-rigid-boxes/,https://kraftboxpack.com/cdn-cgi/l/email-protection,info@shopcardboardboxes,product-grid
https://kraftboxpack.com/product/kraft-rigid-boxes/,https://kraftboxpack.com/about-us/,About Us,footer
https://kraftboxpack.com/product/kraft-rigid-boxes/,https://kraftboxpack.com/contact-us/,Contact Us,footer
https://kraftboxpack.com/product/kraft-rigid-boxes/,https://kraftboxpack.com/privacy-policy/,Privacy Policy,footer
https://kraftboxpack.com/product/kraft-rigid-boxes/,https://kraftboxpack.com/refund_returns/,Refund and Returns Policy,footer
https://kraftboxpack.com/product/kraft-rigid-boxes/,https://kraftboxpack.com/terms-conditions/,Terms & Conditions,footer
https://kraftboxpack.com/product/kraft-ring-packaging-boxes/,https://kraftboxpack.com/cdn-cgi/l/email-protection,[email protected],navigation
https://kraftboxpack.com/product/kraft-ring-packaging-boxes/,https://kraftboxpack.com/cdn-cgi/l/email-protection,Email Us To Get 25% OFF,navigation
https://kraftboxpack.com/product/kraft-ring-packaging-boxes/,https://kraftboxpack.com,,navigation
https://kraftboxpack.com/product/kraft-ring-packaging-boxes/,https://kraftboxpack.com/,Home,navigation
https://kraftboxpack.com/product/kraft-ring-packaging-boxes/,https://kraftboxpack.com/product-category/colored-kraft-boxes/,Colored Kraft Boxes,navigation
https://kraftboxpack.com/product/kraft-ring-packaging-boxes/,https://kraftboxpack.com/product-category/kraft-gift-specialty-boxes/,Kraft Gift & Specialty Boxes,navigation
https://kraftboxpack.com/product/kraft-ring-packaging-boxes/,https://kraftboxpack.com/product-category/kraft-packaging-boxes/,Kraft Packaging Boxes,navigation
https://kraftboxpack.com/product/kraft-ring-packaging-boxes/,https://kraftboxpack.com/product-category/kraft-wrapping-accessories/,Kraft Wrapping & Accessories,navigation
https://kraftboxpack.com/product/kraft-ring-packaging-boxes/,https://kraftboxpack.com,Home,breadcrumb
https://kraftboxpack.com/product/kraft-ring-packaging-boxes/,https://kraftboxpack.com/products/,Products,breadcrumb
https://kraftboxpack.com/product/kraft-ring-packaging-boxes/,https://kraftboxpack.com/product-category/jewelry-accessories-boxes/,Jewelry & Accessories Boxes,breadcrumb
https://kraftboxpack.com/product/kraft-ring-packaging-boxes/,https://kraftboxpack.com/product/kraft-ring-packaging-boxes/,Kraft Ring Packaging Boxes,contextual
https://kraftboxpack.com/product/kraft-ring-packaging-boxes/,https://kraftboxpack.com?add-to-cart=3160&quantity=1&e-redirect=https://kraftboxpack.com/cart/,Buy Now,contextual
https://kraftboxpack.com/product/kraft-ring-packaging-boxes/,https://kraftboxpack.com/product/kraft-watch-packaging-boxes/,Kraft Watch Packaging Boxes,contextual
https://kraftboxpack.com/product/kraft-ring-packaging-boxes/,https://kraftboxpack.com/product-category/Jewelry-&-Accessories-Boxes/,Jewelry & Accessories Boxes,contextual
https://kraftboxpack.com/product/kraft-ring-packaging-boxes/,https://kraftboxpack.com/,Kraft Box Pack,contextual
https://kraftboxpack.com/product/kraft-ring-packaging-boxes/,https://kraftboxpack.com/product/kraft-jewelry-insert-boxes/,Jewelry & Accessories Boxes,related-product
https://kraftboxpack.com/product/kraft-ring-packaging-boxes/,https://kraftboxpack.com/product/kraft-jewelry-insert-boxes/,Kraft Jewelry Insert Boxes,related-product
https://kraftboxpack.com/product/kraft-ring-packaging-boxes/,https://kraftboxpack.com/product/kraft-earring-packaging-boxes/,Jewelry & Accessories Boxes,related-product
https://kraftboxpack.com/product/kraft-ring-packaging-boxes/,https://kraftboxpack.com/product/kraft-earring-packaging-boxes/,Kraft Earring Packaging Boxes,product-grid
https://kraftboxpack.com/product/kraft-ring-packaging-boxes/,https://kraftboxpack.com/product/kraft-bracelet-packaging-boxes/,Jewelry & Accessories Boxes,product-grid
https://kraftboxpack.com/product/kraft-ring-packaging-boxes/,https://kraftboxpack.com/product/kraft-bracelet-packaging-boxes/,Kraft Bracelet Packaging Boxes,product-grid
https://kraftboxpack.com/product/kraft-ring-packaging-boxes/,https://kraftboxpack.com/product/kraft-watch-packaging-boxes/,Jewelry & Accessories Boxes,product-grid
https://kraftboxpack.com/product/kraft-ring-packaging-boxes/,https://kraftboxpack.com/cdn-cgi/l/email-protection,info@shopcardboardboxes,product-grid
https://kraftboxpack.com/product/kraft-ring-packaging-boxes/,https://kraftboxpack.com/about-us/,About Us,footer
https://kraftboxpack.com/product/kraft-ring-packaging-boxes/,https://kraftboxpack.com/contact-us/,Contact Us,footer
https://kraftboxpack.com/product/kraft-ring-packaging-boxes/,https://kraftboxpack.com/privacy-policy/,Privacy Policy,footer
https://kraftboxpack.com/product/kraft-ring-packaging-boxes/,https://kraftboxpack.com/refund_returns/,Refund and Returns Policy,footer
https://kraftboxpack.com/product/kraft-ring-packaging-boxes/,https://kraftboxpack.com/terms-conditions/,Terms & Conditions,footer
https://kraftboxpack.com/product/kraft-round-boxes/,https://kraftboxpack.com/cdn-cgi/l/email-protection,[email protected],navigation
https://kraftboxpack.com/product/kraft-round-boxes/,https://kraftboxpack.com/cdn-cgi/l/email-protection,Email Us To Get 25% OFF,navigation
https://kraftboxpack.com/product/kraft-round-boxes/,https://kraftboxpack.com,,navigation
https://kraftboxpack.com/product/kraft-round-boxes/,https://kraftboxpack.com/,Home,navigation
https://kraftboxpack.com/product/kraft-round-boxes/,https://kraftboxpack.com/product-category/colored-kraft-boxes/,Colored Kraft Boxes,navigation
https://kraftboxpack.com/product/kraft-round-boxes/,https://kraftboxpack.com/product-category/kraft-gift-specialty-boxes/,Kraft Gift & Specialty Boxes,navigation
https://kraftboxpack.com/product/kraft-round-boxes/,https://kraftboxpack.com/product-category/kraft-packaging-boxes/,Kraft Packaging Boxes,navigation
https://kraftboxpack.com/product/kraft-round-boxes/,https://kraftboxpack.com/product-category/kraft-wrapping-accessories/,Kraft Wrapping & Accessories,navigation
https://kraftboxpack.com/product/kraft-round-boxes/,https://kraftboxpack.com,Home,breadcrumb
https://kraftboxpack.com/product/kraft-round-boxes/,https://kraftboxpack.com/products/,Products,breadcrumb
https://kraftboxpack.com/product/kraft-round-boxes/,https://kraftboxpack.com/product/kraft-round-boxes/,Kraft Round Boxes,contextual
https://kraftboxpack.com/product/kraft-round-boxes/,https://kraftboxpack.com?add-to-cart=2698&quantity=1&e-redirect=https://kraftboxpack.com/cart/,Buy Now,contextual
https://kraftboxpack.com/product/kraft-round-boxes/,https://kraftboxpack.com/product/kraft-box-with-window/,Kraft Box with Window,contextual
https://kraftboxpack.com/product/kraft-round-boxes/,https://kraftboxpack.com/product-category/Kraft-Gift-&-Specialty-Boxes/,Kraft Gift & Specialty Boxes,contextual
https://kraftboxpack.com/product/kraft-round-boxes/,https://kraftboxpack.com/,Kraft Box Pack,contextual
https://kraftboxpack.com/product/kraft-round-boxes/,https://kraftboxpack.com/product/kraft-box-with-window/,Kraft Gift & Specialty Boxes,related-product
https://kraftboxpack.com/product/kraft-round-boxes/,https://kraftboxpack.com/product/kraft-paper-gift-boxes/,Kraft Gift & Specialty Boxes,related-product
https://kraftboxpack.com/product/kraft-round-boxes/,https://kraftboxpack.com/product/kraft-paper-gift-boxes/,Kraft Paper Gift Boxes,product-grid
https://kraftboxpack.com/product/kraft-round-boxes/,https://kraftboxpack.com/product/kraft-cupcake-boxes/,Kraft Gift & Specialty Boxes,product-grid
https://kraftboxpack.com/product/kraft-round-boxes/,https://kraftboxpack.com/product/kraft-cupcake-boxes/,Kraft Cupcake Boxes,product-grid
https://kraftboxpack.com/product/kraft-round-boxes/,https://kraftboxpack.com/product/kraft-pillow-boxes/,Kraft Gift & Specialty Boxes,product-grid
https://kraftboxpack.com/product/kraft-round-boxes/,https://kraftboxpack.com/product/kraft-pillow-boxes/,Kraft Pillow Boxes,product-grid
https://kraftboxpack.com/product/kraft-round-boxes/,https://kraftboxpack.com/cdn-cgi/l/email-protection,info@shopcardboardboxes,product-grid
https://kraftboxpack.com/product/kraft-round-boxes/,https://kraftboxpack.com/about-us/,About Us,footer
https://kraftboxpack.com/product/kraft-round-boxes/,https://kraftboxpack.com/contact-us/,Contact Us,footer
https://kraftboxpack.com/product/kraft-round-boxes/,https://kraftboxpack.com/privacy-policy/,Privacy Policy,footer
https://kraftboxpack.com/product/kraft-round-boxes/,https://kraftboxpack.com/refund_returns/,Refund and Returns Policy,footer
https://kraftboxpack.com/product/kraft-round-boxes/,https://kraftboxpack.com/terms-conditions/,Terms & Conditions,footer
https://kraftboxpack.com/product/kraft-round-gift-containers/,https://kraftboxpack.com/cdn-cgi/l/email-protection,[email protected],navigation
https://kraftboxpack.com/product/kraft-round-gift-containers/,https://kraftboxpack.com/cdn-cgi/l/email-protection,Email Us To Get 25% OFF,navigation
https://kraftboxpack.com/product/kraft-round-gift-containers/,https://kraftboxpack.com,,navigation
https://kraftboxpack.com/product/kraft-round-gift-containers/,https://kraftboxpack.com/,Home,navigation
https://kraftboxpack.com/product/kraft-round-gift-containers/,https://kraftboxpack.com/product-category/colored-kraft-boxes/,Colored Kraft Boxes,navigation
https://kraftboxpack.com/product/kraft-round-gift-containers/,https://kraftboxpack.com/product-category/kraft-gift-specialty-boxes/,Kraft Gift & Specialty Boxes,navigation
https://kraftboxpack.com/product/kraft-round-gift-containers/,https://kraftboxpack.com/product-category/kraft-packaging-boxes/,Kraft Packaging Boxes,navigation
https://kraftboxpack.com/product/kraft-round-gift-containers/,https://kraftboxpack.com/product-category/kraft-wrapping-accessories/,Kraft Wrapping & Accessories,navigation
https://kraftboxpack.com/product/kraft-round-gift-containers/,https://kraftboxpack.com,Home,breadcrumb
https://kraftboxpack.com/product/kraft-round-gift-containers/,https://kraftboxpack.com/products/,Products,breadcrumb
https://kraftboxpack.com/product/kraft-round-gift-containers/,https://kraftboxpack.com/product-category/kraft-gift-specialty-boxes/custom-gift-boxes/,Custom Gift Boxes,contextual
https://kraftboxpack.com/product/kraft-round-gift-containers/,https://kraftboxpack.com/product/kraft-round-gift-containers/,Kraft Round Gift Containers,contextual
https://kraftboxpack.com/product/kraft-round-gift-containers/,https://kraftboxpack.com?add-to-cart=3132&quantity=1&e-redirect=https://kraftboxpack.com/cart/,Buy Now,contextual
https://kraftboxpack.com/product/kraft-round-gift-containers/,https://kraftboxpack.com/product/kraft-rectangular-gift-boxes/,Kraft Rectangular Gift Boxes,contextual
https://kraftboxpack.com/product/kraft-round-gift-containers/,https://kraftboxpack.com/,kraft Box Pack,contextual
https://kraftboxpack.com/product/kraft-round-gift-containers/,https://kraftboxpack.com/product/kraft-lid-base-rigid-boxes/,Custom Gift Boxes,related-product
https://kraftboxpack.com/product/kraft-round-gift-containers/,https://kraftboxpack.com/product/kraft-lid-base-rigid-boxes/,Kraft Lid & Base Rigid Boxes,related-product
https://kraftboxpack.com/product/kraft-round-gift-containers/,https://kraftboxpack.com/product/kraft-flower-boxes/,Custom Gift Boxes,related-product
https://kraftboxpack.com/product/kraft-round-gift-containers/,https://kraftboxpack.com/product/kraft-flower-boxes/,Kraft Flower Boxes,product-grid
https://kraftboxpack.com/product/kraft-round-gift-containers/,https://kraftboxpack.com/product/kraft-square-gift-boxes/,Custom Gift Boxes,product-grid
https://kraftboxpack.com/product/kraft-round-gift-containers/,https://kraftboxpack.com/product/kraft-square-gift-boxes/,Kraft Square Gift Boxes,product-grid
https://kraftboxpack.com/product/kraft-round-gift-containers/,https://kraftboxpack.com/product/kraft-candy-favor-boxes/,Custom Gift Boxes,product-grid
https://kraftboxpack.com/product/kraft-round-gift-containers/,https://kraftboxpack.com/product/kraft-candy-favor-boxes/,Kraft Candy Favor Boxes,product-grid
https://kraftboxpack.com/product/kraft-round-gift-containers/,https://kraftboxpack.com/cdn-cgi/l/email-protection,info@shopcardboardboxes,product-grid
https://kraftboxpack.com/product/kraft-round-gift-containers/,https://kraftboxpack.com/about-us/,About Us,footer
https://kraftboxpack.com/product/kraft-round-gift-containers/,https://kraftboxpack.com/contact-us/,Contact Us,footer
https://kraftboxpack.com/product/kraft-round-gift-containers/,https://kraftboxpack.com/privacy-policy/,Privacy Policy,footer
https://kraftboxpack.com/product/kraft-round-gift-containers/,https://kraftboxpack.com/refund_returns/,Refund and Returns Policy,footer
https://kraftboxpack.com/product/kraft-round-gift-containers/,https://kraftboxpack.com/terms-conditions/,Terms & Conditions,footer
https://kraftboxpack.com/product/kraft-salad-boxes/,https://kraftboxpack.com/cdn-cgi/l/email-protection,[email protected],navigation
https://kraftboxpack.com/product/kraft-salad-boxes/,https://kraftboxpack.com/cdn-cgi/l/email-protection,Email Us To Get 25% OFF,navigation
https://kraftboxpack.com/product/kraft-salad-boxes/,https://kraftboxpack.com,,navigation
https://kraftboxpack.com/product/kraft-salad-boxes/,https://kraftboxpack.com/,Home,navigation
https://kraftboxpack.com/product/kraft-salad-boxes/,https://kraftboxpack.com/product-category/colored-kraft-boxes/,Colored Kraft Boxes,navigation
https://kraftboxpack.com/product/kraft-salad-boxes/,https://kraftboxpack.com/product-category/kraft-gift-specialty-boxes/,Kraft Gift & Specialty Boxes,navigation
https://kraftboxpack.com/product/kraft-salad-boxes/,https://kraftboxpack.com/product-category/kraft-packaging-boxes/,Kraft Packaging Boxes,navigation
https://kraftboxpack.com/product/kraft-salad-boxes/,https://kraftboxpack.com/product-category/kraft-wrapping-accessories/,Kraft Wrapping & Accessories,navigation
https://kraftboxpack.com/product/kraft-salad-boxes/,https://kraftboxpack.com,Home,breadcrumb
https://kraftboxpack.com/product/kraft-salad-boxes/,https://kraftboxpack.com/products/,Products,breadcrumb
https://kraftboxpack.com/product/kraft-salad-boxes/,https://kraftboxpack.com/product-category/kraft-food-packaging/,Kraft Food Packaging,breadcrumb
https://kraftboxpack.com/product/kraft-salad-boxes/,https://kraftboxpack.com/product/kraft-salad-boxes/,Kraft Salad Boxes,contextual
https://kraftboxpack.com/product/kraft-salad-boxes/,https://kraftboxpack.com?add-to-cart=3273&quantity=1&e-redirect=https://kraftboxpack.com/cart/,Buy Now,contextual
https://kraftboxpack.com/product/kraft-salad-boxes/,https://kraftboxpack.com/product/kraft-sushi-packaging-boxes/,Kraft Sushi Packaging Boxes,contextual
https://kraftboxpack.com/product/kraft-salad-boxes/,https://kraftboxpack.com/,Kraft Box Pack,contextual
https://kraftboxpack.com/product/kraft-salad-boxes/,https://kraftboxpack.com/product/kraft-fruit-packaging-boxes/,Kraft Food Packaging,related-product
https://kraftboxpack.com/product/kraft-salad-boxes/,https://kraftboxpack.com/product/kraft-fruit-packaging-boxes/,Kraft Fruit Packaging Boxes,related-product
https://kraftboxpack.com/product/kraft-salad-boxes/,https://kraftboxpack.com/product/kraft-snack-packaging-boxes/,Kraft Food Packaging,related-product
https://kraftboxpack.com/product/kraft-salad-boxes/,https://kraftboxpack.com/product/kraft-snack-packaging-boxes/,Kraft Snack Packaging Boxes,product-grid
https://kraftboxpack.com/product/kraft-salad-boxes/,https://kraftboxpack.com/product/kraft-pastry-boxes/,Kraft Food Packaging,product-grid
https://kraftboxpack.com/product/kraft-salad-boxes/,https://kraftboxpack.com/product/kraft-pastry-boxes/,Kraft Pastry Boxes,product-grid
https://kraftboxpack.com/product/kraft-salad-boxes/,https://kraftboxpack.com/product/kraft-sandwich-wedge-boxes/,Kraft Food Packaging,product-grid
https://kraftboxpack.com/product/kraft-salad-boxes/,https://kraftboxpack.com/product/kraft-sandwich-wedge-boxes/,Kraft Sandwich Wedge Boxes,product-grid
https://kraftboxpack.com/product/kraft-salad-boxes/,https://kraftboxpack.com/cdn-cgi/l/email-protection,info@shopcardboardboxes,product-grid
https://kraftboxpack.com/product/kraft-salad-boxes/,https://kraftboxpack.com/about-us/,About Us,footer
https://kraftboxpack.com/product/kraft-salad-boxes/,https://kraftboxpack.com/contact-us/,Contact Us,footer
https://kraftboxpack.com/product/kraft-salad-boxes/,https://kraftboxpack.com/privacy-policy/,Privacy Policy,footer
https://kraftboxpack.com/product/kraft-salad-boxes/,https://kraftboxpack.com/refund_returns/,Refund and Returns Policy,footer
https://kraftboxpack.com/product/kraft-salad-boxes/,https://kraftboxpack.com/terms-conditions/,Terms & Conditions,footer
https://kraftboxpack.com/product/kraft-sandwich-wedge-boxes/,https://kraftboxpack.com/cdn-cgi/l/email-protection,[email protected],navigation
https://kraftboxpack.com/product/kraft-sandwich-wedge-boxes/,https://kraftboxpack.com/cdn-cgi/l/email-protection,Email Us To Get 25% OFF,navigation
https://kraftboxpack.com/product/kraft-sandwich-wedge-boxes/,https://kraftboxpack.com,,navigation
https://kraftboxpack.com/product/kraft-sandwich-wedge-boxes/,https://kraftboxpack.com/,Home,navigation
https://kraftboxpack.com/product/kraft-sandwich-wedge-boxes/,https://kraftboxpack.com/product-category/colored-kraft-boxes/,Colored Kraft Boxes,navigation
https://kraftboxpack.com/product/kraft-sandwich-wedge-boxes/,https://kraftboxpack.com/product-category/kraft-gift-specialty-boxes/,Kraft Gift & Specialty Boxes,navigation
https://kraftboxpack.com/product/kraft-sandwich-wedge-boxes/,https://kraftboxpack.com/product-category/kraft-packaging-boxes/,Kraft Packaging Boxes,navigation
https://kraftboxpack.com/product/kraft-sandwich-wedge-boxes/,https://kraftboxpack.com/product-category/kraft-wrapping-accessories/,Kraft Wrapping & Accessories,navigation
https://kraftboxpack.com/product/kraft-sandwich-wedge-boxes/,https://kraftboxpack.com,Home,breadcrumb
https://kraftboxpack.com/product/kraft-sandwich-wedge-boxes/,https://kraftboxpack.com/products/,Products,breadcrumb
https://kraftboxpack.com/product/kraft-sandwich-wedge-boxes/,https://kraftboxpack.com/product-category/kraft-food-packaging/,Kraft Food Packaging,breadcrumb
https://kraftboxpack.com/product/kraft-sandwich-wedge-boxes/,https://kraftboxpack.com/product/kraft-sandwich-wedge-boxes/,Kraft Sandwich Wedge Boxes,contextual
https://kraftboxpack.com/product/kraft-sandwich-wedge-boxes/,https://kraftboxpack.com?add-to-cart=3270&quantity=1&e-redirect=https://kraftboxpack.com/cart/,Buy Now,contextual
https://kraftboxpack.com/product/kraft-sandwich-wedge-boxes/,https://kraftboxpack.com/product/kraft-brownie-packaging-boxes/,Kraft Brownie Packaging Boxes,contextual
https://kraftboxpack.com/product/kraft-sandwich-wedge-boxes/,https://kraftboxpack.com/,Custom Kraft Packaging,contextual
https://kraftboxpack.com/product/kraft-sandwich-wedge-boxes/,https://kraftboxpack.com/product/kraft-egg-cartons/,Kraft Food Packaging,related-product
https://kraftboxpack.com/product/kraft-sandwich-wedge-boxes/,https://kraftboxpack.com/product/kraft-egg-cartons/,Kraft Egg Cartons,related-product
https://kraftboxpack.com/product/kraft-sandwich-wedge-boxes/,https://kraftboxpack.com/product/kraft-granola-bar-boxes/,Kraft Food Packaging,related-product
https://kraftboxpack.com/product/kraft-sandwich-wedge-boxes/,https://kraftboxpack.com/product/kraft-granola-bar-boxes/,Kraft Granola Bar Boxes,product-grid
https://kraftboxpack.com/product/kraft-sandwich-wedge-boxes/,https://kraftboxpack.com/product/kraft-chocolate-packaging-boxes/,Kraft Food Packaging,product-grid
https://kraftboxpack.com/product/kraft-sandwich-wedge-boxes/,https://kraftboxpack.com/product/kraft-chocolate-packaging-boxes/,Kraft Chocolate Packaging Boxes,product-grid
https://kraftboxpack.com/product/kraft-sandwich-wedge-boxes/,https://kraftboxpack.com/product/kraft-seafood-boxes/,Kraft Food Packaging,product-grid
https://kraftboxpack.com/product/kraft-sandwich-wedge-boxes/,https://kraftboxpack.com/product/kraft-seafood-boxes/,Kraft Seafood Boxes,product-grid
https://kraftboxpack.com/product/kraft-sandwich-wedge-boxes/,https://kraftboxpack.com/cdn-cgi/l/email-protection,info@shopcardboardboxes,product-grid
https://kraftboxpack.com/product/kraft-sandwich-wedge-boxes/,https://kraftboxpack.com/about-us/,About Us,footer
https://kraftboxpack.com/product/kraft-sandwich-wedge-boxes/,https://kraftboxpack.com/contact-us/,Contact Us,footer
https://kraftboxpack.com/product/kraft-sandwich-wedge-boxes/,https://kraftboxpack.com/privacy-policy/,Privacy Policy,footer
https://kraftboxpack.com/product/kraft-sandwich-wedge-boxes/,https://kraftboxpack.com/refund_returns/,Refund and Returns Policy,footer
https://kraftboxpack.com/product/kraft-sandwich-wedge-boxes/,https://kraftboxpack.com/terms-conditions/,Terms & Conditions,footer
https://kraftboxpack.com/product/kraft-scarf-boxes/,https://kraftboxpack.com/cdn-cgi/l/email-protection,[email protected],navigation
https://kraftboxpack.com/product/kraft-scarf-boxes/,https://kraftboxpack.com/cdn-cgi/l/email-protection,Email Us To Get 25% OFF,navigation
https://kraftboxpack.com/product/kraft-scarf-boxes/,https://kraftboxpack.com,,navigation
https://kraftboxpack.com/product/kraft-scarf-boxes/,https://kraftboxpack.com/,Home,navigation
https://kraftboxpack.com/product/kraft-scarf-boxes/,https://kraftboxpack.com/product-category/colored-kraft-boxes/,Colored Kraft Boxes,navigation
https://kraftboxpack.com/product/kraft-scarf-boxes/,https://kraftboxpack.com/product-category/kraft-gift-specialty-boxes/,Kraft Gift & Specialty Boxes,navigation
https://kraftboxpack.com/product/kraft-scarf-boxes/,https://kraftboxpack.com/product-category/kraft-packaging-boxes/,Kraft Packaging Boxes,navigation
https://kraftboxpack.com/product/kraft-scarf-boxes/,https://kraftboxpack.com/product-category/kraft-wrapping-accessories/,Kraft Wrapping & Accessories,navigation
https://kraftboxpack.com/product/kraft-scarf-boxes/,https://kraftboxpack.com,Home,breadcrumb
https://kraftboxpack.com/product/kraft-scarf-boxes/,https://kraftboxpack.com/products/,Products,breadcrumb
https://kraftboxpack.com/product/kraft-scarf-boxes/,https://kraftboxpack.com/product-category/kraft-apparel-boxes/,Kraft Apparel Boxes,breadcrumb
https://kraftboxpack.com/product/kraft-scarf-boxes/,https://kraftboxpack.com/product/kraft-scarf-boxes/,Kraft Scarf Boxes,contextual
https://kraftboxpack.com/product/kraft-scarf-boxes/,https://kraftboxpack.com?add-to-cart=3296&quantity=1&e-redirect=https://kraftboxpack.com/cart/,Buy Now,contextual
https://kraftboxpack.com/product/kraft-scarf-boxes/,https://kraftboxpack.com/product/kraft-clothing-packaging-boxes/,Kraft Clothing Packaging Boxes,contextual
https://kraftboxpack.com/product/kraft-scarf-boxes/,https://kraftboxpack.com/product-category/Kraft-Apparel-Boxes/,Kraft Apparel Boxes,contextual
https://kraftboxpack.com/product/kraft-scarf-boxes/,https://kraftboxpack.com/,Custom Kraft Boxes,contextual
https://kraftboxpack.com/product/kraft-scarf-boxes/,https://kraftboxpack.com/product/kraft-belt-packaging-boxes/,Kraft Apparel Boxes,related-product
https://kraftboxpack.com/product/kraft-scarf-boxes/,https://kraftboxpack.com/product/kraft-belt-packaging-boxes/,Kraft Belt Packaging Boxes,related-product
https://kraftboxpack.com/product/kraft-scarf-boxes/,https://kraftboxpack.com/product/kraft-apparel-packaging-boxes/,Kraft Apparel Boxes,related-product
https://kraftboxpack.com/product/kraft-scarf-boxes/,https://kraftboxpack.com/product/kraft-apparel-packaging-boxes/,Kraft Apparel Packaging Boxes,product-grid
https://kraftboxpack.com/product/kraft-scarf-boxes/,https://kraftboxpack.com/product/kraft-sock-packaging-boxes/,Kraft Apparel Boxes,product-grid
https://kraftboxpack.com/product/kraft-scarf-boxes/,https://kraftboxpack.com/product/kraft-sock-packaging-boxes/,Kraft Sock Packaging Boxes,product-grid
https://kraftboxpack.com/product/kraft-scarf-boxes/,https://kraftboxpack.com/product/kraft-underwear-packaging-boxes/,Kraft Apparel Boxes,product-grid
https://kraftboxpack.com/product/kraft-scarf-boxes/,https://kraftboxpack.com/product/kraft-underwear-packaging-boxes/,Kraft Underwear Packaging Boxes,product-grid
https://kraftboxpack.com/product/kraft-scarf-boxes/,https://kraftboxpack.com/cdn-cgi/l/email-protection,info@shopcardboardboxes,product-grid
https://kraftboxpack.com/product/kraft-scarf-boxes/,https://kraftboxpack.com/about-us/,About Us,footer
https://kraftboxpack.com/product/kraft-scarf-boxes/,https://kraftboxpack.com/contact-us/,Contact Us,footer
https://kraftboxpack.com/product/kraft-scarf-boxes/,https://kraftboxpack.com/privacy-policy/,Privacy Policy,footer
https://kraftboxpack.com/product/kraft-scarf-boxes/,https://kraftboxpack.com/refund_returns/,Refund and Returns Policy,footer
https://kraftboxpack.com/product/kraft-scarf-boxes/,https://kraftboxpack.com/terms-conditions/,Terms & Conditions,footer
https://kraftboxpack.com/product/kraft-seafood-boxes/,https://kraftboxpack.com/cdn-cgi/l/email-protection,[email protected],navigation
https://kraftboxpack.com/product/kraft-seafood-boxes/,https://kraftboxpack.com/cdn-cgi/l/email-protection,Email Us To Get 25% OFF,navigation
https://kraftboxpack.com/product/kraft-seafood-boxes/,https://kraftboxpack.com,,navigation
https://kraftboxpack.com/product/kraft-seafood-boxes/,https://kraftboxpack.com/,Home,navigation
https://kraftboxpack.com/product/kraft-seafood-boxes/,https://kraftboxpack.com/product-category/colored-kraft-boxes/,Colored Kraft Boxes,navigation
https://kraftboxpack.com/product/kraft-seafood-boxes/,https://kraftboxpack.com/product-category/kraft-gift-specialty-boxes/,Kraft Gift & Specialty Boxes,navigation
https://kraftboxpack.com/product/kraft-seafood-boxes/,https://kraftboxpack.com/product-category/kraft-packaging-boxes/,Kraft Packaging Boxes,navigation
https://kraftboxpack.com/product/kraft-seafood-boxes/,https://kraftboxpack.com/product-category/kraft-wrapping-accessories/,Kraft Wrapping & Accessories,navigation
https://kraftboxpack.com/product/kraft-seafood-boxes/,https://kraftboxpack.com,Home,breadcrumb
https://kraftboxpack.com/product/kraft-seafood-boxes/,https://kraftboxpack.com/products/,Products,breadcrumb
https://kraftboxpack.com/product/kraft-seafood-boxes/,https://kraftboxpack.com/product-category/kraft-food-packaging/,Kraft Food Packaging,breadcrumb
https://kraftboxpack.com/product/kraft-seafood-boxes/,https://kraftboxpack.com/product/kraft-seafood-boxes/,Kraft Seafood Boxes,contextual
https://kraftboxpack.com/product/kraft-seafood-boxes/,https://kraftboxpack.com?add-to-cart=3286&quantity=1&e-redirect=https://kraftboxpack.com/cart/,Buy Now,contextual
https://kraftboxpack.com/product/kraft-seafood-boxes/,https://kraftboxpack.com/product/kraft-meat-packaging-boxes/,Kraft Meat Packaging Boxes,contextual
https://kraftboxpack.com/product/kraft-seafood-boxes/,https://kraftboxpack.com/,Kraft Packaging Wholesale,contextual
https://kraftboxpack.com/product/kraft-seafood-boxes/,https://kraftboxpack.com/product/kraft-donut-packaging-boxes/,Kraft Food Packaging,related-product
https://kraftboxpack.com/product/kraft-seafood-boxes/,https://kraftboxpack.com/product/kraft-donut-packaging-boxes/,Kraft Donut Packaging Boxes,related-product
https://kraftboxpack.com/product/kraft-seafood-boxes/,https://kraftboxpack.com/product/kraft-egg-cartons/,Kraft Food Packaging,related-product
https://kraftboxpack.com/product/kraft-seafood-boxes/,https://kraftboxpack.com/product/kraft-egg-cartons/,Kraft Egg Cartons,product-grid
https://kraftboxpack.com/product/kraft-seafood-boxes/,https://kraftboxpack.com/product/kraft-coffee-packaging-boxes/,Kraft Food Packaging,product-grid
https://kraftboxpack.com/product/kraft-seafood-boxes/,https://kraftboxpack.com/product/kraft-coffee-packaging-boxes/,Kraft Coffee Packaging Boxes,product-grid
https://kraftboxpack.com/product/kraft-seafood-boxes/,https://kraftboxpack.com/product/kraft-chocolate-packaging-boxes/,Kraft Food Packaging,product-grid
https://kraftboxpack.com/product/kraft-seafood-boxes/,https://kraftboxpack.com/product/kraft-chocolate-packaging-boxes/,Kraft Chocolate Packaging Boxes,product-grid
https://kraftboxpack.com/product/kraft-seafood-boxes/,https://kraftboxpack.com/cdn-cgi/l/email-protection,info@shopcardboardboxes,product-grid
https://kraftboxpack.com/product/kraft-seafood-boxes/,https://kraftboxpack.com/about-us/,About Us,footer
https://kraftboxpack.com/product/kraft-seafood-boxes/,https://kraftboxpack.com/contact-us/,Contact Us,footer
https://kraftboxpack.com/product/kraft-seafood-boxes/,https://kraftboxpack.com/privacy-policy/,Privacy Policy,footer
https://kraftboxpack.com/product/kraft-seafood-boxes/,https://kraftboxpack.com/refund_returns/,Refund and Returns Policy,footer
https://kraftboxpack.com/product/kraft-seafood-boxes/,https://kraftboxpack.com/terms-conditions/,Terms & Conditions,footer
https://kraftboxpack.com/product/kraft-shelf-ready-packaging/,https://kraftboxpack.com/cdn-cgi/l/email-protection,[email protected],navigation
https://kraftboxpack.com/product/kraft-shelf-ready-packaging/,https://kraftboxpack.com/cdn-cgi/l/email-protection,Email Us To Get 25% OFF,navigation
https://kraftboxpack.com/product/kraft-shelf-ready-packaging/,https://kraftboxpack.com,,navigation
https://kraftboxpack.com/product/kraft-shelf-ready-packaging/,https://kraftboxpack.com/,Home,navigation
https://kraftboxpack.com/product/kraft-shelf-ready-packaging/,https://kraftboxpack.com/product-category/colored-kraft-boxes/,Colored Kraft Boxes,navigation
https://kraftboxpack.com/product/kraft-shelf-ready-packaging/,https://kraftboxpack.com/product-category/kraft-gift-specialty-boxes/,Kraft Gift & Specialty Boxes,navigation
https://kraftboxpack.com/product/kraft-shelf-ready-packaging/,https://kraftboxpack.com/product-category/kraft-packaging-boxes/,Kraft Packaging Boxes,navigation
https://kraftboxpack.com/product/kraft-shelf-ready-packaging/,https://kraftboxpack.com/product-category/kraft-wrapping-accessories/,Kraft Wrapping & Accessories,navigation
https://kraftboxpack.com/product/kraft-shelf-ready-packaging/,https://kraftboxpack.com,Home,breadcrumb
https://kraftboxpack.com/product/kraft-shelf-ready-packaging/,https://kraftboxpack.com/products/,Products,breadcrumb
https://kraftboxpack.com/product/kraft-shelf-ready-packaging/,https://kraftboxpack.com/product-category/kraft-display-packaging/,Kraft Display Packaging,breadcrumb
https://kraftboxpack.com/product/kraft-shelf-ready-packaging/,https://kraftboxpack.com/product/kraft-shelf-ready-packaging/,Kraft Shelf Ready Packaging,contextual
https://kraftboxpack.com/product/kraft-shelf-ready-packaging/,https://kraftboxpack.com?add-to-cart=3155&quantity=1&e-redirect=https://kraftboxpack.com/cart/,Buy Now,contextual
https://kraftboxpack.com/product/kraft-shelf-ready-packaging/,https://kraftboxpack.com/product/kraft-counter-display-stands/,Kraft Counter Display Stands,contextual
https://kraftboxpack.com/product/kraft-shelf-ready-packaging/,https://kraftboxpack.com/,kraft box pack,contextual
https://kraftboxpack.com/product/kraft-shelf-ready-packaging/,https://kraftboxpack.com/product/kraft-hanging-display-boxes/,Kraft Display Packaging,related-product
https://kraftboxpack.com/product/kraft-shelf-ready-packaging/,https://kraftboxpack.com/product/kraft-hanging-display-boxes/,Kraft Hanging Display Boxes,related-product
https://kraftboxpack.com/product/kraft-shelf-ready-packaging/,https://kraftboxpack.com/product/kraft-retail-display-trays/,Kraft Display Packaging,related-product
https://kraftboxpack.com/product/kraft-shelf-ready-packaging/,https://kraftboxpack.com/product/kraft-retail-display-trays/,Kraft Retail Display Trays,product-grid
https://kraftboxpack.com/product/kraft-shelf-ready-packaging/,https://kraftboxpack.com/product/kraft-pop-display-boxes/,Kraft Display Packaging,product-grid
https://kraftboxpack.com/product/kraft-shelf-ready-packaging/,https://kraftboxpack.com/product/kraft-pop-display-boxes/,Kraft POP Display Boxes,product-grid
https://kraftboxpack.com/product/kraft-shelf-ready-packaging/,https://kraftboxpack.com/cdn-cgi/l/email-protection,info@shopcardboardboxes,product-grid
https://kraftboxpack.com/product/kraft-shelf-ready-packaging/,https://kraftboxpack.com/about-us/,About Us,footer
https://kraftboxpack.com/product/kraft-shelf-ready-packaging/,https://kraftboxpack.com/contact-us/,Contact Us,footer
https://kraftboxpack.com/product/kraft-shelf-ready-packaging/,https://kraftboxpack.com/privacy-policy/,Privacy Policy,footer
https://kraftboxpack.com/product/kraft-shelf-ready-packaging/,https://kraftboxpack.com/refund_returns/,Refund and Returns Policy,footer
https://kraftboxpack.com/product/kraft-shelf-ready-packaging/,https://kraftboxpack.com/terms-conditions/,Terms & Conditions,footer
https://kraftboxpack.com/product/kraft-shipping-boxes/,https://kraftboxpack.com/cdn-cgi/l/email-protection,[email protected],navigation
https://kraftboxpack.com/product/kraft-shipping-boxes/,https://kraftboxpack.com/cdn-cgi/l/email-protection,Email Us To Get 25% OFF,navigation
https://kraftboxpack.com/product/kraft-shipping-boxes/,https://kraftboxpack.com,,navigation
https://kraftboxpack.com/product/kraft-shipping-boxes/,https://kraftboxpack.com/,Home,navigation
https://kraftboxpack.com/product/kraft-shipping-boxes/,https://kraftboxpack.com/product-category/colored-kraft-boxes/,Colored Kraft Boxes,navigation
https://kraftboxpack.com/product/kraft-shipping-boxes/,https://kraftboxpack.com/product-category/kraft-gift-specialty-boxes/,Kraft Gift & Specialty Boxes,navigation
https://kraftboxpack.com/product/kraft-shipping-boxes/,https://kraftboxpack.com/product-category/kraft-packaging-boxes/,Kraft Packaging Boxes,navigation
https://kraftboxpack.com/product/kraft-shipping-boxes/,https://kraftboxpack.com/product-category/kraft-wrapping-accessories/,Kraft Wrapping & Accessories,navigation
https://kraftboxpack.com/product/kraft-shipping-boxes/,https://kraftboxpack.com,Home,breadcrumb
https://kraftboxpack.com/product/kraft-shipping-boxes/,https://kraftboxpack.com/products/,Products,breadcrumb
https://kraftboxpack.com/product/kraft-shipping-boxes/,https://kraftboxpack.com/product/kraft-shipping-boxes/,Kraft Shipping Boxes,contextual
https://kraftboxpack.com/product/kraft-shipping-boxes/,https://kraftboxpack.com?add-to-cart=2583&quantity=1&e-redirect=https://kraftboxpack.com/cart/,Buy Now,contextual
https://kraftboxpack.com/product/kraft-shipping-boxes/,https://kraftboxpack.com/product/kraft-cardboard-boxes/,Kraft Cardboard Boxes,contextual
https://kraftboxpack.com/product/kraft-shipping-boxes/,https://kraftboxpack.com/product-category/Kraft-Packaging-Boxes/,Kraft Packaging Boxes,contextual
https://kraftboxpack.com/product/kraft-shipping-boxes/,https://kraftboxpack.com/,Kraft Box Pack,contextual
https://kraftboxpack.com/product/kraft-shipping-boxes/,https://kraftboxpack.com/product/kraft-bakery-boxes/,Kraft Packaging Boxes,related-product
https://kraftboxpack.com/product/kraft-shipping-boxes/,https://kraftboxpack.com/product/kraft-bakery-boxes/,Kraft Bakery Boxes,related-product
https://kraftboxpack.com/product/kraft-shipping-boxes/,https://kraftboxpack.com/product/kraft-favor-boxes/,Kraft Packaging Boxes,related-product
https://kraftboxpack.com/product/kraft-shipping-boxes/,https://kraftboxpack.com/product/kraft-favor-boxes/,Kraft Favor Boxes,product-grid
https://kraftboxpack.com/product/kraft-shipping-boxes/,https://kraftboxpack.com/product/kraft-cardboard-boxes/,Kraft Packaging Boxes,product-grid
https://kraftboxpack.com/product/kraft-shipping-boxes/,https://kraftboxpack.com/product/kraft-bakery-bags/,Kraft Packaging Boxes,product-grid
https://kraftboxpack.com/product/kraft-shipping-boxes/,https://kraftboxpack.com/product/kraft-bakery-bags/,Kraft Bakery Bags,product-grid
https://kraftboxpack.com/product/kraft-shipping-boxes/,https://kraftboxpack.com/cdn-cgi/l/email-protection,info@shopcardboardboxes,product-grid
https://kraftboxpack.com/product/kraft-shipping-boxes/,https://kraftboxpack.com/about-us/,About Us,footer
https://kraftboxpack.com/product/kraft-shipping-boxes/,https://kraftboxpack.com/contact-us/,Contact Us,footer
https://kraftboxpack.com/product/kraft-shipping-boxes/,https://kraftboxpack.com/privacy-policy/,Privacy Policy,footer
https://kraftboxpack.com/product/kraft-shipping-boxes/,https://kraftboxpack.com/refund_returns/,Refund and Returns Policy,footer
https://kraftboxpack.com/product/kraft-shipping-boxes/,https://kraftboxpack.com/terms-conditions/,Terms & Conditions,footer
https://kraftboxpack.com/product/kraft-shoe-boxes/,https://kraftboxpack.com/cdn-cgi/l/email-protection,[email protected],navigation
https://kraftboxpack.com/product/kraft-shoe-boxes/,https://kraftboxpack.com/cdn-cgi/l/email-protection,Email Us To Get 25% OFF,navigation
https://kraftboxpack.com/product/kraft-shoe-boxes/,https://kraftboxpack.com,,navigation
https://kraftboxpack.com/product/kraft-shoe-boxes/,https://kraftboxpack.com/,Home,navigation
https://kraftboxpack.com/product/kraft-shoe-boxes/,https://kraftboxpack.com/product-category/colored-kraft-boxes/,Colored Kraft Boxes,navigation
https://kraftboxpack.com/product/kraft-shoe-boxes/,https://kraftboxpack.com/product-category/kraft-gift-specialty-boxes/,Kraft Gift & Specialty Boxes,navigation
https://kraftboxpack.com/product/kraft-shoe-boxes/,https://kraftboxpack.com/product-category/kraft-packaging-boxes/,Kraft Packaging Boxes,navigation
https://kraftboxpack.com/product/kraft-shoe-boxes/,https://kraftboxpack.com/product-category/kraft-wrapping-accessories/,Kraft Wrapping & Accessories,navigation
https://kraftboxpack.com/product/kraft-shoe-boxes/,https://kraftboxpack.com,Home,breadcrumb
https://kraftboxpack.com/product/kraft-shoe-boxes/,https://kraftboxpack.com/products/,Products,breadcrumb
https://kraftboxpack.com/product/kraft-shoe-boxes/,https://kraftboxpack.com/product/kraft-shoe-boxes/,Kraft Shoe Boxes,contextual
https://kraftboxpack.com/product/kraft-shoe-boxes/,https://kraftboxpack.com?add-to-cart=2643&quantity=1&e-redirect=https://kraftboxpack.com/cart/,Buy Now,contextual
https://kraftboxpack.com/product/kraft-shoe-boxes/,https://kraftboxpack.com/,Kraft Box Pack,contextual
https://kraftboxpack.com/product/kraft-shoe-boxes/,https://kraftboxpack.com/product/kraft-mailer-boxes/,Kraft Mailer Boxes,contextual
https://kraftboxpack.com/product/kraft-shoe-boxes/,https://kraftboxpack.com/product/kraft-corrugated-boxes/,Kraft Packaging Boxes,related-product
https://kraftboxpack.com/product/kraft-shoe-boxes/,https://kraftboxpack.com/product/kraft-corrugated-boxes/,Kraft Corrugated Boxes,related-product
https://kraftboxpack.com/product/kraft-shoe-boxes/,https://kraftboxpack.com/product/kraft-take-out-boxes/,Kraft Packaging Boxes,related-product
https://kraftboxpack.com/product/kraft-shoe-boxes/,https://kraftboxpack.com/product/kraft-take-out-boxes/,Kraft Take Out Boxes,product-grid
https://kraftboxpack.com/product/kraft-shoe-boxes/,https://kraftboxpack.com/product/kraft-bakery-boxes/,Kraft Packaging Boxes,product-grid
https://kraftboxpack.com/product/kraft-shoe-boxes/,https://kraftboxpack.com/product/kraft-bakery-boxes/,Kraft Bakery Boxes,product-grid
https://kraftboxpack.com/product/kraft-shoe-boxes/,https://kraftboxpack.com/product/kraft-paperboard-boxes/,Kraft Packaging Boxes,product-grid
https://kraftboxpack.com/product/kraft-shoe-boxes/,https://kraftboxpack.com/product/kraft-paperboard-boxes/,Kraft Paperboard Boxes,product-grid
https://kraftboxpack.com/product/kraft-shoe-boxes/,https://kraftboxpack.com/cdn-cgi/l/email-protection,info@shopcardboardboxes,product-grid
https://kraftboxpack.com/product/kraft-shoe-boxes/,https://kraftboxpack.com/about-us/,About Us,footer
https://kraftboxpack.com/product/kraft-shoe-boxes/,https://kraftboxpack.com/contact-us/,Contact Us,footer
https://kraftboxpack.com/product/kraft-shoe-boxes/,https://kraftboxpack.com/privacy-policy/,Privacy Policy,footer
https://kraftboxpack.com/product/kraft-shoe-boxes/,https://kraftboxpack.com/refund_returns/,Refund and Returns Policy,footer
https://kraftboxpack.com/product/kraft-shoe-boxes/,https://kraftboxpack.com/terms-conditions/,Terms & Conditions,footer
https://kraftboxpack.com/product/kraft-shoulder-boxes/,https://kraftboxpack.com/cdn-cgi/l/email-protection,[email protected],navigation
https://kraftboxpack.com/product/kraft-shoulder-boxes/,https://kraftboxpack.com/cdn-cgi/l/email-protection,Email Us To Get 25% OFF,navigation
https://kraftboxpack.com/product/kraft-shoulder-boxes/,https://kraftboxpack.com,,navigation
https://kraftboxpack.com/product/kraft-shoulder-boxes/,https://kraftboxpack.com/,Home,navigation
https://kraftboxpack.com/product/kraft-shoulder-boxes/,https://kraftboxpack.com/product-category/colored-kraft-boxes/,Colored Kraft Boxes,navigation
https://kraftboxpack.com/product/kraft-shoulder-boxes/,https://kraftboxpack.com/product-category/kraft-gift-specialty-boxes/,Kraft Gift & Specialty Boxes,navigation
https://kraftboxpack.com/product/kraft-shoulder-boxes/,https://kraftboxpack.com/product-category/kraft-packaging-boxes/,Kraft Packaging Boxes,navigation
https://kraftboxpack.com/product/kraft-shoulder-boxes/,https://kraftboxpack.com/product-category/kraft-wrapping-accessories/,Kraft Wrapping & Accessories,navigation
https://kraftboxpack.com/product/kraft-shoulder-boxes/,https://kraftboxpack.com,Home,breadcrumb
https://kraftboxpack.com/product/kraft-shoulder-boxes/,https://kraftboxpack.com/products/,Products,breadcrumb
https://kraftboxpack.com/product/kraft-shoulder-boxes/,https://kraftboxpack.com/product-category/kraft-gift-specialty-boxes/custom-gift-boxes/,Custom Gift Boxes,contextual
https://kraftboxpack.com/product/kraft-shoulder-boxes/,https://kraftboxpack.com/product/kraft-shoulder-boxes/,Kraft Shoulder Boxes,contextual
https://kraftboxpack.com/product/kraft-shoulder-boxes/,https://kraftboxpack.com?add-to-cart=3126&quantity=1&e-redirect=https://kraftboxpack.com/cart/,Buy Now,contextual
https://kraftboxpack.com/product/kraft-shoulder-boxes/,https://kraftboxpack.com/product/kraft-flip-top-rigid-boxes/,Kraft Flip Top Rigid Boxes,contextual
https://kraftboxpack.com/product/kraft-shoulder-boxes/,https://kraftboxpack.com/,kraft Box Pack,contextual
https://kraftboxpack.com/product/kraft-shoulder-boxes/,https://kraftboxpack.com/product/kraft-lid-base-rigid-boxes/,Custom Gift Boxes,related-product
https://kraftboxpack.com/product/kraft-shoulder-boxes/,https://kraftboxpack.com/product/kraft-lid-base-rigid-boxes/,Kraft Lid & Base Rigid Boxes,related-product
https://kraftboxpack.com/product/kraft-shoulder-boxes/,https://kraftboxpack.com/product/kraft-pillow-gift-boxes/,Custom Gift Boxes,related-product
https://kraftboxpack.com/product/kraft-shoulder-boxes/,https://kraftboxpack.com/product/kraft-pillow-gift-boxes/,Kraft Pillow Gift Boxes,product-grid
https://kraftboxpack.com/product/kraft-shoulder-boxes/,https://kraftboxpack.com/product/kraft-rectangular-gift-boxes/,Custom Gift Boxes,product-grid
https://kraftboxpack.com/product/kraft-shoulder-boxes/,https://kraftboxpack.com/product/kraft-rectangular-gift-boxes/,Kraft Rectangular Gift Boxes,product-grid
https://kraftboxpack.com/product/kraft-shoulder-boxes/,https://kraftboxpack.com/product/kraft-invitation-boxes/,Custom Gift Boxes,product-grid
https://kraftboxpack.com/product/kraft-shoulder-boxes/,https://kraftboxpack.com/product/kraft-invitation-boxes/,Kraft Invitation Boxes,product-grid
https://kraftboxpack.com/product/kraft-shoulder-boxes/,https://kraftboxpack.com/cdn-cgi/l/email-protection,info@shopcardboardboxes,product-grid
https://kraftboxpack.com/product/kraft-shoulder-boxes/,https://kraftboxpack.com/about-us/,About Us,footer
https://kraftboxpack.com/product/kraft-shoulder-boxes/,https://kraftboxpack.com/contact-us/,Contact Us,footer
https://kraftboxpack.com/product/kraft-shoulder-boxes/,https://kraftboxpack.com/privacy-policy/,Privacy Policy,footer
https://kraftboxpack.com/product/kraft-shoulder-boxes/,https://kraftboxpack.com/refund_returns/,Refund and Returns Policy,footer
https://kraftboxpack.com/product/kraft-shoulder-boxes/,https://kraftboxpack.com/terms-conditions/,Terms & Conditions,footer
https://kraftboxpack.com/product/kraft-skincare-boxes/,https://kraftboxpack.com/cdn-cgi/l/email-protection,[email protected],navigation
https://kraftboxpack.com/product/kraft-skincare-boxes/,https://kraftboxpack.com/cdn-cgi/l/email-protection,Email Us To Get 25% OFF,navigation
https://kraftboxpack.com/product/kraft-skincare-boxes/,https://kraftboxpack.com,,navigation
https://kraftboxpack.com/product/kraft-skincare-boxes/,https://kraftboxpack.com/,Home,navigation
https://kraftboxpack.com/product/kraft-skincare-boxes/,https://kraftboxpack.com/product-category/colored-kraft-boxes/,Colored Kraft Boxes,navigation
https://kraftboxpack.com/product/kraft-skincare-boxes/,https://kraftboxpack.com/product-category/kraft-gift-specialty-boxes/,Kraft Gift & Specialty Boxes,navigation
https://kraftboxpack.com/product/kraft-skincare-boxes/,https://kraftboxpack.com/product-category/kraft-packaging-boxes/,Kraft Packaging Boxes,navigation
https://kraftboxpack.com/product/kraft-skincare-boxes/,https://kraftboxpack.com/product-category/kraft-wrapping-accessories/,Kraft Wrapping & Accessories,navigation
https://kraftboxpack.com/product/kraft-skincare-boxes/,https://kraftboxpack.com,Home,breadcrumb
https://kraftboxpack.com/product/kraft-skincare-boxes/,https://kraftboxpack.com/products/,Products,breadcrumb
https://kraftboxpack.com/product/kraft-skincare-boxes/,https://kraftboxpack.com/product-category/kraft-packaging-boxes/karft-cosmetic-boxes/,Kraft Cosmetic Boxes,contextual
https://kraftboxpack.com/product/kraft-skincare-boxes/,https://kraftboxpack.com/product/kraft-skincare-boxes/,Kraft Skincare Boxes,contextual
https://kraftboxpack.com/product/kraft-skincare-boxes/,https://kraftboxpack.com?add-to-cart=3163&quantity=1&e-redirect=https://kraftboxpack.com/cart/,Buy Now,contextual
https://kraftboxpack.com/product/kraft-skincare-boxes/,https://kraftboxpack.com/product/Kraft-Perfume-Boxes/,Kraft Perfume Boxes,contextual
https://kraftboxpack.com/product/kraft-skincare-boxes/,https://kraftboxpack.com/product-category/Kraft-Cosmetic-Boxes/,Kraft Cosmetic Boxes,contextual
https://kraftboxpack.com/product/kraft-skincare-boxes/,https://kraftboxpack.com/,Custom Kraft Box Packaging,related-product
https://kraftboxpack.com/product/kraft-skincare-boxes/,https://kraftboxpack.com/product/kraft-makeup-palette-boxes/,Kraft Cosmetic Boxes,related-product
https://kraftboxpack.com/product/kraft-skincare-boxes/,https://kraftboxpack.com/product/kraft-makeup-palette-boxes/,Kraft Makeup Palette Boxes,related-product
https://kraftboxpack.com/product/kraft-skincare-boxes/,https://kraftboxpack.com/product/kraft-candle-sleeve-boxes/,Kraft Cosmetic Boxes,related-product
https://kraftboxpack.com/product/kraft-skincare-boxes/,https://kraftboxpack.com/product/kraft-candle-sleeve-boxes/,Kraft Candle Sleeve Boxes,product-grid
https://kraftboxpack.com/product/kraft-skincare-boxes/,https://kraftboxpack.com/product/kraft-lip-balm-packaging-boxes/,Kraft Cosmetic Boxes,product-grid
https://kraftboxpack.com/product/kraft-skincare-boxes/,https://kraftboxpack.com/product/kraft-lip-balm-packaging-boxes/,Kraft Lip Balm Packaging Boxes,product-grid
https://kraftboxpack.com/product/kraft-skincare-boxes/,https://kraftboxpack.com/product/kraft-beard-oil-boxes/,Kraft Cosmetic Boxes,product-grid
https://kraftboxpack.com/product/kraft-skincare-boxes/,https://kraftboxpack.com/product/kraft-beard-oil-boxes/,Kraft Beard Oil Boxes,product-grid
https://kraftboxpack.com/product/kraft-skincare-boxes/,https://kraftboxpack.com/cdn-cgi/l/email-protection,info@shopcardboardboxes,product-grid
https://kraftboxpack.com/product/kraft-skincare-boxes/,https://kraftboxpack.com/about-us/,About Us,footer
https://kraftboxpack.com/product/kraft-skincare-boxes/,https://kraftboxpack.com/contact-us/,Contact Us,footer
https://kraftboxpack.com/product/kraft-skincare-boxes/,https://kraftboxpack.com/privacy-policy/,Privacy Policy,footer
https://kraftboxpack.com/product/kraft-skincare-boxes/,https://kraftboxpack.com/refund_returns/,Refund and Returns Policy,footer
https://kraftboxpack.com/product/kraft-skincare-boxes/,https://kraftboxpack.com/terms-conditions/,Terms & Conditions,footer
https://kraftboxpack.com/product/kraft-snack-packaging-boxes/,https://kraftboxpack.com/cdn-cgi/l/email-protection,[email protected],navigation
https://kraftboxpack.com/product/kraft-snack-packaging-boxes/,https://kraftboxpack.com/cdn-cgi/l/email-protection,Email Us To Get 25% OFF,navigation
https://kraftboxpack.com/product/kraft-snack-packaging-boxes/,https://kraftboxpack.com,,navigation
https://kraftboxpack.com/product/kraft-snack-packaging-boxes/,https://kraftboxpack.com/,Home,navigation
https://kraftboxpack.com/product/kraft-snack-packaging-boxes/,https://kraftboxpack.com/product-category/colored-kraft-boxes/,Colored Kraft Boxes,navigation
https://kraftboxpack.com/product/kraft-snack-packaging-boxes/,https://kraftboxpack.com/product-category/kraft-gift-specialty-boxes/,Kraft Gift & Specialty Boxes,navigation
https://kraftboxpack.com/product/kraft-snack-packaging-boxes/,https://kraftboxpack.com/product-category/kraft-packaging-boxes/,Kraft Packaging Boxes,navigation
https://kraftboxpack.com/product/kraft-snack-packaging-boxes/,https://kraftboxpack.com/product-category/kraft-wrapping-accessories/,Kraft Wrapping & Accessories,navigation
https://kraftboxpack.com/product/kraft-snack-packaging-boxes/,https://kraftboxpack.com,Home,breadcrumb
https://kraftboxpack.com/product/kraft-snack-packaging-boxes/,https://kraftboxpack.com/products/,Products,breadcrumb
https://kraftboxpack.com/product/kraft-snack-packaging-boxes/,https://kraftboxpack.com/product-category/kraft-food-packaging/,Kraft Food Packaging,breadcrumb
https://kraftboxpack.com/product/kraft-snack-packaging-boxes/,https://kraftboxpack.com/product/kraft-snack-packaging-boxes/,Kraft Snack Packaging Boxes,contextual
https://kraftboxpack.com/product/kraft-snack-packaging-boxes/,https://kraftboxpack.com?add-to-cart=3260&quantity=1&e-redirect=https://kraftboxpack.com/cart/,Buy Now,contextual
https://kraftboxpack.com/product/kraft-snack-packaging-boxes/,https://kraftboxpack.com/product/kraft-granola-bar-boxes/,Kraft Granola Bar Boxes,contextual
https://kraftboxpack.com/product/kraft-snack-packaging-boxes/,https://kraftboxpack.com/,Kraft Box Pack,contextual
https://kraftboxpack.com/product/kraft-snack-packaging-boxes/,https://kraftboxpack.com/product/kraft-egg-cartons/,Kraft Food Packaging,related-product
https://kraftboxpack.com/product/kraft-snack-packaging-boxes/,https://kraftboxpack.com/product/kraft-egg-cartons/,Kraft Egg Cartons,related-product
https://kraftboxpack.com/product/kraft-snack-packaging-boxes/,https://kraftboxpack.com/product/kraft-macaron-packaging-boxes/,Kraft Food Packaging,related-product
https://kraftboxpack.com/product/kraft-snack-packaging-boxes/,https://kraftboxpack.com/product/kraft-macaron-packaging-boxes/,Kraft Macaron Packaging Boxes,product-grid
https://kraftboxpack.com/product/kraft-snack-packaging-boxes/,https://kraftboxpack.com/product/kraft-seafood-boxes/,Kraft Food Packaging,product-grid
https://kraftboxpack.com/product/kraft-snack-packaging-boxes/,https://kraftboxpack.com/product/kraft-seafood-boxes/,Kraft Seafood Boxes,product-grid
https://kraftboxpack.com/product/kraft-snack-packaging-boxes/,https://kraftboxpack.com/product/kraft-juice-bottle-carriers/,Kraft Food Packaging,product-grid
https://kraftboxpack.com/product/kraft-snack-packaging-boxes/,https://kraftboxpack.com/product/kraft-juice-bottle-carriers/,Kraft Juice Bottle Carriers,product-grid
https://kraftboxpack.com/product/kraft-snack-packaging-boxes/,https://kraftboxpack.com/cdn-cgi/l/email-protection,info@shopcardboardboxes,product-grid
https://kraftboxpack.com/product/kraft-snack-packaging-boxes/,https://kraftboxpack.com/about-us/,About Us,footer
https://kraftboxpack.com/product/kraft-snack-packaging-boxes/,https://kraftboxpack.com/contact-us/,Contact Us,footer
https://kraftboxpack.com/product/kraft-snack-packaging-boxes/,https://kraftboxpack.com/privacy-policy/,Privacy Policy,footer
https://kraftboxpack.com/product/kraft-snack-packaging-boxes/,https://kraftboxpack.com/refund_returns/,Refund and Returns Policy,footer
https://kraftboxpack.com/product/kraft-snack-packaging-boxes/,https://kraftboxpack.com/terms-conditions/,Terms & Conditions,footer
https://kraftboxpack.com/product/kraft-soap-sleeve-boxes/,https://kraftboxpack.com/cdn-cgi/l/email-protection,[email protected],navigation
https://kraftboxpack.com/product/kraft-soap-sleeve-boxes/,https://kraftboxpack.com/cdn-cgi/l/email-protection,Email Us To Get 25% OFF,navigation
https://kraftboxpack.com/product/kraft-soap-sleeve-boxes/,https://kraftboxpack.com,,navigation
https://kraftboxpack.com/product/kraft-soap-sleeve-boxes/,https://kraftboxpack.com/,Home,navigation
https://kraftboxpack.com/product/kraft-soap-sleeve-boxes/,https://kraftboxpack.com/product-category/colored-kraft-boxes/,Colored Kraft Boxes,navigation
https://kraftboxpack.com/product/kraft-soap-sleeve-boxes/,https://kraftboxpack.com/product-category/kraft-gift-specialty-boxes/,Kraft Gift & Specialty Boxes,navigation
https://kraftboxpack.com/product/kraft-soap-sleeve-boxes/,https://kraftboxpack.com/product-category/kraft-packaging-boxes/,Kraft Packaging Boxes,navigation
https://kraftboxpack.com/product/kraft-soap-sleeve-boxes/,https://kraftboxpack.com/product-category/kraft-wrapping-accessories/,Kraft Wrapping & Accessories,navigation
https://kraftboxpack.com/product/kraft-soap-sleeve-boxes/,https://kraftboxpack.com,Home,breadcrumb
https://kraftboxpack.com/product/kraft-soap-sleeve-boxes/,https://kraftboxpack.com/products/,Products,breadcrumb
https://kraftboxpack.com/product/kraft-soap-sleeve-boxes/,https://kraftboxpack.com/product-category/kraft-packaging-boxes/karft-cosmetic-boxes/,Kraft Cosmetic Boxes,contextual
https://kraftboxpack.com/product/kraft-soap-sleeve-boxes/,https://kraftboxpack.com/product/kraft-soap-sleeve-boxes/,Kraft Soap Sleeve Boxes,contextual
https://kraftboxpack.com/product/kraft-soap-sleeve-boxes/,https://kraftboxpack.com?add-to-cart=3171&quantity=1&e-redirect=https://kraftboxpack.com/cart/,Buy Now,contextual
https://kraftboxpack.com/product/kraft-soap-sleeve-boxes/,https://kraftboxpack.com/product/Kraft-Diffuser-Boxes/,Kraft Diffuser Boxes,contextual
https://kraftboxpack.com/product/kraft-soap-sleeve-boxes/,https://kraftboxpack.com/product-category/Karft-Cosmetic-Boxes/,Kraft Cosmetic Boxes,contextual
https://kraftboxpack.com/product/kraft-soap-sleeve-boxes/,https://kraftboxpack.com/,Kraft Box Pack Wholesale,related-product
https://kraftboxpack.com/product/kraft-soap-sleeve-boxes/,https://kraftboxpack.com/product/kraft-perfume-boxes/,Kraft Cosmetic Boxes,related-product
https://kraftboxpack.com/product/kraft-soap-sleeve-boxes/,https://kraftboxpack.com/product/kraft-perfume-boxes/,Kraft Perfume Boxes,related-product
https://kraftboxpack.com/product/kraft-soap-sleeve-boxes/,https://kraftboxpack.com/product/kraft-makeup-palette-boxes/,Kraft Cosmetic Boxes,related-product
https://kraftboxpack.com/product/kraft-soap-sleeve-boxes/,https://kraftboxpack.com/product/kraft-makeup-palette-boxes/,Kraft Makeup Palette Boxes,product-grid
https://kraftboxpack.com/product/kraft-soap-sleeve-boxes/,https://kraftboxpack.com/product/kraft-candle-sleeve-boxes/,Kraft Cosmetic Boxes,product-grid
https://kraftboxpack.com/product/kraft-soap-sleeve-boxes/,https://kraftboxpack.com/product/kraft-candle-sleeve-boxes/,Kraft Candle Sleeve Boxes,product-grid
https://kraftboxpack.com/product/kraft-soap-sleeve-boxes/,https://kraftboxpack.com/product/kraft-lip-balm-packaging-boxes/,Kraft Cosmetic Boxes,product-grid
https://kraftboxpack.com/product/kraft-soap-sleeve-boxes/,https://kraftboxpack.com/product/kraft-lip-balm-packaging-boxes/,Kraft Lip Balm Packaging Boxes,product-grid
https://kraftboxpack.com/product/kraft-soap-sleeve-boxes/,https://kraftboxpack.com/cdn-cgi/l/email-protection,info@shopcardboardboxes,product-grid
https://kraftboxpack.com/product/kraft-soap-sleeve-boxes/,https://kraftboxpack.com/about-us/,About Us,footer
https://kraftboxpack.com/product/kraft-soap-sleeve-boxes/,https://kraftboxpack.com/contact-us/,Contact Us,footer
https://kraftboxpack.com/product/kraft-soap-sleeve-boxes/,https://kraftboxpack.com/privacy-policy/,Privacy Policy,footer
https://kraftboxpack.com/product/kraft-soap-sleeve-boxes/,https://kraftboxpack.com/refund_returns/,Refund and Returns Policy,footer
https://kraftboxpack.com/product/kraft-soap-sleeve-boxes/,https://kraftboxpack.com/terms-conditions/,Terms & Conditions,footer
https://kraftboxpack.com/product/kraft-sock-packaging-boxes/,https://kraftboxpack.com/cdn-cgi/l/email-protection,[email protected],navigation
https://kraftboxpack.com/product/kraft-sock-packaging-boxes/,https://kraftboxpack.com/cdn-cgi/l/email-protection,Email Us To Get 25% OFF,navigation
https://kraftboxpack.com/product/kraft-sock-packaging-boxes/,https://kraftboxpack.com,,navigation
https://kraftboxpack.com/product/kraft-sock-packaging-boxes/,https://kraftboxpack.com/,Home,navigation
https://kraftboxpack.com/product/kraft-sock-packaging-boxes/,https://kraftboxpack.com/product-category/colored-kraft-boxes/,Colored Kraft Boxes,navigation
https://kraftboxpack.com/product/kraft-sock-packaging-boxes/,https://kraftboxpack.com/product-category/kraft-gift-specialty-boxes/,Kraft Gift & Specialty Boxes,navigation
https://kraftboxpack.com/product/kraft-sock-packaging-boxes/,https://kraftboxpack.com/product-category/kraft-packaging-boxes/,Kraft Packaging Boxes,navigation
https://kraftboxpack.com/product/kraft-sock-packaging-boxes/,https://kraftboxpack.com/product-category/kraft-wrapping-accessories/,Kraft Wrapping & Accessories,navigation
https://kraftboxpack.com/product/kraft-sock-packaging-boxes/,https://kraftboxpack.com,Home,breadcrumb
https://kraftboxpack.com/product/kraft-sock-packaging-boxes/,https://kraftboxpack.com/products/,Products,breadcrumb
https://kraftboxpack.com/product/kraft-sock-packaging-boxes/,https://kraftboxpack.com/product-category/kraft-apparel-boxes/,Kraft Apparel Boxes,breadcrumb
https://kraftboxpack.com/product/kraft-sock-packaging-boxes/,https://kraftboxpack.com/product/kraft-sock-packaging-boxes/,Kraft Sock Packaging Boxes,contextual
https://kraftboxpack.com/product/kraft-sock-packaging-boxes/,https://kraftboxpack.com?add-to-cart=3298&quantity=1&e-redirect=https://kraftboxpack.com/cart/,Buy Now,contextual
https://kraftboxpack.com/product/kraft-sock-packaging-boxes/,https://kraftboxpack.com/product/kraft-belt-packaging-boxes/,Kraft Belt Packaging Boxes,contextual
https://kraftboxpack.com/product/kraft-sock-packaging-boxes/,https://kraftboxpack.com/product-category/Kraft-Apparel-Boxes/,Kraft Apparel Boxes,contextual
https://kraftboxpack.com/product/kraft-sock-packaging-boxes/,https://kraftboxpack.com/,Kraft Box Packaging,contextual
https://kraftboxpack.com/product/kraft-sock-packaging-boxes/,https://kraftboxpack.com/product/kraft-apparel-packaging-boxes/,Kraft Apparel Boxes,related-product
https://kraftboxpack.com/product/kraft-sock-packaging-boxes/,https://kraftboxpack.com/product/kraft-apparel-packaging-boxes/,Kraft Apparel Packaging Boxes,related-product
https://kraftboxpack.com/product/kraft-sock-packaging-boxes/,https://kraftboxpack.com/product/kraft-t-shirt-boxes/,Kraft Apparel Boxes,related-product
https://kraftboxpack.com/product/kraft-sock-packaging-boxes/,https://kraftboxpack.com/product/kraft-t-shirt-boxes/,Kraft T Shirt Boxes,product-grid
https://kraftboxpack.com/product/kraft-sock-packaging-boxes/,https://kraftboxpack.com/product/kraft-scarf-boxes/,Kraft Apparel Boxes,product-grid
https://kraftboxpack.com/product/kraft-sock-packaging-boxes/,https://kraftboxpack.com/product/kraft-scarf-boxes/,Kraft Scarf Boxes,product-grid
https://kraftboxpack.com/product/kraft-sock-packaging-boxes/,https://kraftboxpack.com/product/kraft-underwear-packaging-boxes/,Kraft Apparel Boxes,product-grid
https://kraftboxpack.com/product/kraft-sock-packaging-boxes/,https://kraftboxpack.com/product/kraft-underwear-packaging-boxes/,Kraft Underwear Packaging Boxes,product-grid
https://kraftboxpack.com/product/kraft-sock-packaging-boxes/,https://kraftboxpack.com/cdn-cgi/l/email-protection,info@shopcardboardboxes,product-grid
https://kraftboxpack.com/product/kraft-sock-packaging-boxes/,https://kraftboxpack.com/about-us/,About Us,footer
https://kraftboxpack.com/product/kraft-sock-packaging-boxes/,https://kraftboxpack.com/contact-us/,Contact Us,footer
https://kraftboxpack.com/product/kraft-sock-packaging-boxes/,https://kraftboxpack.com/privacy-policy/,Privacy Policy,footer
https://kraftboxpack.com/product/kraft-sock-packaging-boxes/,https://kraftboxpack.com/refund_returns/,Refund and Returns Policy,footer
https://kraftboxpack.com/product/kraft-sock-packaging-boxes/,https://kraftboxpack.com/terms-conditions/,Terms & Conditions,footer
https://kraftboxpack.com/product/kraft-square-gift-boxes/,https://kraftboxpack.com/cdn-cgi/l/email-protection,[email protected],navigation
https://kraftboxpack.com/product/kraft-square-gift-boxes/,https://kraftboxpack.com/cdn-cgi/l/email-protection,Email Us To Get 25% OFF,navigation
https://kraftboxpack.com/product/kraft-square-gift-boxes/,https://kraftboxpack.com,,navigation
https://kraftboxpack.com/product/kraft-square-gift-boxes/,https://kraftboxpack.com/,Home,navigation
https://kraftboxpack.com/product/kraft-square-gift-boxes/,https://kraftboxpack.com/product-category/colored-kraft-boxes/,Colored Kraft Boxes,navigation
https://kraftboxpack.com/product/kraft-square-gift-boxes/,https://kraftboxpack.com/product-category/kraft-gift-specialty-boxes/,Kraft Gift & Specialty Boxes,navigation
https://kraftboxpack.com/product/kraft-square-gift-boxes/,https://kraftboxpack.com/product-category/kraft-packaging-boxes/,Kraft Packaging Boxes,navigation
https://kraftboxpack.com/product/kraft-square-gift-boxes/,https://kraftboxpack.com/product-category/kraft-wrapping-accessories/,Kraft Wrapping & Accessories,navigation
https://kraftboxpack.com/product/kraft-square-gift-boxes/,https://kraftboxpack.com,Home,breadcrumb
https://kraftboxpack.com/product/kraft-square-gift-boxes/,https://kraftboxpack.com/products/,Products,breadcrumb
https://kraftboxpack.com/product/kraft-square-gift-boxes/,https://kraftboxpack.com/product-category/kraft-gift-specialty-boxes/custom-gift-boxes/,Custom Gift Boxes,contextual
https://kraftboxpack.com/product/kraft-square-gift-boxes/,https://kraftboxpack.com/product/kraft-square-gift-boxes/,Kraft Square Gift Boxes,contextual
https://kraftboxpack.com/product/kraft-square-gift-boxes/,https://kraftboxpack.com?add-to-cart=3130&quantity=1&e-redirect=https://kraftboxpack.com/cart/,Buy Now,contextual
https://kraftboxpack.com/product/kraft-square-gift-boxes/,https://kraftboxpack.com/product/kraft-pillow-gift-boxes/,Kraft Pillow Gift Boxes,contextual
https://kraftboxpack.com/product/kraft-square-gift-boxes/,https://kraftboxpack.com/,kraft Box Pack,contextual
https://kraftboxpack.com/product/kraft-square-gift-boxes/,https://kraftboxpack.com/product/kraft-flip-top-rigid-boxes/,Custom Gift Boxes,related-product
https://kraftboxpack.com/product/kraft-square-gift-boxes/,https://kraftboxpack.com/product/kraft-flip-top-rigid-boxes/,Kraft Flip Top Rigid Boxes,related-product
https://kraftboxpack.com/product/kraft-square-gift-boxes/,https://kraftboxpack.com/product/kraft-influencer-boxes/,Custom Gift Boxes,related-product
https://kraftboxpack.com/product/kraft-square-gift-boxes/,https://kraftboxpack.com/product/kraft-influencer-boxes/,Kraft Influencer Boxes,product-grid
https://kraftboxpack.com/product/kraft-square-gift-boxes/,https://kraftboxpack.com/product/kraft-rectangular-gift-boxes/,Custom Gift Boxes,product-grid
https://kraftboxpack.com/product/kraft-square-gift-boxes/,https://kraftboxpack.com/product/kraft-rectangular-gift-boxes/,Kraft Rectangular Gift Boxes,product-grid
https://kraftboxpack.com/product/kraft-square-gift-boxes/,https://kraftboxpack.com/product/kraft-promotional-boxes/,Custom Gift Boxes,product-grid
https://kraftboxpack.com/product/kraft-square-gift-boxes/,https://kraftboxpack.com/product/kraft-promotional-boxes/,Kraft Promotional Boxes,product-grid
https://kraftboxpack.com/product/kraft-square-gift-boxes/,https://kraftboxpack.com/cdn-cgi/l/email-protection,info@shopcardboardboxes,product-grid
https://kraftboxpack.com/product/kraft-square-gift-boxes/,https://kraftboxpack.com/about-us/,About Us,footer
https://kraftboxpack.com/product/kraft-square-gift-boxes/,https://kraftboxpack.com/contact-us/,Contact Us,footer
https://kraftboxpack.com/product/kraft-square-gift-boxes/,https://kraftboxpack.com/privacy-policy/,Privacy Policy,footer
https://kraftboxpack.com/product/kraft-square-gift-boxes/,https://kraftboxpack.com/refund_returns/,Refund and Returns Policy,footer
https://kraftboxpack.com/product/kraft-square-gift-boxes/,https://kraftboxpack.com/terms-conditions/,Terms & Conditions,footer
https://kraftboxpack.com/product/kraft-stationery-boxes/,https://kraftboxpack.com/cdn-cgi/l/email-protection,[email protected],navigation
https://kraftboxpack.com/product/kraft-stationery-boxes/,https://kraftboxpack.com/cdn-cgi/l/email-protection,Email Us To Get 25% OFF,navigation
https://kraftboxpack.com/product/kraft-stationery-boxes/,https://kraftboxpack.com,,navigation
https://kraftboxpack.com/product/kraft-stationery-boxes/,https://kraftboxpack.com/,Home,navigation
https://kraftboxpack.com/product/kraft-stationery-boxes/,https://kraftboxpack.com/product-category/colored-kraft-boxes/,Colored Kraft Boxes,navigation
https://kraftboxpack.com/product/kraft-stationery-boxes/,https://kraftboxpack.com/product-category/kraft-gift-specialty-boxes/,Kraft Gift & Specialty Boxes,navigation
https://kraftboxpack.com/product/kraft-stationery-boxes/,https://kraftboxpack.com/product-category/kraft-packaging-boxes/,Kraft Packaging Boxes,navigation
https://kraftboxpack.com/product/kraft-stationery-boxes/,https://kraftboxpack.com/product-category/kraft-wrapping-accessories/,Kraft Wrapping & Accessories,navigation
https://kraftboxpack.com/product/kraft-stationery-boxes/,https://kraftboxpack.com,Home,breadcrumb
https://kraftboxpack.com/product/kraft-stationery-boxes/,https://kraftboxpack.com/products/,Products,breadcrumb
https://kraftboxpack.com/product/kraft-stationery-boxes/,https://kraftboxpack.com/product-category/kraft-electronics-boxes/,Kraft Electronics Boxes,breadcrumb
https://kraftboxpack.com/product/kraft-stationery-boxes/,https://kraftboxpack.com/product/kraft-stationery-boxes/,Kraft Stationery Boxes,contextual
https://kraftboxpack.com/product/kraft-stationery-boxes/,https://kraftboxpack.com?add-to-cart=3309&quantity=1&e-redirect=https://kraftboxpack.com/cart/,Buy Now,contextual
https://kraftboxpack.com/product/kraft-stationery-boxes/,https://kraftboxpack.com/product/kraft-pen-packaging-boxes/,Kraft Pen Packaging Boxes,contextual
https://kraftboxpack.com/product/kraft-stationery-boxes/,https://kraftboxpack.com/product-category/Kraft-Electronics-Boxes/,Kraft Electronics Boxes,contextual
https://kraftboxpack.com/product/kraft-stationery-boxes/,https://kraftboxpack.com/,Custom Kraft Packaging,contextual
https://kraftboxpack.com/product/kraft-stationery-boxes/,https://kraftboxpack.com/product/kraft-badge-packaging-boxes/,Kraft Electronics Boxes,related-product
https://kraftboxpack.com/product/kraft-stationery-boxes/,https://kraftboxpack.com/product/kraft-badge-packaging-boxes/,Kraft Badge Packaging Boxes,related-product
https://kraftboxpack.com/product/kraft-stationery-boxes/,https://kraftboxpack.com/product/kraft-keychain-packaging-boxes/,Kraft Electronics Boxes,related-product
https://kraftboxpack.com/product/kraft-stationery-boxes/,https://kraftboxpack.com/product/kraft-keychain-packaging-boxes/,Kraft Keychain Packaging Boxes,product-grid
https://kraftboxpack.com/product/kraft-stationery-boxes/,https://kraftboxpack.com/product/kraft-pen-packaging-boxes/,Kraft Electronics Boxes,product-grid
https://kraftboxpack.com/product/kraft-stationery-boxes/,https://kraftboxpack.com/product/kraft-pencil-packaging-boxes/,Kraft Electronics Boxes,product-grid
https://kraftboxpack.com/product/kraft-stationery-boxes/,https://kraftboxpack.com/product/kraft-pencil-packaging-boxes/,Kraft Pencil Packaging Boxes,product-grid
https://kraftboxpack.com/product/kraft-stationery-boxes/,https://kraftboxpack.com/cdn-cgi/l/email-protection,info@shopcardboardboxes,product-grid
https://kraftboxpack.com/product/kraft-stationery-boxes/,https://kraftboxpack.com/about-us/,About Us,footer
https://kraftboxpack.com/product/kraft-stationery-boxes/,https://kraftboxpack.com/contact-us/,Contact Us,footer
https://kraftboxpack.com/product/kraft-stationery-boxes/,https://kraftboxpack.com/privacy-policy/,Privacy Policy,footer
https://kraftboxpack.com/product/kraft-stationery-boxes/,https://kraftboxpack.com/refund_returns/,Refund and Returns Policy,footer
https://kraftboxpack.com/product/kraft-stationery-boxes/,https://kraftboxpack.com/terms-conditions/,Terms & Conditions,footer
https://kraftboxpack.com/product/kraft-storage-boxes/,https://kraftboxpack.com/cdn-cgi/l/email-protection,[email protected],navigation
https://kraftboxpack.com/product/kraft-storage-boxes/,https://kraftboxpack.com/cdn-cgi/l/email-protection,Email Us To Get 25% OFF,navigation
https://kraftboxpack.com/product/kraft-storage-boxes/,https://kraftboxpack.com,,navigation
https://kraftboxpack.com/product/kraft-storage-boxes/,https://kraftboxpack.com/,Home,navigation
https://kraftboxpack.com/product/kraft-storage-boxes/,https://kraftboxpack.com/product-category/colored-kraft-boxes/,Colored Kraft Boxes,navigation
https://kraftboxpack.com/product/kraft-storage-boxes/,https://kraftboxpack.com/product-category/kraft-gift-specialty-boxes/,Kraft Gift & Specialty Boxes,navigation
https://kraftboxpack.com/product/kraft-storage-boxes/,https://kraftboxpack.com/product-category/kraft-packaging-boxes/,Kraft Packaging Boxes,navigation
https://kraftboxpack.com/product/kraft-storage-boxes/,https://kraftboxpack.com/product-category/kraft-wrapping-accessories/,Kraft Wrapping & Accessories,navigation
https://kraftboxpack.com/product/kraft-storage-boxes/,https://kraftboxpack.com,Home,breadcrumb
https://kraftboxpack.com/product/kraft-storage-boxes/,https://kraftboxpack.com/products/,Products,breadcrumb
https://kraftboxpack.com/product/kraft-storage-boxes/,https://kraftboxpack.com/product/kraft-storage-boxes/,Kraft Storage Boxes,contextual
https://kraftboxpack.com/product/kraft-storage-boxes/,https://kraftboxpack.com?add-to-cart=2608&quantity=1&e-redirect=https://kraftboxpack.com/cart/,Buy Now,contextual
https://kraftboxpack.com/product/kraft-storage-boxes/,https://kraftboxpack.com/,Kraft Box Pack,contextual
https://kraftboxpack.com/product/kraft-storage-boxes/,https://kraftboxpack.com/product/kraft-corrugated-boxes/,Kraft Corrugated Boxes,contextual
https://kraftboxpack.com/product/kraft-storage-boxes/,https://kraftboxpack.com/product/kraft-food-boxes/,Kraft Packaging Boxes,related-product
https://kraftboxpack.com/product/kraft-storage-boxes/,https://kraftboxpack.com/product/kraft-food-boxes/,Kraft Food Boxes,related-product
https://kraftboxpack.com/product/kraft-storage-boxes/,https://kraftboxpack.com/product/kraft-cake-boxes/,Kraft Packaging Boxes,related-product
https://kraftboxpack.com/product/kraft-storage-boxes/,https://kraftboxpack.com/product/kraft-cake-boxes/,Kraft Cake Boxes,product-grid
https://kraftboxpack.com/product/kraft-storage-boxes/,https://kraftboxpack.com/product/kraft-shoe-boxes/,Kraft Packaging Boxes,product-grid
https://kraftboxpack.com/product/kraft-storage-boxes/,https://kraftboxpack.com/product/kraft-shoe-boxes/,Kraft Shoe Boxes,product-grid
https://kraftboxpack.com/product/kraft-storage-boxes/,https://kraftboxpack.com/product/kraft-paperboard-boxes/,Kraft Packaging Boxes,product-grid
https://kraftboxpack.com/product/kraft-storage-boxes/,https://kraftboxpack.com/product/kraft-paperboard-boxes/,Kraft Paperboard Boxes,product-grid
https://kraftboxpack.com/product/kraft-storage-boxes/,https://kraftboxpack.com/cdn-cgi/l/email-protection,info@shopcardboardboxes,product-grid
https://kraftboxpack.com/product/kraft-storage-boxes/,https://kraftboxpack.com/about-us/,About Us,footer
https://kraftboxpack.com/product/kraft-storage-boxes/,https://kraftboxpack.com/contact-us/,Contact Us,footer
https://kraftboxpack.com/product/kraft-storage-boxes/,https://kraftboxpack.com/privacy-policy/,Privacy Policy,footer
https://kraftboxpack.com/product/kraft-storage-boxes/,https://kraftboxpack.com/refund_returns/,Refund and Returns Policy,footer
https://kraftboxpack.com/product/kraft-storage-boxes/,https://kraftboxpack.com/terms-conditions/,Terms & Conditions,footer
https://kraftboxpack.com/product/kraft-subscription-boxes/,https://kraftboxpack.com/cdn-cgi/l/email-protection,[email protected],navigation
https://kraftboxpack.com/product/kraft-subscription-boxes/,https://kraftboxpack.com/cdn-cgi/l/email-protection,Email Us To Get 25% OFF,navigation
https://kraftboxpack.com/product/kraft-subscription-boxes/,https://kraftboxpack.com,,navigation
https://kraftboxpack.com/product/kraft-subscription-boxes/,https://kraftboxpack.com/,Home,navigation
https://kraftboxpack.com/product/kraft-subscription-boxes/,https://kraftboxpack.com/product-category/colored-kraft-boxes/,Colored Kraft Boxes,navigation
https://kraftboxpack.com/product/kraft-subscription-boxes/,https://kraftboxpack.com/product-category/kraft-gift-specialty-boxes/,Kraft Gift & Specialty Boxes,navigation
https://kraftboxpack.com/product/kraft-subscription-boxes/,https://kraftboxpack.com/product-category/kraft-packaging-boxes/,Kraft Packaging Boxes,navigation
https://kraftboxpack.com/product/kraft-subscription-boxes/,https://kraftboxpack.com/product-category/kraft-wrapping-accessories/,Kraft Wrapping & Accessories,navigation
https://kraftboxpack.com/product/kraft-subscription-boxes/,https://kraftboxpack.com,Home,breadcrumb
https://kraftboxpack.com/product/kraft-subscription-boxes/,https://kraftboxpack.com/products/,Products,breadcrumb
https://kraftboxpack.com/product/kraft-subscription-boxes/,https://kraftboxpack.com/product-category/kraft-gift-specialty-boxes/custom-gift-boxes/,Custom Gift Boxes,contextual
https://kraftboxpack.com/product/kraft-subscription-boxes/,https://kraftboxpack.com/product/kraft-subscription-boxes/,Kraft Subscription Boxes,contextual
https://kraftboxpack.com/product/kraft-subscription-boxes/,https://kraftboxpack.com?add-to-cart=3144&quantity=1&e-redirect=https://kraftboxpack.com/cart/,Buy Now,contextual
https://kraftboxpack.com/product/kraft-subscription-boxes/,https://kraftboxpack.com/product/kraft-bouquet-boxes/,Kraft Bouquet Boxes,contextual
https://kraftboxpack.com/product/kraft-subscription-boxes/,https://kraftboxpack.com/product-category/Custom-Gift-Boxes/,Custom Gift Boxes,contextual
https://kraftboxpack.com/product/kraft-subscription-boxes/,https://kraftboxpack.com/,Custom Kraft Boxes,contextual
https://kraftboxpack.com/product/kraft-subscription-boxes/,https://kraftboxpack.com/product/kraft-liquor-gift-boxes/,Custom Gift Boxes,related-product
https://kraftboxpack.com/product/kraft-subscription-boxes/,https://kraftboxpack.com/product/kraft-liquor-gift-boxes/,Kraft Liquor Gift Boxes,related-product
https://kraftboxpack.com/product/kraft-subscription-boxes/,https://kraftboxpack.com/product/kraft-ribbon-closure-boxes/,Custom Gift Boxes,related-product
https://kraftboxpack.com/product/kraft-subscription-boxes/,https://kraftboxpack.com/product/kraft-ribbon-closure-boxes/,Kraft Ribbon Closure Boxes,product-grid
https://kraftboxpack.com/product/kraft-subscription-boxes/,https://kraftboxpack.com/product/kraft-rectangular-gift-boxes/,Custom Gift Boxes,product-grid
https://kraftboxpack.com/product/kraft-subscription-boxes/,https://kraftboxpack.com/product/kraft-rectangular-gift-boxes/,Kraft Rectangular Gift Boxes,product-grid
https://kraftboxpack.com/product/kraft-subscription-boxes/,https://kraftboxpack.com/product/kraft-promotional-boxes/,Custom Gift Boxes,product-grid
https://kraftboxpack.com/product/kraft-subscription-boxes/,https://kraftboxpack.com/product/kraft-promotional-boxes/,Kraft Promotional Boxes,product-grid
https://kraftboxpack.com/product/kraft-subscription-boxes/,https://kraftboxpack.com/cdn-cgi/l/email-protection,info@shopcardboardboxes,product-grid
https://kraftboxpack.com/product/kraft-subscription-boxes/,https://kraftboxpack.com/about-us/,About Us,footer
https://kraftboxpack.com/product/kraft-subscription-boxes/,https://kraftboxpack.com/contact-us/,Contact Us,footer
https://kraftboxpack.com/product/kraft-subscription-boxes/,https://kraftboxpack.com/privacy-policy/,Privacy Policy,footer
https://kraftboxpack.com/product/kraft-subscription-boxes/,https://kraftboxpack.com/refund_returns/,Refund and Returns Policy,footer
https://kraftboxpack.com/product/kraft-subscription-boxes/,https://kraftboxpack.com/terms-conditions/,Terms & Conditions,footer
https://kraftboxpack.com/product/kraft-supplement-boxes/,https://kraftboxpack.com/cdn-cgi/l/email-protection,[email protected],navigation
https://kraftboxpack.com/product/kraft-supplement-boxes/,https://kraftboxpack.com/cdn-cgi/l/email-protection,Email Us To Get 25% OFF,navigation
https://kraftboxpack.com/product/kraft-supplement-boxes/,https://kraftboxpack.com,,navigation
https://kraftboxpack.com/product/kraft-supplement-boxes/,https://kraftboxpack.com/,Home,navigation
https://kraftboxpack.com/product/kraft-supplement-boxes/,https://kraftboxpack.com/product-category/colored-kraft-boxes/,Colored Kraft Boxes,navigation
https://kraftboxpack.com/product/kraft-supplement-boxes/,https://kraftboxpack.com/product-category/kraft-gift-specialty-boxes/,Kraft Gift & Specialty Boxes,navigation
https://kraftboxpack.com/product/kraft-supplement-boxes/,https://kraftboxpack.com/product-category/kraft-packaging-boxes/,Kraft Packaging Boxes,navigation
https://kraftboxpack.com/product/kraft-supplement-boxes/,https://kraftboxpack.com/product-category/kraft-wrapping-accessories/,Kraft Wrapping & Accessories,navigation
https://kraftboxpack.com/product/kraft-supplement-boxes/,https://kraftboxpack.com,Home,breadcrumb
https://kraftboxpack.com/product/kraft-supplement-boxes/,https://kraftboxpack.com/products/,Products,breadcrumb
https://kraftboxpack.com/product/kraft-supplement-boxes/,https://kraftboxpack.com/product-category/kraft-pharma-boxes/,Kraft Pharma boxes,breadcrumb
https://kraftboxpack.com/product/kraft-supplement-boxes/,https://kraftboxpack.com/product/kraft-supplement-boxes/,Kraft Supplement Boxes,contextual
https://kraftboxpack.com/product/kraft-supplement-boxes/,https://kraftboxpack.com?add-to-cart=3250&quantity=1&e-redirect=https://kraftboxpack.com/cart/,Buy Now,contextual
https://kraftboxpack.com/product/kraft-supplement-boxes/,https://kraftboxpack.com/product/kraft-vitamin-packaging-boxes/,Kraft Vitamin Packaging Boxes,contextual
https://kraftboxpack.com/product/kraft-supplement-boxes/,https://kraftboxpack.com/product-category/kraft-pharma-Boxes/,Kraft Pharma boxes,contextual
https://kraftboxpack.com/product/kraft-supplement-boxes/,https://kraftboxpack.com/,Kraft Box Pack,contextual
https://kraftboxpack.com/product/kraft-supplement-boxes/,https://kraftboxpack.com/product/kraft-first-aid-kit-boxes/,Kraft Pharma boxes,related-product
https://kraftboxpack.com/product/kraft-supplement-boxes/,https://kraftboxpack.com/product/kraft-first-aid-kit-boxes/,Kraft First Aid Kit Boxes,related-product
https://kraftboxpack.com/product/kraft-supplement-boxes/,https://kraftboxpack.com/product/kraft-medicine-packaging-boxes/,Kraft Pharma boxes,related-product
https://kraftboxpack.com/product/kraft-supplement-boxes/,https://kraftboxpack.com/product/kraft-medicine-packaging-boxes/,Kraft Medicine Packaging Boxes,product-grid
https://kraftboxpack.com/product/kraft-supplement-boxes/,https://kraftboxpack.com/product/kraft-vitamin-packaging-boxes/,Kraft Pharma boxes,product-grid
https://kraftboxpack.com/product/kraft-supplement-boxes/,https://kraftboxpack.com/product/kraft-ppe-packaging-boxes/,Kraft Pharma boxes,product-grid
https://kraftboxpack.com/product/kraft-supplement-boxes/,https://kraftboxpack.com/product/kraft-ppe-packaging-boxes/,Kraft PPE Packaging Boxes,product-grid
https://kraftboxpack.com/product/kraft-supplement-boxes/,https://kraftboxpack.com/cdn-cgi/l/email-protection,info@shopcardboardboxes,product-grid
https://kraftboxpack.com/product/kraft-supplement-boxes/,https://kraftboxpack.com/about-us/,About Us,footer
https://kraftboxpack.com/product/kraft-supplement-boxes/,https://kraftboxpack.com/contact-us/,Contact Us,footer
https://kraftboxpack.com/product/kraft-supplement-boxes/,https://kraftboxpack.com/privacy-policy/,Privacy Policy,footer
https://kraftboxpack.com/product/kraft-supplement-boxes/,https://kraftboxpack.com/refund_returns/,Refund and Returns Policy,footer
https://kraftboxpack.com/product/kraft-supplement-boxes/,https://kraftboxpack.com/terms-conditions/,Terms & Conditions,footer
https://kraftboxpack.com/product/kraft-sushi-packaging-boxes/,https://kraftboxpack.com/cdn-cgi/l/email-protection,[email protected],navigation
https://kraftboxpack.com/product/kraft-sushi-packaging-boxes/,https://kraftboxpack.com/cdn-cgi/l/email-protection,Email Us To Get 25% OFF,navigation
https://kraftboxpack.com/product/kraft-sushi-packaging-boxes/,https://kraftboxpack.com,,navigation
https://kraftboxpack.com/product/kraft-sushi-packaging-boxes/,https://kraftboxpack.com/,Home,navigation
https://kraftboxpack.com/product/kraft-sushi-packaging-boxes/,https://kraftboxpack.com/product-category/colored-kraft-boxes/,Colored Kraft Boxes,navigation
https://kraftboxpack.com/product/kraft-sushi-packaging-boxes/,https://kraftboxpack.com/product-category/kraft-gift-specialty-boxes/,Kraft Gift & Specialty Boxes,navigation
https://kraftboxpack.com/product/kraft-sushi-packaging-boxes/,https://kraftboxpack.com/product-category/kraft-packaging-boxes/,Kraft Packaging Boxes,navigation
https://kraftboxpack.com/product/kraft-sushi-packaging-boxes/,https://kraftboxpack.com/product-category/kraft-wrapping-accessories/,Kraft Wrapping & Accessories,navigation
https://kraftboxpack.com/product/kraft-sushi-packaging-boxes/,https://kraftboxpack.com,Home,breadcrumb
https://kraftboxpack.com/product/kraft-sushi-packaging-boxes/,https://kraftboxpack.com/products/,Products,breadcrumb
https://kraftboxpack.com/product/kraft-sushi-packaging-boxes/,https://kraftboxpack.com/product-category/kraft-food-packaging/,Kraft Food Packaging,breadcrumb
https://kraftboxpack.com/product/kraft-sushi-packaging-boxes/,https://kraftboxpack.com/product/kraft-sushi-packaging-boxes/,Kraft Sushi Packaging Boxes,contextual
https://kraftboxpack.com/product/kraft-sushi-packaging-boxes/,https://kraftboxpack.com?add-to-cart=3271&quantity=1&e-redirect=https://kraftboxpack.com/cart/,Buy Now,contextual
https://kraftboxpack.com/product/kraft-sushi-packaging-boxes/,https://kraftboxpack.com/product/kraft-sandwich-wedge-boxes/,Kraft Sandwich Wedge Boxes,contextual
https://kraftboxpack.com/product/kraft-sushi-packaging-boxes/,https://kraftboxpack.com/,Custom Kraft Box Pack,contextual
https://kraftboxpack.com/product/kraft-sushi-packaging-boxes/,https://kraftboxpack.com/product/kraft-coffee-packaging-boxes/,Kraft Food Packaging,related-product
https://kraftboxpack.com/product/kraft-sushi-packaging-boxes/,https://kraftboxpack.com/product/kraft-coffee-packaging-boxes/,Kraft Coffee Packaging Boxes,related-product
https://kraftboxpack.com/product/kraft-sushi-packaging-boxes/,https://kraftboxpack.com/product/kraft-sandwich-wedge-boxes/,Kraft Food Packaging,related-product
https://kraftboxpack.com/product/kraft-sushi-packaging-boxes/,https://kraftboxpack.com/product/kraft-meat-packaging-boxes/,Kraft Food Packaging,product-grid
https://kraftboxpack.com/product/kraft-sushi-packaging-boxes/,https://kraftboxpack.com/product/kraft-meat-packaging-boxes/,Kraft Meat Packaging Boxes,product-grid
https://kraftboxpack.com/product/kraft-sushi-packaging-boxes/,https://kraftboxpack.com/product/kraft-seafood-boxes/,Kraft Food Packaging,product-grid
https://kraftboxpack.com/product/kraft-sushi-packaging-boxes/,https://kraftboxpack.com/product/kraft-seafood-boxes/,Kraft Seafood Boxes,product-grid
https://kraftboxpack.com/product/kraft-sushi-packaging-boxes/,https://kraftboxpack.com/cdn-cgi/l/email-protection,info@shopcardboardboxes,product-grid
https://kraftboxpack.com/product/kraft-sushi-packaging-boxes/,https://kraftboxpack.com/about-us/,About Us,footer
https://kraftboxpack.com/product/kraft-sushi-packaging-boxes/,https://kraftboxpack.com/contact-us/,Contact Us,footer
https://kraftboxpack.com/product/kraft-sushi-packaging-boxes/,https://kraftboxpack.com/privacy-policy/,Privacy Policy,footer
https://kraftboxpack.com/product/kraft-sushi-packaging-boxes/,https://kraftboxpack.com/refund_returns/,Refund and Returns Policy,footer
https://kraftboxpack.com/product/kraft-sushi-packaging-boxes/,https://kraftboxpack.com/terms-conditions/,Terms & Conditions,footer
https://kraftboxpack.com/product/kraft-syrup-packaging-boxes/,https://kraftboxpack.com/cdn-cgi/l/email-protection,[email protected],navigation
https://kraftboxpack.com/product/kraft-syrup-packaging-boxes/,https://kraftboxpack.com/cdn-cgi/l/email-protection,Email Us To Get 25% OFF,navigation
https://kraftboxpack.com/product/kraft-syrup-packaging-boxes/,https://kraftboxpack.com,,navigation
https://kraftboxpack.com/product/kraft-syrup-packaging-boxes/,https://kraftboxpack.com/,Home,navigation
https://kraftboxpack.com/product/kraft-syrup-packaging-boxes/,https://kraftboxpack.com/product-category/colored-kraft-boxes/,Colored Kraft Boxes,navigation
https://kraftboxpack.com/product/kraft-syrup-packaging-boxes/,https://kraftboxpack.com/product-category/kraft-gift-specialty-boxes/,Kraft Gift & Specialty Boxes,navigation
https://kraftboxpack.com/product/kraft-syrup-packaging-boxes/,https://kraftboxpack.com/product-category/kraft-packaging-boxes/,Kraft Packaging Boxes,navigation
https://kraftboxpack.com/product/kraft-syrup-packaging-boxes/,https://kraftboxpack.com/product-category/kraft-wrapping-accessories/,Kraft Wrapping & Accessories,navigation
https://kraftboxpack.com/product/kraft-syrup-packaging-boxes/,https://kraftboxpack.com,Home,breadcrumb
https://kraftboxpack.com/product/kraft-syrup-packaging-boxes/,https://kraftboxpack.com/products/,Products,breadcrumb
https://kraftboxpack.com/product/kraft-syrup-packaging-boxes/,https://kraftboxpack.com/product-category/kraft-pharma-boxes/,Kraft Pharma boxes,breadcrumb
https://kraftboxpack.com/product/kraft-syrup-packaging-boxes/,https://kraftboxpack.com/product/kraft-syrup-packaging-boxes/,Kraft Syrup Packaging Boxes,contextual
https://kraftboxpack.com/product/kraft-syrup-packaging-boxes/,https://kraftboxpack.com?add-to-cart=3252&quantity=1&e-redirect=https://kraftboxpack.com/cart/,Buy Now,contextual
https://kraftboxpack.com/product/kraft-syrup-packaging-boxes/,https://kraftboxpack.com/product/kraft-first-aid-kit-boxes/,Kraft First Aid Kit Boxes,contextual
https://kraftboxpack.com/product/kraft-syrup-packaging-boxes/,https://kraftboxpack.com/product-category/kraft-pharma-Boxes/,Kraft Pharma boxes,contextual
https://kraftboxpack.com/product/kraft-syrup-packaging-boxes/,https://kraftboxpack.com/,Kraft Box Pack,contextual
https://kraftboxpack.com/product/kraft-syrup-packaging-boxes/,https://kraftboxpack.com/product/kraft-medicine-packaging-boxes/,Kraft Pharma boxes,related-product
https://kraftboxpack.com/product/kraft-syrup-packaging-boxes/,https://kraftboxpack.com/product/kraft-medicine-packaging-boxes/,Kraft Medicine Packaging Boxes,related-product
https://kraftboxpack.com/product/kraft-syrup-packaging-boxes/,https://kraftboxpack.com/product/kraft-vitamin-packaging-boxes/,Kraft Pharma boxes,related-product
https://kraftboxpack.com/product/kraft-syrup-packaging-boxes/,https://kraftboxpack.com/product/kraft-vitamin-packaging-boxes/,Kraft Vitamin Packaging Boxes,product-grid
https://kraftboxpack.com/product/kraft-syrup-packaging-boxes/,https://kraftboxpack.com/product/kraft-supplement-boxes/,Kraft Pharma boxes,product-grid
https://kraftboxpack.com/product/kraft-syrup-packaging-boxes/,https://kraftboxpack.com/product/kraft-supplement-boxes/,Kraft Supplement Boxes,product-grid
https://kraftboxpack.com/product/kraft-syrup-packaging-boxes/,https://kraftboxpack.com/product/kraft-ppe-packaging-boxes/,Kraft Pharma boxes,product-grid
https://kraftboxpack.com/product/kraft-syrup-packaging-boxes/,https://kraftboxpack.com/product/kraft-ppe-packaging-boxes/,Kraft PPE Packaging Boxes,product-grid
https://kraftboxpack.com/product/kraft-syrup-packaging-boxes/,https://kraftboxpack.com/cdn-cgi/l/email-protection,info@shopcardboardboxes,product-grid
https://kraftboxpack.com/product/kraft-syrup-packaging-boxes/,https://kraftboxpack.com/about-us/,About Us,footer
https://kraftboxpack.com/product/kraft-syrup-packaging-boxes/,https://kraftboxpack.com/contact-us/,Contact Us,footer
https://kraftboxpack.com/product/kraft-syrup-packaging-boxes/,https://kraftboxpack.com/privacy-policy/,Privacy Policy,footer
https://kraftboxpack.com/product/kraft-syrup-packaging-boxes/,https://kraftboxpack.com/refund_returns/,Refund and Returns Policy,footer
https://kraftboxpack.com/product/kraft-syrup-packaging-boxes/,https://kraftboxpack.com/terms-conditions/,Terms & Conditions,footer
https://kraftboxpack.com/product/kraft-t-shirt-boxes/,https://kraftboxpack.com/cdn-cgi/l/email-protection,[email protected],navigation
https://kraftboxpack.com/product/kraft-t-shirt-boxes/,https://kraftboxpack.com/cdn-cgi/l/email-protection,Email Us To Get 25% OFF,navigation
https://kraftboxpack.com/product/kraft-t-shirt-boxes/,https://kraftboxpack.com,,navigation
https://kraftboxpack.com/product/kraft-t-shirt-boxes/,https://kraftboxpack.com/,Home,navigation
https://kraftboxpack.com/product/kraft-t-shirt-boxes/,https://kraftboxpack.com/product-category/colored-kraft-boxes/,Colored Kraft Boxes,navigation
https://kraftboxpack.com/product/kraft-t-shirt-boxes/,https://kraftboxpack.com/product-category/kraft-gift-specialty-boxes/,Kraft Gift & Specialty Boxes,navigation
https://kraftboxpack.com/product/kraft-t-shirt-boxes/,https://kraftboxpack.com/product-category/kraft-packaging-boxes/,Kraft Packaging Boxes,navigation
https://kraftboxpack.com/product/kraft-t-shirt-boxes/,https://kraftboxpack.com/product-category/kraft-wrapping-accessories/,Kraft Wrapping & Accessories,navigation
https://kraftboxpack.com/product/kraft-t-shirt-boxes/,https://kraftboxpack.com,Home,breadcrumb
https://kraftboxpack.com/product/kraft-t-shirt-boxes/,https://kraftboxpack.com/products/,Products,breadcrumb
https://kraftboxpack.com/product/kraft-t-shirt-boxes/,https://kraftboxpack.com/product-category/kraft-apparel-boxes/,Kraft Apparel Boxes,breadcrumb
https://kraftboxpack.com/product/kraft-t-shirt-boxes/,https://kraftboxpack.com/product/kraft-t-shirt-boxes/,Kraft T Shirt Boxes,contextual
https://kraftboxpack.com/product/kraft-t-shirt-boxes/,https://kraftboxpack.com?add-to-cart=3294&quantity=1&e-redirect=https://kraftboxpack.com/cart/,Buy Now,contextual
https://kraftboxpack.com/product/kraft-t-shirt-boxes/,https://kraftboxpack.com/product/kraft-apparel-packaging-boxes/,Kraft Apparel Packaging Boxes,contextual
https://kraftboxpack.com/product/kraft-t-shirt-boxes/,https://kraftboxpack.com/product-category/Kraft-Apparel-Boxes/,Kraft Apparel Boxes,contextual
https://kraftboxpack.com/product/kraft-t-shirt-boxes/,https://kraftboxpack.com/,Kraft Boxes Wholesale,contextual
https://kraftboxpack.com/product/kraft-t-shirt-boxes/,https://kraftboxpack.com/product/kraft-belt-packaging-boxes/,Kraft Apparel Boxes,related-product
https://kraftboxpack.com/product/kraft-t-shirt-boxes/,https://kraftboxpack.com/product/kraft-belt-packaging-boxes/,Kraft Belt Packaging Boxes,related-product
https://kraftboxpack.com/product/kraft-t-shirt-boxes/,https://kraftboxpack.com/product/kraft-apparel-packaging-boxes/,Kraft Apparel Boxes,related-product
https://kraftboxpack.com/product/kraft-t-shirt-boxes/,https://kraftboxpack.com/product/kraft-scarf-boxes/,Kraft Apparel Boxes,product-grid
https://kraftboxpack.com/product/kraft-t-shirt-boxes/,https://kraftboxpack.com/product/kraft-scarf-boxes/,Kraft Scarf Boxes,product-grid
https://kraftboxpack.com/product/kraft-t-shirt-boxes/,https://kraftboxpack.com/product/kraft-underwear-packaging-boxes/,Kraft Apparel Boxes,product-grid
https://kraftboxpack.com/product/kraft-t-shirt-boxes/,https://kraftboxpack.com/product/kraft-underwear-packaging-boxes/,Kraft Underwear Packaging Boxes,product-grid
https://kraftboxpack.com/product/kraft-t-shirt-boxes/,https://kraftboxpack.com/cdn-cgi/l/email-protection,info@shopcardboardboxes,product-grid
https://kraftboxpack.com/product/kraft-t-shirt-boxes/,https://kraftboxpack.com/about-us/,About Us,footer
https://kraftboxpack.com/product/kraft-t-shirt-boxes/,https://kraftboxpack.com/contact-us/,Contact Us,footer
https://kraftboxpack.com/product/kraft-t-shirt-boxes/,https://kraftboxpack.com/privacy-policy/,Privacy Policy,footer
https://kraftboxpack.com/product/kraft-t-shirt-boxes/,https://kraftboxpack.com/refund_returns/,Refund and Returns Policy,footer
https://kraftboxpack.com/product/kraft-t-shirt-boxes/,https://kraftboxpack.com/terms-conditions/,Terms & Conditions,footer
https://kraftboxpack.com/product/kraft-take-out-boxes/,https://kraftboxpack.com/cdn-cgi/l/email-protection,[email protected],navigation
https://kraftboxpack.com/product/kraft-take-out-boxes/,https://kraftboxpack.com/cdn-cgi/l/email-protection,Email Us To Get 25% OFF,navigation
https://kraftboxpack.com/product/kraft-take-out-boxes/,https://kraftboxpack.com,,navigation
https://kraftboxpack.com/product/kraft-take-out-boxes/,https://kraftboxpack.com/,Home,navigation
https://kraftboxpack.com/product/kraft-take-out-boxes/,https://kraftboxpack.com/product-category/colored-kraft-boxes/,Colored Kraft Boxes,navigation
https://kraftboxpack.com/product/kraft-take-out-boxes/,https://kraftboxpack.com/product-category/kraft-gift-specialty-boxes/,Kraft Gift & Specialty Boxes,navigation
https://kraftboxpack.com/product/kraft-take-out-boxes/,https://kraftboxpack.com/product-category/kraft-packaging-boxes/,Kraft Packaging Boxes,navigation
https://kraftboxpack.com/product/kraft-take-out-boxes/,https://kraftboxpack.com/product-category/kraft-wrapping-accessories/,Kraft Wrapping & Accessories,navigation
https://kraftboxpack.com/product/kraft-take-out-boxes/,https://kraftboxpack.com,Home,breadcrumb
https://kraftboxpack.com/product/kraft-take-out-boxes/,https://kraftboxpack.com/products/,Products,breadcrumb
https://kraftboxpack.com/product/kraft-take-out-boxes/,https://kraftboxpack.com/product/kraft-take-out-boxes/,Kraft Take Out Boxes,contextual
https://kraftboxpack.com/product/kraft-take-out-boxes/,https://kraftboxpack.com?add-to-cart=2613&quantity=1&e-redirect=https://kraftboxpack.com/cart/,Buy Now,contextual
https://kraftboxpack.com/product/kraft-take-out-boxes/,https://kraftboxpack.com/,Kraft Box Pack,contextual
https://kraftboxpack.com/product/kraft-take-out-boxes/,https://kraftboxpack.com/product/kraft-mailer-boxes/,Kraft Mailer Boxes,contextual
https://kraftboxpack.com/product/kraft-take-out-boxes/,https://kraftboxpack.com/product/kraft-mailer-boxes/,Kraft Packaging Boxes,related-product
https://kraftboxpack.com/product/kraft-take-out-boxes/,https://kraftboxpack.com/product/kraft-gable-boxes/,Kraft Packaging Boxes,related-product
https://kraftboxpack.com/product/kraft-take-out-boxes/,https://kraftboxpack.com/product/kraft-gable-boxes/,Kraft Gable Boxes,product-grid
https://kraftboxpack.com/product/kraft-take-out-boxes/,https://kraftboxpack.com/product/kraft-food-boxes/,Kraft Packaging Boxes,product-grid
https://kraftboxpack.com/product/kraft-take-out-boxes/,https://kraftboxpack.com/product/kraft-food-boxes/,Kraft Food Boxes,product-grid
https://kraftboxpack.com/product/kraft-take-out-boxes/,https://kraftboxpack.com/product/kraft-bakery-boxes/,Kraft Packaging Boxes,product-grid
https://kraftboxpack.com/product/kraft-take-out-boxes/,https://kraftboxpack.com/product/kraft-bakery-boxes/,Kraft Bakery Boxes,product-grid
https://kraftboxpack.com/product/kraft-take-out-boxes/,https://kraftboxpack.com/cdn-cgi/l/email-protection,info@shopcardboardboxes,product-grid
https://kraftboxpack.com/product/kraft-take-out-boxes/,https://kraftboxpack.com/about-us/,About Us,footer
https://kraftboxpack.com/product/kraft-take-out-boxes/,https://kraftboxpack.com/contact-us/,Contact Us,footer
https://kraftboxpack.com/product/kraft-take-out-boxes/,https://kraftboxpack.com/privacy-policy/,Privacy Policy,footer
https://kraftboxpack.com/product/kraft-take-out-boxes/,https://kraftboxpack.com/refund_returns/,Refund and Returns Policy,footer
https://kraftboxpack.com/product/kraft-take-out-boxes/,https://kraftboxpack.com/terms-conditions/,Terms & Conditions,footer
https://kraftboxpack.com/product/kraft-tea-packaging-boxes/,https://kraftboxpack.com/cdn-cgi/l/email-protection,[email protected],navigation
https://kraftboxpack.com/product/kraft-tea-packaging-boxes/,https://kraftboxpack.com/cdn-cgi/l/email-protection,Email Us To Get 25% OFF,navigation
https://kraftboxpack.com/product/kraft-tea-packaging-boxes/,https://kraftboxpack.com,,navigation
https://kraftboxpack.com/product/kraft-tea-packaging-boxes/,https://kraftboxpack.com/,Home,navigation
https://kraftboxpack.com/product/kraft-tea-packaging-boxes/,https://kraftboxpack.com/product-category/colored-kraft-boxes/,Colored Kraft Boxes,navigation
https://kraftboxpack.com/product/kraft-tea-packaging-boxes/,https://kraftboxpack.com/product-category/kraft-gift-specialty-boxes/,Kraft Gift & Specialty Boxes,navigation
https://kraftboxpack.com/product/kraft-tea-packaging-boxes/,https://kraftboxpack.com/product-category/kraft-packaging-boxes/,Kraft Packaging Boxes,navigation
https://kraftboxpack.com/product/kraft-tea-packaging-boxes/,https://kraftboxpack.com/product-category/kraft-wrapping-accessories/,Kraft Wrapping & Accessories,navigation
https://kraftboxpack.com/product/kraft-tea-packaging-boxes/,https://kraftboxpack.com,Home,breadcrumb
https://kraftboxpack.com/product/kraft-tea-packaging-boxes/,https://kraftboxpack.com/products/,Products,breadcrumb
https://kraftboxpack.com/product/kraft-tea-packaging-boxes/,https://kraftboxpack.com/product-category/kraft-food-packaging/,Kraft Food Packaging,breadcrumb
https://kraftboxpack.com/product/kraft-tea-packaging-boxes/,https://kraftboxpack.com/product/kraft-tea-packaging-boxes/,Kraft Tea Packaging Boxes,contextual
https://kraftboxpack.com/product/kraft-tea-packaging-boxes/,https://kraftboxpack.com?add-to-cart=3255&quantity=1&e-redirect=https://kraftboxpack.com/cart/,Buy Now,contextual
https://kraftboxpack.com/product/kraft-tea-packaging-boxes/,https://kraftboxpack.com/product/kraft-coffee-packaging-boxes/,Kraft Coffee Packaging Boxes,contextual
https://kraftboxpack.com/product/kraft-tea-packaging-boxes/,https://kraftboxpack.com/,Kraft Box Packaging,contextual
https://kraftboxpack.com/product/kraft-tea-packaging-boxes/,https://kraftboxpack.com/product/kraft-fruit-packaging-boxes/,Kraft Food Packaging,related-product
https://kraftboxpack.com/product/kraft-tea-packaging-boxes/,https://kraftboxpack.com/product/kraft-fruit-packaging-boxes/,Kraft Fruit Packaging Boxes,related-product
https://kraftboxpack.com/product/kraft-tea-packaging-boxes/,https://kraftboxpack.com/product/kraft-granola-bar-boxes/,Kraft Food Packaging,related-product
https://kraftboxpack.com/product/kraft-tea-packaging-boxes/,https://kraftboxpack.com/product/kraft-granola-bar-boxes/,Kraft Granola Bar Boxes,product-grid
https://kraftboxpack.com/product/kraft-tea-packaging-boxes/,https://kraftboxpack.com/product/kraft-coffee-packaging-boxes/,Kraft Food Packaging,product-grid
https://kraftboxpack.com/product/kraft-tea-packaging-boxes/,https://kraftboxpack.com/product/kraft-seafood-boxes/,Kraft Food Packaging,product-grid
https://kraftboxpack.com/product/kraft-tea-packaging-boxes/,https://kraftboxpack.com/product/kraft-seafood-boxes/,Kraft Seafood Boxes,product-grid
https://kraftboxpack.com/product/kraft-tea-packaging-boxes/,https://kraftboxpack.com/cdn-cgi/l/email-protection,info@shopcardboardboxes,product-grid
https://kraftboxpack.com/product/kraft-tea-packaging-boxes/,https://kraftboxpack.com/about-us/,About Us,footer
https://kraftboxpack.com/product/kraft-tea-packaging-boxes/,https://kraftboxpack.com/contact-us/,Contact Us,footer
https://kraftboxpack.com/product/kraft-tea-packaging-boxes/,https://kraftboxpack.com/privacy-policy/,Privacy Policy,footer
https://kraftboxpack.com/product/kraft-tea-packaging-boxes/,https://kraftboxpack.com/refund_returns/,Refund and Returns Policy,footer
https://kraftboxpack.com/product/kraft-tea-packaging-boxes/,https://kraftboxpack.com/terms-conditions/,Terms & Conditions,footer
https://kraftboxpack.com/product/kraft-thermal-kraft-boxes/,https://kraftboxpack.com/cdn-cgi/l/email-protection,[email protected],navigation
https://kraftboxpack.com/product/kraft-thermal-kraft-boxes/,https://kraftboxpack.com/cdn-cgi/l/email-protection,Email Us To Get 25% OFF,navigation
https://kraftboxpack.com/product/kraft-thermal-kraft-boxes/,https://kraftboxpack.com,,navigation
https://kraftboxpack.com/product/kraft-thermal-kraft-boxes/,https://kraftboxpack.com/,Home,navigation
https://kraftboxpack.com/product/kraft-thermal-kraft-boxes/,https://kraftboxpack.com/product-category/colored-kraft-boxes/,Colored Kraft Boxes,navigation
https://kraftboxpack.com/product/kraft-thermal-kraft-boxes/,https://kraftboxpack.com/product-category/kraft-gift-specialty-boxes/,Kraft Gift & Specialty Boxes,navigation
https://kraftboxpack.com/product/kraft-thermal-kraft-boxes/,https://kraftboxpack.com/product-category/kraft-packaging-boxes/,Kraft Packaging Boxes,navigation
https://kraftboxpack.com/product/kraft-thermal-kraft-boxes/,https://kraftboxpack.com/product-category/kraft-wrapping-accessories/,Kraft Wrapping & Accessories,navigation
https://kraftboxpack.com/product/kraft-thermal-kraft-boxes/,https://kraftboxpack.com,Home,breadcrumb
https://kraftboxpack.com/product/kraft-thermal-kraft-boxes/,https://kraftboxpack.com/products/,Products,breadcrumb
https://kraftboxpack.com/product/kraft-thermal-kraft-boxes/,https://kraftboxpack.com/product/kraft-thermal-kraft-boxes/,Kraft Thermal Kraft Boxes,contextual
https://kraftboxpack.com/product/kraft-thermal-kraft-boxes/,https://kraftboxpack.com?add-to-cart=3095&quantity=1&e-redirect=https://kraftboxpack.com/cart/,Buy Now,contextual
https://kraftboxpack.com/product/kraft-thermal-kraft-boxes/,https://kraftboxpack.com/product/kraft-boxes-with-lid/,Kraft Boxes With Lid,contextual
https://kraftboxpack.com/product/kraft-thermal-kraft-boxes/,https://kraftboxpack.com/,custom kraft boxes wholesale,related-product
https://kraftboxpack.com/product/kraft-thermal-kraft-boxes/,https://kraftboxpack.com/product/black-kraft-boxes/,Colored Kraft Boxes,related-product
https://kraftboxpack.com/product/kraft-thermal-kraft-boxes/,https://kraftboxpack.com/product/black-kraft-boxes/,Black Kraft Boxes,related-product
https://kraftboxpack.com/product/kraft-thermal-kraft-boxes/,https://kraftboxpack.com/product/brown-kraft-boxes/,Colored Kraft Boxes,related-product
https://kraftboxpack.com/product/kraft-thermal-kraft-boxes/,https://kraftboxpack.com/product/brown-kraft-boxes/,Brown Kraft Boxes,product-grid
https://kraftboxpack.com/product/kraft-thermal-kraft-boxes/,https://kraftboxpack.com/product/kraft-boxes-with-lid/,Colored Kraft Boxes,product-grid
https://kraftboxpack.com/product/kraft-thermal-kraft-boxes/,https://kraftboxpack.com/product/colored-kraft-paper/,Colored Kraft Boxes,product-grid
https://kraftboxpack.com/product/kraft-thermal-kraft-boxes/,https://kraftboxpack.com/product/colored-kraft-paper/,Colored Kraft Paper,product-grid
https://kraftboxpack.com/product/kraft-thermal-kraft-boxes/,https://kraftboxpack.com/cdn-cgi/l/email-protection,info@shopcardboardboxes,product-grid
https://kraftboxpack.com/product/kraft-thermal-kraft-boxes/,https://kraftboxpack.com/about-us/,About Us,footer
https://kraftboxpack.com/product/kraft-thermal-kraft-boxes/,https://kraftboxpack.com/contact-us/,Contact Us,footer
https://kraftboxpack.com/product/kraft-thermal-kraft-boxes/,https://kraftboxpack.com/privacy-policy/,Privacy Policy,footer
https://kraftboxpack.com/product/kraft-thermal-kraft-boxes/,https://kraftboxpack.com/refund_returns/,Refund and Returns Policy,footer
https://kraftboxpack.com/product/kraft-thermal-kraft-boxes/,https://kraftboxpack.com/terms-conditions/,Terms & Conditions,footer
https://kraftboxpack.com/product/kraft-toy-packaging-boxes/,https://kraftboxpack.com/cdn-cgi/l/email-protection,[email protected],navigation
https://kraftboxpack.com/product/kraft-toy-packaging-boxes/,https://kraftboxpack.com/cdn-cgi/l/email-protection,Email Us To Get 25% OFF,navigation
https://kraftboxpack.com/product/kraft-toy-packaging-boxes/,https://kraftboxpack.com,,navigation
https://kraftboxpack.com/product/kraft-toy-packaging-boxes/,https://kraftboxpack.com/,Home,navigation
https://kraftboxpack.com/product/kraft-toy-packaging-boxes/,https://kraftboxpack.com/product-category/colored-kraft-boxes/,Colored Kraft Boxes,navigation
https://kraftboxpack.com/product/kraft-toy-packaging-boxes/,https://kraftboxpack.com/product-category/kraft-gift-specialty-boxes/,Kraft Gift & Specialty Boxes,navigation
https://kraftboxpack.com/product/kraft-toy-packaging-boxes/,https://kraftboxpack.com/product-category/kraft-packaging-boxes/,Kraft Packaging Boxes,navigation
https://kraftboxpack.com/product/kraft-toy-packaging-boxes/,https://kraftboxpack.com/product-category/kraft-wrapping-accessories/,Kraft Wrapping & Accessories,navigation
https://kraftboxpack.com/product/kraft-toy-packaging-boxes/,https://kraftboxpack.com,Home,breadcrumb
https://kraftboxpack.com/product/kraft-toy-packaging-boxes/,https://kraftboxpack.com/products/,Products,breadcrumb
https://kraftboxpack.com/product/kraft-toy-packaging-boxes/,https://kraftboxpack.com/product-category/kraft-toy-packaging/,Kraft Toy Packaging,breadcrumb
https://kraftboxpack.com/product/kraft-toy-packaging-boxes/,https://kraftboxpack.com/product/kraft-toy-packaging-boxes/,Kraft Toy Packaging Boxes,contextual
https://kraftboxpack.com/product/kraft-toy-packaging-boxes/,https://kraftboxpack.com?add-to-cart=3303&quantity=1&e-redirect=https://kraftboxpack.com/cart/,Buy Now,contextual
https://kraftboxpack.com/product/kraft-toy-packaging-boxes/,https://kraftboxpack.com/product/kraft-baby-product-boxes/,Kraft Baby Product Boxes,contextual
https://kraftboxpack.com/product/kraft-toy-packaging-boxes/,https://kraftboxpack.com/product-category/Kraft-Apparel-Boxes/,Kraft Apparel Boxes,contextual
https://kraftboxpack.com/product/kraft-toy-packaging-boxes/,https://kraftboxpack.com/,Kraft Packaging Wholesale,contextual
https://kraftboxpack.com/product/kraft-toy-packaging-boxes/,https://kraftboxpack.com/product/kraft-board-game-packaging-boxes/,Kraft Toy Packaging,related-product
https://kraftboxpack.com/product/kraft-toy-packaging-boxes/,https://kraftboxpack.com/product/kraft-board-game-packaging-boxes/,Kraft Board Game Packaging Boxes,related-product
https://kraftboxpack.com/product/kraft-toy-packaging-boxes/,https://kraftboxpack.com/product/kraft-baby-product-boxes/,Kraft Toy Packaging,related-product
https://kraftboxpack.com/product/kraft-toy-packaging-boxes/,https://kraftboxpack.com/product/kraft-puzzle-packaging-boxes/,Kraft Toy Packaging,product-grid
https://kraftboxpack.com/product/kraft-toy-packaging-boxes/,https://kraftboxpack.com/product/kraft-puzzle-packaging-boxes/,Kraft Puzzle Packaging Boxes,product-grid
https://kraftboxpack.com/product/kraft-toy-packaging-boxes/,https://kraftboxpack.com/cdn-cgi/l/email-protection,info@shopcardboardboxes,product-grid
https://kraftboxpack.com/product/kraft-toy-packaging-boxes/,https://kraftboxpack.com/about-us/,About Us,footer
https://kraftboxpack.com/product/kraft-toy-packaging-boxes/,https://kraftboxpack.com/contact-us/,Contact Us,footer
https://kraftboxpack.com/product/kraft-toy-packaging-boxes/,https://kraftboxpack.com/privacy-policy/,Privacy Policy,footer
https://kraftboxpack.com/product/kraft-toy-packaging-boxes/,https://kraftboxpack.com/refund_returns/,Refund and Returns Policy,footer
https://kraftboxpack.com/product/kraft-toy-packaging-boxes/,https://kraftboxpack.com/terms-conditions/,Terms & Conditions,footer
https://kraftboxpack.com/product/kraft-treat-boxes/,https://kraftboxpack.com/cdn-cgi/l/email-protection,[email protected],navigation
https://kraftboxpack.com/product/kraft-treat-boxes/,https://kraftboxpack.com/cdn-cgi/l/email-protection,Email Us To Get 25% OFF,navigation
https://kraftboxpack.com/product/kraft-treat-boxes/,https://kraftboxpack.com,,navigation
https://kraftboxpack.com/product/kraft-treat-boxes/,https://kraftboxpack.com/,Home,navigation
https://kraftboxpack.com/product/kraft-treat-boxes/,https://kraftboxpack.com/product-category/colored-kraft-boxes/,Colored Kraft Boxes,navigation
https://kraftboxpack.com/product/kraft-treat-boxes/,https://kraftboxpack.com/product-category/kraft-gift-specialty-boxes/,Kraft Gift & Specialty Boxes,navigation
https://kraftboxpack.com/product/kraft-treat-boxes/,https://kraftboxpack.com/product-category/kraft-packaging-boxes/,Kraft Packaging Boxes,navigation
https://kraftboxpack.com/product/kraft-treat-boxes/,https://kraftboxpack.com/product-category/kraft-wrapping-accessories/,Kraft Wrapping & Accessories,navigation
https://kraftboxpack.com/product/kraft-treat-boxes/,https://kraftboxpack.com,Home,breadcrumb
https://kraftboxpack.com/product/kraft-treat-boxes/,https://kraftboxpack.com/products/,Products,breadcrumb
https://kraftboxpack.com/product/kraft-treat-boxes/,https://kraftboxpack.com/product/kraft-treat-boxes/,Kraft Treat Boxes,contextual
https://kraftboxpack.com/product/kraft-treat-boxes/,https://kraftboxpack.com?add-to-cart=2628&quantity=1&e-redirect=https://kraftboxpack.com/cart/,Buy Now,contextual
https://kraftboxpack.com/product/kraft-treat-boxes/,https://kraftboxpack.com/,Kraft Box Pack,contextual
https://kraftboxpack.com/product/kraft-treat-boxes/,https://kraftboxpack.com/product/kraft-dispenser-boxes/,Kraft Dispenser Boxes,contextual
https://kraftboxpack.com/product/kraft-treat-boxes/,https://kraftboxpack.com/product/kraft-gable-boxes/,Kraft Packaging Boxes,related-product
https://kraftboxpack.com/product/kraft-treat-boxes/,https://kraftboxpack.com/product/kraft-gable-boxes/,Kraft Gable Boxes,related-product
https://kraftboxpack.com/product/kraft-treat-boxes/,https://kraftboxpack.com/product/kraft-storage-boxes/,Kraft Packaging Boxes,related-product
https://kraftboxpack.com/product/kraft-treat-boxes/,https://kraftboxpack.com/product/kraft-storage-boxes/,Kraft Storage Boxes,product-grid
https://kraftboxpack.com/product/kraft-treat-boxes/,https://kraftboxpack.com/product/kraft-favor-boxes/,Kraft Packaging Boxes,product-grid
https://kraftboxpack.com/product/kraft-treat-boxes/,https://kraftboxpack.com/product/kraft-favor-boxes/,Kraft Favor Boxes,product-grid
https://kraftboxpack.com/product/kraft-treat-boxes/,https://kraftboxpack.com/product/custom-kraft-bags/,Kraft Packaging Boxes,product-grid
https://kraftboxpack.com/product/kraft-treat-boxes/,https://kraftboxpack.com/product/custom-kraft-bags/,Custom Kraft Bags,product-grid
https://kraftboxpack.com/product/kraft-treat-boxes/,https://kraftboxpack.com/cdn-cgi/l/email-protection,info@shopcardboardboxes,product-grid
https://kraftboxpack.com/product/kraft-treat-boxes/,https://kraftboxpack.com/about-us/,About Us,footer
https://kraftboxpack.com/product/kraft-treat-boxes/,https://kraftboxpack.com/contact-us/,Contact Us,footer
https://kraftboxpack.com/product/kraft-treat-boxes/,https://kraftboxpack.com/privacy-policy/,Privacy Policy,footer
https://kraftboxpack.com/product/kraft-treat-boxes/,https://kraftboxpack.com/refund_returns/,Refund and Returns Policy,footer
https://kraftboxpack.com/product/kraft-treat-boxes/,https://kraftboxpack.com/terms-conditions/,Terms & Conditions,footer
https://kraftboxpack.com/product/kraft-triangle-boxes/,https://kraftboxpack.com/cdn-cgi/l/email-protection,[email protected],navigation
https://kraftboxpack.com/product/kraft-triangle-boxes/,https://kraftboxpack.com/cdn-cgi/l/email-protection,Email Us To Get 25% OFF,navigation
https://kraftboxpack.com/product/kraft-triangle-boxes/,https://kraftboxpack.com,,navigation
https://kraftboxpack.com/product/kraft-triangle-boxes/,https://kraftboxpack.com/,Home,navigation
https://kraftboxpack.com/product/kraft-triangle-boxes/,https://kraftboxpack.com/product-category/colored-kraft-boxes/,Colored Kraft Boxes,navigation
https://kraftboxpack.com/product/kraft-triangle-boxes/,https://kraftboxpack.com/product-category/kraft-gift-specialty-boxes/,Kraft Gift & Specialty Boxes,navigation
https://kraftboxpack.com/product/kraft-triangle-boxes/,https://kraftboxpack.com/product-category/kraft-packaging-boxes/,Kraft Packaging Boxes,navigation
https://kraftboxpack.com/product/kraft-triangle-boxes/,https://kraftboxpack.com/product-category/kraft-wrapping-accessories/,Kraft Wrapping & Accessories,navigation
https://kraftboxpack.com/product/kraft-triangle-boxes/,https://kraftboxpack.com,Home,breadcrumb
https://kraftboxpack.com/product/kraft-triangle-boxes/,https://kraftboxpack.com/products/,Products,breadcrumb
https://kraftboxpack.com/product/kraft-triangle-boxes/,https://kraftboxpack.com/product-category/kraft-luxury-packaging/,Kraft Luxury Packaging,breadcrumb
https://kraftboxpack.com/product/kraft-triangle-boxes/,https://kraftboxpack.com/product/kraft-triangle-boxes/,Kraft Triangle Boxes,contextual
https://kraftboxpack.com/product/kraft-triangle-boxes/,https://kraftboxpack.com?add-to-cart=3150&quantity=1&e-redirect=https://kraftboxpack.com/cart/,Buy Now,contextual
https://kraftboxpack.com/product/kraft-triangle-boxes/,https://kraftboxpack.com/product/kraft-hexagon-boxes/,Kraft Hexagon Boxes,contextual
https://kraftboxpack.com/product/kraft-triangle-boxes/,https://kraftboxpack.com/product-category/Kraft-Luxury-Packaging/,Kraft Luxury Packaging,contextual
https://kraftboxpack.com/product/kraft-triangle-boxes/,https://kraftboxpack.com/,Custom Kraft Box Pack,contextual
https://kraftboxpack.com/product/kraft-triangle-boxes/,https://kraftboxpack.com/product/kraft-hexagon-boxes/,Kraft Luxury Packaging,related-product
https://kraftboxpack.com/product/kraft-triangle-boxes/,https://kraftboxpack.com/product/kraft-magnetic-closure-boxes/,Kraft Luxury Packaging,related-product
https://kraftboxpack.com/product/kraft-triangle-boxes/,https://kraftboxpack.com/product/kraft-magnetic-closure-boxes/,Kraft Magnetic Closure Boxes,product-grid
https://kraftboxpack.com/product/kraft-triangle-boxes/,https://kraftboxpack.com/product/kraft-cylindrical-boxes/,Kraft Luxury Packaging,product-grid
https://kraftboxpack.com/product/kraft-triangle-boxes/,https://kraftboxpack.com/product/kraft-cylindrical-boxes/,Kraft Cylindrical Boxes,product-grid
https://kraftboxpack.com/product/kraft-triangle-boxes/,https://kraftboxpack.com/product/kraft-pyramid-boxes/,Kraft Luxury Packaging,product-grid
https://kraftboxpack.com/product/kraft-triangle-boxes/,https://kraftboxpack.com/product/kraft-pyramid-boxes/,Kraft Pyramid Boxes,product-grid
https://kraftboxpack.com/product/kraft-triangle-boxes/,https://kraftboxpack.com/cdn-cgi/l/email-protection,info@shopcardboardboxes,product-grid
https://kraftboxpack.com/product/kraft-triangle-boxes/,https://kraftboxpack.com/about-us/,About Us,footer
https://kraftboxpack.com/product/kraft-triangle-boxes/,https://kraftboxpack.com/contact-us/,Contact Us,footer
https://kraftboxpack.com/product/kraft-triangle-boxes/,https://kraftboxpack.com/privacy-policy/,Privacy Policy,footer
https://kraftboxpack.com/product/kraft-triangle-boxes/,https://kraftboxpack.com/refund_returns/,Refund and Returns Policy,footer
https://kraftboxpack.com/product/kraft-triangle-boxes/,https://kraftboxpack.com/terms-conditions/,Terms & Conditions,footer
https://kraftboxpack.com/product/kraft-tube-packaging/,https://kraftboxpack.com/cdn-cgi/l/email-protection,[email protected],navigation
https://kraftboxpack.com/product/kraft-tube-packaging/,https://kraftboxpack.com/cdn-cgi/l/email-protection,Email Us To Get 25% OFF,navigation
https://kraftboxpack.com/product/kraft-tube-packaging/,https://kraftboxpack.com,,navigation
https://kraftboxpack.com/product/kraft-tube-packaging/,https://kraftboxpack.com/,Home,navigation
https://kraftboxpack.com/product/kraft-tube-packaging/,https://kraftboxpack.com/product-category/colored-kraft-boxes/,Colored Kraft Boxes,navigation
https://kraftboxpack.com/product/kraft-tube-packaging/,https://kraftboxpack.com/product-category/kraft-gift-specialty-boxes/,Kraft Gift & Specialty Boxes,navigation
https://kraftboxpack.com/product/kraft-tube-packaging/,https://kraftboxpack.com/product-category/kraft-packaging-boxes/,Kraft Packaging Boxes,navigation
https://kraftboxpack.com/product/kraft-tube-packaging/,https://kraftboxpack.com/product-category/kraft-wrapping-accessories/,Kraft Wrapping & Accessories,navigation
https://kraftboxpack.com/product/kraft-tube-packaging/,https://kraftboxpack.com,Home,breadcrumb
https://kraftboxpack.com/product/kraft-tube-packaging/,https://kraftboxpack.com/products/,Products,breadcrumb
https://kraftboxpack.com/product/kraft-tube-packaging/,https://kraftboxpack.com/product-category/kraft-luxury-packaging/,Kraft Luxury Packaging,breadcrumb
https://kraftboxpack.com/product/kraft-tube-packaging/,https://kraftboxpack.com/product/kraft-tube-packaging/,Kraft Tube Packaging,contextual
https://kraftboxpack.com/product/kraft-tube-packaging/,https://kraftboxpack.com?add-to-cart=3153&quantity=1&e-redirect=https://kraftboxpack.com/cart/,Buy Now,contextual
https://kraftboxpack.com/product/kraft-tube-packaging/,https://kraftboxpack.com/product/kraft-pyramid-boxes/,Kraft Pyramid Boxes,contextual
https://kraftboxpack.com/product/kraft-tube-packaging/,https://kraftboxpack.com/product-category/Kraft-Luxury-Packaging/,Kraft Luxury Packaging,contextual
https://kraftboxpack.com/product/kraft-tube-packaging/,https://kraftboxpack.com/,Kraft Box Pack Wholesale,related-product
https://kraftboxpack.com/product/kraft-tube-packaging/,https://kraftboxpack.com/product/kraft-hexagon-boxes/,Kraft Luxury Packaging,related-product
https://kraftboxpack.com/product/kraft-tube-packaging/,https://kraftboxpack.com/product/kraft-hexagon-boxes/,Kraft Hexagon Boxes,related-product
https://kraftboxpack.com/product/kraft-tube-packaging/,https://kraftboxpack.com/product/kraft-magnetic-closure-boxes/,Kraft Luxury Packaging,related-product
https://kraftboxpack.com/product/kraft-tube-packaging/,https://kraftboxpack.com/product/kraft-magnetic-closure-boxes/,Kraft Magnetic Closure Boxes,product-grid
https://kraftboxpack.com/product/kraft-tube-packaging/,https://kraftboxpack.com/product/kraft-octagon-boxes/,Kraft Luxury Packaging,product-grid
https://kraftboxpack.com/product/kraft-tube-packaging/,https://kraftboxpack.com/product/kraft-octagon-boxes/,Kraft Octagon Boxes,product-grid
https://kraftboxpack.com/product/kraft-tube-packaging/,https://kraftboxpack.com/product/kraft-triangle-boxes/,Kraft Luxury Packaging,product-grid
https://kraftboxpack.com/product/kraft-tube-packaging/,https://kraftboxpack.com/product/kraft-triangle-boxes/,Kraft Triangle Boxes,product-grid
https://kraftboxpack.com/product/kraft-tube-packaging/,https://kraftboxpack.com/cdn-cgi/l/email-protection,info@shopcardboardboxes,product-grid
https://kraftboxpack.com/product/kraft-tube-packaging/,https://kraftboxpack.com/about-us/,About Us,footer
https://kraftboxpack.com/product/kraft-tube-packaging/,https://kraftboxpack.com/contact-us/,Contact Us,footer
https://kraftboxpack.com/product/kraft-tube-packaging/,https://kraftboxpack.com/privacy-policy/,Privacy Policy,footer
https://kraftboxpack.com/product/kraft-tube-packaging/,https://kraftboxpack.com/refund_returns/,Refund and Returns Policy,footer
https://kraftboxpack.com/product/kraft-tube-packaging/,https://kraftboxpack.com/terms-conditions/,Terms & Conditions,footer
https://kraftboxpack.com/product/kraft-underwear-packaging-boxes/,https://kraftboxpack.com/cdn-cgi/l/email-protection,[email protected],navigation
https://kraftboxpack.com/product/kraft-underwear-packaging-boxes/,https://kraftboxpack.com/cdn-cgi/l/email-protection,Email Us To Get 25% OFF,navigation
https://kraftboxpack.com/product/kraft-underwear-packaging-boxes/,https://kraftboxpack.com,,navigation
https://kraftboxpack.com/product/kraft-underwear-packaging-boxes/,https://kraftboxpack.com/,Home,navigation
https://kraftboxpack.com/product/kraft-underwear-packaging-boxes/,https://kraftboxpack.com/product-category/colored-kraft-boxes/,Colored Kraft Boxes,navigation
https://kraftboxpack.com/product/kraft-underwear-packaging-boxes/,https://kraftboxpack.com/product-category/kraft-gift-specialty-boxes/,Kraft Gift & Specialty Boxes,navigation
https://kraftboxpack.com/product/kraft-underwear-packaging-boxes/,https://kraftboxpack.com/product-category/kraft-packaging-boxes/,Kraft Packaging Boxes,navigation
https://kraftboxpack.com/product/kraft-underwear-packaging-boxes/,https://kraftboxpack.com/product-category/kraft-wrapping-accessories/,Kraft Wrapping & Accessories,navigation
https://kraftboxpack.com/product/kraft-underwear-packaging-boxes/,https://kraftboxpack.com,Home,breadcrumb
https://kraftboxpack.com/product/kraft-underwear-packaging-boxes/,https://kraftboxpack.com/products/,Products,breadcrumb
https://kraftboxpack.com/product/kraft-underwear-packaging-boxes/,https://kraftboxpack.com/product-category/kraft-apparel-boxes/,Kraft Apparel Boxes,breadcrumb
https://kraftboxpack.com/product/kraft-underwear-packaging-boxes/,https://kraftboxpack.com/product/kraft-underwear-packaging-boxes/,Kraft Underwear Packaging Boxes,contextual
https://kraftboxpack.com/product/kraft-underwear-packaging-boxes/,https://kraftboxpack.com?add-to-cart=3301&quantity=1&e-redirect=https://kraftboxpack.com/cart/,Buy Now,contextual
https://kraftboxpack.com/product/kraft-underwear-packaging-boxes/,https://kraftboxpack.com/product/kraft-sock-packaging-boxes/,Kraft Sock Packaging Boxes,contextual
https://kraftboxpack.com/product/kraft-underwear-packaging-boxes/,https://kraftboxpack.com/product-category/Kraft-Apparel-Boxes/,Kraft Apparel Boxes,contextual
https://kraftboxpack.com/product/kraft-underwear-packaging-boxes/,https://kraftboxpack.com/,Kraft Box Pack,contextual
https://kraftboxpack.com/product/kraft-underwear-packaging-boxes/,https://kraftboxpack.com/product/kraft-belt-packaging-boxes/,Kraft Apparel Boxes,related-product
https://kraftboxpack.com/product/kraft-underwear-packaging-boxes/,https://kraftboxpack.com/product/kraft-belt-packaging-boxes/,Kraft Belt Packaging Boxes,related-product
https://kraftboxpack.com/product/kraft-underwear-packaging-boxes/,https://kraftboxpack.com/product/kraft-apparel-packaging-boxes/,Kraft Apparel Boxes,related-product
https://kraftboxpack.com/product/kraft-underwear-packaging-boxes/,https://kraftboxpack.com/product/kraft-apparel-packaging-boxes/,Kraft Apparel Packaging Boxes,product-grid
https://kraftboxpack.com/product/kraft-underwear-packaging-boxes/,https://kraftboxpack.com/product/kraft-t-shirt-boxes/,Kraft Apparel Boxes,product-grid
https://kraftboxpack.com/product/kraft-underwear-packaging-boxes/,https://kraftboxpack.com/product/kraft-t-shirt-boxes/,Kraft T Shirt Boxes,product-grid
https://kraftboxpack.com/product/kraft-underwear-packaging-boxes/,https://kraftboxpack.com/product/kraft-scarf-boxes/,Kraft Apparel Boxes,product-grid
https://kraftboxpack.com/product/kraft-underwear-packaging-boxes/,https://kraftboxpack.com/product/kraft-scarf-boxes/,Kraft Scarf Boxes,product-grid
https://kraftboxpack.com/product/kraft-underwear-packaging-boxes/,https://kraftboxpack.com/cdn-cgi/l/email-protection,info@shopcardboardboxes,product-grid
https://kraftboxpack.com/product/kraft-underwear-packaging-boxes/,https://kraftboxpack.com/about-us/,About Us,footer
https://kraftboxpack.com/product/kraft-underwear-packaging-boxes/,https://kraftboxpack.com/contact-us/,Contact Us,footer
https://kraftboxpack.com/product/kraft-underwear-packaging-boxes/,https://kraftboxpack.com/privacy-policy/,Privacy Policy,footer
https://kraftboxpack.com/product/kraft-underwear-packaging-boxes/,https://kraftboxpack.com/refund_returns/,Refund and Returns Policy,footer
https://kraftboxpack.com/product/kraft-underwear-packaging-boxes/,https://kraftboxpack.com/terms-conditions/,Terms & Conditions,footer
https://kraftboxpack.com/product/kraft-vegetable-packaging-boxes/,https://kraftboxpack.com/cdn-cgi/l/email-protection,[email protected],navigation
https://kraftboxpack.com/product/kraft-vegetable-packaging-boxes/,https://kraftboxpack.com/cdn-cgi/l/email-protection,Email Us To Get 25% OFF,navigation
https://kraftboxpack.com/product/kraft-vegetable-packaging-boxes/,https://kraftboxpack.com,,navigation
https://kraftboxpack.com/product/kraft-vegetable-packaging-boxes/,https://kraftboxpack.com/,Home,navigation
https://kraftboxpack.com/product/kraft-vegetable-packaging-boxes/,https://kraftboxpack.com/product-category/colored-kraft-boxes/,Colored Kraft Boxes,navigation
https://kraftboxpack.com/product/kraft-vegetable-packaging-boxes/,https://kraftboxpack.com/product-category/kraft-gift-specialty-boxes/,Kraft Gift & Specialty Boxes,navigation
https://kraftboxpack.com/product/kraft-vegetable-packaging-boxes/,https://kraftboxpack.com/product-category/kraft-packaging-boxes/,Kraft Packaging Boxes,navigation
https://kraftboxpack.com/product/kraft-vegetable-packaging-boxes/,https://kraftboxpack.com/product-category/kraft-wrapping-accessories/,Kraft Wrapping & Accessories,navigation
https://kraftboxpack.com/product/kraft-vegetable-packaging-boxes/,https://kraftboxpack.com,Home,breadcrumb
https://kraftboxpack.com/product/kraft-vegetable-packaging-boxes/,https://kraftboxpack.com/products/,Products,breadcrumb
https://kraftboxpack.com/product/kraft-vegetable-packaging-boxes/,https://kraftboxpack.com/product-category/kraft-food-packaging/,Kraft Food Packaging,breadcrumb
https://kraftboxpack.com/product/kraft-vegetable-packaging-boxes/,https://kraftboxpack.com/product/kraft-vegetable-packaging-boxes/,Kraft Vegetable Packaging Boxes,contextual
https://kraftboxpack.com/product/kraft-vegetable-packaging-boxes/,https://kraftboxpack.com?add-to-cart=3288&quantity=1&e-redirect=https://kraftboxpack.com/cart/,Buy Now,contextual
https://kraftboxpack.com/product/kraft-vegetable-packaging-boxes/,https://kraftboxpack.com/product/kraft-fruit-packaging-boxes/,Kraft Fruit Packaging Boxes,contextual
https://kraftboxpack.com/product/kraft-vegetable-packaging-boxes/,https://kraftboxpack.com/,Custom Packaging Wholesale,contextual
https://kraftboxpack.com/product/kraft-vegetable-packaging-boxes/,https://kraftboxpack.com/product/kraft-egg-cartons/,Kraft Food Packaging,related-product
https://kraftboxpack.com/product/kraft-vegetable-packaging-boxes/,https://kraftboxpack.com/product/kraft-egg-cartons/,Kraft Egg Cartons,related-product
https://kraftboxpack.com/product/kraft-vegetable-packaging-boxes/,https://kraftboxpack.com/product/kraft-snack-packaging-boxes/,Kraft Food Packaging,related-product
https://kraftboxpack.com/product/kraft-vegetable-packaging-boxes/,https://kraftboxpack.com/product/kraft-snack-packaging-boxes/,Kraft Snack Packaging Boxes,product-grid
https://kraftboxpack.com/product/kraft-vegetable-packaging-boxes/,https://kraftboxpack.com/product/kraft-macaron-packaging-boxes/,Kraft Food Packaging,product-grid
https://kraftboxpack.com/product/kraft-vegetable-packaging-boxes/,https://kraftboxpack.com/product/kraft-macaron-packaging-boxes/,Kraft Macaron Packaging Boxes,product-grid
https://kraftboxpack.com/product/kraft-vegetable-packaging-boxes/,https://kraftboxpack.com/product/kraft-sandwich-wedge-boxes/,Kraft Food Packaging,product-grid
https://kraftboxpack.com/product/kraft-vegetable-packaging-boxes/,https://kraftboxpack.com/product/kraft-sandwich-wedge-boxes/,Kraft Sandwich Wedge Boxes,product-grid
https://kraftboxpack.com/product/kraft-vegetable-packaging-boxes/,https://kraftboxpack.com/cdn-cgi/l/email-protection,info@shopcardboardboxes,product-grid
https://kraftboxpack.com/product/kraft-vegetable-packaging-boxes/,https://kraftboxpack.com/about-us/,About Us,footer
https://kraftboxpack.com/product/kraft-vegetable-packaging-boxes/,https://kraftboxpack.com/contact-us/,Contact Us,footer
https://kraftboxpack.com/product/kraft-vegetable-packaging-boxes/,https://kraftboxpack.com/privacy-policy/,Privacy Policy,footer
https://kraftboxpack.com/product/kraft-vegetable-packaging-boxes/,https://kraftboxpack.com/refund_returns/,Refund and Returns Policy,footer
https://kraftboxpack.com/product/kraft-vegetable-packaging-boxes/,https://kraftboxpack.com/terms-conditions/,Terms & Conditions,footer
https://kraftboxpack.com/product/kraft-vitamin-packaging-boxes/,https://kraftboxpack.com/cdn-cgi/l/email-protection,[email protected],navigation
https://kraftboxpack.com/product/kraft-vitamin-packaging-boxes/,https://kraftboxpack.com/cdn-cgi/l/email-protection,Email Us To Get 25% OFF,navigation
https://kraftboxpack.com/product/kraft-vitamin-packaging-boxes/,https://kraftboxpack.com,,navigation
https://kraftboxpack.com/product/kraft-vitamin-packaging-boxes/,https://kraftboxpack.com/,Home,navigation
https://kraftboxpack.com/product/kraft-vitamin-packaging-boxes/,https://kraftboxpack.com/product-category/colored-kraft-boxes/,Colored Kraft Boxes,navigation
https://kraftboxpack.com/product/kraft-vitamin-packaging-boxes/,https://kraftboxpack.com/product-category/kraft-gift-specialty-boxes/,Kraft Gift & Specialty Boxes,navigation
https://kraftboxpack.com/product/kraft-vitamin-packaging-boxes/,https://kraftboxpack.com/product-category/kraft-packaging-boxes/,Kraft Packaging Boxes,navigation
https://kraftboxpack.com/product/kraft-vitamin-packaging-boxes/,https://kraftboxpack.com/product-category/kraft-wrapping-accessories/,Kraft Wrapping & Accessories,navigation
https://kraftboxpack.com/product/kraft-vitamin-packaging-boxes/,https://kraftboxpack.com,Home,breadcrumb
https://kraftboxpack.com/product/kraft-vitamin-packaging-boxes/,https://kraftboxpack.com/products/,Products,breadcrumb
https://kraftboxpack.com/product/kraft-vitamin-packaging-boxes/,https://kraftboxpack.com/product-category/kraft-pharma-boxes/,Kraft Pharma boxes,breadcrumb
https://kraftboxpack.com/product/kraft-vitamin-packaging-boxes/,https://kraftboxpack.com/product/kraft-vitamin-packaging-boxes/,Kraft Vitamin Packaging Boxes,contextual
https://kraftboxpack.com/product/kraft-vitamin-packaging-boxes/,https://kraftboxpack.com?add-to-cart=3176&quantity=1&e-redirect=https://kraftboxpack.com/cart/,Buy Now,contextual
https://kraftboxpack.com/product/kraft-vitamin-packaging-boxes/,https://kraftboxpack.com/product/kraft-medicine-packaging-boxes/,Kraft Medicine Packaging Boxes,contextual
https://kraftboxpack.com/product/kraft-vitamin-packaging-boxes/,https://kraftboxpack.com/product-category/Kraft-Pharma-Boxes/,Kraft Pharma Boxes,contextual
https://kraftboxpack.com/product/kraft-vitamin-packaging-boxes/,https://kraftboxpack.com/,custom kraft boxes wholesale,contextual
https://kraftboxpack.com/product/kraft-vitamin-packaging-boxes/,https://kraftboxpack.com/product/kraft-medicine-packaging-boxes/,Kraft Pharma boxes,related-product
https://kraftboxpack.com/product/kraft-vitamin-packaging-boxes/,https://kraftboxpack.com/product/kraft-supplement-boxes/,Kraft Pharma boxes,related-product
https://kraftboxpack.com/product/kraft-vitamin-packaging-boxes/,https://kraftboxpack.com/product/kraft-supplement-boxes/,Kraft Supplement Boxes,product-grid
https://kraftboxpack.com/product/kraft-vitamin-packaging-boxes/,https://kraftboxpack.com/product/kraft-syrup-packaging-boxes/,Kraft Pharma boxes,product-grid
https://kraftboxpack.com/product/kraft-vitamin-packaging-boxes/,https://kraftboxpack.com/product/kraft-syrup-packaging-boxes/,Kraft Syrup Packaging Boxes,product-grid
https://kraftboxpack.com/product/kraft-vitamin-packaging-boxes/,https://kraftboxpack.com/product/kraft-ppe-packaging-boxes/,Kraft Pharma boxes,product-grid
https://kraftboxpack.com/product/kraft-vitamin-packaging-boxes/,https://kraftboxpack.com/product/kraft-ppe-packaging-boxes/,Kraft PPE Packaging Boxes,product-grid
https://kraftboxpack.com/product/kraft-vitamin-packaging-boxes/,https://kraftboxpack.com/cdn-cgi/l/email-protection,info@shopcardboardboxes,product-grid
https://kraftboxpack.com/product/kraft-vitamin-packaging-boxes/,https://kraftboxpack.com/about-us/,About Us,footer
https://kraftboxpack.com/product/kraft-vitamin-packaging-boxes/,https://kraftboxpack.com/contact-us/,Contact Us,footer
https://kraftboxpack.com/product/kraft-vitamin-packaging-boxes/,https://kraftboxpack.com/privacy-policy/,Privacy Policy,footer
https://kraftboxpack.com/product/kraft-vitamin-packaging-boxes/,https://kraftboxpack.com/refund_returns/,Refund and Returns Policy,footer
https://kraftboxpack.com/product/kraft-vitamin-packaging-boxes/,https://kraftboxpack.com/terms-conditions/,Terms & Conditions,footer
https://kraftboxpack.com/product/kraft-watch-packaging-boxes/,https://kraftboxpack.com/cdn-cgi/l/email-protection,[email protected],navigation
https://kraftboxpack.com/product/kraft-watch-packaging-boxes/,https://kraftboxpack.com/cdn-cgi/l/email-protection,Email Us To Get 25% OFF,navigation
https://kraftboxpack.com/product/kraft-watch-packaging-boxes/,https://kraftboxpack.com,,navigation
https://kraftboxpack.com/product/kraft-watch-packaging-boxes/,https://kraftboxpack.com/,Home,navigation
https://kraftboxpack.com/product/kraft-watch-packaging-boxes/,https://kraftboxpack.com/product-category/colored-kraft-boxes/,Colored Kraft Boxes,navigation
https://kraftboxpack.com/product/kraft-watch-packaging-boxes/,https://kraftboxpack.com/product-category/kraft-gift-specialty-boxes/,Kraft Gift & Specialty Boxes,navigation
https://kraftboxpack.com/product/kraft-watch-packaging-boxes/,https://kraftboxpack.com/product-category/kraft-packaging-boxes/,Kraft Packaging Boxes,navigation
https://kraftboxpack.com/product/kraft-watch-packaging-boxes/,https://kraftboxpack.com/product-category/kraft-wrapping-accessories/,Kraft Wrapping & Accessories,navigation
https://kraftboxpack.com/product/kraft-watch-packaging-boxes/,https://kraftboxpack.com,Home,breadcrumb
https://kraftboxpack.com/product/kraft-watch-packaging-boxes/,https://kraftboxpack.com/products/,Products,breadcrumb
https://kraftboxpack.com/product/kraft-watch-packaging-boxes/,https://kraftboxpack.com/product-category/jewelry-accessories-boxes/,Jewelry & Accessories Boxes,breadcrumb
https://kraftboxpack.com/product/kraft-watch-packaging-boxes/,https://kraftboxpack.com/product/kraft-watch-packaging-boxes/,Kraft Watch Packaging Boxes,contextual
https://kraftboxpack.com/product/kraft-watch-packaging-boxes/,https://kraftboxpack.com?add-to-cart=3161&quantity=1&e-redirect=https://kraftboxpack.com/cart/,Buy Now,contextual
https://kraftboxpack.com/product/kraft-watch-packaging-boxes/,https://kraftboxpack.com/product/kraft-ring-packaging-boxes/,Kraft Ring Packaging Boxes,contextual
https://kraftboxpack.com/product/kraft-watch-packaging-boxes/,https://kraftboxpack.com/product-category/Jewelry-&-Accessories-Boxes/,Jewelry & Accessories Boxes,related-product
https://kraftboxpack.com/product/kraft-watch-packaging-boxes/,https://kraftboxpack.com/,kraft packaging boxes,contextual
https://kraftboxpack.com/product/kraft-watch-packaging-boxes/,https://kraftboxpack.com/product/kraft-jewelry-insert-boxes/,Jewelry & Accessories Boxes,related-product
https://kraftboxpack.com/product/kraft-watch-packaging-boxes/,https://kraftboxpack.com/product/kraft-jewelry-insert-boxes/,Kraft Jewelry Insert Boxes,related-product
https://kraftboxpack.com/product/kraft-watch-packaging-boxes/,https://kraftboxpack.com/product/kraft-earring-packaging-boxes/,Jewelry & Accessories Boxes,related-product
https://kraftboxpack.com/product/kraft-watch-packaging-boxes/,https://kraftboxpack.com/product/kraft-earring-packaging-boxes/,Kraft Earring Packaging Boxes,product-grid
https://kraftboxpack.com/product/kraft-watch-packaging-boxes/,https://kraftboxpack.com/product/kraft-bracelet-packaging-boxes/,Jewelry & Accessories Boxes,product-grid
https://kraftboxpack.com/product/kraft-watch-packaging-boxes/,https://kraftboxpack.com/product/kraft-bracelet-packaging-boxes/,Kraft Bracelet Packaging Boxes,product-grid
https://kraftboxpack.com/product/kraft-watch-packaging-boxes/,https://kraftboxpack.com/product/kraft-ring-packaging-boxes/,Jewelry & Accessories Boxes,product-grid
https://kraftboxpack.com/product/kraft-watch-packaging-boxes/,https://kraftboxpack.com/cdn-cgi/l/email-protection,info@shopcardboardboxes,product-grid
https://kraftboxpack.com/product/kraft-watch-packaging-boxes/,https://kraftboxpack.com/about-us/,About Us,footer
https://kraftboxpack.com/product/kraft-watch-packaging-boxes/,https://kraftboxpack.com/contact-us/,Contact Us,footer
https://kraftboxpack.com/product/kraft-watch-packaging-boxes/,https://kraftboxpack.com/privacy-policy/,Privacy Policy,footer
https://kraftboxpack.com/product/kraft-watch-packaging-boxes/,https://kraftboxpack.com/refund_returns/,Refund and Returns Policy,footer
https://kraftboxpack.com/product/kraft-watch-packaging-boxes/,https://kraftboxpack.com/terms-conditions/,Terms & Conditions,footer
https://kraftboxpack.com/product/kraft-wax-melt-boxes/,https://kraftboxpack.com/cdn-cgi/l/email-protection,[email protected],navigation
https://kraftboxpack.com/product/kraft-wax-melt-boxes/,https://kraftboxpack.com/cdn-cgi/l/email-protection,Email Us To Get 25% OFF,navigation
https://kraftboxpack.com/product/kraft-wax-melt-boxes/,https://kraftboxpack.com,,navigation
https://kraftboxpack.com/product/kraft-wax-melt-boxes/,https://kraftboxpack.com/,Home,navigation
https://kraftboxpack.com/product/kraft-wax-melt-boxes/,https://kraftboxpack.com/product-category/colored-kraft-boxes/,Colored Kraft Boxes,navigation
https://kraftboxpack.com/product/kraft-wax-melt-boxes/,https://kraftboxpack.com/product-category/kraft-gift-specialty-boxes/,Kraft Gift & Specialty Boxes,navigation
https://kraftboxpack.com/product/kraft-wax-melt-boxes/,https://kraftboxpack.com/product-category/kraft-packaging-boxes/,Kraft Packaging Boxes,navigation
https://kraftboxpack.com/product/kraft-wax-melt-boxes/,https://kraftboxpack.com/product-category/kraft-wrapping-accessories/,Kraft Wrapping & Accessories,navigation
https://kraftboxpack.com/product/kraft-wax-melt-boxes/,https://kraftboxpack.com,Home,breadcrumb
https://kraftboxpack.com/product/kraft-wax-melt-boxes/,https://kraftboxpack.com/products/,Products,breadcrumb
https://kraftboxpack.com/product/kraft-wax-melt-boxes/,https://kraftboxpack.com/product-category/kraft-packaging-boxes/karft-cosmetic-boxes/,Kraft Cosmetic Boxes,contextual
https://kraftboxpack.com/product/kraft-wax-melt-boxes/,https://kraftboxpack.com/product/kraft-wax-melt-boxes/,Kraft Wax Melt Boxes,contextual
https://kraftboxpack.com/product/kraft-wax-melt-boxes/,https://kraftboxpack.com?add-to-cart=3169&quantity=1&e-redirect=https://kraftboxpack.com/cart/,Buy Now,contextual
https://kraftboxpack.com/product/kraft-wax-melt-boxes/,https://kraftboxpack.com/product/Kraft-Candle-Sleeve-Boxes/,Kraft Candle Sleeve Boxes,contextual
https://kraftboxpack.com/product/kraft-wax-melt-boxes/,https://kraftboxpack.com/product-category/Karft-Cosmetic-Boxes/,Kraft Cosmetic Boxes,contextual
https://kraftboxpack.com/product/kraft-wax-melt-boxes/,https://kraftboxpack.com/,Custom Kraft Boxes,related-product
https://kraftboxpack.com/product/kraft-wax-melt-boxes/,https://kraftboxpack.com/product/kraft-eyelash-packaging-boxes/,Kraft Cosmetic Boxes,related-product
https://kraftboxpack.com/product/kraft-wax-melt-boxes/,https://kraftboxpack.com/product/kraft-eyelash-packaging-boxes/,Kraft Eyelash Packaging Boxes,related-product
https://kraftboxpack.com/product/kraft-wax-melt-boxes/,https://kraftboxpack.com/product/kraft-perfume-boxes/,Kraft Cosmetic Boxes,related-product
https://kraftboxpack.com/product/kraft-wax-melt-boxes/,https://kraftboxpack.com/product/kraft-perfume-boxes/,Kraft Perfume Boxes,product-grid
https://kraftboxpack.com/product/kraft-wax-melt-boxes/,https://kraftboxpack.com/product/kraft-lip-balm-packaging-boxes/,Kraft Cosmetic Boxes,product-grid
https://kraftboxpack.com/product/kraft-wax-melt-boxes/,https://kraftboxpack.com/product/kraft-lip-balm-packaging-boxes/,Kraft Lip Balm Packaging Boxes,product-grid
https://kraftboxpack.com/product/kraft-wax-melt-boxes/,https://kraftboxpack.com/product/kraft-beard-oil-boxes/,Kraft Cosmetic Boxes,product-grid
https://kraftboxpack.com/product/kraft-wax-melt-boxes/,https://kraftboxpack.com/product/kraft-beard-oil-boxes/,Kraft Beard Oil Boxes,product-grid
https://kraftboxpack.com/product/kraft-wax-melt-boxes/,https://kraftboxpack.com/cdn-cgi/l/email-protection,info@shopcardboardboxes,product-grid
https://kraftboxpack.com/product/kraft-wax-melt-boxes/,https://kraftboxpack.com/about-us/,About Us,footer
https://kraftboxpack.com/product/kraft-wax-melt-boxes/,https://kraftboxpack.com/contact-us/,Contact Us,footer
https://kraftboxpack.com/product/kraft-wax-melt-boxes/,https://kraftboxpack.com/privacy-policy/,Privacy Policy,footer
https://kraftboxpack.com/product/kraft-wax-melt-boxes/,https://kraftboxpack.com/refund_returns/,Refund and Returns Policy,footer
https://kraftboxpack.com/product/kraft-wax-melt-boxes/,https://kraftboxpack.com/terms-conditions/,Terms & Conditions,footer
https://kraftboxpack.com/product/large-kraft-gift-boxes/,https://kraftboxpack.com/cdn-cgi/l/email-protection,[email protected],navigation
https://kraftboxpack.com/product/large-kraft-gift-boxes/,https://kraftboxpack.com/cdn-cgi/l/email-protection,Email Us To Get 25% OFF,navigation
https://kraftboxpack.com/product/large-kraft-gift-boxes/,https://kraftboxpack.com,,navigation
https://kraftboxpack.com/product/large-kraft-gift-boxes/,https://kraftboxpack.com/,Home,navigation
https://kraftboxpack.com/product/large-kraft-gift-boxes/,https://kraftboxpack.com/product-category/colored-kraft-boxes/,Colored Kraft Boxes,navigation
https://kraftboxpack.com/product/large-kraft-gift-boxes/,https://kraftboxpack.com/product-category/kraft-gift-specialty-boxes/,Kraft Gift & Specialty Boxes,navigation
https://kraftboxpack.com/product/large-kraft-gift-boxes/,https://kraftboxpack.com/product-category/kraft-packaging-boxes/,Kraft Packaging Boxes,navigation
https://kraftboxpack.com/product/large-kraft-gift-boxes/,https://kraftboxpack.com/product-category/kraft-wrapping-accessories/,Kraft Wrapping & Accessories,navigation
https://kraftboxpack.com/product/large-kraft-gift-boxes/,https://kraftboxpack.com,Home,breadcrumb
https://kraftboxpack.com/product/large-kraft-gift-boxes/,https://kraftboxpack.com/products/,Products,breadcrumb
https://kraftboxpack.com/product/large-kraft-gift-boxes/,https://kraftboxpack.com/product/large-kraft-gift-boxes/,Large Kraft Gift Boxes,contextual
https://kraftboxpack.com/product/large-kraft-gift-boxes/,https://kraftboxpack.com?add-to-cart=2688&quantity=1&e-redirect=https://kraftboxpack.com/cart/,Buy Now,contextual
https://kraftboxpack.com/product/large-kraft-gift-boxes/,https://kraftboxpack.com/product/kraft-candle-boxes/,Kraft Candle Boxes,contextual
https://kraftboxpack.com/product/large-kraft-gift-boxes/,https://kraftboxpack.com/product-category/Kraft-Gift-&-Specialty-Boxes/,Kraft Gift & Specialty Boxes,contextual
https://kraftboxpack.com/product/large-kraft-gift-boxes/,https://kraftboxpack.com/,Kraft Box Pack,contextual
https://kraftboxpack.com/product/large-kraft-gift-boxes/,https://kraftboxpack.com/product/kraft-gift-boxes-with-lids/,Kraft Gift & Specialty Boxes,related-product
https://kraftboxpack.com/product/large-kraft-gift-boxes/,https://kraftboxpack.com/product/kraft-gift-boxes-with-lids/,Kraft Gift Boxes With Lids,related-product
https://kraftboxpack.com/product/large-kraft-gift-boxes/,https://kraftboxpack.com/product/mini-kraft-boxes/,Kraft Gift & Specialty Boxes,related-product
https://kraftboxpack.com/product/large-kraft-gift-boxes/,https://kraftboxpack.com/product/mini-kraft-boxes/,Mini Kraft Boxes,product-grid
https://kraftboxpack.com/product/large-kraft-gift-boxes/,https://kraftboxpack.com/product/kraft-candle-boxes/,Kraft Gift & Specialty Boxes,product-grid
https://kraftboxpack.com/product/large-kraft-gift-boxes/,https://kraftboxpack.com/product/kraft-pillow-boxes/,Kraft Gift & Specialty Boxes,product-grid
https://kraftboxpack.com/product/large-kraft-gift-boxes/,https://kraftboxpack.com/product/kraft-pillow-boxes/,Kraft Pillow Boxes,product-grid
https://kraftboxpack.com/product/large-kraft-gift-boxes/,https://kraftboxpack.com/cdn-cgi/l/email-protection,info@shopcardboardboxes,product-grid
https://kraftboxpack.com/product/large-kraft-gift-boxes/,https://kraftboxpack.com/about-us/,About Us,footer
https://kraftboxpack.com/product/large-kraft-gift-boxes/,https://kraftboxpack.com/contact-us/,Contact Us,footer
https://kraftboxpack.com/product/large-kraft-gift-boxes/,https://kraftboxpack.com/privacy-policy/,Privacy Policy,footer
https://kraftboxpack.com/product/large-kraft-gift-boxes/,https://kraftboxpack.com/refund_returns/,Refund and Returns Policy,footer
https://kraftboxpack.com/product/large-kraft-gift-boxes/,https://kraftboxpack.com/terms-conditions/,Terms & Conditions,footer
https://kraftboxpack.com/product/mini-kraft-boxes/,https://kraftboxpack.com/cdn-cgi/l/email-protection,[email protected],navigation
https://kraftboxpack.com/product/mini-kraft-boxes/,https://kraftboxpack.com/cdn-cgi/l/email-protection,Email Us To Get 25% OFF,navigation
https://kraftboxpack.com/product/mini-kraft-boxes/,https://kraftboxpack.com,,navigation
https://kraftboxpack.com/product/mini-kraft-boxes/,https://kraftboxpack.com/,Home,navigation
https://kraftboxpack.com/product/mini-kraft-boxes/,https://kraftboxpack.com/product-category/colored-kraft-boxes/,Colored Kraft Boxes,navigation
https://kraftboxpack.com/product/mini-kraft-boxes/,https://kraftboxpack.com/product-category/kraft-gift-specialty-boxes/,Kraft Gift & Specialty Boxes,navigation
https://kraftboxpack.com/product/mini-kraft-boxes/,https://kraftboxpack.com/product-category/kraft-packaging-boxes/,Kraft Packaging Boxes,navigation
https://kraftboxpack.com/product/mini-kraft-boxes/,https://kraftboxpack.com/product-category/kraft-wrapping-accessories/,Kraft Wrapping & Accessories,navigation
https://kraftboxpack.com/product/mini-kraft-boxes/,https://kraftboxpack.com,Home,breadcrumb
https://kraftboxpack.com/product/mini-kraft-boxes/,https://kraftboxpack.com/products/,Products,breadcrumb
https://kraftboxpack.com/product/mini-kraft-boxes/,https://kraftboxpack.com/product/mini-kraft-boxes/,Mini Kraft Boxes,contextual
https://kraftboxpack.com/product/mini-kraft-boxes/,https://kraftboxpack.com?add-to-cart=2693&quantity=1&e-redirect=https://kraftboxpack.com/cart/,Buy Now,contextual
https://kraftboxpack.com/product/mini-kraft-boxes/,https://kraftboxpack.com/product/kraft-candy-boxes/,Kraft candy Boxes,contextual
https://kraftboxpack.com/product/mini-kraft-boxes/,https://kraftboxpack.com/product-category/Kraft-Gift-&-Specialty-Boxes/,Kraft Gift & Specialty Boxes,contextual
https://kraftboxpack.com/product/mini-kraft-boxes/,https://kraftboxpack.com/,Kraft Box Pack,contextual
https://kraftboxpack.com/product/mini-kraft-boxes/,https://kraftboxpack.com/product/kraft-jewelry-boxes/,Kraft Gift & Specialty Boxes,related-product
https://kraftboxpack.com/product/mini-kraft-boxes/,https://kraftboxpack.com/product/kraft-jewelry-boxes/,Kraft Jewelry Boxes,related-product
https://kraftboxpack.com/product/mini-kraft-boxes/,https://kraftboxpack.com/product/small-kraft-boxes/,Kraft Gift & Specialty Boxes,related-product
https://kraftboxpack.com/product/mini-kraft-boxes/,https://kraftboxpack.com/product/small-kraft-boxes/,Small Kraft Boxes,product-grid
https://kraftboxpack.com/product/mini-kraft-boxes/,https://kraftboxpack.com/product/kraft-cupcake-boxes/,Kraft Gift & Specialty Boxes,product-grid
https://kraftboxpack.com/product/mini-kraft-boxes/,https://kraftboxpack.com/product/kraft-cupcake-boxes/,Kraft Cupcake Boxes,product-grid
https://kraftboxpack.com/product/mini-kraft-boxes/,https://kraftboxpack.com/product/kraft-necklace-box/,Kraft Gift & Specialty Boxes,product-grid
https://kraftboxpack.com/product/mini-kraft-boxes/,https://kraftboxpack.com/product/kraft-necklace-box/,Kraft Necklace Box,product-grid
https://kraftboxpack.com/product/mini-kraft-boxes/,https://kraftboxpack.com/cdn-cgi/l/email-protection,info@shopcardboardboxes,product-grid
https://kraftboxpack.com/product/mini-kraft-boxes/,https://kraftboxpack.com/about-us/,About Us,footer
https://kraftboxpack.com/product/mini-kraft-boxes/,https://kraftboxpack.com/contact-us/,Contact Us,footer
https://kraftboxpack.com/product/mini-kraft-boxes/,https://kraftboxpack.com/privacy-policy/,Privacy Policy,footer
https://kraftboxpack.com/product/mini-kraft-boxes/,https://kraftboxpack.com/refund_returns/,Refund and Returns Policy,footer
https://kraftboxpack.com/product/mini-kraft-boxes/,https://kraftboxpack.com/terms-conditions/,Terms & Conditions,footer
https://kraftboxpack.com/product/small-kraft-boxes/,https://kraftboxpack.com/cdn-cgi/l/email-protection,[email protected],navigation
https://kraftboxpack.com/product/small-kraft-boxes/,https://kraftboxpack.com/cdn-cgi/l/email-protection,Email Us To Get 25% OFF,navigation
https://kraftboxpack.com/product/small-kraft-boxes/,https://kraftboxpack.com,,navigation
https://kraftboxpack.com/product/small-kraft-boxes/,https://kraftboxpack.com/,Home,navigation
https://kraftboxpack.com/product/small-kraft-boxes/,https://kraftboxpack.com/product-category/colored-kraft-boxes/,Colored Kraft Boxes,navigation
https://kraftboxpack.com/product/small-kraft-boxes/,https://kraftboxpack.com/product-category/kraft-gift-specialty-boxes/,Kraft Gift & Specialty Boxes,navigation
https://kraftboxpack.com/product/small-kraft-boxes/,https://kraftboxpack.com/product-category/kraft-packaging-boxes/,Kraft Packaging Boxes,navigation
https://kraftboxpack.com/product/small-kraft-boxes/,https://kraftboxpack.com/product-category/kraft-wrapping-accessories/,Kraft Wrapping & Accessories,navigation
https://kraftboxpack.com/product/small-kraft-boxes/,https://kraftboxpack.com,Home,breadcrumb
https://kraftboxpack.com/product/small-kraft-boxes/,https://kraftboxpack.com/products/,Products,breadcrumb
https://kraftboxpack.com/product/small-kraft-boxes/,https://kraftboxpack.com/product/small-kraft-boxes/,Small Kraft Boxes,contextual
https://kraftboxpack.com/product/small-kraft-boxes/,https://kraftboxpack.com?add-to-cart=2668&quantity=1&e-redirect=https://kraftboxpack.com/cart/,Buy Now,contextual
https://kraftboxpack.com/product/small-kraft-boxes/,https://kraftboxpack.com/,Kraft Box Pack,contextual
https://kraftboxpack.com/product/small-kraft-boxes/,https://kraftboxpack.com/product/kraft-cupcake-boxes/,Kraft Cupcake Boxes,contextual
https://kraftboxpack.com/product/small-kraft-boxes/,https://kraftboxpack.com/product/kraft-gift-boxes-with-lids/,Kraft Gift & Specialty Boxes,related-product
https://kraftboxpack.com/product/small-kraft-boxes/,https://kraftboxpack.com/product/kraft-gift-boxes-with-lids/,Kraft Gift Boxes With Lids,related-product
https://kraftboxpack.com/product/small-kraft-boxes/,https://kraftboxpack.com/product/large-kraft-gift-boxes/,Kraft Gift & Specialty Boxes,related-product
https://kraftboxpack.com/product/small-kraft-boxes/,https://kraftboxpack.com/product/large-kraft-gift-boxes/,Large Kraft Gift Boxes,product-grid
https://kraftboxpack.com/product/small-kraft-boxes/,https://kraftboxpack.com/product/mini-kraft-boxes/,Kraft Gift & Specialty Boxes,product-grid
https://kraftboxpack.com/product/small-kraft-boxes/,https://kraftboxpack.com/product/mini-kraft-boxes/,Mini Kraft Boxes,product-grid
https://kraftboxpack.com/product/small-kraft-boxes/,https://kraftboxpack.com/product/kraft-round-boxes/,Kraft Gift & Specialty Boxes,product-grid
https://kraftboxpack.com/product/small-kraft-boxes/,https://kraftboxpack.com/product/kraft-round-boxes/,Kraft Round Boxes,product-grid
https://kraftboxpack.com/product/small-kraft-boxes/,https://kraftboxpack.com/cdn-cgi/l/email-protection,info@shopcardboardboxes,product-grid
https://kraftboxpack.com/product/small-kraft-boxes/,https://kraftboxpack.com/about-us/,About Us,footer
https://kraftboxpack.com/product/small-kraft-boxes/,https://kraftboxpack.com/contact-us/,Contact Us,footer
https://kraftboxpack.com/product/small-kraft-boxes/,https://kraftboxpack.com/privacy-policy/,Privacy Policy,footer
https://kraftboxpack.com/product/small-kraft-boxes/,https://kraftboxpack.com/refund_returns/,Refund and Returns Policy,footer
https://kraftboxpack.com/product/small-kraft-boxes/,https://kraftboxpack.com/terms-conditions/,Terms & Conditions,footer
https://kraftboxpack.com/products/,https://kraftboxpack.com/cdn-cgi/l/email-protection,[email protected],navigation
https://kraftboxpack.com/products/,https://kraftboxpack.com/cdn-cgi/l/email-protection,Email Us To Get 25% OFF,navigation
https://kraftboxpack.com/products/,https://kraftboxpack.com,,navigation
https://kraftboxpack.com/products/,https://kraftboxpack.com/,Home,navigation
https://kraftboxpack.com/products/,https://kraftboxpack.com/product-category/colored-kraft-boxes/,Colored Kraft Boxes,navigation
https://kraftboxpack.com/products/,https://kraftboxpack.com/product-category/kraft-gift-specialty-boxes/,Kraft Gift & Specialty Boxes,navigation
https://kraftboxpack.com/products/,https://kraftboxpack.com/product-category/kraft-packaging-boxes/,Kraft Packaging Boxes,navigation
https://kraftboxpack.com/products/,https://kraftboxpack.com/product-category/kraft-wrapping-accessories/,Kraft Wrapping & Accessories,navigation
https://kraftboxpack.com/products/,https://kraftboxpack.com,Home,breadcrumb
https://kraftboxpack.com/products/,https://kraftboxpack.com/products/,Products,breadcrumb
https://kraftboxpack.com/products/,https://kraftboxpack.com/product/red-burger-boxes/,Red Burger Boxes,navigation
https://kraftboxpack.com/products/,https://kraftboxpack.com/product/red-burger-boxes/,Order Now,navigation
https://kraftboxpack.com/products/,https://kraftboxpack.com/product/corrugated-burger-boxes/,Corrugated Burger Boxes,navigation
https://kraftboxpack.com/products/,https://kraftboxpack.com/product/corrugated-burger-boxes/,Order Now,navigation
https://kraftboxpack.com/products/,https://kraftboxpack.com/product/tall-burger-boxes/,Tall Burger Boxes,navigation
https://kraftboxpack.com/products/,https://kraftboxpack.com/product/tall-burger-boxes/,Order Now,navigation
https://kraftboxpack.com/products/,https://kraftboxpack.com/product/styrofoam-burger-boxes/,Styrofoam Burger Boxes,navigation
https://kraftboxpack.com/products/,https://kraftboxpack.com/product/styrofoam-burger-boxes/,Order Now,navigation
https://kraftboxpack.com/products/,https://kraftboxpack.com/product/brown-burger-boxes/,Brown Burger Boxes,navigation
https://kraftboxpack.com/products/,https://kraftboxpack.com/product/brown-burger-boxes/,Order Now,navigation
https://kraftboxpack.com/products/,https://kraftboxpack.com/product/burger-parcel-boxes/,Burger Parcel Boxes,navigation
https://kraftboxpack.com/products/,https://kraftboxpack.com/product/burger-parcel-boxes/,Order Now,navigation
https://kraftboxpack.com/products/,https://kraftboxpack.com/product/double-burger-boxes/,Double Burger Boxes,navigation
https://kraftboxpack.com/products/,https://kraftboxpack.com/product/double-burger-boxes/,Order Now,navigation
https://kraftboxpack.com/products/,https://kraftboxpack.com/product/white-burger-boxes/,White Burger Boxes,navigation
https://kraftboxpack.com/products/,https://kraftboxpack.com/product/white-burger-boxes/,Order Now,navigation
https://kraftboxpack.com/products/,https://kraftboxpack.com/product/polystyrene-burger-boxes/,Polystyrene Burger Boxes,navigation
https://kraftboxpack.com/products/,https://kraftboxpack.com/product/polystyrene-burger-boxes/,Order Now,navigation
https://kraftboxpack.com/products/,https://kraftboxpack.com/product/cheap-burger-boxes/,Cheap Burger Boxes,navigation
https://kraftboxpack.com/products/,https://kraftboxpack.com/product/cheap-burger-boxes/,Order Now,navigation
https://kraftboxpack.com/products/,https://kraftboxpack.com/product/printed-burger-boxes/,Printed Burger Boxes,navigation
https://kraftboxpack.com/products/,https://kraftboxpack.com/product/printed-burger-boxes/,Order Now,navigation
https://kraftboxpack.com/products/,https://kraftboxpack.com/product/burger-and-chip-boxes/,Burger And Chip Boxes,navigation
https://kraftboxpack.com/products/,https://kraftboxpack.com/product/burger-and-chip-boxes/,Order Now,navigation
https://kraftboxpack.com/products/,https://kraftboxpack.com/product/disposable-burger-boxes/,Disposable Burger Boxes,navigation
https://kraftboxpack.com/products/,https://kraftboxpack.com/product/disposable-burger-boxes/,Order Now,navigation
https://kraftboxpack.com/products/,https://kraftboxpack.com/product/large-burger-boxes/,Large Burger Boxes,navigation
https://kraftboxpack.com/products/,https://kraftboxpack.com/product/large-burger-boxes/,Order Now,navigation
https://kraftboxpack.com/products/,https://kraftboxpack.com/product/premium-burger-boxes/,Premium Burger Boxes,navigation
https://kraftboxpack.com/products/,https://kraftboxpack.com/product/premium-burger-boxes/,Order Now,navigation
https://kraftboxpack.com/products/,https://kraftboxpack.com/product/branded-burger-boxes/,Branded Burger Boxes,navigation
https://kraftboxpack.com/products/,https://kraftboxpack.com/product/branded-burger-boxes/,Order Now,navigation
https://kraftboxpack.com/products/,https://kraftboxpack.com/product/paper-burger-boxes/,Paper Burger Boxes,navigation
https://kraftboxpack.com/products/,https://kraftboxpack.com/product/paper-burger-boxes/,Order Now,navigation
https://kraftboxpack.com/products/,https://kraftboxpack.com/product/slider-burger-boxes/,Slider Burger Boxes,navigation
https://kraftboxpack.com/products/,https://kraftboxpack.com/product/slider-burger-boxes/,Order Now,navigation
https://kraftboxpack.com/products/,https://kraftboxpack.com/product/pink-burger-boxes/,Pink Burger Boxes,navigation
https://kraftboxpack.com/products/,https://kraftboxpack.com/product/pink-burger-boxes/,Order Now,navigation
https://kraftboxpack.com/products/,https://kraftboxpack.com/product/burger-patty-boxes/,Burger Patty Boxes,navigation
https://kraftboxpack.com/products/,https://kraftboxpack.com/product/burger-patty-boxes/,Order Now,navigation
https://kraftboxpack.com/products/,https://kraftboxpack.com/product/frozen-burger-boxes/,Frozen Burger Boxes,navigation
https://kraftboxpack.com/products/,https://kraftboxpack.com/product/frozen-burger-boxes/,Order Now,navigation
https://kraftboxpack.com/products/,https://kraftboxpack.com/product/bagasse-burger-boxes/,Bagasse Burger Boxes,navigation
https://kraftboxpack.com/products/,https://kraftboxpack.com/product/bagasse-burger-boxes/,Order Now,navigation
https://kraftboxpack.com/products/,https://kraftboxpack.com/product/cardboard-burger-boxes/,Cardboard Burger Boxes,navigation
https://kraftboxpack.com/products/,https://kraftboxpack.com/product/cardboard-burger-boxes/,Order Now,navigation
https://kraftboxpack.com/products/,https://kraftboxpack.com/product/takeaway-burger-boxes/,Takeaway Burger Boxes,navigation
https://kraftboxpack.com/products/,https://kraftboxpack.com/product/takeaway-burger-boxes/,Order Now,navigation
https://kraftboxpack.com/products/,https://kraftboxpack.com/product/clamshell-burger-boxes/,Clamshell Burger Boxes,navigation
https://kraftboxpack.com/products/,https://kraftboxpack.com/product/clamshell-burger-boxes/,Order Now,navigation
https://kraftboxpack.com/products/,https://kraftboxpack.com/product/personalised-burger-boxes/,Personalised Burger Boxes,navigation
https://kraftboxpack.com/products/,https://kraftboxpack.com/product/personalised-burger-boxes/,Order Now,navigation
https://kraftboxpack.com/products/,https://kraftboxpack.com/product/mini-burger-boxes/,Mini Burger Boxes,navigation
https://kraftboxpack.com/products/,https://kraftboxpack.com/product/mini-burger-boxes/,Order Now,navigation
https://kraftboxpack.com/products/,https://kraftboxpack.com/product/black-burger-boxes/,Black Burger Boxes,navigation
https://kraftboxpack.com/products/,https://kraftboxpack.com/product/black-burger-boxes/,Order Now,navigation
https://kraftboxpack.com/products/,https://kraftboxpack.com/product/kraft-burger-boxes/,Kraft Burger Boxes,navigation
https://kraftboxpack.com/products/,https://kraftboxpack.com/product/kraft-burger-boxes/,Order Now,navigation
https://kraftboxpack.com/products/,https://kraftboxpack.com/product/black-kraft-boxes/,Colored Kraft Boxes,contextual
https://kraftboxpack.com/products/,https://kraftboxpack.com/product/black-kraft-boxes/,Black Kraft Boxes,product-grid
https://kraftboxpack.com/products/,https://kraftboxpack.com/product/brown-kraft-boxes/,Colored Kraft Boxes,product-grid
https://kraftboxpack.com/products/,https://kraftboxpack.com/product/brown-kraft-boxes/,Brown Kraft Boxes,product-grid
https://kraftboxpack.com/products/,https://kraftboxpack.com/product/colored-kraft-paper/,Colored Kraft Boxes,product-grid
https://kraftboxpack.com/products/,https://kraftboxpack.com/product/colored-kraft-paper/,Colored Kraft Paper,product-grid
https://kraftboxpack.com/products/,https://kraftboxpack.com/product/custom-kraft-bags/,Kraft Packaging Boxes,product-grid
https://kraftboxpack.com/products/,https://kraftboxpack.com/product/custom-kraft-bags/,Custom Kraft Bags,product-grid
https://kraftboxpack.com/products/,https://kraftboxpack.com/product/kraft-apparel-packaging-boxes/,Kraft Apparel Boxes,product-grid
https://kraftboxpack.com/products/,https://kraftboxpack.com/product/kraft-apparel-packaging-boxes/,Kraft Apparel Packaging Boxes,product-grid
https://kraftboxpack.com/products/,https://kraftboxpack.com/product/kraft-art-supply-packaging/,Kraft Art Boxes,product-grid
https://kraftboxpack.com/products/,https://kraftboxpack.com/product/kraft-art-supply-packaging/,Kraft Art Supply Packaging,product-grid
https://kraftboxpack.com/products/,https://kraftboxpack.com/product/kraft-baby-product-boxes/,Kraft Toy Packaging,product-grid
https://kraftboxpack.com/products/,https://kraftboxpack.com/product/kraft-baby-product-boxes/,Kraft Baby Product Boxes,product-grid
https://kraftboxpack.com/products/,https://kraftboxpack.com/product/kraft-badge-packaging-boxes/,Kraft Electronics Boxes,product-grid
https://kraftboxpack.com/products/,https://kraftboxpack.com/product/kraft-badge-packaging-boxes/,Kraft Badge Packaging Boxes,product-grid
https://kraftboxpack.com/products/,https://kraftboxpack.com/product/kraft-bakery-bags/,Kraft Packaging Boxes,product-grid
https://kraftboxpack.com/products/,https://kraftboxpack.com/product/kraft-bakery-bags/,Kraft Bakery Bags,product-grid
https://kraftboxpack.com/products/,https://kraftboxpack.com/product/kraft-bakery-boxes/,Kraft Packaging Boxes,product-grid
https://kraftboxpack.com/products/,https://kraftboxpack.com/product/kraft-bakery-boxes/,Kraft Bakery Boxes,product-grid
https://kraftboxpack.com/products/,https://kraftboxpack.com/product/kraft-beard-oil-boxes/,Kraft Cosmetic Boxes,product-grid
https://kraftboxpack.com/products/,https://kraftboxpack.com/product/kraft-beard-oil-boxes/,Kraft Beard Oil Boxes,product-grid
https://kraftboxpack.com/products/,https://kraftboxpack.com/product/kraft-beauty-kit-boxes/,Kraft Cosmetic Boxes,product-grid
https://kraftboxpack.com/products/,https://kraftboxpack.com/product/kraft-beauty-kit-boxes/,Kraft Beauty Kit Boxes,product-grid
https://kraftboxpack.com/products/,https://kraftboxpack.com/product/kraft-belt-packaging-boxes/,Kraft Apparel Boxes,product-grid
https://kraftboxpack.com/products/,https://kraftboxpack.com/product/kraft-belt-packaging-boxes/,Kraft Belt Packaging Boxes,product-grid
https://kraftboxpack.com/products/,https://kraftboxpack.com/product/kraft-board-game-packaging-boxes/,Kraft Toy Packaging,product-grid
https://kraftboxpack.com/products/,https://kraftboxpack.com/product/kraft-board-game-packaging-boxes/,Kraft Board Game Packaging Boxes,product-grid
https://kraftboxpack.com/products/,https://kraftboxpack.com/product/kraft-bouquet-boxes/,Custom Gift Boxes,product-grid
https://kraftboxpack.com/products/,https://kraftboxpack.com/product/kraft-bouquet-boxes/,Kraft Bouquet Boxes,product-grid
https://kraftboxpack.com/products/,https://kraftboxpack.com/product/kraft-box-with-window/,Kraft Gift & Specialty Boxes,product-grid
https://kraftboxpack.com/products/,https://kraftboxpack.com/product/kraft-box-with-window/,Kraft Box with Window,product-grid
https://kraftboxpack.com/products/,https://kraftboxpack.com/products/page/2/,2,navigation
https://kraftboxpack.com/products/,https://kraftboxpack.com/products/page/3/,3,navigation
https://kraftboxpack.com/products/,https://kraftboxpack.com/products/page/4/,4,navigation
https://kraftboxpack.com/products/,https://kraftboxpack.com/products/page/8/,8,navigation
https://kraftboxpack.com/products/,https://kraftboxpack.com/products/page/9/,9,navigation
https://kraftboxpack.com/products/,https://kraftboxpack.com/products/page/10/,10,navigation
https://kraftboxpack.com/products/,https://kraftboxpack.com/products/page/2/,Next,navigation
https://kraftboxpack.com/products/,https://kraftboxpack.com/about-us/,About Us,footer
https://kraftboxpack.com/products/,https://kraftboxpack.com/contact-us/,Contact Us,footer
https://kraftboxpack.com/products/,https://kraftboxpack.com/privacy-policy/,Privacy Policy,footer
https://kraftboxpack.com/products/,https://kraftboxpack.com/refund_returns/,Refund and Returns Policy,footer
https://kraftboxpack.com/products/,https://kraftboxpack.com/terms-conditions/,Terms & Conditions,footer
https://kraftboxpack.com/refund_returns/,https://kraftboxpack.com/cdn-cgi/l/email-protection,[email protected],navigation
https://kraftboxpack.com/refund_returns/,https://kraftboxpack.com/cdn-cgi/l/email-protection,Email Us To Get 25% OFF,navigation
https://kraftboxpack.com/refund_returns/,https://kraftboxpack.com,,navigation
https://kraftboxpack.com/refund_returns/,https://kraftboxpack.com/,Home,navigation
https://kraftboxpack.com/refund_returns/,https://kraftboxpack.com/product-category/colored-kraft-boxes/,Colored Kraft Boxes,navigation
https://kraftboxpack.com/refund_returns/,https://kraftboxpack.com/product-category/kraft-gift-specialty-boxes/,Kraft Gift & Specialty Boxes,navigation
https://kraftboxpack.com/refund_returns/,https://kraftboxpack.com/product-category/kraft-packaging-boxes/,Kraft Packaging Boxes,navigation
https://kraftboxpack.com/refund_returns/,https://kraftboxpack.com/product-category/kraft-wrapping-accessories/,Kraft Wrapping & Accessories,navigation
https://kraftboxpack.com/refund_returns/,https://kraftboxpack.com/about-us/,About Us,footer
https://kraftboxpack.com/refund_returns/,https://kraftboxpack.com/contact-us/,Contact Us,footer
https://kraftboxpack.com/refund_returns/,https://kraftboxpack.com/privacy-policy/,Privacy Policy,footer
https://kraftboxpack.com/refund_returns/,https://kraftboxpack.com/refund_returns/,Refund and Returns Policy,footer
https://kraftboxpack.com/refund_returns/,https://kraftboxpack.com/terms-conditions/,Terms & Conditions,footer
https://kraftboxpack.com/terms-conditions/,https://kraftboxpack.com/cdn-cgi/l/email-protection,[email protected],navigation
https://kraftboxpack.com/terms-conditions/,https://kraftboxpack.com/cdn-cgi/l/email-protection,Email Us To Get 25% OFF,navigation
https://kraftboxpack.com/terms-conditions/,https://kraftboxpack.com,,navigation
https://kraftboxpack.com/terms-conditions/,https://kraftboxpack.com/,Home,navigation
https://kraftboxpack.com/terms-conditions/,https://kraftboxpack.com/product-category/colored-kraft-boxes/,Colored Kraft Boxes,navigation
https://kraftboxpack.com/terms-conditions/,https://kraftboxpack.com/product-category/kraft-gift-specialty-boxes/,Kraft Gift & Specialty Boxes,navigation
https://kraftboxpack.com/terms-conditions/,https://kraftboxpack.com/product-category/kraft-packaging-boxes/,Kraft Packaging Boxes,navigation
https://kraftboxpack.com/terms-conditions/,https://kraftboxpack.com/product-category/kraft-wrapping-accessories/,Kraft Wrapping & Accessories,navigation
https://kraftboxpack.com/terms-conditions/,https://kraftboxpack.com/about-us/,About Us,footer
https://kraftboxpack.com/terms-conditions/,https://kraftboxpack.com/contact-us/,Contact Us,footer
https://kraftboxpack.com/terms-conditions/,https://kraftboxpack.com/privacy-policy/,Privacy Policy,footer
https://kraftboxpack.com/terms-conditions/,https://kraftboxpack.com/refund_returns/,Refund and Returns Policy,footer
https://kraftboxpack.com/terms-conditions/,https://kraftboxpack.com/terms-conditions/,Terms & Conditions,footer
https://kraftboxpack.com/thank-you/,https://kraftboxpack.com/cdn-cgi/l/email-protection,[email protected],navigation
https://kraftboxpack.com/thank-you/,https://kraftboxpack.com/cdn-cgi/l/email-protection,Email Us To Get 25% OFF,navigation
https://kraftboxpack.com/thank-you/,https://kraftboxpack.com,,navigation
https://kraftboxpack.com/thank-you/,https://kraftboxpack.com/,Home,navigation
https://kraftboxpack.com/thank-you/,https://kraftboxpack.com/product-category/colored-kraft-boxes/,Colored Kraft Boxes,navigation
https://kraftboxpack.com/thank-you/,https://kraftboxpack.com/product-category/kraft-gift-specialty-boxes/,Kraft Gift & Specialty Boxes,navigation
https://kraftboxpack.com/thank-you/,https://kraftboxpack.com/product-category/kraft-packaging-boxes/,Kraft Packaging Boxes,navigation
https://kraftboxpack.com/thank-you/,https://kraftboxpack.com/product-category/kraft-wrapping-accessories/,Kraft Wrapping & Accessories,navigation
https://kraftboxpack.com/thank-you/,https://kraftboxpack.com/about-us/,About Us,footer
https://kraftboxpack.com/thank-you/,https://kraftboxpack.com/contact-us/,Contact Us,footer
https://kraftboxpack.com/thank-you/,https://kraftboxpack.com/privacy-policy/,Privacy Policy,footer
https://kraftboxpack.com/thank-you/,https://kraftboxpack.com/refund_returns/,Refund and Returns Policy,footer
https://kraftboxpack.com/thank-you/,https://kraftboxpack.com/terms-conditions/,Terms & Conditions,footer
